order_id,product_id,quantity,unit_price_usd
8352213,8685283,20,134.99
6142453,9130087,5,98.99
5778695,6388497,17,158.99
7698946,3029870,5,1151.99
8663309,6768735,24,176.99
9380292,9130087,9,98.99
6856057,9130087,6,98.99
5633339,9936520,5,108.99
5197714,9130087,27,98.99
7800044,1764371,22,123.99
6432243,3328381,13,31.99
9545011,9799204,11,114.99
6487431,6993323,19,119.99
7280471,3924441,27,33.99
8025939,9130087,18,98.99
6550520,1952719,12,927.99
8428302,1764371,12,123.99
7806848,1720189,10,152.99
5864895,7595903,24,268.99
7346774,8373068,1,105.99
9763224,6394044,14,96.99
8330279,5180754,6,106.99
5564669,9647970,12,61.99
8328330,1936248,30,202.99
8200427,3924441,13,33.99
9835883,9470648,15,265.99
7858080,5993840,3,107.99
8101191,6398912,7,208.99
8102898,8471578,18,173.99
8696021,7595903,14,268.99
9415651,6432017,26,105.99
5713679,7135067,5,43.99
5648502,4488928,20,487.99
5239725,9130087,8,98.99
7448121,9350655,1,12.99
9297784,8685283,23,134.99
6387589,7451094,26,12.99
5513765,4488928,25,487.99
6838568,7710925,13,1448.99
5145979,9936520,14,108.99
9046129,2356894,28,253.99
7209932,9651004,1,202.99
6188253,7939415,13,210.99
7647778,6394044,9,96.99
8630560,9651004,2,202.99
9444192,6993323,21,119.99
9342843,9130087,14,98.99
9533485,3509644,23,272.99
8715942,3924441,24,33.99
6116586,2081866,23,540.99
5481026,5690283,28,213.99
9604409,8685283,26,134.99
8595147,4139055,14,72.99
9385308,9936520,16,108.99
5931392,1410895,25,461.99
6602474,3713494,27,246.99
6109600,5431811,21,158.99
5887258,4488928,22,487.99
6685404,6775091,7,1232.99
6345356,8685283,18,134.99
6440821,4988130,17,293.99
8060495,1410895,30,461.99
6513666,7094200,18,462.99
6308267,7939415,13,210.99
5996221,5993840,3,107.99
5515887,3853054,26,158.99
6259808,7378365,5,255.99
5205550,4488928,21,487.99
9384901,9130087,17,98.99
5168363,9055994,12,203.99
6206452,3595166,26,154.99
7538670,6993323,14,119.99
9080622,5993840,26,107.99
9486241,9130087,12,98.99
6085182,5993840,7,107.99
9213721,9114234,16,186.99
7398737,1764371,6,123.99
9109548,6993323,7,119.99
8523456,8471578,30,173.99
8784632,3924441,18,33.99
8262108,6993323,5,119.99
5020475,9130087,22,98.99
8062264,3713494,19,246.99
6021334,6993323,23,119.99
8944016,2893282,18,205.99
8393377,4541064,22,809.99
6493214,5993840,26,107.99
7193771,3249673,13,22.99
6315418,9404780,20,237.99
6308267,6775091,22,1232.99
7213242,6388497,8,158.99
9245614,9130087,3,98.99
5218186,5611025,14,1014.99
7856924,9114234,5,186.99
9951297,3142680,13,120.99
8984252,4488928,4,487.99
9750545,8524120,16,178.99
5403966,4488928,8,487.99
6864221,9130087,21,98.99
6744810,8685283,13,134.99
9674868,6768735,2,176.99
5642761,6993323,25,119.99
5712558,3924441,15,33.99
6589940,1764371,30,123.99
9841757,9551602,12,291.99
5715213,3924441,13,33.99
8615832,9470648,7,265.99
9407631,8461227,28,1350.99
7453235,6993323,1,119.99
7702025,5561286,27,120.99
8459952,7595903,23,268.99
8144869,4084474,20,132.99
6216869,6993323,6,119.99
7951118,9130087,1,98.99
6819447,2743849,22,102.99
6066771,5993840,23,107.99
6612973,3924441,22,33.99
6050102,1936248,8,202.99
7237006,9130087,16,98.99
5138650,5611025,9,1014.99
6124900,9350655,9,12.99
9734441,2483887,2,52.99
8608519,9130087,30,98.99
6559856,9651004,20,202.99
8166041,9130087,23,98.99
8346860,1043761,11,259.99
8403389,2865954,22,19.99
6112258,9130087,2,98.99
6541415,1764371,18,123.99
9910873,9130087,2,98.99
8250751,4488928,10,487.99
9694542,3924441,12,33.99
6671804,3555929,18,256.99
7594404,9130087,8,98.99
7237006,6993323,26,119.99
6353897,3632157,6,280.99
6647920,3924441,12,33.99
8715253,9130087,3,98.99
5399113,5514983,11,244.99
8223529,3463891,17,89.99
9606558,1901788,23,290.99
8076342,3924441,11,33.99
6000635,3924441,12,33.99
7736959,8685283,21,134.99
6920323,4488928,25,487.99
6777394,7451094,14,12.99
6993513,6993323,16,119.99
9327627,7595903,8,268.99
6160183,9130087,22,98.99
9127731,7939415,21,210.99
9456227,5993840,14,107.99
7323962,8788009,21,1106.99
6676849,3463891,17,89.99
5574107,5922388,30,54.99
5686843,1623620,18,1060.99
8585029,3595166,24,154.99
9175323,6388497,24,158.99
8992350,2893282,1,205.99
8209885,3249673,4,22.99
7415683,8524120,26,178.99
9558537,5993840,27,107.99
6350956,6198921,3,38.99
7792573,5583510,25,77.99
6184638,1957962,30,605.99
5198566,5611025,22,1014.99
6743556,6993323,3,119.99
8863536,6572260,22,54.99
8215561,1764371,28,123.99
5489529,1240903,23,293.99
6156886,6388497,5,158.99
5185641,1359142,21,188.99
6657018,9130087,30,98.99
9327948,4488928,21,487.99
9216606,4528607,6,17.99
8166041,4488928,20,487.99
6594384,1043761,17,259.99
7124303,7595903,17,268.99
6579993,5404767,30,88.99
5982735,1311230,29,38.99
5816840,4488928,12,487.99
7072305,6388497,29,158.99
8937406,7451094,23,12.99
9814836,6388497,23,158.99
6424940,9350655,6,12.99
7547116,6388497,21,158.99
6113804,8129809,3,283.99
8825604,1849218,26,224.99
6631183,5993840,15,107.99
5271417,1936248,14,202.99
9070329,1764371,21,123.99
8080990,1754339,23,138.99
5656221,5993840,23,107.99
7860735,5788942,6,1291.99
5234160,1371090,16,122.99
6805811,2347773,18,1158.99
6426578,6857295,29,1287.99
6513666,8788009,3,1106.99
6764544,9130087,21,98.99
8948226,5993840,27,107.99
6171191,7038449,30,564.99
8558605,1764371,13,123.99
7068624,6993323,14,119.99
9078474,8935201,19,52.99
5467940,9130087,22,98.99
7653714,9647970,18,61.99
8300534,6993323,22,119.99
6377681,3924441,3,33.99
9959378,5800904,9,93.99
8885618,3924441,9,33.99
7787274,5993840,14,107.99
6951544,9130087,21,98.99
9311371,3924441,25,33.99
9888104,6993323,3,119.99
7449384,7268157,1,175.99
7424270,5611025,25,1014.99
5511941,1860199,27,80.99
9772966,4616283,12,29.99
7872858,6198921,13,38.99
8657027,9114234,30,186.99
9740187,6993323,8,119.99
9327948,9130087,25,98.99
5093184,9130087,23,98.99
5021632,4988130,4,293.99
5627945,9130087,2,98.99
6731752,1078329,22,75.99
9394419,9130087,23,98.99
9612594,5611025,12,1014.99
5641231,9130087,26,98.99
6178328,8720936,23,101.99
8156385,3924441,12,33.99
8682503,9130087,18,98.99
9994195,6814894,15,204.99
9395721,3924441,19,33.99
6511265,9130087,23,98.99
7769491,9001949,27,130.99
5546648,5993840,18,107.99
9469945,9130087,22,98.99
9418665,9130087,20,98.99
6655169,8129809,11,283.99
7654272,4853743,25,153.99
5282448,1936248,6,202.99
9693366,8061332,13,20.99
6614626,5993840,3,107.99
9511132,3924441,8,33.99
5064843,7032073,22,255.99
5554065,3491564,8,198.99
9104000,8685283,9,134.99
7506195,4528607,20,17.99
7726212,9647970,3,61.99
8312918,5480097,17,43.99
7255908,5518616,28,280.99
6171778,3215115,25,284.99
5159877,5561286,18,120.99
8231590,3328381,5,31.99
9868654,7939415,20,210.99
6757956,2356894,30,253.99
8983664,5800904,16,93.99
9441673,3029870,19,1151.99
8726391,5993840,24,107.99
7583026,9350655,26,12.99
6331251,1764371,22,123.99
5398106,1371090,10,122.99
8309871,5993840,1,107.99
9097357,6993323,3,119.99
5240334,6993323,28,119.99
8433324,5022491,26,198.99
7296294,4616283,25,29.99
9715147,6993323,20,119.99
6019080,9130087,1,98.99
8449195,2483887,30,52.99
7772113,4488928,1,487.99
5062027,5561286,10,120.99
7345913,3807414,10,145.99
6348846,9130087,14,98.99
6730948,6993323,22,119.99
6789608,7451094,20,12.99
8382010,9936520,27,108.99
5373261,5993840,18,107.99
8324504,6993323,24,119.99
5052592,6388497,22,158.99
9546904,9130087,16,98.99
6566880,7939415,24,210.99
5109987,6198921,16,38.99
9475945,5561286,27,120.99
7434883,9651004,6,202.99
6315418,3810081,21,191.99
6432243,8061332,9,20.99
8994539,7939415,16,210.99
7727295,3924441,8,33.99
6277912,6198921,23,38.99
8269236,9130087,13,98.99
8491839,6388497,18,158.99
6664375,8259861,25,196.99
7668056,9130087,30,98.99
6798128,8524120,16,178.99
5184140,4541064,22,809.99
8627223,9130087,26,98.99
9311181,6198921,28,38.99
7669927,6993323,11,119.99
6738833,7595903,29,268.99
8328559,6993323,4,119.99
5659574,1740067,17,215.99
5625181,9936520,26,108.99
9012065,4488928,27,487.99
8714574,6302129,22,129.99
9196173,9130087,23,98.99
5113418,7595903,25,268.99
6363493,4488928,11,487.99
7976070,9647970,2,61.99
7393283,5993840,25,107.99
6672378,7595903,25,268.99
8602932,5993840,26,107.99
8538369,5993840,4,107.99
8080481,5993840,10,107.99
5403966,6993323,2,119.99
7831671,3924441,18,33.99
6204151,2356894,8,253.99
5833402,6993323,12,119.99
8202688,5611025,23,1014.99
8387858,8939078,6,109.99
5590328,9130087,2,98.99
8776703,1764371,27,123.99
8883471,7595903,8,268.99
7746188,8841285,15,229.99
5552906,8061332,2,20.99
6075412,5022491,14,198.99
8526331,7595903,27,268.99
5834124,9130087,6,98.99
7905221,2865954,6,19.99
5659574,9130087,25,98.99
8553697,5611025,6,1014.99
9309867,1078329,20,75.99
9441673,7595903,11,268.99
6415963,5993840,24,107.99
9199088,2356894,26,253.99
5528956,9130087,24,98.99
6799162,6993323,20,119.99
7221844,9130087,30,98.99
9531988,6993323,25,119.99
6815296,4488928,10,487.99
9853731,3631108,1,133.99
5497266,6993323,24,119.99
8665768,5611025,13,1014.99
9537757,4616283,14,29.99
7205195,7145123,17,169.99
6762643,6198921,15,38.99
9330991,2743849,18,102.99
8145516,4488928,1,487.99
5872648,5993840,6,107.99
6118882,9130087,9,98.99
8722779,6388497,14,158.99
8444893,9551602,19,291.99
9366286,4988130,12,293.99
7209932,7939415,10,210.99
6030636,9799204,24,114.99
9771479,9130087,23,98.99
8314470,6857295,16,1287.99
5510546,4488928,21,487.99
7280207,9651004,16,202.99
9569468,6993323,12,119.99
5802181,1764371,10,123.99
6131102,7674515,5,275.99
5911645,1952719,26,927.99
7806848,3924441,17,33.99
6516092,7939415,26,210.99
9535520,3249673,5,22.99
5972026,1623620,21,1060.99
6779908,6198921,28,38.99
5146681,1359142,26,188.99
6165798,7451094,5,12.99
7980733,9130087,11,98.99
6822073,9130087,7,98.99
9179843,6761371,28,198.99
7928253,6388497,23,158.99
7571629,9191471,28,10.99
6586352,5993840,13,107.99
7210714,1764371,9,123.99
9965382,4488928,27,487.99
7440752,6993323,16,119.99
5996829,9404780,14,237.99
9252665,9936520,23,108.99
5868013,7710925,3,1448.99
7678100,9130087,9,98.99
9447615,1410895,30,461.99
9768539,1371090,25,122.99
9513871,9130087,15,98.99
5807812,4488928,13,487.99
5984392,1936248,21,202.99
5265469,7030680,6,221.99
8989999,1619977,20,324.99
7719434,1024094,26,150.99
8055250,1764371,26,123.99
7543979,8074418,6,270.99
8132444,6993323,4,119.99
7220816,5022491,5,198.99
5911645,1764371,5,123.99
7182869,3810081,13,191.99
9911156,9130087,10,98.99
5656973,5993840,18,107.99
5462423,8471578,22,173.99
6212053,6993323,10,119.99
7697720,1764371,11,123.99
5907943,1371090,24,122.99
6629864,3328381,2,31.99
8342962,5993840,17,107.99
6378291,6993323,24,119.99
9171702,9130087,28,98.99
7748488,3595166,4,154.99
6645409,9130087,17,98.99
8918373,1936248,30,202.99
8127478,9130087,8,98.99
9991920,1619977,30,324.99
8481490,3810081,17,191.99
7792047,6891276,8,284.99
5525205,7595903,7,268.99
6225641,7094200,13,462.99
7808911,3328381,11,31.99
7432335,1078329,27,75.99
5939669,6993323,7,119.99
7210714,6507937,26,216.99
5099552,9350655,11,12.99
6726285,3790097,24,112.99
5209562,3924441,7,33.99
5687863,1936248,2,202.99
8613580,5993840,7,107.99
6419973,2136852,19,78.99
9319354,8939078,22,109.99
6491339,4488928,24,487.99
7236003,6713848,23,219.99
5240110,6993323,29,119.99
8341414,9799204,25,114.99
5632239,4488928,21,487.99
9164341,9130087,11,98.99
5127574,8935201,8,52.99
9826669,1764371,12,123.99
8729133,5382102,12,608.99
6110722,4139055,6,72.99
8178499,8061332,1,20.99
8627223,9458269,12,42.99
6323746,6539431,4,210.99
7747316,6993323,24,119.99
6775668,7595903,6,268.99
8082074,3924441,6,33.99
8185552,3796145,30,56.99
8342280,9130087,8,98.99
6405667,9130087,5,98.99
6500486,4488928,21,487.99
6542869,6822458,7,143.99
9709814,6993323,7,119.99
6715617,6388497,3,158.99
9042658,6388497,21,158.99
8570682,6993323,5,119.99
9869265,1764371,1,123.99
9453771,8685283,10,134.99
6116617,6993323,10,119.99
5246238,3924441,27,33.99
6054303,3161704,9,127.99
5996829,3924441,14,33.99
9758416,3285586,22,269.99
6975280,6171636,27,199.99
8182946,4359354,6,479.99
7912669,7725253,1,92.99
8006754,5788942,5,1291.99
5021808,4488928,14,487.99
7240846,9130087,24,98.99
9725833,6388497,8,158.99
9572618,7595903,28,268.99
6492564,6993323,16,119.99
9067516,5518616,10,280.99
5891446,9130087,2,98.99
8113491,2350595,15,264.99
9171914,1764371,25,123.99
6759156,7725253,21,92.99
8560680,6768735,28,176.99
9975812,1764371,22,123.99
9444192,5561286,3,120.99
6346340,6993323,1,119.99
7462374,1764371,11,123.99
9204430,9130087,24,98.99
6423738,8685283,27,134.99
6440323,3810081,24,191.99
7108553,3924441,18,33.99
8657412,9647970,9,61.99
7097529,5993840,11,107.99
6235271,5611025,17,1014.99
9738744,5993840,6,107.99
9590069,9130087,6,98.99
7291910,3632157,5,280.99
7521026,1371090,3,122.99
5051439,9409580,21,43.99
9129327,9130087,28,98.99
7235217,9130087,5,98.99
6826223,7595903,29,268.99
8171613,1764371,17,123.99
6972210,6993323,27,119.99
9429183,3796145,23,56.99
8638053,6993323,24,119.99
5449274,6993323,23,119.99
5240110,5993840,7,107.99
9079685,5993840,13,107.99
9002117,8461227,17,1350.99
7931309,5993840,27,107.99
7848535,6993323,6,119.99
7489389,6388497,14,158.99
9189848,7939415,30,210.99
5571792,9130087,17,98.99
9572618,6539431,16,210.99
5692424,8471578,10,173.99
7267666,7041303,21,64.99
7695987,5800904,19,93.99
5197068,4488928,4,487.99
5392266,5518357,11,10.99
8583782,6891276,24,284.99
9961536,7595903,16,268.99
8929225,6993323,26,119.99
8477253,7939415,11,210.99
7323962,1901788,21,290.99
8246665,5922388,17,54.99
9725754,6787363,6,148.99
6987478,7595903,16,268.99
9431933,2743849,14,102.99
5682474,5561286,24,120.99
5079053,9993160,20,60.99
6507480,5191718,6,96.99
9424553,6993323,13,119.99
9117200,3161704,4,127.99
7117741,7595903,1,268.99
5511941,1764371,4,123.99
5131486,1957962,3,605.99
7503853,3948632,16,111.99
9989937,5993840,23,107.99
9952079,6993323,15,119.99
6741256,6198921,24,38.99
9345245,9130087,19,98.99
6576316,9130087,16,98.99
9207689,4359354,16,479.99
5870974,6394044,23,96.99
5304359,3853054,30,158.99
9252701,8685283,23,134.99
7826140,2191736,12,257.99
5861330,5993840,10,107.99
8244309,3258459,7,119.99
8898163,2356894,23,253.99
6402776,7445367,29,137.99
5764018,8061332,7,20.99
7237908,9936520,15,108.99
7985474,4488928,27,487.99
7395812,6993323,16,119.99
7033010,2608578,19,282.99
6505844,9126845,29,125.99
8544134,7451094,6,12.99
7236003,6993323,5,119.99
9346656,1764371,15,123.99
6353521,3595166,6,154.99
8908636,1764371,6,123.99
8583688,5022491,19,198.99
5803615,2159212,9,139.99
7378615,5993840,13,107.99
6001857,6993323,14,119.99
9725833,8685283,18,134.99
6672378,3142680,7,120.99
9772974,4488928,24,487.99
7593203,6198921,17,38.99
9951297,5611025,15,1014.99
8329950,5993840,29,107.99
8527791,4528607,22,17.99
6519230,7725253,12,92.99
8140416,9647970,21,61.99
5035353,1764371,18,123.99
8963404,7595903,22,268.99
8425386,1496862,3,1471.99
5918684,6572260,28,54.99
8662690,7595903,6,268.99
5855560,5993840,19,107.99
6377681,5993840,22,107.99
5812593,7868274,21,143.99
7147361,9350655,1,12.99
9041808,3555929,21,256.99
6323991,6993323,6,119.99
5776195,9130087,7,98.99
6579993,9130087,1,98.99
7431397,6388497,29,158.99
9102883,2893282,30,205.99
5480616,9130087,3,98.99
9089385,9130087,18,98.99
6566546,1764371,14,123.99
5025019,9130087,3,98.99
5082692,9651004,23,202.99
7553661,7038449,13,564.99
8122117,3796145,13,56.99
7190777,8720936,16,101.99
7589839,3924441,7,33.99
8826079,2159212,30,139.99
7837455,3713494,27,246.99
6573138,4603721,30,234.99
8251107,6845817,30,95.99
8108291,7595903,11,268.99
9257136,3796145,29,56.99
6034581,9130087,3,98.99
5597657,4853743,24,153.99
7276964,5993840,12,107.99
6579993,5788942,11,1291.99
9384901,5785274,24,18.99
8924842,6993323,2,119.99
6378990,4488928,17,487.99
9576095,5382102,16,608.99
5070411,9130087,5,98.99
5642761,7030680,11,221.99
7156137,8998249,10,156.99
7205454,5993840,2,107.99
8741151,9404780,13,237.99
8026143,1764371,12,123.99
9260721,5611025,19,1014.99
8699524,6993323,14,119.99
8667666,9130087,29,98.99
5028066,6993323,2,119.99
9204430,1764371,20,123.99
6115277,8471578,30,173.99
9841096,9936520,26,108.99
8511407,1764371,26,123.99
7524070,1359142,17,188.99
7356472,8998249,19,156.99
5210265,2483887,19,52.99
8809218,4488928,12,487.99
8161671,5561286,26,120.99
7160410,6993323,24,119.99
9251584,6822458,28,143.99
8352213,3924441,3,33.99
9360705,9130087,26,98.99
9865302,3924441,18,33.99
8495303,8129809,19,283.99
9578440,4541064,13,809.99
6952168,5022491,21,198.99
7044088,3463891,17,89.99
7214141,6993323,10,119.99
8420407,1889468,3,87.99
9289313,9130087,17,98.99
8521083,6822458,13,143.99
7528515,6388497,25,158.99
5513765,6993323,16,119.99
7835079,5382102,15,608.99
7389425,5561286,17,120.99
6882902,1043761,21,259.99
9883244,4488928,11,487.99
9210832,3713494,21,246.99
7589468,1764371,25,123.99
7923766,1764371,20,123.99
5595823,8061332,19,20.99
6393561,1849218,15,224.99
9728054,7595903,15,268.99
8687501,9130087,18,98.99
7134835,4488928,1,487.99
7021330,4359354,22,479.99
9394419,6814894,13,204.99
8783692,2447751,5,113.99
8271913,9191471,22,10.99
7875504,3328381,7,31.99
9823131,6822458,21,143.99
9111015,5611025,30,1014.99
8790962,2081866,30,540.99
9137040,6993323,5,119.99
8884975,1720189,5,152.99
7952333,6047451,20,219.99
6535438,9130087,3,98.99
5558184,1764371,14,123.99
5594296,5993840,17,107.99
6288769,1371090,11,122.99
7970559,9130087,2,98.99
5320213,6388497,24,158.99
5562341,7032073,22,255.99
9891124,5993840,23,107.99
5618217,9130087,30,98.99
7308017,9936520,20,108.99
9542389,6388497,20,158.99
9653586,3331704,22,1449.99
5515413,4141275,14,11.99
5262443,3810081,8,191.99
8189991,1849218,27,224.99
6361080,5993840,26,107.99
8134371,6993323,12,119.99
9838189,1764371,11,123.99
5641375,5561286,19,120.99
6161020,6775091,21,1232.99
8043400,6394044,17,96.99
9707367,8998249,9,156.99
5146681,5518616,9,280.99
6161020,4853743,11,153.99
6840242,1936248,23,202.99
8377028,9130087,7,98.99
8223093,2447751,11,113.99
8054656,5993840,1,107.99
8011043,1849218,3,224.99
9281312,4634952,22,14.99
9830675,9130087,22,98.99
7591560,3815280,21,117.99
8672391,1311230,1,38.99
5651185,1496862,7,1471.99
7572453,3924441,9,33.99
6039120,5993840,16,107.99
9674339,5993840,13,107.99
6611947,6198921,17,38.99
7355398,3807414,18,145.99
6858497,5793488,11,217.99
5291867,7344242,1,136.99
6191349,1764371,20,123.99
9751181,5993840,2,107.99
5905594,6993323,27,119.99
7185205,5480097,30,43.99
6866462,4528607,29,17.99
9140911,6993323,21,119.99
7880906,4141275,27,11.99
8300534,7798286,27,110.99
5796573,1764371,16,123.99
6289577,3328381,23,31.99
7977952,5993840,9,107.99
7615672,7595903,26,268.99
5350958,1764371,16,123.99
9789527,7595903,11,268.99
6671804,5191718,28,96.99
5700958,5561286,10,120.99
9140911,7094200,27,462.99
7999859,4084474,25,132.99
7528515,9176000,18,17.99
8583782,9130087,19,98.99
6799205,6388497,20,158.99
5804668,5993840,16,107.99
6987478,9130087,13,98.99
8553479,8841285,4,229.99
8252316,9130087,17,98.99
5984392,6198921,11,38.99
8420407,5993840,2,107.99
7553661,6993323,14,119.99
7842125,1936248,14,202.99
6845736,9130087,12,98.99
5977597,6993323,25,119.99
6887761,5993840,3,107.99
6620373,8471578,30,173.99
9168079,5993840,6,107.99
7306812,1764371,3,123.99
8961549,9130087,11,98.99
6909865,1377555,15,68.99
9107041,2191736,22,257.99
9029258,9130087,11,98.99
9204206,5518357,20,10.99
9537757,6539431,27,210.99
6255371,7939415,15,210.99
5688960,3924441,13,33.99
7495797,5611025,11,1014.99
5981601,8998249,2,156.99
6523950,5561286,19,120.99
8286628,8259861,11,196.99
7539540,7344242,15,136.99
5706852,5993840,1,107.99
7488665,6388497,22,158.99
6513536,5993840,27,107.99
9084943,2634875,5,26.99
5854871,6432543,7,13.99
5701703,2871779,24,288.99
7521414,9612132,19,194.99
5664049,3142680,3,120.99
8238942,8788009,26,1106.99
6904639,5993840,19,107.99
8760521,6171636,23,199.99
6835334,5416755,28,37.99
9652416,9130087,30,98.99
9946627,9130087,15,98.99
9536416,1377555,19,68.99
7426963,8129809,29,283.99
5870998,5993840,16,107.99
5948529,5180754,27,106.99
7904100,5993840,16,107.99
7235474,3924441,6,33.99
9462048,5611025,3,1014.99
6110722,8685283,26,134.99
6083830,7451094,26,12.99
9325311,1024094,2,150.99
6782399,7481689,26,195.99
6332818,6775091,8,1232.99
7950128,7595903,3,268.99
9727732,9130087,12,98.99
7594404,1496862,15,1471.99
9033920,5993840,3,107.99
8118589,9647970,22,61.99
6774650,1448697,9,9.99
8065530,1410539,15,273.99
7704435,1359142,19,188.99
6234531,5993840,8,107.99
8838708,2356894,13,253.99
7556222,9130087,1,98.99
7109093,6857295,12,1287.99
8241364,6993323,5,119.99
5825807,9647970,3,61.99
5496911,3790097,28,112.99
7420585,6993323,17,119.99
7582049,9130087,21,98.99
6541691,2191736,19,257.99
9940520,2356894,18,253.99
8086988,6964179,4,127.99
6846994,4853743,12,153.99
7992906,5382102,6,608.99
8254056,2081866,14,540.99
6890087,3924441,20,33.99
6119956,4141244,25,280.99
6172814,5993840,26,107.99
5952394,9130087,12,98.99
5471634,7725253,20,92.99
5554058,5993840,14,107.99
5302271,7550543,19,21.99
7969426,6993323,8,119.99
7113256,4440478,15,242.99
5498186,6993323,11,119.99
6891448,3258459,6,119.99
7677581,9130087,1,98.99
5869966,2356894,10,253.99
5756876,1371090,16,122.99
7685075,4488928,15,487.99
7771970,2483887,26,52.99
5938700,9130087,30,98.99
8407659,5382102,18,608.99
8455455,6198921,3,38.99
9908491,7094200,30,462.99
8918873,9130087,5,98.99
5810676,6388497,6,158.99
6548109,2743849,12,102.99
7023699,8622610,1,82.99
7884741,4267459,19,1370.99
8713066,4616283,7,29.99
8681279,9130087,27,98.99
9655411,2191736,11,257.99
6327341,8292647,10,68.99
9923431,9130087,25,98.99
5592981,9651004,1,202.99
9216639,5993840,15,107.99
8523588,8788009,24,1106.99
7112516,6775461,6,86.99
8760890,6845817,23,95.99
8993861,9130087,12,98.99
5644543,1764371,9,123.99
7682379,9404780,16,237.99
8551923,5518616,10,280.99
5777149,5993840,3,107.99
9787534,9647970,26,61.99
6012357,1410895,2,461.99
6586581,9130087,1,98.99
9627341,7595903,8,268.99
7799013,3924441,29,33.99
6752059,4488928,27,487.99
8349003,6388497,15,158.99
6293783,5993840,23,107.99
9852168,9130087,15,98.99
6294034,1764371,16,123.99
6077363,1043761,13,259.99
6293322,3328381,3,31.99
6638060,3328381,19,31.99
5570426,1764371,14,123.99
8100362,9130087,13,98.99
8866543,4141275,12,11.99
6495621,3790097,26,112.99
6632347,9130087,4,98.99
7643373,4488928,4,487.99
5118082,2871779,27,288.99
8594484,9350655,16,12.99
6961457,3924441,16,33.99
5653707,8074418,11,270.99
7012452,9130087,29,98.99
6160183,8074418,6,270.99
9114134,9936520,8,108.99
9177183,9409580,16,43.99
5534374,1371090,23,122.99
5037249,5382102,4,608.99
7653714,7798286,3,110.99
8433825,5993840,8,107.99
5297350,3810081,3,191.99
8923974,5993840,20,107.99
6500486,7344242,29,136.99
7439298,1764371,16,123.99
5695577,5993840,27,107.99
8384060,9130087,12,98.99
8606738,5993840,13,107.99
7209345,9534966,16,1038.99
7829552,4488928,2,487.99
8801079,3029870,8,1151.99
5058192,9799204,2,114.99
7159107,2356894,4,253.99
5013585,6388497,13,158.99
9078086,8129809,28,283.99
5664049,4488928,6,487.99
6431931,9647970,3,61.99
8952930,5993840,23,107.99
5734920,6775091,15,1232.99
6388799,1901788,30,290.99
6221792,6198921,25,38.99
7638142,6993323,19,119.99
8025086,9936520,1,108.99
7665156,9130087,7,98.99
7576742,5993840,1,107.99
5942755,6388497,2,158.99
6916500,4139055,23,72.99
6644330,6432543,5,13.99
9889771,9130087,22,98.99
7253919,6993323,11,119.99
9503817,9523217,17,174.99
9900547,6845817,25,95.99
8214439,8373068,29,105.99
6835228,2608578,19,282.99
8822477,4634952,7,14.99
5525179,8471578,18,173.99
6362255,9409580,28,43.99
8469177,6993323,26,119.99
5190253,7451094,7,12.99
7881871,8524120,14,178.99
8915182,5022491,23,198.99
7245068,7595903,18,268.99
6549861,9130087,4,98.99
7170000,2356894,4,253.99
7217839,3713494,13,246.99
9078034,4853743,21,153.99
9250776,6993323,23,119.99
7881871,1371090,22,122.99
7372898,5993840,15,107.99
8948642,3924441,11,33.99
6553706,7595903,22,268.99
5293156,2191736,19,257.99
7831971,1371090,8,122.99
5543388,5993840,14,107.99
7596508,3807414,18,145.99
8500018,9130087,25,98.99
6644044,9130087,8,98.99
9052666,8259861,19,196.99
5010256,5993840,15,107.99
8132743,9130087,1,98.99
6072489,2356894,28,253.99
7560438,2608578,23,282.99
9855195,9130087,15,98.99
7607450,3924441,29,33.99
8354432,1849218,13,224.99
6949632,2081866,6,540.99
7993383,5382102,11,608.99
8448123,6993323,12,119.99
7231341,6993323,21,119.99
8055887,7595903,12,268.99
6366584,5993840,24,107.99
7199406,6539431,21,210.99
7310346,1619977,4,324.99
8325662,9810442,13,189.99
5924848,8720936,4,101.99
7878354,9114234,22,186.99
5983968,8471578,26,173.99
5370456,5561286,29,120.99
7698558,7451094,6,12.99
6820230,3924441,28,33.99
9684805,1849218,30,224.99
8553479,1998397,27,111.99
9674339,4853743,2,153.99
9214143,9130087,27,98.99
9216578,9130087,14,98.99
9029258,9651004,21,202.99
8289573,8461227,13,1350.99
9315260,5993840,5,107.99
8425914,6993323,7,119.99
9075929,1764371,19,123.99
6571307,9130087,18,98.99
7854875,5993840,6,107.99
6578210,1371090,20,122.99
6435539,8461227,13,1350.99
9080622,4359354,4,479.99
5395876,3924441,25,33.99
9769157,7268157,6,175.99
7606392,9130087,29,98.99
8065411,4760849,18,201.99
5688761,9130087,14,98.99
9307545,4488928,29,487.99
6179814,7939415,13,210.99
9095383,4488928,3,487.99
9371509,6993323,12,119.99
9129327,9458269,28,42.99
8646271,5993840,19,107.99
8212047,6539431,19,210.99
9317575,5993840,13,107.99
8961389,7094200,21,462.99
9005006,9111723,18,30.99
7582049,7094200,12,462.99
7793441,1764371,20,123.99
7994531,9130087,17,98.99
8556206,6388497,11,158.99
8824795,9651004,30,202.99
9165275,4488928,20,487.99
8033452,3328381,18,31.99
8865986,5993840,6,107.99
7388282,1889468,6,87.99
7420436,6388497,17,158.99
8048770,7569752,6,21.99
7345172,8488736,20,108.99
9339385,5993840,26,107.99
9220426,6761371,9,198.99
8128616,6822458,17,143.99
6183713,3924441,25,33.99
9963889,6198921,3,38.99
7521026,7595903,17,268.99
6188790,9130087,28,98.99
5445216,2356894,11,253.99
6150136,6822458,1,143.99
7430636,2893282,11,205.99
6853545,6567738,7,186.99
8449195,5993840,4,107.99
5348630,9130087,28,98.99
6095261,7595903,10,268.99
9753971,7595903,7,268.99
8523008,3924441,6,33.99
9056603,1764371,29,123.99
7670536,6993323,2,119.99
8363322,4488928,9,487.99
5399113,9350655,1,12.99
5020475,3128835,1,246.99
5762365,6822458,18,143.99
8483963,4760849,11,201.99
7205891,8129809,11,283.99
7825712,8720936,5,101.99
5956751,3807414,29,145.99
9540198,1849218,27,224.99
8972445,3215115,27,284.99
6766336,5785274,10,18.99
7246704,6993323,1,119.99
5735832,4488928,11,487.99
7808245,9130087,17,98.99
8521252,8998249,25,156.99
8072056,4084474,3,132.99
8521485,9130087,22,98.99
8205921,9130087,3,98.99
8879645,6302129,22,129.99
7632194,5993840,5,107.99
8352227,1764371,4,123.99
8742222,5800904,16,93.99
8858883,6507937,3,216.99
8092701,9130087,10,98.99
7565310,9130087,29,98.99
5802279,7041303,11,64.99
9856579,9130087,18,98.99
5990174,4110482,1,10.99
9167276,4488928,12,487.99
9891908,8685283,21,134.99
5764018,7798286,6,110.99
9289300,7094200,29,462.99
9125969,9130087,28,98.99
7734525,5800904,23,93.99
7421656,6822458,26,143.99
7141270,7674515,12,275.99
5129616,9350655,6,12.99
9554993,8119368,13,132.99
6196260,1849218,28,224.99
7823257,6993323,17,119.99
8116549,3142680,19,120.99
8753326,7344242,19,136.99
5528683,9111723,4,30.99
5430236,6993323,15,119.99
7633727,8129809,4,283.99
6622444,1377555,15,68.99
7463267,5993840,11,107.99
6605285,5993840,7,107.99
7900739,6388497,23,158.99
5981642,5993840,24,107.99
6893898,1764371,21,123.99
9401776,7798286,20,110.99
5348055,9130087,17,98.99
6349107,6857295,8,1287.99
9035433,9130087,14,98.99
6434583,9130087,2,98.99
8798169,1496862,10,1471.99
7245379,6993323,13,119.99
8860596,3249673,6,22.99
5713219,7595903,9,268.99
6837097,6993323,19,119.99
5670935,6993323,4,119.99
8006754,6993323,23,119.99
5830082,8685283,1,134.99
9507136,9130087,24,98.99
6188456,5319521,30,155.99
7353578,7674515,1,275.99
7731327,1667503,3,9.99
8862920,5690283,16,213.99
5480148,6993323,2,119.99
9097357,3328381,19,31.99
8095200,9130087,9,98.99
7334730,3924441,19,33.99
7366738,3215115,22,284.99
6945634,3924441,28,33.99
7916048,8685283,22,134.99
7481748,6993323,5,119.99
9778250,8622610,23,82.99
7326040,3328381,1,31.99
8616128,9130087,10,98.99
6777640,8720936,17,101.99
8500018,8129809,3,283.99
7310937,5993840,4,107.99
7606392,3128835,15,246.99
9331993,9130087,2,98.99
5285160,1619977,24,324.99
5168212,6171832,28,295.99
5084237,7595903,16,268.99
5582034,7939415,12,210.99
8683269,9936520,22,108.99
5461761,3161704,16,127.99
7664472,6157224,12,217.99
8333477,6993323,25,119.99
8291283,6388497,1,158.99
9750403,7451094,8,12.99
9776114,5180754,25,106.99
6405731,4760849,25,201.99
8949427,5611025,25,1014.99
9897260,1764371,11,123.99
7831971,1258537,25,649.99
7420853,2347773,2,1158.99
6319641,9130087,26,98.99
7856924,5993840,12,107.99
9153860,5819487,25,255.99
5267384,5993840,28,107.99
8945491,9130087,26,98.99
6041277,9130087,10,98.99
9240578,3249673,5,22.99
9932932,8788009,13,1106.99
8053709,6993323,3,119.99
6180950,3331704,14,1449.99
7664472,9130087,3,98.99
7205454,1936248,23,202.99
6529607,6198921,13,38.99
6266882,1860199,2,80.99
7434549,5416755,5,37.99
6206136,9130087,5,98.99
8833028,8661944,27,160.99
6954352,3463891,20,89.99
5038003,5004197,19,1328.99
5144069,5800904,27,93.99
6576316,8720936,27,101.99
5564669,3924441,1,33.99
8341414,5993840,26,107.99
9873003,5561286,1,120.99
6300598,6567738,26,186.99
7863815,9191471,11,10.99
6066744,9130087,9,98.99
8425386,3924441,27,33.99
8953480,9130087,17,98.99
6096974,5611025,29,1014.99
8583266,3328381,18,31.99
7278143,7451094,17,12.99
7975327,6993323,9,119.99
9373593,4567257,30,9.99
8096631,9130087,7,98.99
8336225,9130087,14,98.99
6734166,3924441,17,33.99
9440264,4488928,18,487.99
5129616,8685283,28,134.99
5460085,6993323,13,119.99
5344235,6198921,18,38.99
8463913,1623620,7,1060.99
6123635,1667503,10,9.99
8914167,9350655,1,12.99
6110722,1619977,1,324.99
7623235,9350655,25,12.99
6669549,1496862,8,1471.99
7829468,6993323,25,119.99
6974548,8685283,20,134.99
6362255,9130087,5,98.99
8822477,7939415,20,210.99
6421926,1764371,25,123.99
6532912,5611025,27,1014.99
8753294,9114234,3,186.99
6408385,5993840,12,107.99
9184415,1043761,17,259.99
5763737,2356894,28,253.99
8498467,1623620,27,1060.99
5911645,6993323,25,119.99
6730948,2159212,1,139.99
6211347,3790097,5,112.99
7356121,6695201,30,200.99
9559718,5382102,3,608.99
8681599,9130087,14,98.99
9788562,6993323,10,119.99
5685640,5993840,4,107.99
9722805,6993323,21,119.99
6415963,8524120,10,178.99
9146208,9350655,6,12.99
9513871,3249673,15,22.99
7273524,6993323,19,119.99
5597962,9130087,26,98.99
7885954,5993840,1,107.99
6972210,6388497,11,158.99
7461135,9130087,20,98.99
8560680,9350655,11,12.99
7213225,6507937,15,216.99
9048225,1359142,5,188.99
9805801,9130087,8,98.99
8675132,6572260,6,54.99
9875045,6993323,4,119.99
5833402,2347773,20,1158.99
5562267,5993840,23,107.99
9863415,6993323,14,119.99
6308066,2159212,19,139.99
6608628,9409580,27,43.99
7757338,9130087,3,98.99
8944452,6993323,2,119.99
8387364,6993323,2,119.99
6366584,3924441,25,33.99
9350616,5993840,15,107.99
9324834,6814894,30,204.99
6872441,6398912,27,208.99
8923974,8005648,22,187.99
6348590,6388497,18,158.99
8104253,6845817,8,95.99
8699109,9130087,16,98.99
5631056,7798286,8,110.99
9641288,6993323,11,119.99
5343438,6993323,17,119.99
6479393,4853743,7,153.99
6537999,1764371,14,123.99
9380292,8488736,19,108.99
5367649,7939415,21,210.99
8437737,9130087,26,98.99
9752299,5922388,16,54.99
7631526,4616283,20,29.99
7206951,8685283,4,134.99
9380292,5993840,7,107.99
5462713,5180754,17,106.99
7817717,3258459,11,119.99
9146590,8292647,1,68.99
8708095,8998249,14,156.99
9964659,1371090,9,122.99
9399472,2608578,13,282.99
6709609,5993840,28,107.99
6952168,6993323,27,119.99
8237323,6993323,5,119.99
8668287,8129809,5,283.99
6466614,9523217,23,174.99
8416109,9651004,2,202.99
5895721,9130087,3,98.99
5816958,5993840,25,107.99
6950933,8461227,16,1350.99
8597026,6388497,9,158.99
9458343,8685283,16,134.99
8330638,9130087,1,98.99
6367653,5993840,2,107.99
6566655,1371090,25,122.99
8273205,5480097,3,43.99
5736180,3328381,12,31.99
8778814,5561286,26,120.99
9951412,5690283,27,213.99
6362134,4853743,5,153.99
7302183,7451094,9,12.99
8181593,5022491,3,198.99
8998477,5561286,21,120.99
9786353,7798286,23,110.99
5645566,4488928,30,487.99
5719047,5993840,30,107.99
6647920,5993840,17,107.99
8764797,9130087,8,98.99
8586131,5382102,13,608.99
6758659,5416755,2,37.99
6385547,5611025,10,1014.99
5274737,9130087,24,98.99
7905766,8852008,5,1077.99
7903203,4488928,12,487.99
6638941,5022491,4,198.99
6399308,9130087,14,98.99
9882281,6198921,15,38.99
9580789,6891276,5,284.99
7203219,5993840,28,107.99
6278533,1371090,27,122.99
8541997,6539431,19,210.99
7668442,2356894,17,253.99
5572708,9647970,14,61.99
8971846,9409580,6,43.99
6311822,3673208,7,270.99
9966453,8488736,29,108.99
9116724,6388497,6,158.99
7433120,8292647,24,68.99
7332216,6993323,28,119.99
6976576,5993840,2,107.99
5908551,4488928,23,487.99
9619878,9130087,8,98.99
5103811,3810081,13,191.99
8915182,9647970,24,61.99
8640251,6775091,27,1232.99
6561983,1764371,22,123.99
8376775,9130087,7,98.99
6223510,5993840,3,107.99
9763224,7595903,14,268.99
5821220,3924441,25,33.99
5262954,3924441,27,33.99
8453911,5611025,11,1014.99
5786533,4139055,29,72.99
6471443,1043761,30,259.99
9212531,6302129,13,129.99
5223303,7094200,23,462.99
5816958,3948632,29,111.99
7912669,1957962,24,605.99
7128071,3924441,6,33.99
9506707,6993323,29,119.99
8944452,3815280,28,117.99
8428302,6993323,1,119.99
8461967,6822458,28,143.99
6363493,8685283,2,134.99
8986017,7860195,27,222.99
9095901,2893282,27,205.99
8721181,1754339,26,138.99
8009807,7939415,4,210.99
8371693,9130087,20,98.99
9889288,4616283,11,29.99
6245868,3463891,9,89.99
8697743,6787363,24,148.99
7220370,1740067,28,215.99
5351117,5993840,23,107.99
7434205,4528607,26,17.99
7085826,3924441,25,33.99
7338160,5993840,6,107.99
8098129,2347773,15,1158.99
5008155,7939415,21,210.99
9912255,6993323,30,119.99
6363493,3595166,18,154.99
5756876,7798286,23,110.99
7000548,7595903,15,268.99
6475945,1740067,7,215.99
7865119,1764371,19,123.99
9563631,3807414,22,145.99
6408385,1740067,24,215.99
8298366,9130087,3,98.99
9908578,5993840,27,107.99
6966674,6993323,12,119.99
6960255,4488928,11,487.99
5045044,4541064,7,809.99
7592293,6993323,23,119.99
8523456,9669796,9,52.99
5256969,9130087,11,98.99
8526938,9130087,18,98.99
6794666,9114234,10,186.99
8020943,9130087,1,98.99
9726617,6713848,28,219.99
7903645,9130087,27,98.99
7268184,9130087,14,98.99
8507938,3924441,19,33.99
8261826,3924441,20,33.99
7028468,6993323,6,119.99
5281433,9647970,18,61.99
7943301,6993323,20,119.99
6359824,6787363,22,148.99
8357256,6964179,11,127.99
6840242,1849218,7,224.99
7276964,1448697,22,9.99
9365941,6198921,6,38.99
7145373,3924441,3,33.99
9212829,8720936,30,101.99
9563710,6993323,20,119.99
9932298,9936520,23,108.99
7462913,9936520,21,108.99
8794482,1764371,24,123.99
7669266,6993323,5,119.99
5894976,9001949,29,130.99
6484107,4488928,29,487.99
9066500,7451094,18,12.99
8511407,9130087,12,98.99
8394802,5819487,21,255.99
9753593,5993840,16,107.99
9313058,3328381,3,31.99
8137754,3161704,9,127.99
9898776,4488928,5,487.99
8924059,3463891,30,89.99
9326599,3796145,22,56.99
7906227,7595903,8,268.99
7739452,5518616,20,280.99
9759960,9130087,23,98.99
8917473,6539431,17,210.99
6915939,6388497,27,158.99
8726391,1936248,30,202.99
6335526,5611025,14,1014.99
7855357,6775091,2,1232.99
9273847,4488928,7,487.99
5713989,5611025,18,1014.99
7698809,6993323,16,119.99
9672840,9130087,8,98.99
9397972,4488928,11,487.99
5656634,7445367,8,137.99
9121425,4634952,6,14.99
8984252,5073777,30,133.99
8137818,1410895,28,461.99
5053654,5993840,25,107.99
8804824,9130087,16,98.99
8382344,5993840,14,107.99
7561494,1371090,27,122.99
6201574,9130087,9,98.99
6647881,5993840,17,107.99
6744018,1410539,19,273.99
8077675,9114234,29,186.99
6367414,1410539,28,273.99
7097529,5800904,21,93.99
9979267,9001949,20,130.99
6134770,5993840,29,107.99
5664107,8259861,9,196.99
8400919,6822458,15,143.99
8557936,3328381,18,31.99
5591489,6388497,26,158.99
8903819,5561286,14,120.99
8918176,9130087,20,98.99
5969602,4488928,14,487.99
5441535,8720936,7,101.99
7914403,6814894,18,204.99
8872906,5180754,4,106.99
5524660,5993840,14,107.99
5986434,8935201,21,52.99
9806118,6047451,13,219.99
5354655,6993323,25,119.99
8251401,9039716,5,56.99
9908945,6993323,19,119.99
7339482,9130087,30,98.99
8846444,9558900,1,263.99
7326054,6993323,9,119.99
9119450,8538411,17,239.99
6647881,5022491,26,198.99
9218798,2369769,13,138.99
8379587,9130087,2,98.99
9244244,6993323,25,119.99
8661495,8005648,6,187.99
9308763,5993840,2,107.99
8615266,1371090,17,122.99
6880835,8685283,21,134.99
7011344,7939415,29,210.99
8982798,3924441,3,33.99
9125822,1043761,22,259.99
5804341,1764371,21,123.99
9538864,3328381,3,31.99
6232247,7344242,10,136.99
5356281,8524120,25,178.99
9713024,9176000,28,17.99
9634667,2893282,30,205.99
9608427,6388497,2,158.99
7530795,9130087,11,98.99
9628690,9130087,2,98.99
6078662,8939078,14,109.99
6681699,4141275,26,11.99
8567107,1377555,13,68.99
9867667,4488928,21,487.99
9742696,8005648,5,187.99
8292501,6993323,22,119.99
8394803,4488928,30,487.99
5586026,8061332,12,20.99
9337100,5382102,6,608.99
7808911,5993840,19,107.99
5719047,5561286,28,120.99
5117000,9651004,14,202.99
9010666,5180754,11,106.99
9777220,9130087,6,98.99
8325662,5382102,4,608.99
5423315,1410895,18,461.99
5631688,5454439,9,84.99
7121221,5611025,3,1014.99
5052592,3853054,26,158.99
5412429,1936248,19,202.99
7665140,6993323,10,119.99
6302377,9936520,4,108.99
7799637,9130087,2,98.99
5618230,6388497,1,158.99
6416315,9392268,21,150.99
8902890,3924441,8,33.99
5512871,8061332,2,20.99
6631643,9191471,29,10.99
9738744,1764371,25,123.99
7413700,5993840,10,107.99
6220446,9130087,5,98.99
9765787,4488928,22,487.99
5151544,2159212,4,139.99
5285820,1860199,16,80.99
6550354,8061332,23,20.99
5587791,8129809,13,283.99
9546417,9130087,6,98.99
6450216,3463891,12,89.99
6440323,5993840,18,107.99
7583026,9130087,14,98.99
5491597,9130087,24,98.99
7136392,9130087,21,98.99
6285904,8061332,13,20.99
5726486,9275354,22,129.99
5662672,4488928,15,487.99
8667857,7595903,17,268.99
8678858,9458269,29,42.99
6524779,4139055,28,72.99
6751570,8685283,23,134.99
6109600,9350655,12,12.99
9640005,5993840,20,107.99
6974002,5993840,30,107.99
9213721,5993840,17,107.99
6870362,8852008,5,1077.99
9836698,1764371,24,123.99
7585908,5004197,2,1328.99
9467245,5993840,17,107.99
5001654,9651004,4,202.99
7861564,9130087,29,98.99
5595432,8685283,23,134.99
9162412,4488928,11,487.99
8842855,6388497,29,158.99
8492070,5993840,5,107.99
7221048,1410895,4,461.99
6887761,9350655,3,12.99
9693366,5993840,11,107.99
6505328,2608578,6,282.99
6138103,9130087,1,98.99
9199088,6394044,6,96.99
5292169,6993323,16,119.99
8155362,1901788,10,290.99
8594271,6171832,27,295.99
9898524,9130087,4,98.99
7538200,6993323,29,119.99
6812548,6198921,4,38.99
5985738,9130087,5,98.99
5825922,6539431,5,210.99
5525651,2871779,1,288.99
6686613,1764371,14,123.99
5529919,7798286,23,110.99
5824824,3924441,9,33.99
8507938,4760849,7,201.99
5129616,6398912,28,208.99
7314778,4139055,24,72.99
8586117,9176000,6,17.99
8642961,3924441,21,33.99
5842759,1078329,6,75.99
7589580,3924441,23,33.99
6225641,1764371,15,123.99
8476544,9130087,11,98.99
6323004,9409580,14,43.99
7468309,5788942,25,1291.99
8332150,4488928,17,487.99
6995834,9409580,30,43.99
8202688,8061332,6,20.99
9010837,6539431,21,210.99
9900737,5993840,7,107.99
6872365,8471578,9,173.99
9174384,6993323,24,119.99
7469674,4528607,19,17.99
9409878,7595903,8,268.99
9741559,4359354,17,479.99
8993861,5800904,9,93.99
8315279,6993323,18,119.99
6799162,7451094,4,12.99
7789365,1764371,2,123.99
5124651,9810442,10,189.99
8743328,9350655,19,12.99
5994095,6993323,3,119.99
9365951,5993840,29,107.99
8011526,1410895,2,461.99
8927864,6993323,17,119.99
5235238,7145123,23,169.99
8458225,9534966,5,1038.99
8663309,9350655,22,12.99
6447318,6713848,22,219.99
8658519,3807414,18,145.99
5556606,1740067,2,215.99
5244056,4488928,25,487.99
6311745,3924441,26,33.99
9140620,6198921,18,38.99
9786036,6388497,2,158.99
9574231,3807414,2,145.99
6115640,9651004,13,202.99
5267450,6388497,28,158.99
9171914,3810081,17,191.99
6358387,6787363,23,148.99
8824795,5993840,9,107.99
8939458,9130087,29,98.99
8152912,2447751,12,113.99
5265469,6388497,7,158.99
9104000,8074418,17,270.99
8925180,1371090,8,122.99
8012378,1619977,9,324.99
9250185,9350655,21,12.99
8273461,2347773,17,1158.99
9273599,5993840,5,107.99
8274649,9275354,15,129.99
9917575,6198921,10,38.99
6085277,7038449,13,564.99
7348468,7030680,29,221.99
6134220,9350655,28,12.99
8711579,9130087,30,98.99
6110112,4488928,23,487.99
6444277,9130087,19,98.99
6115640,9130087,3,98.99
6315835,5611025,6,1014.99
9246414,9936520,7,108.99
9503817,3631108,6,133.99
7603341,9130087,12,98.99
7970559,4110482,23,10.99
8640251,6964179,19,127.99
6484107,5611025,18,1014.99
5816435,6993323,26,119.99
7365890,4634952,7,14.99
7538200,5993840,14,107.99
6711296,9130087,11,98.99
8269111,9130087,14,98.99
7145432,8061332,3,20.99
5187497,7595903,15,268.99
8657375,9130087,3,98.99
5798178,6198921,12,38.99
9458343,9130087,27,98.99
7612157,6761371,29,198.99
6012741,1371090,7,122.99
8918373,2191736,14,257.99
5835050,9458269,18,42.99
6201154,6993323,8,119.99
6629845,3463891,28,89.99
6179283,5382102,27,608.99
7088478,9523217,6,174.99
6444277,4488928,16,487.99
6569639,4488928,21,487.99
8638368,5993840,3,107.99
9657813,3328381,30,31.99
5691606,6993323,3,119.99
7458478,9114234,4,186.99
7372420,9392268,29,150.99
9720387,5182998,25,262.99
7022513,2447751,1,113.99
5877739,1764371,6,123.99
9718333,5993840,22,107.99
9046657,6993323,17,119.99
5318891,7595903,19,268.99
7793441,9176000,23,17.99
6941403,9130087,3,98.99
6092503,6432017,26,105.99
9952079,6845131,28,107.99
5025019,9799204,6,114.99
9796692,9130087,29,98.99
9046129,3924441,7,33.99
5379065,1311230,20,38.99
5934769,8935201,17,52.99
7495797,5993840,29,107.99
8682157,6388497,24,158.99
9840218,5993840,22,107.99
8167665,8524120,2,178.99
6640646,6198921,6,38.99
7742470,5382102,11,608.99
5159367,9039716,5,56.99
8536129,9936520,28,108.99
7083177,6857295,2,1287.99
5452517,9523217,9,174.99
8986017,5993840,25,107.99
7736100,5993840,7,107.99
8776578,3463891,2,89.99
5302271,3463891,1,89.99
7136226,6964179,23,127.99
6775261,6993323,27,119.99
5886792,7595903,4,268.99
9268369,1667503,11,9.99
8599055,6198921,19,38.99
6252690,1849218,16,224.99
6066847,5022491,15,198.99
5966524,7451094,21,12.99
6979240,7595903,17,268.99
8269379,9130087,12,98.99
6763713,9130087,1,98.99
6184676,9130087,30,98.99
5238068,6993323,30,119.99
7272847,3328381,30,31.99
5897822,5611025,11,1014.99
8510263,5485779,12,178.99
6780621,8720936,26,101.99
6152968,3790097,15,112.99
9868641,3810081,13,191.99
5662817,5993840,19,107.99
8055250,6993323,20,119.99
8318027,3924441,7,33.99
6490281,5993840,8,107.99
6225641,7595903,7,268.99
6586325,8788009,25,1106.99
5932814,9470648,21,265.99
6435110,5073777,23,133.99
9891908,9647970,25,61.99
8960711,5022491,9,198.99
8251107,9130087,12,98.99
5729071,1764371,7,123.99
6827498,7145123,6,169.99
7405128,5993840,2,107.99
7863815,4488928,8,487.99
9722455,6498667,28,225.99
6935066,4440478,18,242.99
6002333,5993840,4,107.99
8962345,1860199,16,80.99
8991296,9799204,3,114.99
9997846,9130087,11,98.99
9344410,9350655,1,12.99
7596508,5785274,2,18.99
5771118,9130087,28,98.99
9097849,3807414,7,145.99
5274737,9651004,29,202.99
8663756,9130087,12,98.99
7255949,1359142,29,188.99
9177115,9130087,21,98.99
6780025,6539431,22,210.99
5175828,3807414,3,145.99
6448519,3810081,5,191.99
6815296,5993840,14,107.99
6440323,2871779,11,288.99
8631337,5518616,10,280.99
7688866,6993323,15,119.99
9365315,5993840,1,107.99
6575627,7939415,7,210.99
8104993,6891276,5,284.99
8862910,1371090,4,122.99
6295897,9658470,24,15.99
9938381,4267459,16,1370.99
6156886,7595903,1,268.99
5543388,6993323,14,119.99
9531409,9936520,3,108.99
9946806,3713494,13,246.99
6184507,5022491,17,198.99
5523823,1377555,23,68.99
6631183,9392268,29,150.99
5262185,6993323,20,119.99
5423722,5611025,26,1014.99
6355159,2159212,12,139.99
8236686,5382102,27,608.99
9382614,9130087,26,98.99
7832776,3924441,29,33.99
5490682,4141275,2,11.99
5935003,6993323,7,119.99
6935066,7595903,13,268.99
7514740,6388497,23,158.99
5847255,5993840,22,107.99
7824161,5073777,25,133.99
7960780,1410895,7,461.99
5850779,7595903,15,268.99
8666576,7268157,3,175.99
5948529,5993840,15,107.99
5056763,5022491,2,198.99
7902453,3924441,11,33.99
5401322,9130087,5,98.99
5832730,9130087,22,98.99
8854642,7595903,7,268.99
5295054,9130087,12,98.99
5361838,3924441,24,33.99
5162847,4141275,11,11.99
8796716,4139055,18,72.99
9855195,6993323,4,119.99
5442577,8471578,29,173.99
6018384,3924441,28,33.99
8330421,7595903,3,268.99
5399113,7595903,11,268.99
6737922,6993323,7,119.99
8717348,3924441,26,33.99
6986214,1849218,26,224.99
7834048,6993323,6,119.99
5641231,6993323,14,119.99
8209642,9799204,28,114.99
7671884,1346668,28,211.99
5856764,5690283,15,213.99
9073746,3924441,23,33.99
6401469,9130087,15,98.99
7005859,8685283,17,134.99
5213921,3924441,6,33.99
7935482,9130087,24,98.99
6196862,9130087,19,98.99
9095901,5993840,27,107.99
9515560,3810081,25,191.99
5928474,9130087,30,98.99
9037684,6775091,8,1232.99
7388282,9651004,5,202.99
6587584,3583387,13,168.99
9740187,5993840,25,107.99
9939322,3583387,20,168.99
8140416,8720936,20,101.99
8197484,9275354,27,129.99
6718736,9647970,25,61.99
6276921,1410895,12,461.99
6235271,3555929,28,256.99
6611841,9658470,17,15.99
8028511,3924441,3,33.99
9357156,6993323,11,119.99
6090961,9130087,10,98.99
8662690,5022491,29,198.99
6458454,6993323,29,119.99
6855612,5022491,18,198.99
7904100,8471578,22,173.99
9835038,6891276,5,284.99
6239497,3328381,6,31.99
9829331,6775461,17,86.99
6937202,2159212,1,139.99
5395876,9130087,28,98.99
9859720,7595903,14,268.99
7555874,9130087,23,98.99
7719546,9130087,22,98.99
9922281,6993323,28,119.99
6878853,1764371,21,123.99
7860018,8685283,6,134.99
7700848,9114234,15,186.99
6954165,5993840,12,107.99
8337990,5004197,25,1328.99
7920502,9130087,23,98.99
7926368,5993840,20,107.99
5440124,8841285,6,229.99
7436844,5518616,7,280.99
6425742,9350655,28,12.99
8041517,5993840,1,107.99
5932931,6964179,25,127.99
6235390,8471578,7,173.99
6211347,9176000,6,17.99
6112258,8538411,27,239.99
7643649,6695201,27,200.99
7862842,1707129,15,203.99
9982121,7041303,17,64.99
8784632,3215115,20,284.99
9757056,6993323,12,119.99
6185388,8129809,3,283.99
7349765,6695201,5,200.99
8380237,9130087,11,98.99
6096731,5993840,29,107.99
6870362,6993323,29,119.99
7583026,3924441,15,33.99
6870967,7710925,12,1448.99
6866022,2356894,18,253.99
6631183,7344242,1,136.99
7082472,5993840,14,107.99
9434365,3924441,24,33.99
6622234,9651004,19,202.99
5146293,9130087,8,98.99
5141534,1371090,19,122.99
5983968,6388497,23,158.99
6296996,9647970,12,61.99
6319813,4488928,16,487.99
6584329,1720189,8,152.99
6797395,7595903,6,268.99
6150136,6993323,20,119.99
6968890,8524120,4,178.99
7847110,7032073,11,255.99
6391001,1764371,25,123.99
8956649,1371090,22,122.99
7458342,4488928,19,487.99
5056168,9647970,26,61.99
5752579,8685283,16,134.99
7789471,5993840,25,107.99
5395876,5404767,12,88.99
9485404,4488928,12,487.99
9069649,8852008,23,1077.99
7579637,2608578,21,282.99
8059864,6993323,16,119.99
6743556,1764371,21,123.99
5932814,4488928,8,487.99
6495288,6993323,30,119.99
8168044,9130087,12,98.99
8177266,3924441,5,33.99
8827222,6993323,26,119.99
6480670,6993323,7,119.99
5974675,3924441,12,33.99
7927131,1889468,12,87.99
7362003,3249673,2,22.99
9097222,9130087,26,98.99
7969426,9647970,25,61.99
6312199,5993840,30,107.99
5488957,1764371,1,123.99
9373593,3924441,21,33.99
6353521,1764371,12,123.99
6343185,9130087,3,98.99
6116267,2356894,21,253.99
7748328,9936520,10,108.99
9502810,6993323,24,119.99
7829675,3807414,27,145.99
8918176,9001949,21,130.99
5863181,3924441,26,33.99
9525658,8685283,4,134.99
8237462,1371090,13,122.99
8935775,3924441,28,33.99
6819218,9936520,7,108.99
8631337,7595903,14,268.99
7281249,2447751,16,113.99
6162060,3491564,24,198.99
5798494,4616283,30,29.99
9723721,5993840,11,107.99
5122162,9130087,3,98.99
7253034,9055994,14,203.99
8935484,3924441,10,33.99
6629845,9936520,2,108.99
7987860,4853743,26,153.99
7117563,9458269,15,42.99
7790228,5518616,13,280.99
9171239,6993323,23,119.99
5904844,3790097,10,112.99
5995728,6993323,18,119.99
9017325,9130087,28,98.99
8153211,3142680,21,120.99
7944005,6993323,8,119.99
7788976,5382102,30,608.99
9248666,8685283,3,134.99
8310927,7041303,25,64.99
7239264,5382102,7,608.99
8972445,9409580,1,43.99
8944016,5611025,26,1014.99
5670935,4488928,25,487.99
6174388,9130087,3,98.99
6744018,3285586,16,269.99
8200626,6993323,13,119.99
5121995,1901788,1,290.99
7162975,9799204,10,114.99
9421039,8935201,17,52.99
6051569,6993323,11,119.99
6393561,9936520,18,108.99
5949443,1720189,15,152.99
5990522,9130087,25,98.99
6167344,1667503,14,9.99
5330465,7939415,10,210.99
9294257,3924441,30,33.99
7195509,9130087,19,98.99
8809310,3924441,6,33.99
7983505,5993840,13,107.99
8776578,5993840,20,107.99
6597839,6993323,22,119.99
7511490,7451094,27,12.99
8798068,2191736,1,257.99
9684611,3924441,17,33.99
7354074,1371090,24,122.99
5713263,9647970,8,61.99
9750403,7344242,3,136.99
5375494,6993323,17,119.99
5901945,9647970,30,61.99
9805302,5022491,24,198.99
6362134,8661944,8,160.99
6153817,5993840,17,107.99
8197185,9993160,5,60.99
7659803,9130087,6,98.99
9345245,1936248,22,202.99
9872528,6993323,9,119.99
9180723,3595166,17,154.99
6273464,6814894,10,204.99
9671733,7451094,9,12.99
9547411,7939415,18,210.99
9814897,3924441,8,33.99
6896781,8685283,26,134.99
7092353,5993840,23,107.99
9285761,6388497,23,158.99
9713024,4567257,28,9.99
5629097,6198921,4,38.99
9289300,3810081,23,191.99
8178128,7595903,6,268.99
8481501,1764371,22,123.99
7595961,6993323,30,119.99
6803377,2369769,19,138.99
7449947,6993323,28,119.99
5090963,8292647,26,68.99
5637506,2608578,14,282.99
5688960,4084474,23,132.99
7108553,6993323,2,119.99
6503375,1410895,12,461.99
8453883,5993840,11,107.99
8493420,1619977,17,324.99
5673561,5993840,25,107.99
9273805,4488928,3,487.99
6729957,3128835,28,246.99
7667593,6993323,16,119.99
8846486,6993323,11,119.99
7669927,1849218,6,224.99
7088818,5382102,7,608.99
9273805,5611025,29,1014.99
9480139,5993840,25,107.99
6358387,9130087,25,98.99
9288278,6993323,19,119.99
7012231,8461227,3,1350.99
6264087,6993323,25,119.99
5839910,6993323,5,119.99
9547231,9936520,6,108.99
5367649,9647970,3,61.99
8413865,1707129,10,203.99
9557537,6993323,5,119.99
5833402,6845817,22,95.99
8587667,9130087,27,98.99
7307323,1496862,19,1471.99
5676248,5993840,2,107.99
9273847,6302129,30,129.99
5265469,9130087,2,98.99
5664752,3948632,11,111.99
7823577,1619977,22,324.99
7811212,4488928,7,487.99
5416409,9799204,22,114.99
6744018,5993840,28,107.99
9630910,1240903,1,293.99
8209642,1849218,29,224.99
8046801,5611025,18,1014.99
5960287,9130087,5,98.99
9116865,4359354,19,479.99
9809612,6388497,15,158.99
7667498,7030680,9,221.99
9147531,7674515,26,275.99
9889698,9651004,16,202.99
8161077,4634952,8,14.99
5138232,3583387,12,168.99
8406649,9409580,28,43.99
8952930,3258459,22,119.99
7906320,6993323,30,119.99
7503853,4488928,19,487.99
5128403,6891276,15,284.99
8826076,7030680,17,221.99
9099107,9111723,4,30.99
9019812,9130087,7,98.99
6848614,8292647,15,68.99
5374223,9130087,6,98.99
9667074,7595903,5,268.99
7062456,6761371,2,198.99
6828264,6993323,13,119.99
5335558,1346668,2,211.99
8676206,9647970,4,61.99
9380879,3463891,27,89.99
8866228,8998249,22,156.99
8511052,5446285,22,230.99
9559718,9130087,30,98.99
5485082,9130087,27,98.99
5618230,6993323,30,119.99
9611318,5690283,8,213.99
7984534,1448697,19,9.99
6971341,9130087,5,98.99
6935066,8852008,13,1077.99
7144623,1764371,12,123.99
9418665,9350655,26,12.99
7072305,3924441,28,33.99
9725833,9130087,5,98.99
9347441,1619977,29,324.99
8739363,5993840,29,107.99
7423002,9130087,1,98.99
5394392,6993323,24,119.99
9983183,5182998,27,262.99
8789135,8129809,3,283.99
9044571,9130087,10,98.99
8531927,5382102,30,608.99
7372903,7595903,15,268.99
7444992,3924441,24,33.99
6744810,6993323,18,119.99
7669927,9130087,20,98.99
6401034,1410895,21,461.99
7765858,9130087,2,98.99
9785537,1371090,1,122.99
8197185,8461227,9,1350.99
9694886,6539431,3,210.99
8766074,3924441,9,33.99
6889892,3924441,18,33.99
6276921,3142680,9,120.99
8636895,5993840,19,107.99
7195311,6964179,18,127.99
8096050,5382102,24,608.99
5458495,9001949,25,130.99
9267917,1764371,27,123.99
5839650,8998249,23,156.99
6160883,4488928,21,487.99
9241672,5611025,20,1014.99
8618683,7038449,19,564.99
5102697,5319521,27,155.99
9808941,5611025,3,1014.99
5021808,5022491,10,198.99
8037089,4528607,3,17.99
5990563,5611025,26,1014.99
7724798,4708863,17,91.99
9527253,6993323,27,119.99
5299805,7349533,9,104.99
5664752,8524120,29,178.99
7952554,9658470,22,15.99
8102805,7674515,27,275.99
7592823,5993840,10,107.99
7184636,9404780,8,237.99
9542389,7451094,22,12.99
8953972,3924441,14,33.99
6127346,9404780,24,237.99
5754114,8471578,9,173.99
5208620,5993840,20,107.99
5707458,7268157,12,175.99
6866643,9130087,12,98.99
5188091,6993323,2,119.99
6613159,7344242,10,136.99
8086103,5382102,8,608.99
7594073,9130087,15,98.99
5029596,7041303,9,64.99
9215718,4488928,21,487.99
8401435,9130087,1,98.99
8804824,3810081,17,191.99
6870967,5382102,20,608.99
5979183,5319521,30,155.99
8403174,6822458,8,143.99
7142543,2081866,7,540.99
5087770,9130087,8,98.99
8932592,7094200,8,462.99
8246665,3810081,19,191.99
5131388,5180754,24,106.99
7408338,6775091,4,1232.99
6395651,9130087,6,98.99
8613580,1024094,9,150.99
5706699,6993323,5,119.99
6551168,9799204,4,114.99
8012703,3807414,12,145.99
7905766,3924441,28,33.99
7217839,6993323,10,119.99
7921809,4084474,9,132.99
9539768,2447751,30,113.99
6458454,6775461,28,86.99
7361820,6388497,1,158.99
9963122,8788009,8,1106.99
6938263,7595903,14,268.99
8144869,9130087,14,98.99
5840837,9130087,1,98.99
6144628,7030680,26,221.99
8352213,9130087,5,98.99
8892612,2347773,11,1158.99
7670536,1764371,26,123.99
6191882,6388497,19,158.99
5910564,5382102,30,608.99
8161077,8852008,29,1077.99
7039049,2865954,1,19.99
8054656,6857295,17,1287.99
9129327,9647970,12,61.99
9189848,2347773,28,1158.99
9512750,9647970,10,61.99
8585495,8150427,20,79.99
9022953,3595166,6,154.99
5034594,6198921,23,38.99
9528419,5073777,25,133.99
9462214,6171832,9,295.99
9975812,6388497,17,158.99
7328867,9350655,13,12.99
5753420,2356894,29,253.99
8642413,9130087,16,98.99
5194852,6891276,5,284.99
7001367,6993323,5,119.99
9430555,9350655,16,12.99
9298058,6993323,22,119.99
8675002,6993323,28,119.99
9924118,9350655,11,12.99
8223093,5793488,8,217.99
8976000,4488928,21,487.99
5160732,5993840,6,107.99
7691618,3853054,2,158.99
8496758,9130087,22,98.99
8901476,9810442,17,189.99
9956672,8998249,17,156.99
5879529,6432017,10,105.99
8902890,8788009,28,1106.99
8477253,5191718,16,96.99
6134770,9936520,1,108.99
6893898,6993323,13,119.99
7927209,2608578,20,282.99
5012582,9350655,13,12.99
6893742,9130087,1,98.99
7850009,5993840,26,107.99
9295271,9936520,14,108.99
9361826,6857295,16,1287.99
7283086,3924441,16,33.99
7772452,3285586,8,269.99
5285160,5022491,20,198.99
9310670,1901788,9,290.99
6586325,9130087,5,98.99
8778793,8373068,15,105.99
9421039,5431811,20,158.99
8636379,1764371,12,123.99
8746273,9936520,27,108.99
9182251,6993323,30,119.99
7109630,5846017,14,220.99
9263105,4440478,13,242.99
8161077,5022491,16,198.99
9121216,6388497,19,158.99
7791509,9130087,20,98.99
6850513,8852008,3,1077.99
7571629,7595903,12,268.99
6440821,7451094,5,12.99
8262108,5993840,23,107.99
6513907,4488928,10,487.99
7616909,9612132,9,194.99
8402315,6993323,18,119.99
5362487,3810081,1,191.99
7420403,2447751,7,113.99
5411337,6398912,13,208.99
5366686,7674515,21,275.99
7298786,3796145,29,56.99
9622594,9130087,19,98.99
6935066,1764371,12,123.99
7703180,7939415,21,210.99
6181196,5182998,13,262.99
5126923,6993323,30,119.99
9360762,5993840,13,107.99
5524588,3815280,20,117.99
9046536,1078329,4,75.99
7346774,1849218,5,224.99
8721181,4110482,10,10.99
5287398,6993323,26,119.99
7349436,6388497,27,158.99
8494591,9130087,30,98.99
6545669,5611025,5,1014.99
8753294,6388497,9,158.99
9416539,1764371,14,123.99
8492070,2356894,22,253.99
5381514,1346668,26,211.99
5245266,1764371,30,123.99
5823298,9130087,23,98.99
8096050,6198921,27,38.99
6647419,7939415,20,210.99
7587730,9130087,20,98.99
5285160,3924441,15,33.99
8022169,6388497,25,158.99
6592442,9001949,18,130.99
9740457,9191471,8,10.99
7425727,9130087,22,98.99
6873785,5993840,19,107.99
5783397,7595903,7,268.99
9579786,3328381,19,31.99
7509466,9130087,6,98.99
6763081,5993840,11,107.99
8220395,4488928,3,487.99
5434489,9176000,7,17.99
5468409,3924441,16,33.99
7021619,9130087,14,98.99
8911084,6507937,21,216.99
8009807,5993840,4,107.99
5044436,7041303,2,64.99
5293156,3924441,6,33.99
5850113,3924441,8,33.99
5168363,6761371,3,198.99
8494067,9409580,22,43.99
6181196,6993323,15,119.99
5859800,6993323,10,119.99
9486241,7038449,20,564.99
7995655,9130087,27,98.99
8328559,9130087,26,98.99
6392252,6768735,9,176.99
5034853,9523217,16,174.99
5646701,5993840,15,107.99
5887524,5993840,16,107.99
6466659,9392268,1,150.99
6142453,1258537,17,649.99
9630167,7595903,6,268.99
7529008,6388497,21,158.99
7147361,9191471,10,10.99
9945937,3924441,7,33.99
8961389,4760849,19,201.99
9438723,9130087,16,98.99
6561983,9130087,11,98.99
8577211,9191471,27,10.99
8517957,5537392,26,139.99
5395096,9130087,3,98.99
5133347,8788009,16,1106.99
5892278,5022491,26,198.99
7320692,1901788,1,290.99
7715832,5993840,13,107.99
6563835,6993323,18,119.99
5151571,6993323,24,119.99
8821590,9130087,7,98.99
5146293,5993840,7,107.99
7167323,6993323,2,119.99
8212604,5022491,10,198.99
8269111,5993840,29,107.99
9749233,1849218,10,224.99
9784346,5611025,30,1014.99
7301046,4528607,14,17.99
5069529,4616283,13,29.99
7849655,3924441,20,33.99
9561248,6713848,2,219.99
5699996,5993840,20,107.99
6359824,3713494,12,246.99
5038003,8061332,19,20.99
8637141,6388497,10,158.99
9876361,1901788,7,290.99
8426509,9130087,14,98.99
6289577,3924441,28,33.99
9010666,1377555,21,68.99
5915583,8852008,28,1077.99
8955031,9130087,25,98.99
6611800,9392268,26,150.99
8903693,3807414,10,145.99
6358211,7595903,14,268.99
5276774,7344242,13,136.99
5931392,6993323,8,119.99
6479400,1410895,15,461.99
9266332,9130087,4,98.99
7087969,9647970,17,61.99
5977575,6993323,8,119.99
8433825,9130087,14,98.99
9368255,4488928,24,487.99
8274649,9392268,15,150.99
9432026,5690283,2,213.99
8221071,5993840,24,107.99
9150231,7481689,23,195.99
6144228,3463891,29,89.99
8576467,8129809,14,283.99
7045047,9130087,15,98.99
9741746,4853743,30,153.99
9618502,6993323,23,119.99
6045710,4853743,17,153.99
8131813,6993323,25,119.99
9859720,2191736,12,257.99
7481748,7595903,10,268.99
9777294,6398912,17,208.99
5548132,9130087,18,98.99
7514740,9404780,21,237.99
5595131,5561286,30,120.99
7936609,6713848,25,219.99
5454821,1359142,24,188.99
5430607,7451094,7,12.99
8740077,7868274,6,143.99
5950877,9658470,9,15.99
7134157,3328381,23,31.99
5786815,3924441,28,33.99
7627041,9647970,1,61.99
5269351,3924441,26,33.99
5441441,5993840,4,107.99
7124303,8841285,26,229.99
7456114,7032073,1,255.99
7749473,5537392,16,139.99
6686613,6993323,25,119.99
9940520,6993323,2,119.99
9306493,5382102,13,608.99
9394573,7860195,8,222.99
6007640,6993323,5,119.99
6766336,1496862,1,1471.99
9239185,1764371,17,123.99
5413532,6993323,3,119.99
7056114,5993840,14,107.99
9135996,5993840,27,107.99
6137974,9130087,19,98.99
8372441,5993840,19,107.99
7282233,9350655,21,12.99
7618805,9647970,25,61.99
5234163,3924441,20,33.99
6868817,9130087,17,98.99
5132175,9130087,13,98.99
9974501,8524120,20,178.99
9558841,3924441,15,33.99
6685697,8129809,15,283.99
9111298,3948632,16,111.99
7618805,6993323,17,119.99
5189499,3924441,24,33.99
5025431,2347773,20,1158.99
5861330,5180754,24,106.99
8762045,1764371,14,123.99
6070556,6761371,17,198.99
6311822,7094200,19,462.99
9969526,6891276,6,284.99
5447749,7939415,15,210.99
6676849,6857295,24,1287.99
6986214,6993323,25,119.99
5008974,3924441,15,33.99
8481523,2356894,25,253.99
6924443,5993840,21,107.99
8220395,3271965,10,1122.99
7627414,8461227,18,1350.99
5725473,4139055,17,72.99
8108839,6539431,4,210.99
7894103,7710925,24,1448.99
6300598,1764371,27,123.99
9384901,5993840,19,107.99
5576192,5993840,15,107.99
8236686,5993840,17,107.99
6602474,2871779,26,288.99
8029488,1740067,15,215.99
9416539,5022491,14,198.99
9206120,5993840,26,107.99
9829331,3796145,25,56.99
8054656,3924441,30,33.99
7447491,9130087,12,98.99
5258470,9350655,2,12.99
6156886,3491564,3,198.99
5727312,5561286,1,120.99
9531649,9130087,17,98.99
8062264,5191718,30,96.99
7914403,1410895,11,461.99
7808911,9409580,30,43.99
9338221,1936248,3,202.99
8874002,5993840,9,107.99
8178386,8461227,10,1350.99
5972559,1623620,21,1060.99
5777149,2356894,13,253.99
8904968,9130087,25,98.99
5016155,7030680,19,221.99
6776677,8685283,8,134.99
6644702,5922388,16,54.99
8108291,1078329,16,75.99
9162868,5583510,15,77.99
8149038,9404780,12,237.99
7701812,6993323,1,119.99
7758197,6891276,30,284.99
6688171,6539431,26,210.99
5088191,6993323,30,119.99
7817037,1912015,25,94.99
7000416,2865954,25,19.99
6993513,5518616,2,280.99
7984524,6993323,25,119.99
6191607,6657060,1,268.99
8451886,4541064,24,809.99
9748174,3924441,5,33.99
5080609,4488928,27,487.99
8324504,6388497,2,158.99
5643512,9130087,10,98.99
8637455,5022491,5,198.99
9672402,6388497,7,158.99
5809031,4616283,18,29.99
7007299,6047451,27,219.99
6945634,2356894,11,253.99
8668287,9275354,15,129.99
8053791,6857295,25,1287.99
6221792,5561286,17,120.99
7729308,9130087,15,98.99
5691606,9130087,18,98.99
7393004,9001949,9,130.99
7781213,9350655,18,12.99
8772620,5993840,10,107.99
5367282,3673208,22,270.99
6638345,1720189,2,152.99
7430636,5819487,16,255.99
8807441,9111723,1,30.99
6119956,5518616,6,280.99
7316512,8685283,4,134.99
5746690,3810081,12,191.99
6495736,1371090,21,122.99
6481904,9350655,22,12.99
5842701,5993840,2,107.99
9019763,5993840,23,107.99
7612674,9130087,26,98.99
8050619,9130087,6,98.99
7627144,7094200,25,462.99
7985689,6857295,9,1287.99
9742379,9130087,25,98.99
8053709,6857295,21,1287.99
9809612,1849218,6,224.99
9079685,3142680,11,120.99
9676849,4488928,10,487.99
9431879,3810081,19,191.99
8746762,6993323,3,119.99
5768484,9936520,3,108.99
9145189,1222511,10,1131.99
5238261,3796145,11,56.99
6187413,1371090,5,122.99
5888854,5690283,2,213.99
7645547,9936520,6,108.99
9220136,5993840,30,107.99
9078034,6993323,24,119.99
5138232,9130087,15,98.99
5842778,4488928,6,487.99
5329144,3810081,8,191.99
6234531,9799204,28,114.99
6453652,8074418,1,270.99
5799373,5404767,12,88.99
7441167,7939415,7,210.99
8102898,5993840,6,107.99
6002681,1410539,14,273.99
7856924,5793488,26,217.99
9966453,7595903,26,268.99
7112481,9130087,6,98.99
5964841,7349533,22,104.99
6951986,6993323,17,119.99
5224397,2350595,27,264.99
6325602,8642680,16,635.99
8978355,9799204,26,114.99
7607242,1764371,12,123.99
8134480,9130087,3,98.99
8642004,5993840,6,107.99
6745284,7344242,30,136.99
6007280,1764371,12,123.99
6191349,3328381,19,31.99
5165323,5993840,19,107.99
5055338,8939078,19,109.99
7220816,4853743,21,153.99
5712558,5993840,10,107.99
9521473,4110482,23,10.99
6150136,4488928,1,487.99
7195433,1936248,22,202.99
9779120,1936248,19,202.99
6975280,4488928,30,487.99
5146681,2356894,26,253.99
6577680,6993323,1,119.99
9057676,5561286,28,120.99
5885795,5561286,2,120.99
9591925,9275354,25,129.99
9133533,9130087,30,98.99
5637430,6388497,23,158.99
9060345,5788942,23,1291.99
7589376,4488928,2,487.99
6142453,6388497,24,158.99
6171778,7344242,12,136.99
6278136,1764371,12,123.99
5681294,6993323,29,119.99
6498300,5993840,19,107.99
9258396,4488928,11,487.99
5558853,6993323,19,119.99
5983272,2356894,28,253.99
7637032,7939415,10,210.99
8335230,9130087,28,98.99
7511490,6993323,17,119.99
7406202,9810442,4,189.99
6029788,9130087,11,98.99
5570086,9130087,23,98.99
8200427,9114234,30,186.99
5047687,5561286,8,120.99
7308017,9651004,8,202.99
9740187,7595903,20,268.99
5777156,9130087,15,98.99
7809130,3924441,16,33.99
8562787,4141275,9,11.99
6167742,6432543,6,13.99
7667593,6388497,5,158.99
7827882,5561286,2,120.99
6191882,6539431,7,210.99
9591518,5611025,5,1014.99
9503690,9130087,9,98.99
9831522,6993323,29,119.99
6802195,5993840,17,107.99
6193023,4488928,21,487.99
5217060,9404780,8,237.99
5916666,6891276,22,284.99
9531988,7595903,23,268.99
8124207,9130087,23,98.99
6205163,2356894,27,253.99
8407646,8685283,5,134.99
9098295,6775091,15,1232.99
7178092,6993323,6,119.99
7377360,5382102,18,608.99
6457304,1764371,20,123.99
5263187,3328381,5,31.99
7729129,7344242,24,136.99
7421656,9130087,12,98.99
6500498,9130087,12,98.99
7033010,8373068,5,105.99
5594395,5518357,19,10.99
6448705,8685283,19,134.99
6790336,6993323,19,119.99
7498418,9130087,24,98.99
5830082,5480097,20,43.99
9500665,4141275,16,11.99
5846712,7038449,6,564.99
7293141,6388497,26,158.99
6664606,6993323,21,119.99
8251107,6993323,15,119.99
8858883,6695201,7,200.99
6116179,5382102,14,608.99
7794493,8685283,19,134.99
9038470,1496862,3,1471.99
5822162,4488928,11,487.99
9824839,3328381,19,31.99
8809310,8074418,22,270.99
5862406,9130087,3,98.99
5773785,7481689,14,195.99
7912281,8998249,17,156.99
8911084,9130087,20,98.99
5836435,7939415,12,210.99
7010601,9993160,10,60.99
8045943,9130087,20,98.99
5511183,6139723,28,84.99
6783180,4634952,20,14.99
6021334,1410895,12,461.99
9260721,5182998,12,262.99
5081953,9130087,11,98.99
7221321,2191736,28,257.99
5160974,2347773,12,1158.99
9946806,5611025,28,1014.99
5751450,5993840,4,107.99
6248358,1764371,8,123.99
6953239,3924441,19,33.99
8292501,9404780,8,237.99
8411113,6388497,10,158.99
6110722,9130087,23,98.99
6471145,6388497,4,158.99
5773785,3924441,23,33.99
8975626,2743849,6,102.99
6422544,7451094,7,12.99
6230837,5518616,23,280.99
8498570,9130087,28,98.99
6062047,5561286,2,120.99
8685016,7451094,19,12.99
6208240,3142680,13,120.99
7148637,5993840,13,107.99
9757350,5611025,28,1014.99
9959378,6993323,12,119.99
9177183,9130087,10,98.99
9197927,9130087,7,98.99
9134755,5022491,10,198.99
7459082,3249673,2,22.99
9909864,6157224,5,217.99
6975961,5993840,5,107.99
9466103,1410539,9,273.99
6768690,9130087,23,98.99
9628690,9799204,1,114.99
7202464,3713494,28,246.99
8684245,5611025,5,1014.99
7286577,5993840,4,107.99
8320074,6047451,5,219.99
9743545,9001949,25,130.99
9310670,3924441,16,33.99
7616294,5514983,30,244.99
7434883,3463891,8,89.99
5560161,8852008,18,1077.99
6013145,9647970,17,61.99
7363132,8150427,27,79.99
5304915,9130087,29,98.99
7000939,6993323,29,119.99
7392739,4267459,30,1370.99
6431994,9130087,3,98.99
8722502,1936248,6,202.99
7863680,1764371,4,123.99
7904507,9130087,5,98.99
9574156,5993840,25,107.99
5121995,9130087,1,98.99
5275836,8471578,17,173.99
9573681,6539431,18,210.99
5385325,9647970,15,61.99
7855357,6993323,27,119.99
7715453,3328381,28,31.99
9060345,7094200,30,462.99
8389447,1371090,21,122.99
9883244,5993840,25,107.99
5613573,6993323,1,119.99
9023660,4488928,2,487.99
5729071,6388497,29,158.99
5519539,2585286,8,130.99
6972401,9130087,8,98.99
5701764,5819487,29,255.99
9427251,9350655,7,12.99
9288044,3463891,2,89.99
6424229,5993840,18,107.99
5068908,8720936,16,101.99
9233569,1849218,1,224.99
9991786,6891276,16,284.99
9799877,5993840,23,107.99
6444141,6768735,18,176.99
8387858,2871779,15,288.99
7865531,2356894,22,253.99
7205891,1371090,18,122.99
5997208,6047451,10,219.99
7924206,4853743,20,153.99
8262071,5993840,1,107.99
8414459,1623620,14,1060.99
8616128,4488928,16,487.99
8886719,9130087,13,98.99
9932686,3713494,30,246.99
9908491,3249673,29,22.99
5786442,9130087,12,98.99
8808903,7595903,1,268.99
7841376,6388497,25,158.99
9542423,3215115,3,284.99
5198869,9130087,30,98.99
7565049,2347773,6,1158.99
5165090,3328381,20,31.99
6862126,8061332,30,20.99
8298694,3810081,25,191.99
7346843,6857295,3,1287.99
5251429,3924441,19,33.99
7582883,5611025,8,1014.99
7985322,9915844,21,215.99
8248103,9647970,3,61.99
8630298,6845131,19,107.99
7554842,9993160,11,60.99
8490063,5993840,21,107.99
7679560,5993840,7,107.99
8800001,9658470,27,15.99
6480670,9799204,10,114.99
5449147,8259861,9,196.99
6007640,9001949,26,130.99
9181419,9130087,25,98.99
9890048,6993323,12,119.99
8585837,5993840,10,107.99
6645649,1764371,15,123.99
5846336,9130087,20,98.99
8145516,6993323,1,119.99
6293585,7032073,5,255.99
8473329,5993840,12,107.99
6641580,6891276,29,284.99
8667666,5004197,4,1328.99
8952930,9001949,16,130.99
7211418,5191718,7,96.99
9894460,7145123,8,169.99
6579993,3249673,25,22.99
5343415,1849218,21,224.99
9310670,9130087,27,98.99
8760890,9130087,3,98.99
6738711,6891276,6,284.99
6217150,9409580,10,43.99
9335328,9130087,10,98.99
5290609,3463891,19,89.99
5003428,6572260,4,54.99
8922732,6993323,6,119.99
9564901,9130087,21,98.99
5428757,7595903,5,268.99
9826669,9936520,12,108.99
7474304,8720936,4,101.99
6998420,1078329,26,75.99
9818920,6993323,12,119.99
5770963,6993323,24,119.99
7881656,8939078,12,109.99
6123635,5505271,20,170.99
8494591,2350595,21,264.99
5953058,1764371,13,123.99
5189499,9130087,16,98.99
6239031,5993840,5,107.99
9981147,2350595,7,264.99
5197935,1764371,17,123.99
5653976,7451094,4,12.99
5996221,5073777,7,133.99
5302328,3328381,4,31.99
8269904,5993840,22,107.99
7549679,5993840,14,107.99
5914920,1952719,13,927.99
6439236,8461227,12,1350.99
5198869,7595903,17,268.99
9460936,9130087,16,98.99
5447749,5993840,14,107.99
7450411,6993323,14,119.99
6252690,5382102,5,608.99
7255949,6891276,17,284.99
6453782,6993323,22,119.99
8421219,1764371,1,123.99
8583688,6993323,27,119.99
7354021,5993840,10,107.99
5784350,5446285,27,230.99
5629097,5993840,2,107.99
7434883,5611025,29,1014.99
8414563,9001949,1,130.99
7862480,5993840,9,107.99
8809310,1667503,5,9.99
8239225,6993323,14,119.99
7070462,7094200,5,462.99
8707474,9458269,30,42.99
6718736,4488928,14,487.99
5924789,6993323,16,119.99
8610969,1623620,10,1060.99
8385259,7445367,3,137.99
8011526,1371090,17,122.99
7509896,9130087,17,98.99
8134480,1496862,9,1471.99
7158195,5993840,11,107.99
7727295,6993323,22,119.99
9814836,9130087,18,98.99
7555980,3128835,25,246.99
9222015,5793488,6,217.99
6764744,5073777,28,133.99
8788231,1371090,20,122.99
9627425,5993840,11,107.99
9302489,7344242,16,136.99
6495621,5993840,15,107.99
8108157,1448697,12,9.99
9886896,9130087,30,98.99
8296040,2608578,29,282.99
7610240,6198921,30,38.99
6306895,6993323,14,119.99
5662672,8685283,14,134.99
7946473,1619977,29,324.99
7349235,6964179,18,127.99
5072910,7595903,5,268.99
9709814,5993840,11,107.99
9509748,1078329,18,75.99
8226193,5993840,17,107.99
9371594,1371090,23,122.99
7361820,9130087,29,98.99
9135691,9130087,12,98.99
9727626,9651004,12,202.99
5916666,6993323,17,119.99
7091519,9936520,4,108.99
5224397,9130087,17,98.99
8796229,6198921,30,38.99
5125281,9130087,24,98.99
8998919,3924441,27,33.99
5809747,5993840,15,107.99
5206607,8685283,20,134.99
6400536,6695201,25,200.99
8131302,1410895,23,461.99
6154404,1371090,1,122.99
8309115,1619977,15,324.99
9417786,9409580,9,43.99
9023660,3924441,24,33.99
9073746,6993323,19,119.99
6792860,8685283,7,134.99
9620175,1740067,15,215.99
9320646,2347773,3,1158.99
8200427,9130087,4,98.99
6299765,9350655,20,12.99
8574347,7349533,5,104.99
8044467,7939415,19,210.99
5847608,9130087,19,98.99
9872548,9130087,13,98.99
5774747,9130087,6,98.99
7129011,5993840,22,107.99
9308366,5022491,29,198.99
9856579,5480097,21,43.99
6770021,5993840,22,107.99
9815966,6993323,26,119.99
7335221,6768735,30,176.99
6453782,5993840,16,107.99
5352682,1849218,19,224.99
5312692,6388497,10,158.99
9269253,5993840,10,107.99
6415024,6198921,17,38.99
8527568,3924441,15,33.99
9326187,9936520,21,108.99
6642589,8190647,24,133.99
8746972,6891276,5,284.99
5184355,6911462,21,257.99
8908045,3924441,10,33.99
8484492,3924441,25,33.99
9294257,9651004,13,202.99
7275276,9647970,1,61.99
9939322,3924441,3,33.99
5809031,6388497,16,158.99
7479370,4359354,12,479.99
7462374,3796145,5,56.99
8566517,9647970,19,61.99
9368874,6507937,19,216.99
8751614,1860199,21,80.99
7825564,4760849,29,201.99
9016174,3924441,13,33.99
5041061,9130087,5,98.99
5892460,6993323,16,119.99
6649378,4110482,24,10.99
7832057,7481689,20,195.99
7126215,1936248,17,202.99
6566546,6388497,16,158.99
9420647,5518616,9,280.99
8869712,6198921,23,38.99
5644543,6993323,22,119.99
8585495,5022491,1,198.99
8623681,9810442,16,189.99
5583826,5561286,12,120.99
7429143,1359142,29,188.99
7253254,5993840,20,107.99
7338958,3631108,1,133.99
8628046,5993840,24,107.99
7782846,9130087,3,98.99
9210450,4488928,2,487.99
5638733,9130087,18,98.99
9582573,6845817,8,95.99
5583826,5611025,26,1014.99
6198039,5022491,15,198.99
5894087,6993323,10,119.99
5518960,9130087,29,98.99
9687647,5518616,29,280.99
8745136,6993323,17,119.99
8386842,5022491,19,198.99
8257735,9404780,1,237.99
5571792,7868274,27,143.99
7906227,9055994,15,203.99
9840040,1936248,17,202.99
7159107,7595903,5,268.99
7999859,1764371,27,123.99
9267917,5561286,27,120.99
6611841,3790097,2,112.99
8798169,7451094,16,12.99
7441167,9350655,30,12.99
5574107,8852008,12,1077.99
8995119,4139055,6,72.99
6651322,4488928,2,487.99
6839209,3924441,22,33.99
5169968,1410895,4,461.99
7625439,5022491,7,198.99
7396076,9130087,12,98.99
5946940,9350655,3,12.99
7070462,3249673,28,22.99
7104174,1764371,18,123.99
6615582,6775091,26,1232.99
5027287,8471578,25,173.99
8762195,7595903,23,268.99
8593769,6993323,10,119.99
8053791,9350655,14,12.99
9514416,2081866,9,540.99
6950142,9799204,11,114.99
7262083,4541064,13,809.99
5094332,5485779,14,178.99
9645594,1764371,12,123.99
5076862,9130087,21,98.99
9177183,3853054,28,158.99
9222617,5182998,17,262.99
8188306,1043761,5,259.99
5060445,7595903,26,268.99
7677581,6993323,17,119.99
8826076,4853743,13,153.99
9449042,5993840,13,107.99
9667074,9130087,22,98.99
8460388,2608578,1,282.99
6708303,9647970,3,61.99
6441979,8129809,13,283.99
6452864,3924441,30,33.99
6144746,6822458,12,143.99
6214518,5611025,29,1014.99
7784601,5819487,16,255.99
7525446,9130087,5,98.99
5919304,9130087,7,98.99
9809024,3924441,4,33.99
6870967,9647970,5,61.99
9657813,9130087,29,98.99
9421039,3924441,27,33.99
9019763,8936261,6,176.99
9840218,6891276,7,284.99
8467159,5846017,29,220.99
7411579,5611025,30,1014.99
9675304,5993840,16,107.99
5420978,7038449,15,564.99
7970444,5993840,13,107.99
5796573,3790097,28,112.99
8967753,5382102,8,608.99
8012703,7451094,28,12.99
7595400,5993840,6,107.99
7600831,5611025,22,1014.99
9847337,6787363,10,148.99
8388127,7595903,18,268.99
5401322,8788009,2,1106.99
5731074,9130087,28,98.99
9292806,3249673,17,22.99
8408137,6768735,25,176.99
6757583,5022491,24,198.99
9580644,5788942,6,1291.99
7102281,9130087,13,98.99
9970585,1764371,19,123.99
5894451,9523217,17,174.99
7468537,6993323,5,119.99
5872429,6993323,8,119.99
5663834,1849218,16,224.99
5080609,4359354,23,479.99
6306895,6768735,2,176.99
5871086,7868274,16,143.99
8737319,3790097,3,112.99
6571307,5004197,23,1328.99
7644090,9111723,25,30.99
8670663,9130087,1,98.99
5673473,4488928,23,487.99
6206452,6993323,4,119.99
9401776,8129809,7,283.99
9819350,9130087,28,98.99
8045215,4616283,12,29.99
5452517,7349533,25,104.99
6200625,6171832,4,295.99
7562597,3924441,30,33.99
9805302,1371090,8,122.99
6216869,8841285,13,229.99
5919304,6695201,30,200.99
7240576,6198921,15,38.99
6984519,1371090,14,122.99
5872429,7030680,18,221.99
8231846,5690283,15,213.99
6905584,5319521,22,155.99
7165638,1764371,2,123.99
6293585,5191718,23,96.99
5690077,5611025,14,1014.99
9684805,3924441,21,33.99
5102697,7595903,13,268.99
7451435,5993840,14,107.99
9322498,5993840,28,107.99
8946315,4359354,4,479.99
7144623,8685283,14,134.99
8707474,9130087,19,98.99
8451315,6911462,11,257.99
9291471,6822458,21,143.99
9455716,9130087,19,98.99
6950930,9130087,22,98.99
9820930,7595903,26,268.99
7983938,9111723,13,30.99
7972508,7595903,4,268.99
8358607,5993840,7,107.99
8377580,6302129,14,129.99
6645130,5561286,13,120.99
9216639,1740067,2,215.99
7639765,8998249,20,156.99
8916815,1764371,18,123.99
6482486,9651004,24,202.99
5088191,1936248,4,202.99
5094857,9612132,8,194.99
8096050,7595903,14,268.99
7616909,5561286,23,120.99
7685075,8471578,26,173.99
6579030,4488928,28,487.99
8333872,8720936,7,101.99
9850740,1410895,6,461.99
7443680,5993840,16,107.99
9771479,9111723,29,30.99
8845354,5993840,11,107.99
7197731,2347773,8,1158.99
7374252,6047451,17,219.99
7766806,6891276,23,284.99
6131102,4139055,28,72.99
8793364,9130087,7,98.99
6069880,6993323,10,119.99
9168959,6993323,26,119.99
9693581,4488928,6,487.99
6042891,9651004,16,202.99
8252672,3215115,3,284.99
9295888,5404767,14,88.99
9625208,1371090,26,122.99
9602750,4488928,22,487.99
5276832,7595903,3,268.99
8089013,1496862,23,1471.99
8793287,9130087,4,98.99
9797091,8622610,16,82.99
7528533,1024094,9,150.99
8188306,6911462,11,257.99
5057503,3249673,19,22.99
9365941,9130087,10,98.99
5752579,6993323,19,119.99
6163578,8190647,21,133.99
7598162,8642680,18,635.99
7022450,6891276,24,284.99
5468409,9130087,9,98.99
7596508,8685283,5,134.99
7585153,4634952,7,14.99
9503506,5446285,29,230.99
8347970,5993840,9,107.99
5421039,9523217,26,174.99
8126278,6993323,23,119.99
5262443,9404780,19,237.99
5807148,7445367,27,137.99
5295054,5993840,26,107.99
7691822,1043761,12,259.99
6285904,6993323,20,119.99
9342948,6993323,4,119.99
5910391,8685283,6,134.99
6142461,5993840,30,107.99
9952183,6993323,24,119.99
9868641,6775091,11,1232.99
6092686,5993840,12,107.99
7812989,6993323,2,119.99
5595432,5993840,10,107.99
5061720,4488928,12,487.99
8261826,9001949,27,130.99
9588972,4488928,27,487.99
6643954,7939415,13,210.99
6805798,9810442,3,189.99
8685016,9651004,17,202.99
8140416,9458269,5,42.99
9454165,3924441,23,33.99
8734608,9130087,12,98.99
6550520,9458269,6,42.99
6172652,4488928,20,487.99
6644702,5993840,26,107.99
6822111,1764371,20,123.99
9395721,6993323,15,119.99
9730875,8788009,30,1106.99
9700019,8720936,14,101.99
9758498,6388497,17,158.99
6000635,9523217,25,174.99
6170829,9130087,30,98.99
9135616,9523217,9,174.99
9814602,3463891,25,89.99
8180651,6993323,9,119.99
6959992,5993840,5,107.99
6605285,9130087,30,98.99
6495621,3258459,6,119.99
7764067,1764371,30,123.99
9967595,9647970,19,61.99
6196260,3924441,22,33.99
8616466,4760849,25,201.99
6764416,6388497,24,158.99
6920323,6993323,7,119.99
7483268,9130087,16,98.99
7911656,2350595,11,264.99
5875513,5993840,25,107.99
8044467,5993840,9,107.99
8156859,9647970,14,61.99
8132743,6993323,15,119.99
8527568,1619977,14,324.99
9334774,5022491,10,198.99
5821220,9130087,25,98.99
8816848,5993840,8,107.99
8419097,3924441,13,33.99
9081591,3924441,2,33.99
6799340,3924441,24,33.99
6315418,7798286,3,110.99
9345191,9130087,12,98.99
8216872,4141275,26,11.99
6855612,4488928,18,487.99
9886635,6993323,15,119.99
8691047,8471578,4,173.99
5295054,4488928,4,487.99
7088818,5454439,25,84.99
7367539,9799204,1,114.99
7462374,3810081,13,191.99
6475904,8524120,2,178.99
6404703,1764371,23,123.99
8230677,5561286,14,120.99
6428082,9130087,30,98.99
6900709,3924441,30,33.99
9500665,9130087,10,98.99
9285427,5518616,5,280.99
9259391,5404767,16,88.99
9653909,4139055,9,72.99
7525167,6993323,27,119.99
7255949,5022491,19,198.99
9324834,5561286,17,120.99
8558967,1849218,5,224.99
9325777,6993323,28,119.99
7136392,1764371,9,123.99
9961536,9551602,19,291.99
6616613,6993323,5,119.99
5748944,2356894,21,253.99
9019763,3924441,16,33.99
8507203,2356894,30,253.99
8844067,1043761,2,259.99
8146317,6388497,4,158.99
6445662,6993323,7,119.99
9433083,1667503,8,9.99
8197484,6498667,30,225.99
7874081,9799204,16,114.99
5577652,6539431,23,210.99
7488665,5561286,24,120.99
9890778,8538411,24,239.99
5701526,7939415,20,210.99
6776677,5611025,24,1014.99
5416248,6993323,19,119.99
9951412,8936261,12,176.99
6839209,5993840,30,107.99
8536479,9001949,15,130.99
5594395,6993323,27,119.99
6021526,3924441,23,33.99
7589376,1764371,17,123.99
9991786,9130087,10,98.99
8020943,7595903,8,268.99
9240001,6993323,7,119.99
9922017,4488928,21,487.99
6119630,8074418,2,270.99
6663030,9350655,20,12.99
5906567,4616283,29,29.99
9125969,9647970,30,61.99
8665376,6993323,21,119.99
5217204,6993323,11,119.99
6514460,9651004,26,202.99
5941331,9647970,27,61.99
5941331,5993840,1,107.99
8571966,9130087,22,98.99
8304445,1889468,25,87.99
7431397,6993323,10,119.99
9547411,1410539,21,273.99
5437551,9350655,22,12.99
5412912,4488928,28,487.99
6729957,1901788,16,290.99
6826571,4488928,18,487.99
5667462,7939415,11,210.99
9012581,9651004,28,202.99
5651308,1043761,23,259.99
6158345,5382102,26,608.99
6333236,9130087,19,98.99
6407817,2356894,11,253.99
9612010,7595903,23,268.99
9394419,6388497,22,158.99
8465038,7674515,4,275.99
6987382,9130087,4,98.99
7834327,9130087,10,98.99
9948566,5993840,27,107.99
9168959,5611025,14,1014.99
6608926,6993323,24,119.99
6252690,9130087,2,98.99
5562276,1667503,20,9.99
5271417,6993323,12,119.99
7349436,9130087,22,98.99
7032511,3249673,28,22.99
8858883,3328381,7,31.99
8862343,6539431,4,210.99
5984015,6993323,27,119.99
8451315,6993323,19,119.99
8615266,4853743,6,153.99
9742379,5454439,16,84.99
5148816,5993840,7,107.99
9220484,3713494,21,246.99
5667462,1371090,23,122.99
5714293,3673208,6,270.99
5413532,5431811,24,158.99
5901660,5022491,23,198.99
5974675,2356894,9,253.99
8258189,5993840,26,107.99
6855304,7378365,14,255.99
8993861,9404780,6,237.99
9240001,5993840,3,107.99
7832057,6993323,11,119.99
8297406,2608578,5,282.99
5995448,9130087,23,98.99
9158725,6993323,13,119.99
8854744,6993323,27,119.99
7550462,9458269,28,42.99
5025021,9130087,27,98.99
6188790,1764371,9,123.99
9077707,6993323,13,119.99
7039154,1371090,18,122.99
8983089,3328381,19,31.99
7178398,3029870,4,1151.99
7287612,6993323,6,119.99
8805516,5993840,18,107.99
7106723,2608578,29,282.99
9616592,1849218,4,224.99
6721780,7595903,13,268.99
7337112,9191471,3,10.99
5816435,5993840,2,107.99
6546116,8936261,4,176.99
5522072,5611025,14,1014.99
8908636,9647970,11,61.99
5446294,5993840,5,107.99
8152065,9130087,26,98.99
5163050,6814894,23,204.99
5642512,1849218,23,224.99
5299084,6388497,26,158.99
5422876,9130087,23,98.99
6505328,5611025,25,1014.99
8901328,5993840,11,107.99
9056603,2136852,7,78.99
7300409,9130087,18,98.99
7471754,6432543,24,13.99
8271913,1936248,4,202.99
5885534,5993840,29,107.99
7193771,5993840,12,107.99
6478778,1496862,10,1471.99
9134755,7595903,30,268.99
7788148,8720936,10,101.99
9998042,9130087,9,98.99
7310758,6993323,10,119.99
8192393,6993323,19,119.99
9294897,6388497,8,158.99
5211763,1764371,16,123.99
6989316,6388497,27,158.99
5105365,1936248,27,202.99
7428749,8150427,7,79.99
7527540,4988130,26,293.99
6481373,9130087,8,98.99
7320386,9647970,3,61.99
7630251,3924441,28,33.99
9249278,5993840,8,107.99
6165573,9993160,22,60.99
5240110,4141244,4,280.99
9116865,6198921,7,38.99
6736706,6432543,27,13.99
9845289,7595903,24,268.99
6644330,2347773,10,1158.99
5724187,5611025,14,1014.99
5163050,1496862,15,1471.99
7538670,5611025,9,1014.99
8449866,8788009,5,1106.99
5972559,4988130,24,293.99
7275276,7094200,20,462.99
7230945,2191736,1,257.99
6070539,6993323,25,119.99
9479610,3924441,5,33.99
9590160,5993840,11,107.99
7346913,8788009,30,1106.99
8198385,9810442,22,189.99
5640629,9799204,8,114.99
8638368,2159212,30,139.99
9332270,6993323,16,119.99
7362997,9130087,8,98.99
6162796,3328381,29,31.99
7687246,2608578,12,282.99
7869247,9799204,3,114.99
9789527,5022491,3,198.99
8414041,1410895,15,461.99
6461994,4488928,4,487.99
6411296,4488928,30,487.99
6083830,7595903,2,268.99
9434365,9392268,30,150.99
8642004,8788009,16,1106.99
9829331,1764371,18,123.99
6797786,5993840,3,107.99
5678698,1371090,29,122.99
9586762,6198921,21,38.99
8687501,1764371,7,123.99
6880974,3328381,14,31.99
5701764,6695201,14,200.99
7852052,1359142,16,188.99
6432864,9130087,17,98.99
7711686,5561286,2,120.99
5008733,5518616,10,280.99
8429452,4616283,9,29.99
8330108,6993323,22,119.99
5163050,4541064,8,809.99
7070462,3673208,22,270.99
8500018,6993323,12,119.99
9785537,6157224,30,217.99
8833028,7939415,15,210.99
5713989,3924441,19,33.99
6286849,1764371,5,123.99
7526193,6993323,10,119.99
7818981,5993840,1,107.99
5924222,5022491,9,198.99
8763497,5993840,22,107.99
8001567,9130087,9,98.99
5651159,6891276,9,284.99
5491205,5416755,15,37.99
6229703,4488928,28,487.99
8853979,9523217,19,174.99
7604416,7798286,27,110.99
8771304,8685283,18,134.99
5713219,1667503,16,9.99
5043546,6388497,7,158.99
5454334,9130087,27,98.99
9867101,5191718,3,96.99
5413274,1764371,25,123.99
8576396,9458269,20,42.99
9670551,6993323,2,119.99
9547411,6993323,1,119.99
7565049,3583387,8,168.99
6805398,2356894,4,253.99
8807441,9130087,14,98.99
9040184,9130087,8,98.99
9210613,9458269,2,42.99
9350964,6993323,24,119.99
6951141,9001949,21,130.99
9758498,6507937,16,216.99
7178952,9130087,3,98.99
6714349,6993323,21,119.99
7935783,2743849,1,102.99
9114286,1764371,19,123.99
9191177,9647970,4,61.99
5835050,8852008,24,1077.99
7841322,3924441,13,33.99
8657027,3463891,17,89.99
7977952,3924441,8,33.99
8080188,4488928,26,487.99
5969602,3595166,23,154.99
9394419,3924441,25,33.99
8319923,5182998,18,262.99
9116865,9130087,16,98.99
9394573,5611025,3,1014.99
8218376,1936248,15,202.99
8885618,3810081,26,191.99
6891448,1371090,25,122.99
8301155,6388497,12,158.99
7363504,5382102,16,608.99
7092353,9936520,25,108.99
6975961,5505271,12,170.99
6565401,3924441,30,33.99
5507196,4488928,28,487.99
8550665,7595903,2,268.99
5703982,6993323,19,119.99
8853979,7094200,28,462.99
8902498,3924441,12,33.99
9836698,6993323,15,119.99
6946426,3853054,28,158.99
5655239,3215115,7,284.99
7796009,9130087,2,98.99
7914605,6993323,11,119.99
9048235,3249673,7,22.99
9485320,7451094,7,12.99
7421656,6198921,16,38.99
6158409,5993840,20,107.99
8456685,5993840,3,107.99
9069705,3924441,19,33.99
7537029,5382102,14,608.99
5123663,5454439,27,84.99
7568700,9350655,16,12.99
6847828,6993323,20,119.99
9614778,9130087,4,98.99
9695855,6388497,4,158.99
7711337,5993840,10,107.99
9991786,7595903,9,268.99
7121879,7710925,28,1448.99
9866629,9130087,22,98.99
5536298,3924441,24,33.99
7585153,6993323,27,119.99
5817866,6993323,23,119.99
7316512,3924441,3,33.99
9707983,1936248,4,202.99
5871409,6993323,2,119.99
8264353,8461227,2,1350.99
7022513,3285586,9,269.99
5461910,5993840,28,107.99
8487003,5846017,14,220.99
5032034,1410895,11,461.99
8060495,4488928,10,487.99
7874353,9404780,8,237.99
6656068,6993323,24,119.99
5541127,6891276,11,284.99
5516642,3924441,15,33.99
9387332,8685283,20,134.99
6763426,5518357,23,10.99
6635939,6993323,14,119.99
7596508,3924441,10,33.99
5016155,8685283,13,134.99
6866795,5611025,2,1014.99
6411296,5993840,8,107.99
7520201,2356894,26,253.99
7241728,9130087,30,98.99
8557714,5993840,4,107.99
5807301,6891276,17,284.99
6745171,3790097,9,112.99
8477253,9404780,6,237.99
7440752,5022491,3,198.99
6333257,1410539,17,273.99
9120519,6822458,17,143.99
7302183,6993323,11,119.99
8263683,5993840,20,107.99
5797672,3924441,18,33.99
7854351,9651004,14,202.99
8310412,9130087,24,98.99
8637769,7595903,22,268.99
7461135,7939415,9,210.99
9114514,9647970,8,61.99
9467245,9130087,11,98.99
7403086,5993840,18,107.99
9441293,9350655,6,12.99
9875045,6388497,11,158.99
6396071,3328381,22,31.99
9380589,6993323,25,119.99
8061384,7451094,12,12.99
6367204,9647970,4,61.99
8749578,5993840,2,107.99
5428757,9130087,12,98.99
9552882,5993840,25,107.99
5270455,3924441,10,33.99
6266882,1849218,10,224.99
9320450,6993323,5,119.99
7037725,8720936,4,101.99
5703982,8129809,11,283.99
5280780,5993840,6,107.99
6076953,6432017,10,105.99
6080724,9001949,1,130.99
9673368,3924441,21,33.99
8484569,9936520,20,108.99
5554058,3328381,6,31.99
7625762,7939415,12,210.99
6260254,3142680,24,120.99
8166010,1371090,24,122.99
9567685,3285586,11,269.99
6877721,3924441,29,33.99
7566150,5993840,17,107.99
7126408,8461227,19,1350.99
9250776,3924441,7,33.99
6306622,3924441,11,33.99
8745252,9647970,16,61.99
6516092,7725253,16,92.99
8294089,9130087,29,98.99
6475601,3796145,21,56.99
8684091,5993840,30,107.99
9198937,7094200,17,462.99
7714945,9936520,19,108.99
5481642,1667503,26,9.99
5584458,5993840,5,107.99
5413274,3924441,24,33.99
7303644,3583387,20,168.99
6610616,4853743,2,153.99
7740248,6498667,27,225.99
9799129,9130087,10,98.99
8000825,5993840,25,107.99
8903308,3215115,25,284.99
6694832,5382102,4,608.99
6671598,5431811,20,158.99
5879736,4084474,7,132.99
7857601,2356894,5,253.99
6162060,1222511,14,1131.99
8231846,6993323,24,119.99
9546474,9130087,28,98.99
6805619,8685283,2,134.99
8178386,6993323,29,119.99
5371078,7094200,20,462.99
9889698,5319521,27,155.99
9578742,1764371,10,123.99
6051674,9647970,14,61.99
9350616,9130087,28,98.99
6281086,8998249,21,156.99
7029698,5993840,12,107.99
5008733,6539431,14,210.99
9890102,3258459,2,119.99
6473983,6993323,1,119.99
7021619,1764371,15,123.99
8935484,7094200,17,462.99
7547116,9130087,8,98.99
6380654,1764371,22,123.99
5355517,1371090,11,122.99
6505715,3924441,7,33.99
7916230,5993840,19,107.99
5651185,9130087,15,98.99
7838990,5382102,15,608.99
5411584,6993323,25,119.99
9298701,6993323,28,119.99
7911656,1496862,26,1471.99
9281258,1936248,11,202.99
8675266,5561286,3,120.99
7359611,3328381,9,31.99
9560159,1849218,8,224.99
9462048,8720936,30,101.99
5638124,9130087,23,98.99
9606247,7344242,9,136.99
9245614,6993323,18,119.99
6421736,9275354,3,129.99
8634289,9130087,28,98.99
7731384,3948632,27,111.99
6800660,6993323,4,119.99
6624827,6993323,7,119.99
7221321,5993840,20,107.99
5813304,7798286,23,110.99
7905783,7268157,16,175.99
8794482,9130087,13,98.99
9432801,5382102,7,608.99
6388799,5993840,21,107.99
7819206,6993323,30,119.99
9390348,9130087,8,98.99
5274737,5518616,24,280.99
6363844,9130087,5,98.99
8629344,5993840,30,107.99
6175904,6993323,3,119.99
5653026,3463891,23,89.99
7533220,3328381,10,31.99
9416322,9130087,3,98.99
5213921,5785274,26,18.99
9157214,9130087,29,98.99
6594384,9130087,29,98.99
7057213,3924441,17,33.99
9219776,9114234,22,186.99
8467951,6388497,24,158.99
6136861,3924441,24,33.99
9040184,5993840,24,107.99
5713989,9001949,21,130.99
8756400,3810081,26,191.99
9513871,6198921,27,38.99
8288168,5611025,24,1014.99
7554624,6388497,30,158.99
8589226,6891276,2,284.99
7148317,5993840,17,107.99
8920568,3810081,9,191.99
8459952,7135067,17,43.99
6445662,9130087,17,98.99
9481990,9130087,5,98.99
5525179,3463891,23,89.99
6769075,9114234,10,186.99
6881639,5993840,3,107.99
7946473,9130087,19,98.99
6405667,5611025,7,1014.99
6178328,5993840,30,107.99
5853324,3924441,14,33.99
5310328,6993323,2,119.99
7538636,3258459,21,119.99
6823857,5922388,24,54.99
6306895,6198921,23,38.99
7167323,4488928,1,487.99
7914403,4488928,18,487.99
6441979,7939415,9,210.99
5267888,2483887,2,52.99
9212168,6761371,1,198.99
7134157,8461227,26,1350.99
7668882,5454439,7,84.99
8629172,9936520,23,108.99
8746972,3924441,16,33.99
5403473,4853743,30,153.99
8465038,2483887,28,52.99
8704095,8150427,8,79.99
7262968,7595903,1,268.99
8701880,5191718,16,96.99
8490918,9130087,23,98.99
7240576,9130087,4,98.99
8911103,5993840,23,107.99
7779437,9130087,30,98.99
8262427,9130087,3,98.99
5466306,5993840,13,107.99
8517957,6993323,1,119.99
5441649,9651004,26,202.99
7310181,9651004,20,202.99
9022718,9130087,5,98.99
5868951,1623620,11,1060.99
8605635,7939415,11,210.99
6402002,5993840,12,107.99
8502925,9647970,29,61.99
9643533,6993323,21,119.99
8983464,6198921,2,38.99
8322028,9551602,17,291.99
5205571,9130087,18,98.99
7884741,1860199,9,80.99
7143196,9647970,1,61.99
9078086,7710925,22,1448.99
6691203,8119368,8,132.99
8212604,1764371,10,123.99
7023699,1764371,12,123.99
9896481,4488928,2,487.99
6829288,6993323,12,119.99
9632318,1764371,21,123.99
6997433,4488928,20,487.99
7365205,9130087,9,98.99
7095513,5561286,27,120.99
7354094,5993840,15,107.99
5640024,5022491,13,198.99
8762195,4084474,16,132.99
9813095,3924441,16,33.99
5020475,6993323,25,119.99
5716994,9350655,15,12.99
5974675,5561286,2,120.99
6514460,6761371,8,198.99
5228614,7038449,7,564.99
5419364,9130087,9,98.99
6206452,9130087,21,98.99
5396387,9658470,4,15.99
8982093,7349533,18,104.99
6804212,7595903,21,268.99
5137709,5993840,21,107.99
5012078,5993840,29,107.99
6828073,6993323,11,119.99
7067657,6768735,25,176.99
6809108,5993840,7,107.99
5138650,5993840,8,107.99
9989651,6993323,1,119.99
7943263,9130087,24,98.99
6681396,6993323,3,119.99
6658185,1619977,22,324.99
6218574,3328381,27,31.99
9640005,6539431,7,210.99
8691374,8061332,6,20.99
5656829,9130087,3,98.99
8570932,5022491,1,198.99
6453652,1849218,11,224.99
7141322,9130087,27,98.99
9815610,1410895,10,461.99
7283506,9130087,6,98.99
9012543,5561286,1,120.99
7564566,6768735,1,176.99
6765572,4110482,12,10.99
8733260,1764371,19,123.99
7837460,3924441,11,33.99
7596508,4488928,23,487.99
9872528,1496862,13,1471.99
6150800,7595903,10,268.99
5872429,6857295,24,1287.99
9036347,6171636,2,199.99
8111299,1377555,15,68.99
9729817,7725253,30,92.99
8919041,6993323,3,119.99
8731350,7595903,16,268.99
9319271,5993840,17,107.99
7639801,2356894,24,253.99
8603718,5073777,2,133.99
9519219,5611025,12,1014.99
5159877,7569752,13,21.99
6675322,5993840,25,107.99
8991386,9993160,9,60.99
9177115,1619977,11,324.99
8275542,9130087,23,98.99
5493645,6993323,3,119.99
7298728,9130087,26,98.99
9928616,9130087,30,98.99
5289729,6139723,10,84.99
6557684,1764371,16,123.99
7847973,5382102,25,608.99
7636167,2447751,19,113.99
5574077,1371090,24,122.99
5204646,9130087,13,98.99
5444968,5993840,7,107.99
9033920,5611025,16,1014.99
8490918,4988130,27,293.99
7855831,9130087,29,98.99
6051674,9130087,3,98.99
6155345,1764371,20,123.99
9598736,5993840,26,107.99
8004711,1936248,1,202.99
6278533,6567738,19,186.99
8567107,5993840,30,107.99
6289275,9551602,29,291.99
9841817,3790097,12,112.99
6340801,3924441,30,33.99
7829675,6993323,29,119.99
5348900,3924441,25,33.99
6786741,9130087,10,98.99
5934568,5993840,13,107.99
8546386,3583387,23,168.99
6599663,1740067,8,215.99
9895230,3807414,13,145.99
5230373,9111723,27,30.99
9297784,9130087,28,98.99
8406649,4488928,3,487.99
9456769,9176000,14,17.99
9357156,9130087,10,98.99
8917473,5182998,21,262.99
6639545,1371090,21,122.99
6563835,3924441,6,33.99
8057476,5611025,18,1014.99
8546007,9130087,19,98.99
5126923,5518616,1,280.99
9310252,9647970,13,61.99
7328867,1936248,21,202.99
6072644,3632157,8,280.99
5025431,6993323,28,119.99
5399726,5819487,20,255.99
9917575,6993323,6,119.99
5551108,9130087,20,98.99
9896481,1849218,17,224.99
6683089,5993840,2,107.99
5557599,4488928,23,487.99
7323962,1889468,6,87.99
9114134,6993323,30,119.99
5877167,9130087,30,98.99
9368815,5993840,18,107.99
9341361,5993840,13,107.99
6564484,7595903,5,268.99
8644530,3924441,9,33.99
7362003,7349533,12,104.99
5854871,6993323,28,119.99
9672840,1901788,23,290.99
6475945,5993840,9,107.99
8493420,1764371,12,123.99
7791509,6302129,30,129.99
6422553,8461227,7,1350.99
7589376,2159212,9,139.99
6447398,9130087,22,98.99
6767835,9130087,22,98.99
9156182,9130087,23,98.99
5855692,5537392,30,139.99
5441535,5993840,15,107.99
7420302,6993323,10,119.99
6626418,7868274,28,143.99
8521083,7595903,11,268.99
8405548,5022491,5,198.99
9816494,9647970,5,61.99
8475182,2081866,22,540.99
5165323,6993323,23,119.99
7436844,9130087,4,98.99
9484159,5993840,14,107.99
9674339,6993323,16,119.99
7725311,9130087,28,98.99
9068396,4634952,2,14.99
7514740,1371090,2,122.99
7939644,9404780,29,237.99
5884148,1849218,21,224.99
5476526,7094200,27,462.99
5268312,3924441,8,33.99
7220816,5993840,30,107.99
7597188,1764371,2,123.99
8367017,5993840,30,107.99
9630910,5537392,29,139.99
5702920,5561286,23,120.99
7839263,1410895,29,461.99
6816939,9130087,26,98.99
7154299,9176000,9,17.99
9175323,6398912,5,208.99
5938700,6845817,21,95.99
7244719,5993840,4,107.99
7352922,9130087,24,98.99
5295054,7595903,9,268.99
5627945,1371090,18,122.99
7620335,2634875,27,26.99
6567586,9936520,24,108.99
9170180,5993840,6,107.99
9565021,6993323,6,119.99
9955525,6388497,19,158.99
9109548,5993840,7,107.99
5700192,6993323,9,119.99
9839015,9130087,16,98.99
5572872,6993323,14,119.99
9280542,6993323,18,119.99
9441456,3258459,27,119.99
8758518,2356894,5,253.99
9900737,7710925,12,1448.99
9512750,9551602,9,291.99
5459813,3924441,20,33.99
8186641,9130087,10,98.99
8911171,5993840,3,107.99
9889771,1410895,19,461.99
9284962,5993840,22,107.99
9755925,1496862,11,1471.99
9421237,7595903,26,268.99
7933442,9130087,8,98.99
5244148,9936520,20,108.99
5419364,3509644,8,272.99
5538593,3924441,19,33.99
6072644,8642680,26,635.99
8665376,9130087,20,98.99
8633949,3463891,4,89.99
5368936,6993323,1,119.99
5104455,2356894,28,253.99
6425259,1764371,19,123.99
6481724,9130087,8,98.99
5841185,3924441,14,33.99
9080756,9130087,22,98.99
8526311,2356894,15,253.99
7176180,9350655,22,12.99
8297406,2347773,25,1158.99
8314470,9130087,24,98.99
8037089,9936520,22,108.99
5015486,6993323,15,119.99
8682958,4440478,7,242.99
5660361,3924441,8,33.99
5467870,8685283,3,134.99
9805801,3810081,15,191.99
5894087,4139055,28,72.99
7669927,9404780,9,237.99
9080622,9130087,27,98.99
5408520,9130087,2,98.99
5715360,8935201,6,52.99
8775747,2356894,22,253.99
6349107,5993840,4,107.99
6611841,6993323,23,119.99
8402315,6198921,28,38.99
8618384,1720189,6,152.99
7134835,5514983,28,244.99
7100058,7595903,12,268.99
5332762,5993840,6,107.99
9841096,4084474,11,132.99
6009048,9130087,29,98.99
7193771,9130087,26,98.99
7355052,6993323,11,119.99
8571966,8292647,20,68.99
5175612,4488928,26,487.99
9779217,6993323,18,119.99
7934557,3673208,11,270.99
8678858,6993323,11,119.99
9080756,9350655,26,12.99
5240334,5561286,26,120.99
8749583,9669796,10,52.99
9511819,9130087,26,98.99
6481724,9039716,11,56.99
5831180,6993323,22,119.99
9712571,5993840,29,107.99
8463913,5993840,27,107.99
5884868,7595903,25,268.99
6567320,7939415,29,210.99
6786741,3924441,23,33.99
9890048,4488928,22,487.99
5328204,7595903,10,268.99
6772271,1311230,9,38.99
6372246,9130087,11,98.99
8926261,5993840,4,107.99
7031933,1764371,28,123.99
8191187,4110482,27,10.99
7697720,5993840,27,107.99
8328087,2634875,29,26.99
6644896,5611025,20,1014.99
8842046,9551602,2,291.99
6970852,3924441,3,33.99
8096631,1667503,6,9.99
7195397,1619977,16,324.99
6763389,7030680,17,221.99
9852168,5690283,5,213.99
5797592,7939415,1,210.99
6606031,3215115,28,284.99
9703347,7595903,28,268.99
7361820,6993323,20,119.99
6484246,6388497,23,158.99
9299422,5404767,6,88.99
6620373,3924441,1,33.99
7452108,4488928,7,487.99
8019136,3924441,10,33.99
5332743,5993840,7,107.99
7865531,5022491,28,198.99
5563292,8129809,21,283.99
8137818,4488928,12,487.99
9856579,1619977,24,324.99
6324575,6993323,26,119.99
8844067,9392268,18,150.99
8561217,3029870,16,1151.99
9735681,6993323,30,119.99
8160407,5611025,1,1014.99
6786140,3249673,24,22.99
6987490,5022491,29,198.99
5205571,3807414,11,145.99
6137630,2191736,19,257.99
9214926,5993840,27,107.99
7041508,4488928,14,487.99
9480139,3924441,4,33.99
9284564,8935201,3,52.99
8059864,5993840,25,107.99
6686299,3583387,25,168.99
8456685,2191736,3,257.99
6011882,1078329,9,75.99
9808941,3924441,12,33.99
7579637,4488928,4,487.99
6338981,6993323,10,119.99
8233737,5561286,6,120.99
9922438,7451094,23,12.99
5129679,5518357,15,10.99
6763426,5561286,13,120.99
8983618,4488928,13,487.99
5006074,7710925,15,1448.99
5836435,1936248,27,202.99
5263882,9799204,17,114.99
7346018,6993323,4,119.99
8699192,9130087,3,98.99
6975262,9130087,20,98.99
7420853,9936520,11,108.99
9326599,3632157,2,280.99
7578918,9799204,7,114.99
8156385,9130087,18,98.99
7157241,5993840,2,107.99
8185552,9130087,27,98.99
8846486,3924441,25,33.99
6638313,6993323,20,119.99
9996143,1764371,9,123.99
7070007,2743849,26,102.99
7265683,9409580,23,43.99
8519803,7595903,18,268.99
9774018,7030680,30,221.99
8459952,7344242,12,136.99
5931392,9130087,10,98.99
6068685,3796145,13,56.99
9982573,1764371,16,123.99
8830237,5993840,16,107.99
7195779,1371090,29,122.99
7128071,3713494,26,246.99
9142267,1410895,10,461.99
7349235,8685283,22,134.99
9212994,8471578,5,173.99
6352201,3583387,24,168.99
5166909,6993323,15,119.99
6296996,5993840,2,107.99
9583476,3810081,10,191.99
8544134,7038449,17,564.99
7913987,7674515,23,275.99
5775221,1764371,14,123.99
6850775,9404780,6,237.99
6372606,8373068,29,105.99
9586804,7445367,22,137.99
5268312,4139055,18,72.99
6483889,8061332,22,20.99
8646519,3328381,19,31.99
6175904,5518616,5,280.99
5248555,7094200,8,462.99
9565021,4488928,22,487.99
9572618,6993323,14,119.99
9984974,5561286,18,120.99
8905651,6891276,18,284.99
9445456,5993840,25,107.99
9975812,9350655,10,12.99
7017053,8685283,10,134.99
5613573,5690283,11,213.99
8083034,7038449,8,564.99
8668287,9130087,30,98.99
6302377,5993840,6,107.99
7206978,4634952,13,14.99
8109181,5454439,3,84.99
7495408,6891276,11,284.99
5251429,5993840,21,107.99
5395435,9001949,24,130.99
6854563,9130087,18,98.99
7021330,5793488,28,217.99
7232782,7445367,17,137.99
7367539,6993323,8,119.99
8423076,9130087,30,98.99
7102573,6539431,25,210.99
8178128,9936520,17,108.99
5396860,9993160,26,60.99
9496885,9392268,19,150.99
7334231,9130087,20,98.99
6274772,1849218,8,224.99
8621953,8259861,24,196.99
7638142,5993840,27,107.99
6974104,3790097,4,112.99
5960287,5993840,14,107.99
6420823,1222511,9,1131.99
6353897,1764371,28,123.99
9753593,9647970,12,61.99
7436844,5561286,11,120.99
6752058,1849218,18,224.99
7611176,7145123,25,169.99
8160407,6993323,7,119.99
7869247,9130087,16,98.99
6799340,9799204,17,114.99
8789135,3924441,30,33.99
8228585,3285586,12,269.99
7906869,5993840,11,107.99
6003615,9647970,10,61.99
6597839,1754339,25,138.99
5945184,5993840,27,107.99
7643373,6993323,19,119.99
5310860,3328381,30,31.99
9088498,8939078,12,109.99
8771623,5561286,7,120.99
9693362,5993840,24,107.99
8162565,6993323,26,119.99
8025086,4634952,13,14.99
8874559,6498667,21,225.99
7579291,6993323,9,119.99
9013486,5993840,15,107.99
7481126,2081866,2,540.99
5021632,3331704,14,1449.99
7287612,6388497,4,158.99
9614822,9658470,13,15.99
5137709,5022491,15,198.99
9788562,9130087,21,98.99
8704075,9130087,18,98.99
9633949,1764371,14,123.99
8114766,9130087,12,98.99
9177654,2871779,8,288.99
7026097,5993840,21,107.99
8071088,1860199,9,80.99
7743847,9130087,1,98.99
9267911,5993840,6,107.99
5543388,7145123,29,169.99
5690534,7868274,24,143.99
9356723,9130087,12,98.99
5188699,9130087,10,98.99
9608626,9130087,1,98.99
5295218,9130087,9,98.99
5659574,1410539,7,273.99
7087886,5788942,6,1291.99
5082059,1619977,15,324.99
7303950,1346668,29,211.99
8347970,6993323,27,119.99
8949599,2634875,26,26.99
7463806,6911462,18,257.99
9426865,8936261,19,176.99
6686613,1346668,7,211.99
9684611,4488928,14,487.99
7593203,6822458,14,143.99
5344878,2871779,7,288.99
7551244,4488928,4,487.99
5720517,8642680,13,635.99
5141534,6993323,7,119.99
7013244,8524120,17,178.99
6017444,7939415,26,210.99
8820309,9936520,21,108.99
6416315,9130087,5,98.99
5689663,4488928,19,487.99
5690077,6388497,11,158.99
9430456,9130087,23,98.99
7441160,8788009,24,1106.99
6809508,9130087,14,98.99
5764435,2356894,16,253.99
7297382,4616283,8,29.99
8823909,9130087,11,98.99
6598309,6993323,17,119.99
9524289,9350655,12,12.99
6983154,7595903,29,268.99
8915878,3924441,5,33.99
7707857,4488928,8,487.99
7578914,3924441,29,33.99
6129416,5993840,27,107.99
9207689,9130087,12,98.99
9133533,1043761,3,259.99
5746686,9392268,7,150.99
7589557,7868274,30,143.99
9382614,6761371,28,198.99
5129331,7344242,15,136.99
8100081,9810442,19,189.99
5379586,4488928,13,487.99
9741746,3924441,11,33.99
6998491,1764371,17,123.99
7842125,6993323,21,119.99
7823257,3491564,13,198.99
7178398,3810081,17,191.99
6084778,9130087,18,98.99
6383802,5993840,13,107.99
9326139,8685283,8,134.99
8205489,6539431,5,210.99
8587041,6657060,17,268.99
8823202,7595903,29,268.99
6656729,6993323,30,119.99
9745822,6657060,16,268.99
9743545,3271965,7,1122.99
7438194,5611025,23,1014.99
8825604,9130087,24,98.99
8657027,5454439,28,84.99
8111455,9936520,15,108.99
5582034,3810081,11,191.99
5744234,5993840,22,107.99
5423722,5993840,8,107.99
8171172,7094200,10,462.99
8086629,8939078,13,109.99
6384358,1764371,24,123.99
8862920,9130087,22,98.99
5725473,6539431,12,210.99
8405890,9130087,26,98.99
5992737,9130087,23,98.99
7108553,1764371,28,123.99
7596853,9558900,9,263.99
5700192,1849218,15,224.99
5189499,7595903,13,268.99
5685640,7868274,2,143.99
6937792,1043761,23,259.99
6901650,7595903,17,268.99
6771871,8685283,2,134.99
6476354,3215115,2,284.99
8467918,4488928,29,487.99
5676622,5454439,9,84.99
8963404,6891276,26,284.99
6090961,6993323,5,119.99
5269351,6993323,17,119.99
6863243,1371090,5,122.99
9535520,6993323,6,119.99
8796229,5993840,20,107.99
8953480,1024094,12,150.99
9230281,4488928,19,487.99
5451295,4488928,25,487.99
6353521,9130087,17,98.99
5225708,5993840,8,107.99
7252526,6388497,24,158.99
5458448,5993840,10,107.99
6289577,9130087,7,98.99
8854956,7939415,30,210.99
9583476,9130087,8,98.99
5847255,5505271,14,170.99
6750435,1496862,14,1471.99
8101292,6993323,1,119.99
5684346,9130087,26,98.99
6702659,9001949,21,130.99
6882902,5993840,3,107.99
7559880,4488928,9,487.99
7370010,9130087,15,98.99
6893571,1740067,15,215.99
7565789,9130087,8,98.99
5081953,9936520,11,108.99
6522512,1222511,6,1131.99
8713066,5022491,6,198.99
8188306,3924441,27,33.99
8746273,5611025,28,1014.99
6787364,6539431,22,210.99
8748856,4488928,20,487.99
5214004,8685283,18,134.99
7561653,3948632,6,111.99
9734959,5993840,18,107.99
8088521,3924441,27,33.99
9107667,5690283,26,213.99
6252734,9130087,6,98.99
6521256,4634952,21,14.99
8453883,6845817,13,95.99
5523114,9130087,2,98.99
5952033,4488928,13,487.99
8800001,2871779,24,288.99
5570426,4488928,22,487.99
6174388,5846017,4,220.99
8385259,5993840,20,107.99
6461994,2356894,15,253.99
5709920,6432543,3,13.99
5032034,3924441,19,33.99
8070459,9130087,15,98.99
6481373,1667503,22,9.99
8745252,9191471,29,10.99
8010944,7798286,1,110.99
7902453,6047451,24,219.99
7662817,9130087,4,98.99
8469138,6845131,19,107.99
5788719,5993840,28,107.99
5166909,4488928,7,487.99
9758416,7094200,28,462.99
7430636,9523217,19,174.99
6901383,6993323,29,119.99
5458495,1764371,25,123.99
9889778,9130087,9,98.99
5471634,6993323,16,119.99
9819152,9130087,5,98.99
6453959,4488928,4,487.99
9922281,3807414,26,145.99
5272873,3924441,11,33.99
8130007,6993323,28,119.99
7812461,8685283,25,134.99
8269511,1936248,30,202.99
5128863,9130087,20,98.99
5623019,6964179,29,127.99
9870127,6388497,3,158.99
5052318,7445367,5,137.99
8197852,9647970,2,61.99
5133347,5180754,20,106.99
6679373,7145123,25,169.99
5113359,7595903,16,268.99
9673368,5993840,30,107.99
6952223,7595903,30,268.99
6736842,9651004,2,202.99
9088166,5446285,19,230.99
6962696,9647970,12,61.99
9538864,2159212,15,139.99
9275423,3924441,9,33.99
7899241,3631108,18,133.99
8616128,7032073,12,255.99
8129598,3924441,25,33.99
8153211,9130087,6,98.99
8503245,6857295,4,1287.99
7538200,6388497,14,158.99
6366584,6814894,22,204.99
8075991,6388497,1,158.99
5144634,8074418,26,270.99
7102281,3924441,20,33.99
5614643,6539431,2,210.99
5057503,7595903,7,268.99
6178050,3924441,27,33.99
8171613,2081866,17,540.99
9221319,1311230,10,38.99
6938813,1764371,16,123.99
7528515,1936248,22,202.99
7387804,6993323,2,119.99
9900737,4141275,30,11.99
6513907,9130087,22,98.99
5194852,7710925,27,1448.99
7469674,3029870,1,1151.99
7403533,4488928,12,487.99
9686235,9130087,27,98.99
7193848,2947653,28,108.99
7031336,6993323,24,119.99
8197717,8129809,7,283.99
8620846,5611025,27,1014.99
5525205,9130087,18,98.99
9879278,3924441,10,33.99
6201574,4084474,12,132.99
5686843,2608578,30,282.99
9914865,9130087,19,98.99
7540866,6993323,10,119.99
7235474,9130087,15,98.99
7043852,8061332,3,20.99
8144635,1849218,10,224.99
5947054,4488928,27,487.99
9178414,6198921,24,38.99
7426037,9130087,1,98.99
7838128,9458269,11,42.99
6454032,6993323,9,119.99
9819350,4488928,7,487.99
5238261,8061332,28,20.99
9543832,5561286,11,120.99
9393266,6993323,1,119.99
7779638,4488928,27,487.99
5281433,5518357,30,10.99
8526938,6993323,16,119.99
9525658,3924441,5,33.99
5567229,1764371,27,123.99
9606687,1764371,12,123.99
5947054,6993323,1,119.99
5422438,4616283,9,29.99
9998042,7939415,6,210.99
6820200,1371090,13,122.99
8102679,5561286,7,120.99
7952333,6993323,23,119.99
8733260,5993840,13,107.99
5683987,8061332,28,20.99
6135321,4141275,6,11.99
8991562,5993840,30,107.99
7793441,7349533,8,104.99
9125822,3583387,9,168.99
6240795,5993840,27,107.99
6350972,6302129,19,129.99
9190777,5561286,7,120.99
8634289,3948632,21,111.99
6691203,5819487,21,255.99
5715360,1043761,26,259.99
9156320,9001949,20,130.99
8583782,9936520,26,108.99
9595631,4488928,25,487.99
7792285,9936520,2,108.99
6096418,9130087,28,98.99
6453959,3215115,14,284.99
6135520,6388497,17,158.99
7428749,9651004,5,202.99
7056114,9130087,26,98.99
9593214,3258459,24,119.99
7829468,9001949,19,130.99
8746972,1667503,13,9.99
7678869,9130087,8,98.99
5918668,5561286,19,120.99
9975757,9130087,16,98.99
8885618,5993840,11,107.99
9472986,3285586,7,269.99
8219047,6874454,2,110.99
6566880,9651004,3,202.99
8269111,9350655,4,12.99
6473972,9392268,12,150.99
5238068,9130087,9,98.99
6303674,6768735,24,176.99
7779794,7725253,17,92.99
9709814,9130087,23,98.99
9059362,6993323,8,119.99
9746869,5800904,24,93.99
6896781,9130087,3,98.99
5577464,9647970,16,61.99
5655831,7939415,5,210.99
8567771,6761371,30,198.99
9771479,7595903,12,268.99
6459804,5611025,25,1014.99
8705250,8061332,24,20.99
7458342,3807414,30,145.99
6269853,9130087,27,98.99
7112516,9130087,28,98.99
6309869,9176000,1,17.99
8238942,5561286,23,120.99
7088875,5993840,3,107.99
5221295,5583510,9,77.99
6201154,6539431,14,210.99
7136297,1936248,11,202.99
7678621,9001949,25,130.99
5118604,8150427,24,79.99
9872528,6388497,24,158.99
6573593,6993323,14,119.99
8614748,8720936,29,101.99
7452108,6993323,29,119.99
6056643,8720936,3,101.99
6815321,9130087,2,98.99
5632239,2356894,14,253.99
6383778,1371090,2,122.99
8044205,1764371,28,123.99
6499726,6432017,5,105.99
9508706,6993323,8,119.99
5525179,8129809,23,283.99
8358607,3713494,1,246.99
8845267,8190647,5,133.99
8102679,2347773,26,1158.99
7481126,9350655,22,12.99
7769945,5537392,11,139.99
5148816,4141275,13,11.99
9320450,9001949,6,130.99
5060667,9936520,27,108.99
5025606,1619977,11,324.99
8684245,1764371,30,123.99
8905651,6993323,8,119.99
7205891,6302129,20,129.99
5326283,1936248,1,202.99
5174822,3924441,16,33.99
9546613,5993840,4,107.99
5977597,7595903,9,268.99
5282109,9130087,1,98.99
5818267,5993840,11,107.99
8594484,9130087,25,98.99
7826335,7030680,11,221.99
8917504,3807414,7,145.99
9464554,3924441,6,33.99
6000635,3328381,8,31.99
9240578,3796145,10,56.99
8171172,5561286,22,120.99
5255244,6993323,4,119.99
9088498,6993323,25,119.99
5224397,3328381,15,31.99
7914498,7595903,25,268.99
7521414,5993840,4,107.99
7115136,9055994,7,203.99
6567320,2081866,27,540.99
7947431,5611025,10,1014.99
8923974,7939415,26,210.99
5636664,6787363,21,148.99
5412429,9936520,11,108.99
5070835,9130087,5,98.99
9922017,5382102,2,608.99
6300889,9647970,15,61.99
5835695,8685283,9,134.99
5280863,1764371,24,123.99
5561816,4988130,21,293.99
9001936,5454439,1,84.99
9574796,9936520,3,108.99
9853731,5022491,26,198.99
6656652,6857295,13,1287.99
5932814,9651004,18,202.99
8531927,5611025,5,1014.99
8683269,6388497,4,158.99
6530981,1952719,27,927.99
6092686,6993323,20,119.99
9239894,3029870,7,1151.99
8696091,5993840,24,107.99
6400536,7868274,25,143.99
5400333,6993323,24,119.99
9095460,6993323,29,119.99
8336663,6993323,14,119.99
6753864,6993323,16,119.99
6532912,2136852,17,78.99
7741985,6047451,9,219.99
6343185,6993323,7,119.99
9327948,5446285,2,230.99
9791554,4488928,19,487.99
7254165,5993840,13,107.99
9574231,6198921,12,38.99
5364566,3924441,13,33.99
9069818,5993840,29,107.99
6066847,5993840,29,107.99
7743847,9551602,2,291.99
9340768,7268157,2,175.99
6269636,5993840,3,107.99
6973611,9130087,11,98.99
7557817,6993323,12,119.99
9732760,3924441,20,33.99
6603718,3328381,30,31.99
7605819,5993840,16,107.99
9752681,6993323,8,119.99
7462071,9130087,2,98.99
9431879,7378365,22,255.99
6176803,9409580,17,43.99
9720140,5611025,23,1014.99
7914706,5611025,1,1014.99
9712025,6993323,10,119.99
9517448,5993840,7,107.99
6524779,5382102,6,608.99
7825159,9130087,8,98.99
6129362,9130087,8,98.99
9210450,1377555,29,68.99
7278410,9130087,16,98.99
7127835,1764371,6,123.99
5543548,5022491,3,198.99
9342849,9130087,28,98.99
9603783,9350655,25,12.99
7744313,6993323,14,119.99
8959828,8471578,16,173.99
8208166,6993323,25,119.99
6431425,6398912,11,208.99
5262443,9130087,28,98.99
6744018,8129809,22,283.99
5066809,1346668,19,211.99
7475456,1410895,23,461.99
9104391,9130087,12,98.99
7609668,7094200,18,462.99
6494924,3924441,24,33.99
7548881,6993323,13,119.99
6412639,9130087,4,98.99
5594618,6822458,26,143.99
5289578,9191471,2,10.99
6311434,9936520,21,108.99
8809310,9647970,24,61.99
9633949,9130087,7,98.99
9014768,6993323,29,119.99
9923431,5993840,5,107.99
6830361,8061332,30,20.99
8437737,3713494,5,246.99
7543492,9458269,29,42.99
5821393,8939078,5,109.99
6070539,9936520,30,108.99
5228327,5993840,14,107.99
7843052,1764371,17,123.99
9750260,7378365,2,255.99
7173054,6198921,2,38.99
5114019,5180754,22,106.99
5995448,5993840,18,107.99
7321617,3713494,1,246.99
8498570,4110482,10,10.99
7825159,9651004,27,202.99
7795389,6993323,5,119.99
6030708,6572260,3,54.99
5381125,6713848,5,219.99
9421039,7595903,6,268.99
7002642,9130087,22,98.99
7407019,9130087,13,98.99
5525179,9130087,29,98.99
8638053,9651004,29,202.99
6730220,2865954,7,19.99
7524070,6993323,11,119.99
9048665,6394044,8,96.99
7392196,8292647,28,68.99
7434549,5993840,4,107.99
9708585,3583387,26,168.99
5315249,5561286,12,120.99
9324834,9130087,23,98.99
9774504,5611025,6,1014.99
5044436,5993840,17,107.99
8560680,6993323,8,119.99
8862165,9130087,8,98.99
7561494,1957962,25,605.99
8464542,4488928,28,487.99
7484478,9993160,25,60.99
8166010,9651004,10,202.99
5287398,6857295,26,1287.99
6471722,7032073,14,255.99
9374728,4760849,20,201.99
8646271,6993323,15,119.99
6974104,4488928,26,487.99
8392799,3924441,4,33.99
8264876,6993323,22,119.99
5879736,6993323,9,119.99
7088875,1764371,20,123.99
7306812,6814894,6,204.99
5571792,3924441,17,33.99
9091445,5993840,13,107.99
6700372,8841285,14,229.99
9307962,6993323,16,119.99
6905432,6993323,22,119.99
6709683,5993840,2,107.99
6338981,3790097,28,112.99
5877495,3810081,4,191.99
7657958,5182998,24,262.99
6664606,7595903,14,268.99
5838686,6198921,5,38.99
9970164,9130087,28,98.99
8838705,6993323,20,119.99
5381514,9993160,27,60.99
8154043,3924441,5,33.99
6203576,5611025,22,1014.99
9038472,9130087,20,98.99
9127731,6993323,10,119.99
9845579,9404780,23,237.99
6808341,9130087,4,98.99
6641582,3810081,13,191.99
5624447,6198921,12,38.99
6482486,4488928,23,487.99
6241370,6993323,29,119.99
6797395,9647970,30,61.99
6692093,5022491,10,198.99
7829552,6993323,16,119.99
8747667,9130087,19,98.99
6452808,3924441,20,33.99
9290730,2947653,2,108.99
6092503,8471578,28,173.99
7426953,9130087,4,98.99
5516642,9130087,6,98.99
6119956,6993323,8,119.99
8929556,6993323,18,119.99
7739402,9130087,28,98.99
9997603,3924441,22,33.99
9847831,4488928,11,487.99
8126924,1043761,13,259.99
8908045,8685283,19,134.99
8391420,3924441,18,33.99
9317575,2369769,27,138.99
7419476,4139055,26,72.99
6758358,6993323,9,119.99
7679560,8061332,24,20.99
6171778,1764371,9,123.99
8131813,7094200,11,462.99
7236124,9130087,18,98.99
7856206,1764371,22,123.99
7009979,5993840,8,107.99
9496885,6993323,28,119.99
6484742,9523217,20,174.99
7134835,1371090,11,122.99
6915939,5382102,13,608.99
8558605,4488928,27,487.99
5855560,1764371,27,123.99
9850740,6198921,19,38.99
8523456,5182998,14,262.99
7700119,1240903,24,293.99
7528533,5382102,23,608.99
7244509,1849218,29,224.99
6615481,6993323,25,119.99
9545011,7939415,24,210.99
6339890,5993840,30,107.99
8312918,6993323,4,119.99
9420244,3853054,14,158.99
9660146,9409580,6,43.99
7471754,9130087,16,98.99
8114527,1764371,16,123.99
7093827,6198921,19,38.99
8237462,6432017,14,105.99
8011043,9130087,26,98.99
8379587,1496862,10,1471.99
7620335,5993840,17,107.99
6993666,9130087,9,98.99
7679489,3215115,8,284.99
8685016,4139055,5,72.99
8958794,5993840,28,107.99
8859092,3215115,4,284.99
5012115,9130087,25,98.99
8915656,3790097,15,112.99
6494322,5611025,27,1014.99
9536416,9130087,27,98.99
9384457,8471578,23,173.99
8696467,3924441,3,33.99
6151318,5993840,4,107.99
8860558,8190647,4,133.99
6168495,3924441,5,33.99
5245359,6993323,14,119.99
9156080,9130087,4,98.99
6363637,4488928,11,487.99
7994531,3924441,8,33.99
5302328,1496862,3,1471.99
8016865,9130087,5,98.99
5885008,9409580,10,43.99
5523823,9130087,21,98.99
6379027,6539431,20,210.99
8202688,6891276,19,284.99
6639755,5993840,9,107.99
7956528,6047451,12,219.99
9394419,4488928,1,487.99
9533674,5993840,20,107.99
8949427,3924441,24,33.99
6223341,5993840,8,107.99
7273524,1764371,8,123.99
7889440,5993840,10,107.99
5644472,6993323,19,119.99
6420971,9130087,25,98.99
9507136,5993840,27,107.99
9758498,8642680,6,635.99
7603474,8471578,29,173.99
6838568,8720936,11,101.99
9575665,1359142,7,188.99
9819152,5993840,14,107.99
5104455,3924441,28,33.99
8451713,6695201,24,200.99
9321235,7939415,30,210.99
9530421,1764371,29,123.99
6340801,9055994,10,203.99
6188994,4528607,18,17.99
5910564,1043761,24,259.99
5193743,5993840,30,107.99
8405548,6993323,30,119.99
8347970,1619977,24,324.99
5473167,1410895,9,461.99
7638291,3258459,16,119.99
9052666,5993840,19,107.99
6950976,7595903,28,268.99
6066744,1222511,10,1131.99
6054303,5993840,7,107.99
5405308,5022491,19,198.99
8067624,5800904,14,93.99
5130945,9130087,7,98.99
8019136,5785274,18,18.99
6471564,3328381,22,31.99
7178952,5993840,8,107.99
6962696,9111723,1,30.99
5947897,1849218,20,224.99
5113273,5993840,25,107.99
5034853,5382102,13,608.99
7271490,8471578,18,173.99
9184415,4488928,8,487.99
9122613,1371090,27,122.99
8154614,6198921,9,38.99
6846994,3491564,30,198.99
8498467,5993840,10,107.99
5810361,8685283,17,134.99
5461116,7451094,30,12.99
5067352,9350655,30,12.99
6848730,8685283,21,134.99
9845579,7595903,6,268.99
5885795,2191736,6,257.99
7259426,4708863,14,91.99
5018683,3924441,3,33.99
9953902,9130087,30,98.99
6333236,5993840,28,107.99
7928537,9647970,9,61.99
8617754,9404780,5,237.99
9762450,4988130,29,293.99
5402272,7030680,23,221.99
7363132,3463891,15,89.99
5735832,6993323,7,119.99
7540866,4488928,30,487.99
5254661,2136852,7,78.99
6928788,3128835,18,246.99
7426289,3924441,5,33.99
5920046,5690283,12,213.99
8189991,1764371,5,123.99
8753326,2608578,27,282.99
7586901,5022491,14,198.99
6729313,4084474,3,132.99
7826925,5022491,8,198.99
5875384,8664356,6,180.99
8843044,3790097,12,112.99
9964945,9130087,10,98.99
6441979,6388497,28,158.99
5549268,4488928,29,487.99
8067624,1371090,22,122.99
8438696,9114234,14,186.99
6134965,4853743,29,153.99
8494067,9130087,30,98.99
8098186,1377555,2,68.99
6278844,1496862,24,1471.99
8509699,6993323,21,119.99
6975722,9111723,17,30.99
9135996,6993323,1,119.99
8096484,3924441,1,33.99
5332743,9130087,13,98.99
5239295,5993840,20,107.99
7543756,9130087,25,98.99
8263683,5561286,3,120.99
8504687,1311230,3,38.99
7559523,6993323,27,119.99
7793056,2356894,7,253.99
7366738,3161704,17,127.99
6777829,4488928,9,487.99
6061102,6993323,20,119.99
6191607,9130087,2,98.99
8160850,7595903,1,268.99
7691822,1860199,1,80.99
6423738,9130087,26,98.99
7737223,1740067,15,215.99
5579934,4488928,11,487.99
8057476,5561286,30,120.99
6524779,1078329,26,75.99
8075972,1619977,8,324.99
7980356,5993840,21,107.99
5002216,3807414,26,145.99
6110112,5382102,28,608.99
9766017,8685283,3,134.99
7525167,8488736,20,108.99
6131102,6993323,19,119.99
9152459,3328381,26,31.99
6838868,6993323,30,119.99
8880962,3924441,17,33.99
9706659,3328381,21,31.99
6864221,9799204,28,114.99
5040524,5993840,17,107.99
7747316,9130087,3,98.99
7931324,7344242,29,136.99
9590160,6993323,14,119.99
8299288,5611025,23,1014.99
7970444,9647970,16,61.99
8377754,1410895,8,461.99
5990713,5993840,16,107.99
6505529,1764371,7,123.99
5825922,8998249,8,156.99
5400565,9130087,4,98.99
6592402,1764371,20,123.99
6259104,9130087,17,98.99
9357408,5480097,7,43.99
9221032,3249673,16,22.99
8806476,6388497,16,158.99
9291416,5480097,2,43.99
5648847,1371090,12,122.99
9052666,9392268,12,150.99
7182869,9055994,5,203.99
9288343,5993840,7,107.99
9847337,5993840,20,107.99
8633949,3924441,19,33.99
7669266,7595903,2,268.99
8541997,5993840,4,107.99
8521485,9993160,20,60.99
6189162,5382102,12,608.99
7310346,6993323,30,119.99
5383374,7710925,9,1448.99
9216578,9647970,24,61.99
9178858,5993840,8,107.99
9752352,6845131,21,107.99
5285160,7595903,13,268.99
6978799,5073777,28,133.99
8618683,9799204,15,114.99
5432321,1410539,24,273.99
7793441,5518616,16,280.99
5580907,6993323,25,119.99
9945937,5993840,13,107.99
9705526,1371090,28,122.99
7733008,4488928,11,487.99
5178930,5382102,2,608.99
9305576,2608578,13,282.99
5570426,9130087,16,98.99
7442506,9130087,15,98.99
7666159,8841285,9,229.99
5090373,4488928,6,487.99
5228972,4541064,28,809.99
8182549,9111723,24,30.99
8501583,9409580,13,43.99
5249804,4139055,27,72.99
5729079,9350655,17,12.99
7576742,6388497,2,158.99
9569768,8788009,10,1106.99
6061563,8129809,21,283.99
8580034,6993323,22,119.99
7459166,9130087,7,98.99
8915878,7349533,2,104.99
5994959,6857295,11,1287.99
6548109,9409580,29,43.99
5018683,9130087,28,98.99
9076357,9130087,16,98.99
6031208,3810081,15,191.99
9222617,4084474,25,132.99
8472309,6539431,17,210.99
9503506,9404780,14,237.99
7566150,7595903,20,268.99
5692424,5993840,6,107.99
9519219,9001949,24,130.99
5579934,3924441,23,33.99
9334612,9130087,28,98.99
5868483,6993323,13,119.99
5490682,9130087,1,98.99
5165536,5993840,29,107.99
6226734,1764371,20,123.99
8972445,3463891,19,89.99
7459082,4488928,20,487.99
8916815,5993840,28,107.99
6239031,6388497,11,158.99
8501672,7868274,17,143.99
6915939,7595903,29,268.99
6288769,1764371,28,123.99
8977761,9130087,15,98.99
6079010,9523217,4,174.99
7392922,9350655,21,12.99
5426571,3924441,22,33.99
9135421,5993840,17,107.99
9216639,5611025,27,1014.99
6853545,1764371,24,123.99
9057676,3924441,27,33.99
6805398,3924441,9,33.99
5623950,6993323,21,119.99
9766767,3215115,11,284.99
6321626,9130087,11,98.99
7072305,5022491,6,198.99
9946806,3924441,29,33.99
5142146,3631108,12,133.99
6362081,6993323,9,119.99
7276964,2743849,21,102.99
5754114,5004197,29,1328.99
6652569,6388497,13,158.99
8975824,6993323,5,119.99
6729090,6768735,3,176.99
9062464,1410895,30,461.99
7211418,5611025,30,1014.99
9152459,5611025,7,1014.99
6922684,8661944,10,160.99
6142453,6432017,5,105.99
7211418,5993840,7,107.99
9716850,6993323,9,119.99
7609668,5022491,9,198.99
5458448,9130087,29,98.99
5617347,5611025,26,1014.99
9119450,4488928,17,487.99
8477253,5611025,14,1014.99
7347329,6993323,14,119.99
6715617,8538411,10,239.99
9102883,3924441,17,33.99
6323952,6302129,8,129.99
5137709,9130087,8,98.99
6924443,4488928,20,487.99
6828650,5993840,5,107.99
7004774,3924441,6,33.99
9963889,9130087,12,98.99
5370380,2159212,17,139.99
9123844,9001949,29,130.99
8714574,9130087,30,98.99
5497266,3258459,20,119.99
7638291,5993840,19,107.99
6761333,7569752,14,21.99
6311745,3796145,18,56.99
7610380,5993840,24,107.99
8773992,3924441,8,33.99
9737356,5993840,15,107.99
9730516,6993323,13,119.99
8766515,5993840,15,107.99
5329144,4488928,2,487.99
8388127,3924441,14,33.99
8129428,4634952,19,14.99
7924936,2893282,3,205.99
9573071,2865954,17,19.99
8807457,8685283,7,134.99
9344438,1936248,24,202.99
9119450,9130087,8,98.99
7884741,7595903,2,268.99
5651763,9130087,4,98.99
6646976,6302129,24,129.99
6636849,1936248,2,202.99
8826971,9534966,1,1038.99
8735120,1764371,24,123.99
8564731,6388497,30,158.99
5926465,4488928,6,487.99
6951141,1957962,12,605.99
8283364,9409580,25,43.99
6993666,7595903,15,268.99
7091519,2608578,4,282.99
8197185,9130087,14,98.99
8883471,5993840,24,107.99
9503506,9191471,26,10.99
5592698,1410895,25,461.99
9123278,5993840,2,107.99
7196696,5611025,14,1014.99
9590069,6993323,4,119.99
6828204,1667503,15,9.99
6152968,7595903,5,268.99
9486241,3924441,21,33.99
7912181,6822458,29,143.99
6023440,3491564,14,198.99
9602552,4488928,25,487.99
5598832,6993323,12,119.99
7905766,8129809,23,283.99
9752325,7710925,16,1448.99
7274514,8685283,21,134.99
9486241,7595903,16,268.99
9479540,8852008,4,1077.99
8032410,2191736,29,257.99
8185021,7451094,22,12.99
6819716,4139055,27,72.99
7015372,5993840,18,107.99
9168435,9130087,17,98.99
9475945,9130087,28,98.99
5501678,4359354,6,479.99
8088867,2743849,1,102.99
5897725,3924441,20,33.99
6296996,4616283,3,29.99
7891893,7550543,4,21.99
6484179,5993840,16,107.99
8030759,1410895,10,461.99
8854744,6432543,22,13.99
5858006,9130087,27,98.99
5320213,5518616,16,280.99
9986221,1764371,2,123.99
5870974,9130087,1,98.99
5026897,8129809,10,283.99
8208166,7595903,12,268.99
5643028,7344242,7,136.99
7765021,6993323,7,119.99
6259808,9799204,27,114.99
9515250,9130087,9,98.99
8097243,4488928,20,487.99
7130373,9130087,28,98.99
8180651,6539431,11,210.99
6911578,8685283,9,134.99
8867406,5561286,10,120.99
9080756,2136852,25,78.99
8064831,5993840,22,107.99
8760521,4634952,14,14.99
5206012,9651004,22,202.99
9435130,9130087,12,98.99
5457217,9130087,22,98.99
7252526,5611025,25,1014.99
6342756,6993323,16,119.99
5868082,3948632,16,111.99
9178093,4488928,26,487.99
7686608,4267459,24,1370.99
5034067,9936520,13,108.99
8286728,6993323,29,119.99
6631643,6993323,15,119.99
7304343,1860199,20,80.99
6426578,3924441,18,33.99
9069354,6993323,3,119.99
5197444,9055994,21,203.99
6321796,1371090,25,122.99
5665692,9936520,4,108.99
9350163,9130087,29,98.99
6144191,3258459,26,119.99
5145210,9651004,24,202.99
7589939,5518357,19,10.99
9285761,7041303,10,64.99
7231341,3790097,10,112.99
8879724,4853743,25,153.99
9244883,4488928,21,487.99
7566388,9130087,7,98.99
6236677,9130087,28,98.99
5363104,3924441,5,33.99
9929329,5800904,30,93.99
7607242,7595903,9,268.99
7420436,9130087,25,98.99
7653714,1311230,2,38.99
6162628,8150427,8,79.99
7628080,7595903,4,268.99
8414563,9404780,22,237.99
8848066,3271965,30,1122.99
8167665,5022491,10,198.99
8291844,5993840,23,107.99
8793620,4267459,14,1370.99
9347441,5518616,14,280.99
8289003,9114234,18,186.99
9221348,3924441,7,33.99
5151368,3583387,30,168.99
7847110,5993840,29,107.99
5870456,6567738,8,186.99
8245053,3924441,26,33.99
9246414,1764371,17,123.99
7069663,2356894,26,253.99
9196173,7595903,4,268.99
9604409,6775461,12,86.99
9227694,1078329,3,75.99
5598832,3924441,10,33.99
8983664,5690283,25,213.99
6399765,9176000,1,17.99
8366979,5993840,22,107.99
8451713,5073777,1,133.99
6652797,7032073,6,255.99
7491328,9523217,5,174.99
6050102,6388497,18,158.99
7031336,5993840,11,107.99
8325662,6993323,14,119.99
8575462,8685283,21,134.99
8766074,6993323,18,119.99
7778307,8488736,15,108.99
8257735,7595903,15,268.99
8044467,4488928,22,487.99
7446824,1740067,15,215.99
6680308,6388497,26,158.99
8701097,1410895,22,461.99
6286849,5382102,21,608.99
5473183,3924441,7,33.99
6295897,5022491,23,198.99
6875726,6171832,11,295.99
9128826,2191736,5,257.99
5031872,6432017,28,105.99
6612746,6993323,6,119.99
6563768,9130087,13,98.99
9251227,6993323,17,119.99
5405308,8841285,14,229.99
5802605,3924441,20,33.99
8557714,8150427,1,79.99
6150136,3924441,8,33.99
5231549,1258537,29,649.99
7788148,1240903,25,293.99
8295326,9114234,24,186.99
8704095,8788009,8,1106.99
7206951,6993323,29,119.99
5830082,4616283,3,29.99
8202701,9130087,9,98.99
8762045,7595903,20,268.99
9035433,6775461,9,86.99
8902734,9647970,13,61.99
7282233,9392268,16,150.99
6715519,9130087,10,98.99
7452453,4110482,6,10.99
5437551,9130087,11,98.99
7585724,9470648,4,265.99
5454478,9130087,15,98.99
6910974,5993840,16,107.99
9078086,1764371,20,123.99
9669570,8461227,19,1350.99
6083830,5993840,13,107.99
8502493,8852008,13,1077.99
6058144,9130087,15,98.99
6973938,3810081,15,191.99
6923822,6432543,20,13.99
7268184,7030680,22,221.99
8292378,5993840,29,107.99
6783180,3815280,7,117.99
6078578,1619977,12,324.99
7740813,9647970,15,61.99
6723815,3555929,19,256.99
8956649,9130087,3,98.99
5972026,9111723,23,30.99
7943263,9350655,10,12.99
6539808,9534966,19,1038.99
9201295,5382102,17,608.99
8915182,5583510,6,77.99
9732760,9350655,17,12.99
9749631,1764371,15,123.99
9100254,3810081,9,191.99
6814760,6993323,20,119.99
6363637,9409580,27,43.99
7913291,7939415,23,210.99
5461761,3807414,16,145.99
7244509,5561286,20,120.99
7579822,9647970,7,61.99
9887747,3924441,3,33.99
7006924,8061332,10,20.99
7865269,1764371,14,123.99
8156698,6993323,5,119.99
5190253,9130087,8,98.99
7208793,8373068,11,105.99
6907691,9409580,16,43.99
8080414,5454439,11,84.99
8564970,1764371,23,123.99
7438194,4488928,17,487.99
8590472,2608578,25,282.99
5244148,5993840,25,107.99
6893742,7030680,1,221.99
8269379,2356894,25,253.99
5723821,5993840,8,107.99
6056515,7595903,21,268.99
6787640,9275354,15,129.99
6945237,3948632,30,111.99
5557599,3924441,12,33.99
7252941,1410895,20,461.99
5372482,9350655,14,12.99
6076953,3807414,15,145.99
7350065,6993323,18,119.99
8299288,4488928,22,487.99
6412112,6993323,13,119.99
6558302,1936248,20,202.99
8294567,9130087,17,98.99
5846712,4616283,23,29.99
6431994,2893282,27,205.99
6869323,9130087,7,98.99
9062790,3807414,19,145.99
5908242,3924441,2,33.99
5646059,9130087,7,98.99
5808210,2356894,11,253.99
5047687,5846017,20,220.99
6497432,6993323,25,119.99
6748909,9658470,8,15.99
8330421,9130087,29,98.99
8340004,9130087,12,98.99
7818981,3249673,19,22.99
5586657,7094200,26,462.99
5517585,6993323,3,119.99
8326499,6388497,22,158.99
8929556,3790097,25,112.99
7317659,9114234,23,186.99
7620973,6993323,22,119.99
6537647,6993323,21,119.99
5032787,4359354,16,479.99
9331344,9130087,26,98.99
6504697,5993840,16,107.99
8617754,7378365,24,255.99
8837058,5993840,22,107.99
6459804,6993323,19,119.99
9527253,5561286,19,120.99
8280227,9647970,21,61.99
8498570,7041303,6,64.99
8943533,5993840,6,107.99
5618567,9130087,19,98.99
5054658,1371090,5,122.99
8738086,1764371,2,123.99
8903693,9130087,14,98.99
8779337,7451094,18,12.99
6192729,5993840,24,107.99
7330000,4488928,2,487.99
8256143,5319521,15,155.99
6934059,6775091,19,1232.99
9116865,6993323,18,119.99
5480148,7344242,3,136.99
7590346,4488928,12,487.99
8637223,5382102,11,608.99
8749583,5518616,25,280.99
6676849,1901788,15,290.99
8828518,7094200,16,462.99
7310758,9130087,21,98.99
8939250,8259861,19,196.99
7441208,5993840,29,107.99
9431933,9130087,17,98.99
8717232,9130087,17,98.99
7346774,2447751,28,113.99
9800538,9647970,9,61.99
5245359,7595903,25,268.99
5681353,9936520,28,108.99
9568639,9130087,24,98.99
5715566,1043761,11,259.99
6310378,1889468,14,87.99
7776285,3595166,15,154.99
7405864,6993323,14,119.99
8172896,3924441,3,33.99
9583476,8190647,12,133.99
7302183,7344242,16,136.99
8748484,2356894,22,253.99
8729133,3924441,11,33.99
9598698,9130087,29,98.99
6484499,1619977,6,324.99
6166466,6845817,17,95.99
7305694,4634952,28,14.99
9102902,5993840,5,107.99
6188994,5561286,7,120.99
5763737,4139055,10,72.99
5995728,5922388,26,54.99
6050102,9651004,22,202.99
9909864,7595903,4,268.99
7634633,9130087,10,98.99
6951141,8685283,12,134.99
7905891,1849218,9,224.99
6017444,1720189,22,152.99
9121425,6993323,21,119.99
7218020,3509644,20,272.99
5441230,9130087,16,98.99
6945088,4488928,4,487.99
8915182,7595903,17,268.99
7066766,3491564,20,198.99
6171191,1889468,14,87.99
7162772,2356894,10,253.99
7943301,4488928,3,487.99
9564960,9130087,20,98.99
5349606,8129809,29,283.99
5879529,4488928,6,487.99
5193743,1764371,28,123.99
7969629,1764371,26,123.99
8593571,6993323,5,119.99
6976576,1619977,2,324.99
7838737,9191471,20,10.99
6034581,8129809,2,283.99
5653026,7378365,30,255.99
6005116,8720936,14,101.99
9534171,5993840,27,107.99
7218608,7868274,16,143.99
7262083,7595903,4,268.99
5426571,9130087,24,98.99
5034594,9799204,6,114.99
8831569,3924441,24,33.99
7618721,2136852,26,78.99
7266024,7032073,1,255.99
6564135,9130087,12,98.99
7157945,9409580,22,43.99
8435252,9936520,21,108.99
7148637,9651004,24,202.99
7938413,6993323,1,119.99
7520473,9130087,6,98.99
8087432,5993840,7,107.99
5372482,5993840,28,107.99
5282448,2947653,1,108.99
6839948,5561286,6,120.99
7997072,5561286,30,120.99
9855876,6993323,23,119.99
7156137,5993840,23,107.99
7739424,1957962,21,605.99
8333477,5404767,9,88.99
5008155,9130087,17,98.99
5217204,3924441,4,33.99
7981042,6993323,9,119.99
8915656,6388497,12,158.99
8098235,9130087,30,98.99
5962547,5611025,10,1014.99
5714293,9404780,15,237.99
7604416,3258459,19,119.99
9263084,1764371,14,123.99
7227066,6814894,29,204.99
5922266,6857295,12,1287.99
6343185,5793488,15,217.99
5885534,1078329,1,75.99
5909686,9647970,2,61.99
9811518,9130087,13,98.99
5139675,6993323,22,119.99
5470537,9130087,21,98.99
8670949,7094200,10,462.99
7100058,5518616,16,280.99
8669722,3924441,15,33.99
6159571,6993323,4,119.99
7510577,4488928,9,487.99
9940102,2136852,8,78.99
5372482,8720936,13,101.99
9911805,9130087,29,98.99
8012378,7451094,3,12.99
7140831,6993323,9,119.99
6710381,5611025,15,1014.99
9457571,9936520,22,108.99
8831682,9350655,15,12.99
6522512,9647970,2,61.99
7337112,4488928,10,487.99
7852052,3924441,10,33.99
7407084,4084474,16,132.99
6483934,1849218,27,224.99
8354432,3463891,16,89.99
7470828,5180754,7,106.99
5995060,5480097,30,43.99
8984704,6891276,3,284.99
6284928,4488928,6,487.99
9910772,9130087,15,98.99
8354432,7939415,8,210.99
8628520,4488928,19,487.99
9759862,3807414,19,145.99
6175553,5004197,12,1328.99
8087337,3258459,9,119.99
8319923,9936520,18,108.99
8251460,5993840,1,107.99
6465632,2356894,2,253.99
8414198,4488928,17,487.99
9629581,5993840,5,107.99
5872849,9130087,9,98.99
9296464,9130087,25,98.99
7377360,7939415,8,210.99
8701097,9191471,5,10.99
6484107,6993323,28,119.99
6883238,3853054,22,158.99
5332762,8129809,11,283.99
5234869,9130087,24,98.99
6412447,9651004,9,202.99
6807011,1764371,20,123.99
9236476,9130087,26,98.99
5927123,7344242,6,136.99
6839209,3790097,1,112.99
5198292,9647970,22,61.99
8057476,1764371,18,123.99
7806782,9350655,8,12.99
6194621,4488928,2,487.99
8926261,4488928,3,487.99
6663565,1410895,20,461.99
9339385,6891276,28,284.99
5481642,6891276,5,284.99
9861602,5993840,3,107.99
8097312,9130087,21,98.99
7772113,4616283,28,29.99
9731467,9409580,29,43.99
8530006,5993840,5,107.99
8575462,6993323,20,119.99
9617500,2871779,11,288.99
5648847,2608578,16,282.99
6781277,1764371,13,123.99
8325200,5993840,11,107.99
5507196,1043761,30,259.99
9162811,9039716,24,56.99
6315475,9799204,7,114.99
9850740,7378365,7,255.99
7881871,6432543,16,13.99
6684129,6993323,26,119.99
6002333,4488928,23,487.99
5695117,3807414,15,145.99
5911645,7939415,20,210.99
9119450,6198921,20,38.99
7456114,3807414,7,145.99
6651094,5561286,25,120.99
9342849,9350655,10,12.99
5348630,8259861,26,196.99
9791554,1764371,20,123.99
7893740,9647970,15,61.99
7317659,7595903,29,268.99
5348055,3924441,28,33.99
8615832,9392268,22,150.99
9394573,9130087,13,98.99
5631056,5800904,9,93.99
5614643,1240903,27,293.99
6513666,7939415,4,210.99
9742379,9647970,28,61.99
9481914,9130087,2,98.99
5647247,9130087,28,98.99
9216639,8936261,1,176.99
8247171,6398912,17,208.99
6744018,7378365,27,255.99
8861126,3807414,19,145.99
5589873,3807414,26,145.99
7804544,8685283,27,134.99
9815610,5611025,18,1014.99
6323746,1371090,15,122.99
5697148,6775091,3,1232.99
6282494,7038449,18,564.99
7967192,1371090,4,122.99
9140271,6822458,17,143.99
6308731,4488928,13,487.99
5685640,3924441,2,33.99
5915835,6993323,12,119.99
5701526,7550543,13,21.99
8544919,1889468,15,87.99
7703678,9130087,27,98.99
5365379,5993840,29,107.99
5326283,1410895,28,461.99
8998477,9130087,19,98.99
9605719,9612132,6,194.99
7816947,4488928,2,487.99
6686299,4488928,2,487.99
7854080,4488928,4,487.99
5381125,5561286,8,120.99
5811128,3796145,24,56.99
5090899,1371090,21,122.99
7056114,1410895,24,461.99
8251401,9130087,22,98.99
5994020,9130087,13,98.99
7072305,4488928,27,487.99
9467538,5611025,8,1014.99
9789527,8685283,16,134.99
8866543,9130087,13,98.99
5072859,7939415,11,210.99
5679997,7595903,14,268.99
7328053,8074418,9,270.99
9990208,6198921,9,38.99
7438399,1043761,11,259.99
8433304,1764371,27,123.99
5942755,6822458,14,143.99
6715089,9651004,20,202.99
7304401,5518616,13,280.99
7941911,5993840,12,107.99
9969526,9130087,24,98.99
7611552,6388497,24,158.99
8064808,3924441,11,33.99
5782956,6388497,20,158.99
8160353,5993840,19,107.99
7577169,9130087,23,98.99
5151571,5514983,22,244.99
6799162,9350655,21,12.99
6538791,6993323,24,119.99
5026897,5505271,15,170.99
7684619,2893282,14,205.99
6961457,6993323,18,119.99
7904507,7041303,22,64.99
8279011,6874454,3,110.99
7181285,5690283,23,213.99
6828073,8373068,16,105.99
9962292,4488928,18,487.99
5725046,3796145,7,56.99
7513640,4603721,21,234.99
6798213,1410539,26,273.99
8556206,7595903,4,268.99
7334730,3853054,9,158.99
9002117,9810442,18,189.99
7539176,9651004,27,202.99
9729817,9651004,8,202.99
9574796,3924441,22,33.99
8041517,9130087,13,98.99
8845508,9350655,26,12.99
9461553,4488928,5,487.99
8845267,4488928,21,487.99
8041306,9130087,25,98.99
8425857,8852008,4,1077.99
6655169,1240903,16,293.99
8639258,9130087,27,98.99
5271417,9799204,5,114.99
6719494,9130087,22,98.99
7901384,7550543,17,21.99
5473167,9130087,28,98.99
6542187,9001949,26,130.99
8718618,9130087,5,98.99
7169255,9647970,4,61.99
9190270,8685283,19,134.99
7187114,1043761,15,259.99
7816858,9130087,22,98.99
9075929,2608578,4,282.99
7062456,4541064,15,809.99
7984534,6993323,2,119.99
5165536,6157224,26,217.99
5564669,6993323,9,119.99
8162624,5382102,23,608.99
5088191,6388497,15,158.99
5497029,5993840,14,107.99
6431342,6891276,27,284.99
7748488,9669796,3,52.99
9387332,6845131,5,107.99
6645130,5993840,28,107.99
9020821,3807414,26,145.99
5922266,4267459,21,1370.99
6102261,1764371,2,123.99
9653590,2081866,19,540.99
9206120,7094200,29,462.99
9792427,9130087,16,98.99
7560078,6388497,26,158.99
9039815,6993323,26,119.99
8352213,5404767,11,88.99
6065555,6507937,4,216.99
8586131,8685283,19,134.99
8633949,6713848,24,219.99
6311822,6394044,20,96.99
8586131,5561286,13,120.99
5629860,3924441,8,33.99
9909864,7674515,17,275.99
7862480,2743849,4,102.99
6033335,1764371,15,123.99
6144228,6388497,23,158.99
8375101,9130087,26,98.99
5575390,7595903,3,268.99
9216445,6768735,19,176.99
5850113,3807414,7,145.99
8536326,2191736,6,257.99
8993745,9130087,26,98.99
5741161,6432017,4,105.99
7711337,9130087,30,98.99
8929225,3631108,30,133.99
6473983,9130087,21,98.99
9790928,6993323,13,119.99
8616077,6993323,17,119.99
9170180,9651004,1,202.99
6177985,9130087,27,98.99
8473329,8129809,8,283.99
5368936,4488928,20,487.99
6012850,9130087,19,98.99
7031336,9130087,9,98.99
9813767,5611025,23,1014.99
9672840,8642680,14,635.99
6112200,9130087,15,98.99
7724798,1720189,8,152.99
5467898,3810081,19,191.99
5354655,6761371,19,198.99
5094229,1667503,5,9.99
7725311,1024094,10,150.99
5861330,9130087,9,98.99
6681396,5993840,3,107.99
8670783,1764371,21,123.99
8689542,5561286,3,120.99
7159107,6572260,24,54.99
9816395,7595903,6,268.99
6028392,8461227,5,1350.99
9966436,9651004,22,202.99
7332080,8061332,3,20.99
9135996,2356894,9,253.99
8042305,9799204,27,114.99
6859679,7030680,17,221.99
5204842,5073777,24,133.99
5807148,4440478,6,242.99
9294033,6993323,17,119.99
7403574,4488928,8,487.99
9917575,8292647,8,68.99
8215561,9458269,6,42.99
5213921,9658470,6,15.99
6945088,9130087,3,98.99
5056763,9001949,17,130.99
9890147,5993840,12,107.99
5764018,4139055,19,72.99
5168212,9130087,7,98.99
9205858,4541064,20,809.99
8729133,5993840,18,107.99
6003519,6171832,21,295.99
5582034,5993840,16,107.99
9722455,6993323,25,119.99
8342280,7349533,25,104.99
6449459,9404780,22,237.99
7087963,3328381,25,31.99
9243872,9409580,16,43.99
5926263,1371090,23,122.99
5742955,8685283,2,134.99
6404808,9936520,5,108.99
5981642,7595903,15,268.99
8029488,7349533,4,104.99
5466306,6388497,24,158.99
7009979,8685283,13,134.99
9260721,6814894,29,204.99
6317011,1936248,29,202.99
6935066,5993840,18,107.99
7564566,5611025,25,1014.99
9193674,3924441,4,33.99
9596481,5518616,22,280.99
7748328,1936248,2,202.99
5720506,5004197,11,1328.99
6480962,6993323,5,119.99
8108676,1720189,30,152.99
7073974,9409580,17,43.99
8842855,7595903,9,268.99
7944005,7860195,29,222.99
9016174,8538411,13,239.99
6362134,5382102,9,608.99
6480438,5993840,10,107.99
8053370,6713848,22,219.99
9590160,9130087,7,98.99
7261223,8129809,29,283.99
9244100,3807414,22,145.99
5389591,1371090,9,122.99
7943263,6572260,10,54.99
9908578,5022491,4,198.99
7553598,1849218,20,224.99
9574231,3509644,28,272.99
5128863,5993840,13,107.99
5667100,9130087,4,98.99
5272873,3215115,16,284.99
9867257,3713494,14,246.99
5919324,9130087,26,98.99
8065411,5993840,16,107.99
5458448,4634952,2,14.99
8855909,8642680,23,635.99
5954550,1764371,26,123.99
8331729,9130087,15,98.99
5220858,9130087,3,98.99
6887199,9130087,19,98.99
6826571,7595903,6,268.99
6303305,5993840,17,107.99
9819350,9658470,15,15.99
6580609,9404780,24,237.99
5752579,3924441,12,33.99
8356820,9130087,20,98.99
6518752,6775091,26,1232.99
8902890,5022491,26,198.99
7496375,5993840,14,107.99
5506234,1764371,4,123.99
7026792,5993840,19,107.99
5572277,9470648,2,265.99
9897260,6388497,24,158.99
8637223,5993840,8,107.99
9081126,9404780,8,237.99
5282448,5993840,19,107.99
6587038,3924441,17,33.99
6115640,8129809,18,283.99
9250974,9409580,11,43.99
7425151,8129809,20,283.99
5212209,5561286,25,120.99
9168959,9130087,29,98.99
9445456,6157224,5,217.99
6069042,6993323,9,119.99
6185388,6498667,13,225.99
5223303,8852008,29,1077.99
9078474,5993840,18,107.99
8391172,4488928,13,487.99
9664020,6198921,11,38.99
7362336,1371090,21,122.99
9125969,4634952,24,14.99
6110112,9130087,20,98.99
6797786,1377555,29,68.99
8929556,2081866,13,540.99
5906345,9130087,18,98.99
8521083,9001949,7,130.99
7093827,9810442,9,189.99
9222015,9523217,19,174.99
5901059,3328381,7,31.99
6134220,9130087,13,98.99
5664107,5022491,7,198.99
7248859,9130087,26,98.99
8540506,1936248,28,202.99
5314416,8129809,14,283.99
8610536,1078329,23,75.99
7306812,2159212,24,139.99
9743545,5993840,16,107.99
9040184,7094200,11,462.99
6444141,6539431,22,210.99
9466103,2356894,15,253.99
6367204,3673208,8,270.99
7992906,3924441,24,33.99
5877167,9647970,14,61.99
7847628,7032073,9,255.99
5813304,9130087,7,98.99
5777397,5993840,30,107.99
8325662,9130087,20,98.99
5146293,8720936,20,101.99
9078474,9534966,10,1038.99
7142543,6388497,24,158.99
5605574,9130087,24,98.99
8675002,5505271,29,170.99
8429739,9275354,15,129.99
8512430,9799204,19,114.99
8170088,8538411,20,239.99
8793383,5993840,8,107.99
6780035,5993840,16,107.99
9183784,6814894,25,204.99
7579822,1410895,30,461.99
9190761,9130087,13,98.99
6972401,4141275,6,11.99
8379692,8074418,2,270.99
9948445,5993840,19,107.99
6662612,8150427,5,79.99
5984551,9915844,11,215.99
5129679,8788009,15,1106.99
7543979,5690283,14,213.99
9319910,9130087,10,98.99
8796716,8685283,30,134.99
9158725,9130087,13,98.99
7504110,5022491,8,198.99
8956649,5993840,16,107.99
5394392,1764371,9,123.99
5034067,5611025,17,1014.99
6075412,3924441,2,33.99
7056114,6845817,27,95.99
9033960,5561286,21,120.99
8251466,5382102,18,608.99
8289573,9130087,24,98.99
6300889,4853743,10,153.99
9895906,9651004,8,202.99
9033493,3924441,18,33.99
9384901,2585286,11,130.99
5492415,2356894,22,253.99
6641592,1764371,3,123.99
7364962,5690283,20,213.99
8915878,1371090,26,122.99
8488759,9404780,26,237.99
6500158,9176000,9,17.99
8435252,9001949,27,130.99
7911320,9130087,29,98.99
8072056,8373068,4,105.99
9467140,7798286,7,110.99
9175093,9130087,30,98.99
5864895,3924441,23,33.99
9820985,7595903,17,268.99
6887761,6993323,3,119.99
9216578,1371090,5,122.99
8097346,5022491,5,198.99
8926261,1936248,22,202.99
7903203,4616283,18,29.99
9785869,6302129,20,129.99
7860447,5611025,11,1014.99
7091519,9130087,20,98.99
8842046,8685283,2,134.99
6738711,9458269,4,42.99
7808284,9130087,11,98.99
6983154,8129809,8,283.99
7195779,1764371,6,123.99
5336286,9130087,12,98.99
8915878,6993323,28,119.99
7162975,6993323,2,119.99
6415024,1764371,24,123.99
8332398,4616283,30,29.99
5817866,9936520,1,108.99
8103740,1311230,15,38.99
5361838,8622610,5,82.99
5618230,6198921,16,38.99
8180057,1849218,7,224.99
5645388,3249673,28,22.99
7109630,4110482,21,10.99
7212092,9130087,1,98.99
9269584,5382102,3,608.99
6323004,3924441,14,33.99
7275165,5993840,6,107.99
9582962,6993323,7,119.99
8859792,2191736,28,257.99
6557583,5993840,21,107.99
6550354,5382102,1,608.99
7565310,5690283,9,213.99
9065959,1849218,28,224.99
9843758,1410539,21,273.99
7982358,9130087,18,98.99
8975824,5611025,21,1014.99
9107041,9936520,15,108.99
9968093,5611025,21,1014.99
9088166,6432543,9,13.99
5224924,9647970,21,61.99
5872054,9130087,24,98.99
8209006,4110482,20,10.99
5302271,5993840,1,107.99
5012331,8461227,19,1350.99
7265683,9130087,27,98.99
5877167,3924441,30,33.99
8526938,5993840,27,107.99
9380292,7094200,17,462.99
6441979,6768735,4,176.99
6115565,4488928,4,487.99
7165680,5993840,20,107.99
7928253,6993323,17,119.99
6502122,1371090,9,122.99
7997153,6993323,19,119.99
9716850,1936248,11,202.99
5972559,1764371,20,123.99
7279534,5537392,16,139.99
6304965,8190647,2,133.99
6807423,9130087,16,98.99
9467538,9130087,11,98.99
5193743,6993323,13,119.99
6116586,6993323,26,119.99
9365951,6432543,13,13.99
6776086,9130087,8,98.99
9031086,9130087,25,98.99
5498186,1043761,7,259.99
6366578,7595903,1,268.99
7933129,9130087,29,98.99
7979781,7145123,6,169.99
6814974,9130087,25,98.99
8170088,7595903,27,268.99
6455621,6993323,12,119.99
7489385,6388497,15,158.99
9766767,3924441,16,33.99
6937602,4110482,23,10.99
9010837,6993323,11,119.99
5329476,5993840,11,107.99
8682157,9039716,30,56.99
7023699,5993840,21,107.99
6602474,3924441,15,33.99
7371670,5993840,28,107.99
8131304,7939415,10,210.99
6328948,9404780,18,237.99
6770021,7595903,21,268.99
7779794,6302129,12,129.99
9161918,9130087,7,98.99
5751878,6993323,2,119.99
9753593,6993323,20,119.99
7088818,6388497,6,158.99
5808439,5073777,3,133.99
9695855,7094200,11,462.99
8370816,6993323,12,119.99
5648499,7378365,13,255.99
6518383,5993840,28,107.99
5862353,6891276,26,284.99
5125263,9799204,28,114.99
5613573,3924441,15,33.99
7795389,2743849,29,102.99
9818920,9130087,19,98.99
8621146,9114234,20,186.99
7766965,4084474,5,132.99
8842855,4988130,10,293.99
7280140,8720936,19,101.99
7741728,3790097,25,112.99
6075545,7038449,6,564.99
7766153,9130087,14,98.99
6771381,8061332,17,20.99
9511819,1496862,26,1471.99
5173491,9651004,29,202.99
5534189,3285586,7,269.99
8982954,3807414,18,145.99
6049616,2356894,16,253.99
9847989,6388497,27,158.99
6388799,5382102,20,608.99
9928609,7038449,9,564.99
5278291,9130087,21,98.99
7213225,9130087,9,98.99
8184310,1889468,17,87.99
6303435,7378365,13,255.99
5289114,7860195,27,222.99
8682534,8129809,8,283.99
7245379,2191736,11,257.99
9757084,7595903,11,268.99
6951986,3328381,24,31.99
6328426,5993840,2,107.99
7700119,6993323,28,119.99
5685329,5993840,10,107.99
9456227,6198921,27,38.99
7397257,5993840,5,107.99
5655184,6993323,20,119.99
7943301,9130087,14,98.99
5795968,2369769,12,138.99
7201402,5993840,1,107.99
9098797,1764371,27,123.99
9021015,7939415,16,210.99
9834042,2947653,8,108.99
5689663,6993323,9,119.99
9281258,3810081,21,191.99
5026897,9799204,3,114.99
8682534,6891276,3,284.99
6463322,3924441,26,33.99
9220484,2356894,29,253.99
9383018,3924441,26,33.99
8229003,1764371,30,123.99
8433825,3924441,11,33.99
9889778,9936520,3,108.99
9609919,9130087,25,98.99
6640225,9799204,27,114.99
8984704,4488928,29,487.99
7753935,8685283,7,134.99
5746686,5993840,23,107.99
7536442,3555929,11,256.99
5550129,3924441,27,33.99
8209035,7868274,8,143.99
6641283,6993323,6,119.99
7356274,1667503,26,9.99
9696089,9130087,3,98.99
7084944,3924441,23,33.99
6959992,9350655,24,12.99
9073746,9404780,13,237.99
7830488,6775461,13,86.99
9455716,9647970,9,61.99
7420853,6394044,8,96.99
7489389,1764371,22,123.99
6925872,2347773,20,1158.99
7286151,5993840,9,107.99
7955242,6761371,3,198.99
5431541,5993840,18,107.99
8824795,7595903,8,268.99
8209035,9130087,15,98.99
8962052,7451094,8,12.99
9861602,1764371,16,123.99
5844822,5431811,12,158.99
6365953,5993840,22,107.99
6656923,8488736,14,108.99
7688448,9647970,19,61.99
5220445,6993323,7,119.99
6728075,8852008,8,1077.99
8553479,9130087,1,98.99
7068191,1377555,13,68.99
7616155,4488928,6,487.99
5146681,6993323,13,119.99
5982442,6047451,24,219.99
7921221,1377555,17,68.99
5395695,9130087,15,98.99
7927209,9647970,29,61.99
6223341,7939415,5,210.99
8790410,5690283,7,213.99
7113439,6388497,24,158.99
7904568,9130087,28,98.99
7314778,5993840,5,107.99
5432321,9651004,18,202.99
8798169,6432017,17,105.99
7280140,5022491,27,198.99
5518965,9130087,10,98.99
8294089,5993840,26,107.99
8102679,5993840,25,107.99
6338513,2871779,6,288.99
5483020,7595903,10,268.99
8603818,5993840,28,107.99
6807749,9130087,3,98.99
8647685,8005648,4,187.99
8603818,3924441,25,33.99
7666159,1346668,27,211.99
7658901,7094200,2,462.99
6220446,6993323,26,119.99
9078086,8685283,9,134.99
6980720,3924441,14,33.99
7313565,7595903,17,268.99
6613159,8720936,12,101.99
5234523,1240903,14,293.99
7380621,1371090,16,122.99
7178952,3924441,7,33.99
7736678,9130087,24,98.99
5982024,7725253,22,92.99
9080622,7349533,30,104.99
5920046,6993323,20,119.99
5070406,1371090,4,122.99
8589437,3807414,16,145.99
9262436,9126845,30,125.99
8419097,6993323,24,119.99
5446859,5993840,23,107.99
6422842,8005648,10,187.99
9761865,4541064,18,809.99
8131175,3924441,20,33.99
8070459,2356894,11,253.99
5985095,4084474,9,132.99
6133456,5993840,10,107.99
6885239,5788942,24,1291.99
9080622,6993323,17,119.99
8663309,7344242,11,136.99
7434883,9130087,12,98.99
5119601,9130087,9,98.99
6797395,4616283,26,29.99
8342280,9799204,6,114.99
9573681,9130087,15,98.99
8604170,7030680,18,221.99
7117741,1952719,6,927.99
7006012,3924441,21,33.99
6476297,8622610,27,82.99
7999913,9130087,23,98.99
8152912,3285586,15,269.99
5655239,5993840,5,107.99
7682379,9799204,19,114.99
7146230,9130087,5,98.99
8273205,1764371,12,123.99
9294897,4488928,12,487.99
6021526,1740067,8,215.99
6376256,4488928,12,487.99
8944016,9130087,7,98.99
7192395,5611025,24,1014.99
7205195,9350655,26,12.99
9939230,7868274,25,143.99
6775261,8936261,24,176.99
9565021,5993840,11,107.99
9741746,1849218,21,224.99
9481914,3924441,30,33.99
7272163,5993840,28,107.99
9037684,1619977,21,324.99
6455341,6993323,19,119.99
5383374,6993323,14,119.99
9487804,9039716,14,56.99
6412409,5561286,25,120.99
6553706,4541064,7,809.99
6886162,5382102,5,608.99
8053370,8642680,17,635.99
6013145,1849218,12,224.99
9579786,4488928,5,487.99
8717180,6388497,7,158.99
9107131,8373068,10,105.99
9895906,4267459,6,1370.99
6115277,6891276,5,284.99
7221048,9647970,1,61.99
8952471,9130087,29,98.99
9295533,1901788,21,290.99
7626872,9130087,6,98.99
9985658,6891276,8,284.99
9857225,6993323,30,119.99
6548109,5022491,23,198.99
7308551,9130087,21,98.99
6615481,1764371,4,123.99
6881639,5922388,18,54.99
7195465,6993323,5,119.99
7051952,9651004,30,202.99
5152846,6993323,8,119.99
5109578,5611025,21,1014.99
5151544,8129809,26,283.99
6729313,5819487,14,255.99
6683089,3924441,12,33.99
5715360,5022491,2,198.99
9574796,9551602,3,291.99
6079010,9130087,22,98.99
5724915,5382102,18,608.99
7486771,7094200,16,462.99
8053370,6432543,12,13.99
7742470,5819487,2,255.99
6728075,5788942,30,1291.99
7916656,6993323,13,119.99
5556892,9130087,21,98.99
8762045,6993323,10,119.99
5278395,5993840,5,107.99
8292501,6388497,27,158.99
7087401,1707129,25,203.99
7424918,1764371,4,123.99
5786434,2136852,29,78.99
5048364,4440478,28,242.99
7460233,5993840,19,107.99
7742166,5480097,7,43.99
5775756,2347773,1,1158.99
5653042,3924441,8,33.99
6730057,5518616,18,280.99
5461867,9936520,7,108.99
5601483,3258459,1,119.99
9773180,6822458,14,143.99
5152846,5993840,29,107.99
6724524,6993323,24,119.99
9287769,4634952,10,14.99
8349003,1764371,22,123.99
7489036,6432543,9,13.99
9034230,1860199,30,80.99
7323962,9130087,28,98.99
9357156,3924441,26,33.99
8733567,8292647,4,68.99
6794666,5611025,18,1014.99
9319406,4084474,29,132.99
9119450,3632157,9,280.99
7601324,8852008,11,1077.99
6621501,7344242,8,136.99
5842197,7094200,25,462.99
7687899,4141275,18,11.99
6998420,5319521,1,155.99
9273847,9130087,10,98.99
6165798,3924441,20,33.99
6759403,6993323,9,119.99
8357520,6993323,4,119.99
8215561,8685283,28,134.99
5413206,4141275,4,11.99
6771381,5993840,14,107.99
6612746,9130087,26,98.99
5807812,9130087,24,98.99
6302377,9810442,14,189.99
7337544,5993840,21,107.99
6945747,5561286,19,120.99
7069832,5431811,10,158.99
6826571,5993840,5,107.99
6070556,5431811,4,158.99
6101063,1371090,19,122.99
7408338,3790097,18,112.99
5357570,9055994,24,203.99
7092353,9350655,23,12.99
5089634,6713848,6,219.99
9969552,6993323,20,119.99
6403032,1024094,30,150.99
6901650,1764371,25,123.99
8616128,5561286,14,120.99
8155362,6993323,30,119.99
5618230,9130087,17,98.99
5713263,7798286,4,110.99
8924842,7344242,20,136.99
7354074,9130087,23,98.99
9210958,9936520,9,108.99
5796674,9130087,1,98.99
8502925,6775091,25,1232.99
6649378,6857295,21,1287.99
8623799,9130087,20,98.99
8462308,8642680,1,635.99
6179283,7595903,5,268.99
9332976,9130087,9,98.99
7445288,6775461,2,86.99
7762842,6891276,4,284.99
7191856,7038449,23,564.99
5648502,1720189,26,152.99
6839209,9651004,16,202.99
9134755,3463891,28,89.99
7355398,9130087,23,98.99
6480460,5993840,5,107.99
7406202,3815280,2,117.99
7097170,5611025,12,1014.99
6608628,9130087,2,98.99
9524507,1764371,8,123.99
7583047,6539431,18,210.99
5204842,6993323,17,119.99
5165323,9404780,20,237.99
9806118,9350655,29,12.99
9728054,5993840,15,107.99
9715147,3924441,2,33.99
6541415,5611025,7,1014.99
7235217,7595903,5,268.99
6016342,9651004,13,202.99
6100498,6891276,29,284.99
6855612,9936520,3,108.99
9508907,7451094,12,12.99
9575665,9001949,7,130.99
9735681,3328381,10,31.99
9540198,9130087,18,98.99
5089157,1764371,29,123.99
8393377,9993160,4,60.99
6763081,8685283,17,134.99
5243061,9130087,25,98.99
9060923,6993323,11,119.99
8349003,6993323,2,119.99
7308551,6993323,7,119.99
5804864,6993323,17,119.99
7036369,9275354,14,129.99
6656729,9111723,25,30.99
9569468,9001949,25,130.99
5279945,1707129,9,203.99
8269236,6993323,6,119.99
8628046,6993323,10,119.99
6024872,9130087,18,98.99
7434586,9130087,23,98.99
5037543,8642680,6,635.99
6594384,5800904,12,93.99
7362336,1448697,25,9.99
6066847,9647970,25,61.99
5488360,5793488,3,217.99
6886142,7939415,10,210.99
7525446,1849218,15,224.99
5193455,1764371,3,123.99
5430607,1764371,26,123.99
7438194,2159212,19,139.99
9455096,5993840,4,107.99
8046801,8720936,22,101.99
7706379,7094200,2,462.99
5809031,1764371,13,123.99
6909865,6198921,11,38.99
7515827,3924441,23,33.99
8251401,1359142,20,188.99
5757309,6993323,17,119.99
5244148,7030680,28,221.99
8958620,4139055,7,72.99
5535495,4853743,15,153.99
8047740,3583387,19,168.99
6647507,3328381,26,31.99
6905347,9130087,24,98.99
6571118,1371090,9,122.99
9162868,2483887,7,52.99
7714945,2743849,3,102.99
5777156,3924441,18,33.99
5659322,1764371,25,123.99
6230837,5993840,13,107.99
7635516,5022491,7,198.99
9307952,3924441,20,33.99
7983505,9130087,29,98.99
8024740,7451094,10,12.99
5551108,1764371,2,123.99
8642961,8685283,4,134.99
5653042,1619977,26,324.99
5879529,4567257,9,9.99
7413844,6398912,22,208.99
6241982,3796145,5,56.99
8846486,4488928,19,487.99
6391001,6993323,20,119.99
9208802,9130087,28,98.99
7736100,9350655,13,12.99
7711686,3463891,11,89.99
5082059,7710925,18,1448.99
7688309,3924441,24,33.99
7740838,3328381,26,31.99
8623799,5993840,24,107.99
6159571,9993160,27,60.99
6586581,3924441,12,33.99
8899398,9993160,16,60.99
7468352,4853743,4,153.99
9534171,9130087,5,98.99
7966594,2608578,10,282.99
7511490,4528607,23,17.99
8274649,9651004,3,202.99
7717711,9799204,24,114.99
9382614,9551602,22,291.99
9154423,9130087,19,98.99
7336817,9130087,13,98.99
6606031,2483887,11,52.99
9022718,1936248,13,202.99
5887258,8461227,9,1350.99
7058468,1311230,12,38.99
7807455,3924441,6,33.99
8692543,5993840,19,107.99
7017682,9350655,7,12.99
5572277,1043761,18,259.99
7204303,9130087,17,98.99
8838705,3631108,12,133.99
8829605,4488928,26,487.99
7662016,9130087,17,98.99
9787718,5993840,18,107.99
5267479,1764371,23,123.99
5556087,5561286,10,120.99
8472309,7344242,18,136.99
7644956,5611025,1,1014.99
7470592,9350655,29,12.99
7592823,1764371,17,123.99
5080541,3924441,2,33.99
6652569,9130087,22,98.99
8739413,5537392,21,139.99
9263926,9130087,2,98.99
9415651,3328381,11,31.99
9793527,3810081,20,191.99
5561816,3810081,12,191.99
5682272,9130087,27,98.99
6395257,2369769,17,138.99
9983183,6993323,25,119.99
7451580,7939415,12,210.99
8903637,9130087,23,98.99
9673207,4616283,27,29.99
7218608,2136852,23,78.99
9909864,3328381,1,31.99
6300889,9130087,3,98.99
5139759,6388497,1,158.99
5138545,4988130,23,293.99
5771770,5180754,5,106.99
5090899,9350655,11,12.99
5462713,5785274,10,18.99
8055887,1764371,10,123.99
9279058,6432017,20,105.99
7791966,1936248,25,202.99
5399726,9523217,3,174.99
9360428,1377555,11,68.99
9342948,9130087,4,98.99
7578678,5993840,8,107.99
9484600,5922388,5,54.99
9975757,5182998,16,262.99
9486241,5518616,5,280.99
5699361,7094200,16,462.99
5259684,6993323,8,119.99
9059280,4267459,23,1370.99
5519539,3029870,21,1151.99
9012543,7445367,24,137.99
8322315,9130087,21,98.99
6367414,5416755,1,37.99
8929225,1764371,2,123.99
6339890,4139055,20,72.99
6729957,9936520,8,108.99
5719047,4634952,6,14.99
7734756,5611025,29,1014.99
9927515,7939415,1,210.99
9427741,5993840,27,107.99
7371279,5993840,29,107.99
5240781,9130087,20,98.99
5431541,6993323,20,119.99
7521716,3463891,16,89.99
8100081,4139055,10,72.99
6641580,3924441,22,33.99
7818981,1957962,29,605.99
7892588,8150427,7,79.99
7221321,6993323,3,119.99
9168435,2350595,3,264.99
6115277,2585286,11,130.99
9511819,9275354,22,129.99
7612763,6171636,25,199.99
9294033,3924441,20,33.99
8555876,9130087,6,98.99
5701526,9130087,22,98.99
6340801,6964179,25,127.99
5521104,9130087,27,98.99
6658185,1936248,25,202.99
6383794,8788009,10,1106.99
8284147,3285586,19,269.99
6777535,6993323,20,119.99
8833028,1764371,20,123.99
8426794,2347773,26,1158.99
7927131,9130087,23,98.99
9817717,1764371,9,123.99
7863680,7268157,8,175.99
5319276,9651004,21,202.99
8558429,1901788,24,290.99
6958252,5480097,8,43.99
7440716,5382102,27,608.99
5423819,9799204,23,114.99
8330200,5993840,17,107.99
6092503,5993840,20,107.99
6311822,5416755,1,37.99
7916230,9130087,19,98.99
5109211,5518616,4,280.99
8019138,9651004,5,202.99
6651094,3463891,15,89.99
8857730,3285586,22,269.99
8696021,3595166,4,154.99
8481757,7451094,21,12.99
9168006,9055994,9,203.99
6140389,8061332,21,20.99
5786703,9936520,30,108.99
5818903,4488928,28,487.99
6409536,3673208,18,270.99
7092267,3924441,29,33.99
5144213,2893282,2,205.99
9313644,9130087,10,98.99
9830675,8471578,6,173.99
5278291,3713494,8,246.99
6606031,3924441,13,33.99
8425914,6047451,27,219.99
7389425,6822458,23,143.99
5995739,5382102,25,608.99
6997433,3924441,12,33.99
7985689,6388497,30,158.99
7255949,5800904,21,93.99
7715038,4488928,19,487.99
6452709,3924441,6,33.99
8019899,8259861,1,196.99
9013486,1496862,18,1471.99
8371573,9130087,21,98.99
7616294,5404767,7,88.99
8599055,6993323,15,119.99
8969682,6891276,7,284.99
5538593,6993323,16,119.99
6088417,9130087,12,98.99
5812169,9651004,25,202.99
8530439,9130087,5,98.99
9154423,7939415,1,210.99
6505844,1849218,17,224.99
9082452,5480097,17,43.99
6134770,3029870,9,1151.99
5633339,4488928,15,487.99
9529364,8005648,10,187.99
8742222,3924441,3,33.99
7159107,8685283,12,134.99
5848325,2743849,26,102.99
8956649,4440478,24,242.99
5032034,6993323,17,119.99
5029596,6993323,15,119.99
6710354,7451094,21,12.99
6384243,9651004,4,202.99
7555980,5514983,30,244.99
7448121,8685283,9,134.99
5022804,9799204,23,114.99
8538570,5382102,25,608.99
6310378,6394044,9,96.99
6936892,3128835,18,246.99
5746686,9130087,29,98.99
9881095,1496862,27,1471.99
7715453,3815280,24,117.99
6376811,9558900,19,263.99
6863232,2743849,12,102.99
7925780,6993323,25,119.99
5677198,5785274,19,18.99
7226793,9799204,21,114.99
8699524,9130087,15,98.99
8197185,8720936,28,101.99
9830591,9130087,23,98.99
7772452,1849218,9,224.99
6121754,9799204,19,114.99
8254056,5993840,13,107.99
6593750,9130087,14,98.99
8894781,4141275,4,11.99
5715061,3328381,15,31.99
5197068,3924441,23,33.99
7969195,9275354,25,129.99
5076862,4488928,14,487.99
7338958,4488928,21,487.99
8958794,6993323,13,119.99
9098295,9130087,14,98.99
9771479,4541064,8,809.99
8320074,1371090,3,122.99
8696534,5993840,20,107.99
6664375,7030680,24,221.99
5543548,9130087,21,98.99
6867203,8685283,19,134.99
8992350,9799204,4,114.99
6100498,3583387,25,168.99
9722805,9055994,1,203.99
8624280,5561286,15,120.99
9567393,3328381,4,31.99
9046657,4141275,2,11.99
9441456,3924441,21,33.99
8507469,1764371,21,123.99
9597003,5690283,17,213.99
7772911,5382102,4,608.99
7058945,5319521,10,155.99
9060345,4616283,11,29.99
5021646,8471578,29,173.99
7239264,9936520,15,108.99
8917142,5561286,3,120.99
5461761,7595903,30,268.99
8330421,6993323,18,119.99
5430236,5993840,4,107.99
7788976,6993323,8,119.99
8023048,7868274,9,143.99
7482318,3555929,6,256.99
5220858,2159212,21,139.99
8511407,3463891,1,89.99
5459813,7595903,1,268.99
7450411,5382102,27,608.99
6681396,1764371,1,123.99
6332818,5611025,22,1014.99
9425331,6993323,11,119.99
9059668,6993323,15,119.99
5940142,4440478,25,242.99
6874759,6993323,1,119.99
8221071,4267459,23,1370.99
7413700,1410539,3,273.99
9581747,3924441,14,33.99
5854871,5518616,17,280.99
6822111,9936520,11,108.99
7829675,2191736,21,257.99
7259426,9647970,23,61.99
5507064,8061332,12,20.99
9831522,1371090,10,122.99
8729133,6993323,13,119.99
8193120,6993323,29,119.99
8933228,1043761,29,259.99
8982954,6775091,12,1232.99
7855357,5993840,29,107.99
6644044,6993323,7,119.99
9938381,6761371,29,198.99
7011872,3632157,6,280.99
6100312,9130087,26,98.99
6092503,3328381,3,31.99
9110077,7378365,25,255.99
7468309,6993323,27,119.99
9240578,5561286,1,120.99
6207045,6993323,7,119.99
6194621,5022491,18,198.99
5724915,6993323,25,119.99
8606738,1764371,24,123.99
5040429,6993323,18,119.99
9456626,6157224,6,217.99
5629860,6993323,6,119.99
8558938,8074418,1,270.99
5919788,3328381,29,31.99
8555479,1901788,4,290.99
6416265,2483887,21,52.99
8682635,6993323,12,119.99
5445216,6198921,5,38.99
5246238,9130087,28,98.99
8161077,9936520,10,108.99
8337002,2743849,23,102.99
7156364,8119368,24,132.99
5094857,5993840,2,107.99
7087401,2743849,3,102.99
6473004,4110482,8,10.99
6346340,7041303,18,64.99
7654272,2191736,3,257.99
6440323,3631108,1,133.99
6379027,1410895,22,461.99
9299238,1849218,20,224.99
8756152,3463891,16,89.99
5886946,3924441,8,33.99
6862126,3924441,2,33.99
8503259,6993323,5,119.99
8946315,9658470,3,15.99
9433083,5690283,22,213.99
5184355,5993840,13,107.99
5726867,9534966,6,1038.99
9269584,3631108,13,133.99
7067657,5004197,24,1328.99
8262636,6993323,5,119.99
5850113,2483887,9,52.99
5173958,7595903,9,268.99
9292662,9130087,16,98.99
8953480,3271965,16,1122.99
6421736,9130087,12,98.99
8053370,6993323,30,119.99
8484555,9350655,1,12.99
5036681,1764371,21,123.99
6608628,3924441,10,33.99
9154624,3161704,3,127.99
5214762,6993323,2,119.99
7923382,3924441,11,33.99
5152846,3463891,15,89.99
8337296,6993323,11,119.99
7106396,9130087,1,98.99
9855876,5993840,7,107.99
9772974,7344242,22,136.99
6070505,1410539,30,273.99
9853731,9130087,24,98.99
8366979,1496862,28,1471.99
8917473,3924441,21,33.99
7551244,3924441,13,33.99
6201154,5505271,13,170.99
8357256,5993840,8,107.99
9423330,6993323,16,119.99
9868641,8292647,29,68.99
7630010,3713494,25,246.99
7691822,5993840,10,107.99
5263160,8936261,30,176.99
6798213,5993840,3,107.99
5824475,9130087,8,98.99
5399726,7145123,15,169.99
7425727,6388497,21,158.99
6945747,7094200,13,462.99
8384298,9130087,8,98.99
5445146,9130087,30,98.99
5549268,6993323,22,119.99
6079010,6993323,4,119.99
5511183,6993323,24,119.99
6797786,5022491,22,198.99
9240578,9130087,20,98.99
9267911,1901788,7,290.99
7511490,9534966,12,1038.99
9086118,5993840,23,107.99
8014530,5993840,14,107.99
7701812,1764371,10,123.99
5984392,1849218,25,224.99
5419302,7481689,27,195.99
9295271,3258459,9,119.99
7678621,4528607,10,17.99
5649354,6761371,16,198.99
5726778,6498667,26,225.99
8786258,6993323,8,119.99
6092686,6775091,7,1232.99
9742696,1371090,27,122.99
5282107,7860195,10,222.99
6559611,7595903,8,268.99
7213225,5382102,17,608.99
9615910,6993323,1,119.99
6419973,3924441,25,33.99
6466659,2347773,11,1158.99
8089013,1619977,25,324.99
5729079,9130087,12,98.99
5094332,8685283,4,134.99
6425938,5611025,28,1014.99
5849199,1410895,14,461.99
6880432,9130087,25,98.99
6568393,6388497,15,158.99
5416904,9651004,27,202.99
7317659,9130087,23,98.99
5495728,5993840,25,107.99
6494322,4440478,23,242.99
7272163,4488928,22,487.99
8408651,2865954,17,19.99
5400565,9647970,5,61.99
9005621,9409580,10,43.99
9740457,6993323,1,119.99
8209006,2743849,10,102.99
8764797,4488928,30,487.99
6464942,5518616,5,280.99
8636458,3810081,5,191.99
6075545,5993840,29,107.99
5418355,5785274,28,18.99
7799013,9130087,19,98.99
9350163,7344242,8,136.99
6647881,6507937,21,216.99
6480460,9647970,11,61.99
8916343,5993840,10,107.99
8983464,1764371,5,123.99
6814760,6198921,23,38.99
7417798,6993323,24,119.99
9420244,9130087,17,98.99
7898577,7094200,6,462.99
6278461,8119368,4,132.99
9037315,9130087,20,98.99
9793619,5993840,5,107.99
8920592,6993323,18,119.99
8310927,5485779,5,178.99
5441535,3924441,14,33.99
9533615,3810081,20,191.99
8512571,4488928,5,487.99
9280082,3631108,14,133.99
7687899,1764371,28,123.99
6473970,5922388,8,54.99
9923867,9130087,19,98.99
7213225,6993323,18,119.99
6216869,4488928,23,487.99
7088478,7595903,5,268.99
9288343,8538411,7,239.99
7741635,5561286,26,120.99
7314778,8622610,7,82.99
6973938,9130087,29,98.99
8636379,6993323,30,119.99
6909865,9130087,4,98.99
8025939,3328381,14,31.99
9959378,7451094,28,12.99
6745284,1240903,17,293.99
5228972,5022491,25,198.99
6168921,8935201,15,52.99
9700258,9130087,19,98.99
9156182,4488928,24,487.99
8096678,6993323,10,119.99
8212047,9130087,4,98.99
8270219,1849218,19,224.99
6390764,5518616,15,280.99
8116549,6388497,15,158.99
8399450,5611025,8,1014.99
5044843,6993323,7,119.99
7559523,5611025,20,1014.99
8691374,7939415,30,210.99
8256859,5561286,16,120.99
8865125,5022491,13,198.99
5313036,2356894,12,253.99
7342391,1043761,17,259.99
6231628,1849218,4,224.99
6901383,9523217,26,174.99
6031908,8685283,2,134.99
8502925,6157224,29,217.99
6748714,2081866,17,540.99
8467140,9130087,7,98.99
6273891,6993323,28,119.99
6869851,9130087,28,98.99
5482459,2356894,17,253.99
5716745,9130087,3,98.99
6497753,4084474,14,132.99
9685647,5993840,23,107.99
5315906,4267459,6,1370.99
7582447,5382102,23,608.99
5310860,5993840,11,107.99
8502925,7030680,10,221.99
8775747,5518357,10,10.99
7928253,6198921,7,38.99
6796665,3924441,18,33.99
6365953,6198921,6,38.99
6981456,3796145,3,56.99
7547116,2865954,8,19.99
9924166,7595903,22,268.99
7982358,5785274,30,18.99
5516318,6993323,8,119.99
5746035,8788009,15,1106.99
9455716,5182998,9,262.99
6972566,6845131,22,107.99
6635524,9130087,13,98.99
8217811,6591855,16,53.99
7190378,1860199,15,80.99
9868082,4488928,25,487.99
8455484,6993323,12,119.99
9154423,1078329,7,75.99
6195297,5382102,27,608.99
8543932,6993323,28,119.99
8245053,1448697,6,9.99
6938263,1764371,28,123.99
8776578,6814894,5,204.99
9373583,1764371,29,123.99
6193775,2369769,29,138.99
7519284,6388497,16,158.99
7749473,5993840,7,107.99
9046536,9651004,20,202.99
8223529,9130087,4,98.99
7425151,1754339,20,138.99
8518805,5993840,19,107.99
9552882,9130087,18,98.99
6473004,7032073,1,255.99
8991391,1764371,17,123.99
9460936,1764371,12,123.99
9810109,3924441,20,33.99
5734647,5993840,10,107.99
7946394,3924441,13,33.99
6965918,4488928,21,487.99
8736290,3807414,12,145.99
6445662,4141275,17,11.99
6348590,6845817,10,95.99
8546931,5993840,10,107.99
6640225,4141275,20,11.99
5413274,9404780,29,237.99
9918718,5416755,26,37.99
5126923,4141275,10,11.99
6847675,5382102,10,608.99
8569737,5993840,3,107.99
8416901,9350655,10,12.99
8269904,6388497,10,158.99
6809108,2356894,26,253.99
9236476,8471578,24,173.99
9245257,8664356,13,180.99
9456626,6761371,17,198.99
6611800,9130087,14,98.99
6830977,9350655,25,12.99
7753935,8852008,8,1077.99
9673999,9130087,14,98.99
5282448,6993323,24,119.99
5670496,1371090,29,122.99
8892134,5993840,17,107.99
7960780,3463891,10,89.99
7595226,3924441,28,33.99
9999099,3810081,25,191.99
5280863,6539431,13,210.99
6938813,6993323,26,119.99
7923382,4488928,7,487.99
5117441,5611025,11,1014.99
8608519,6993323,26,119.99
9729817,2585286,2,130.99
5938700,5993840,7,107.99
7944867,7344242,28,136.99
5887258,5993840,16,107.99
6893142,5993840,19,107.99
9687647,3328381,13,31.99
7317950,1849218,21,224.99
5995448,8471578,4,173.99
9098052,6993323,16,119.99
6052159,6761371,2,198.99
9342849,5561286,21,120.99
5811651,6993323,19,119.99
8473329,1764371,4,123.99
7891893,4488928,9,487.99
5620819,9647970,14,61.99
6889845,6657060,2,268.99
5738539,4488928,9,487.99
6427403,9130087,17,98.99
7658901,1240903,21,293.99
7407084,7725253,28,92.99
6047838,3810081,30,191.99
9890147,5518616,16,280.99
9840040,3924441,9,33.99
5426571,9039716,7,56.99
8587041,7595903,9,268.99
9508403,1936248,6,202.99
9889698,3924441,1,33.99
6171191,9130087,29,98.99
7480935,8998249,8,156.99
9578742,7094200,13,462.99
6831762,8129809,9,283.99
9631967,6993323,4,119.99
6978799,9191471,14,10.99
9327627,9651004,3,202.99
6870967,6775091,29,1232.99
7736560,7451094,23,12.99
5738125,7595903,15,268.99
8178128,9130087,3,98.99
7891893,3924441,24,33.99
5981207,6993323,10,119.99
7356121,7798286,10,110.99
6932878,3924441,26,33.99
5197186,7939415,9,210.99
7968676,3631108,29,133.99
6026307,5993840,24,107.99
9132306,3810081,11,191.99
6750396,9275354,23,129.99
5830082,4853743,4,153.99
6700143,6993323,24,119.99
9368815,4139055,19,72.99
9944550,5561286,17,120.99
8339790,8685283,9,134.99
8868881,9936520,8,108.99
6578653,7451094,6,12.99
6019575,3328381,12,31.99
6334201,5611025,2,1014.99
5174853,5191718,18,96.99
9582962,8664356,16,180.99
6644330,3924441,30,33.99
5984015,6388497,24,158.99
6184507,9130087,15,98.99
5692424,9130087,26,98.99
6230837,5454439,15,84.99
9120109,9130087,7,98.99
9347441,9130087,9,98.99
7825712,9350655,6,12.99
7715453,7595903,18,268.99
6359824,9130087,3,98.99
8638053,1764371,28,123.99
6308066,9130087,2,98.99
9590160,5800904,30,93.99
9095203,6964179,17,127.99
9819152,6388497,14,158.99
5688960,4853743,2,153.99
5725359,3924441,1,33.99
6100498,9350655,7,12.99
9471466,1936248,15,202.99
6057294,9130087,22,98.99
8714636,7674515,10,275.99
9631967,9130087,19,98.99
9612594,9130087,24,98.99
6616613,3924441,18,33.99
5575319,1377555,7,68.99
9449042,9651004,22,202.99
7389915,9130087,18,98.99
8585495,1371090,3,122.99
6743556,9658470,2,15.99
7931578,6993323,27,119.99
5184845,6993323,25,119.99
8067387,5993840,26,107.99
9244244,6388497,2,158.99
8488468,4634952,15,14.99
6500158,1901788,16,290.99
8712712,1043761,23,259.99
8181337,7041303,21,64.99
7425727,6993323,1,119.99
6709609,3924441,4,33.99
5658565,3790097,12,112.99
8733567,6993323,1,119.99
7572238,6993323,23,119.99
5054658,1764371,2,123.99
8736290,6993323,29,119.99
5516706,9130087,23,98.99
8893661,4616283,13,29.99
6718736,9130087,27,98.99
5887386,7094200,19,462.99
8011526,5993840,13,107.99
9757350,3595166,22,154.99
8214447,6198921,10,38.99
8371573,8129809,10,283.99
9057676,7710925,26,1448.99
6765833,7595903,8,268.99
9322498,1849218,13,224.99
5209562,5993840,21,107.99
7320386,6993323,3,119.99
7821087,5993840,16,107.99
8245513,9651004,18,202.99
5350268,5993840,16,107.99
5348064,6761371,22,198.99
5183720,3258459,29,119.99
5771118,1764371,6,123.99
9073746,5518616,30,280.99
8173762,3595166,7,154.99
9726617,9130087,3,98.99
8910724,5518616,21,280.99
9909864,7038449,18,564.99
6311898,4488928,12,487.99
8923449,1410895,26,461.99
6614626,9130087,22,98.99
8220877,9130087,25,98.99
8257085,8720936,16,101.99
8097243,3924441,7,33.99
6695339,5993840,30,107.99
5064843,6567738,17,186.99
6207110,4488928,24,487.99
5263882,8524120,14,178.99
7246010,5993840,22,107.99
9950213,1998397,4,111.99
9273847,5993840,20,107.99
8902734,5993840,3,107.99
9820930,6993323,29,119.99
9158481,6993323,13,119.99
9450879,8292647,11,68.99
7404110,1764371,19,123.99
9108571,1410539,27,273.99
5268011,5561286,26,120.99
7406673,5191718,16,96.99
5611197,5993840,12,107.99
6078662,9799204,2,114.99
8681279,6993323,15,119.99
9250185,9130087,22,98.99
8986017,9176000,23,17.99
8020151,9130087,11,98.99
8829605,3924441,9,33.99
8177631,7939415,29,210.99
8461967,7569752,5,21.99
8572906,4488928,24,487.99
7830235,6993323,7,119.99
5125263,7094200,4,462.99
6771480,6993323,8,119.99
8182946,7725253,2,92.99
9142267,7595903,23,268.99
5198869,5993840,9,107.99
8065411,3924441,2,33.99
5997208,5993840,15,107.99
9538304,6198921,27,38.99
5341716,9130087,8,98.99
6303022,7451094,22,12.99
6498300,9534966,16,1038.99
7354094,5611025,2,1014.99
8507451,3807414,3,145.99
5807732,6993323,5,119.99
8760890,2893282,23,205.99
9162412,8150427,1,79.99
7242135,9130087,13,98.99
8397478,6993323,20,119.99
7207663,4616283,8,29.99
9719908,9936520,16,108.99
5060445,6993323,25,119.99
5885534,4488928,28,487.99
8989596,6198921,27,38.99
9041936,4488928,17,487.99
5062454,1410539,6,273.99
8053709,3463891,2,89.99
5265469,8538411,5,239.99
8258189,6993323,13,119.99
9708585,7451094,19,12.99
5572277,8642680,3,635.99
6112658,6993323,6,119.99
8828518,8998249,13,156.99
6323746,3810081,24,191.99
6864552,1764371,26,123.99
6641283,4853743,7,153.99
9417838,6993323,7,119.99
7227281,9130087,14,98.99
9174384,8998249,23,156.99
8666157,6768735,10,176.99
7029191,1371090,2,122.99
6567320,7349533,26,104.99
6476354,3924441,2,33.99
6039483,8841285,2,229.99
8672391,8661944,21,160.99
7736959,6993323,4,119.99
9670551,9130087,10,98.99
7943263,3807414,12,145.99
9333512,1764371,28,123.99
7101307,6891276,11,284.99
5777423,7451094,1,12.99
5664049,5788942,16,1291.99
8153059,5993840,28,107.99
8576396,3924441,11,33.99
9746189,6993323,8,119.99
6000635,8129809,13,283.99
7798963,3258459,26,119.99
5982024,3924441,9,33.99
7838092,3249673,21,22.99
8333872,1901788,11,290.99
7434549,9130087,30,98.99
6935855,4488928,2,487.99
5396760,4616283,17,29.99
6185110,3924441,3,33.99
9747691,7595903,23,268.99
9421237,7094200,7,462.99
8903308,9130087,23,98.99
5839650,6993323,18,119.99
5855692,6993323,16,119.99
8863536,5382102,1,608.99
5446859,5022491,28,198.99
7006745,6198921,26,38.99
5511183,9523217,18,174.99
8867406,8488736,20,108.99
7321617,5993840,24,107.99
8968084,3632157,12,280.99
7280140,6993323,26,119.99
5703174,3924441,13,33.99
7652020,8524120,11,178.99
6933160,6695201,18,200.99
7685488,1764371,21,123.99
9077707,9130087,13,98.99
9772974,7451094,8,12.99
8163609,5993840,8,107.99
8161671,6388497,17,158.99
7798963,9409580,2,43.99
9320450,5611025,7,1014.99
5765049,7595903,16,268.99
6870807,6388497,12,158.99
9060661,1936248,26,202.99
9325777,9130087,6,98.99
6494015,6993323,9,119.99
6937602,2893282,23,205.99
8889783,9130087,18,98.99
6676297,1764371,25,123.99
7825712,5505271,12,170.99
7006012,6539431,28,210.99
6728312,5611025,19,1014.99
8558102,4528607,30,17.99
7791509,5993840,4,107.99
9126845,5382102,18,608.99
9596361,7595903,19,268.99
9241672,1764371,18,123.99
5012078,9130087,26,98.99
6725050,1901788,6,290.99
5480148,3924441,21,33.99
6428082,1764371,14,123.99
7554842,5611025,19,1014.99
8153059,9130087,25,98.99
6854563,1311230,2,38.99
9201295,3713494,1,246.99
9089385,9647970,30,61.99
6737745,5022491,23,198.99
8370816,3790097,28,112.99
8910243,9001949,20,130.99
6951141,9130087,19,98.99
7281657,3328381,30,31.99
9267410,4616283,2,29.99
5525205,9523217,9,174.99
5294419,5518616,28,280.99
5054301,3810081,19,191.99
7600831,2483887,5,52.99
6725050,6993323,1,119.99
8553671,5800904,9,93.99
8072056,7595903,18,268.99
7937556,4139055,2,72.99
5809747,3807414,28,145.99
7286151,1764371,12,123.99
7798024,7094200,12,462.99
7378452,5800904,20,93.99
9847989,5993840,1,107.99
6458454,3215115,22,284.99
7157241,3924441,28,33.99
9834729,4488928,2,487.99
8948226,9130087,23,98.99
8875941,5993840,30,107.99
8577211,4488928,29,487.99
6010766,8720936,25,101.99
7585153,6198921,25,38.99
5715061,6993323,26,119.99
6551168,9176000,23,17.99
8127920,5382102,7,608.99
6203576,9993160,5,60.99
8745136,2350595,24,264.99
6518383,6891276,23,284.99
6545669,6993323,21,119.99
6643916,9130087,7,98.99
8509798,2356894,8,253.99
6366578,5993840,2,107.99
7820280,7038449,10,564.99
6840576,9130087,7,98.99
9380292,1024094,28,150.99
5598832,9350655,10,12.99
7424087,3807414,1,145.99
7372898,5518357,25,10.99
9683828,9130087,12,98.99
5488449,2356894,14,253.99
6206136,1707129,9,203.99
7687865,9130087,12,98.99
7229299,9130087,13,98.99
9425331,3328381,24,31.99
5062144,4141244,5,280.99
5208139,9130087,11,98.99
5125263,7030680,9,221.99
7334231,6993323,28,119.99
8488759,3810081,18,191.99
7766965,1957962,1,605.99
6954476,2191736,21,257.99
9863415,5993840,5,107.99
8408541,9130087,23,98.99
8889068,5993840,10,107.99
9295888,2608578,10,282.99
6557583,2608578,11,282.99
8156697,3924441,2,33.99
9223033,5993840,8,107.99
5437777,6993323,24,119.99
7472600,6993323,1,119.99
9822020,9404780,14,237.99
5056438,9130087,27,98.99
7362997,3924441,8,33.99
8129598,9647970,23,61.99
6886701,9470648,2,265.99
8256143,5993840,16,107.99
7481126,9275354,30,129.99
8056218,5993840,8,107.99
5619712,8129809,30,283.99
5937074,9130087,1,98.99
9373583,4139055,27,72.99
9435426,4634952,28,14.99
9727732,1371090,8,122.99
8459966,2191736,8,257.99
8054656,1764371,16,123.99
8527461,6911462,15,257.99
7428749,5993840,13,107.99
8684037,9130087,21,98.99
7006361,5993840,17,107.99
9328593,3924441,23,33.99
7173054,5611025,5,1014.99
6177326,1764371,8,123.99
7195433,1619977,25,324.99
6783180,9130087,1,98.99
9366286,9130087,8,98.99
7359611,5611025,12,1014.99
7784279,1849218,12,224.99
7482920,9130087,25,98.99
6175904,8129809,24,283.99
9039815,2447751,14,113.99
6997433,6198921,5,38.99
5563292,4708863,18,91.99
7703180,5993840,15,107.99
8827222,1764371,25,123.99
5265605,1410895,3,461.99
6500441,9275354,23,129.99
5220430,9647970,23,61.99
8577654,9130087,12,98.99
8760521,9130087,26,98.99
9207390,2865954,29,19.99
5397073,5993840,19,107.99
6135321,5611025,8,1014.99
5348900,6993323,4,119.99
5477671,1764371,1,123.99
5986596,4488928,4,487.99
5014295,6993323,29,119.99
9002925,9993160,30,60.99
9908533,9130087,12,98.99
8501583,5993840,13,107.99
8162624,5993840,2,107.99
8189883,6572260,1,54.99
5642512,5993840,22,107.99
6822947,6198921,17,38.99
8161671,6198921,18,38.99
6685404,3810081,16,191.99
8828518,4359354,11,479.99
9996143,5993840,10,107.99
7445288,3810081,8,191.99
5725679,8720936,4,101.99
9094662,6891276,3,284.99
6579914,8685283,16,134.99
6112258,9647970,1,61.99
7829875,9409580,26,43.99
6499726,3249673,7,22.99
7360144,2356894,3,253.99
8764985,5993840,2,107.99
8638368,1764371,8,123.99
6257026,5611025,29,1014.99
9970585,6993323,8,119.99
8403174,7725253,20,92.99
5477671,8061332,1,20.99
9311371,6993323,6,119.99
7313565,1410539,21,273.99
5419364,5993840,23,107.99
5510546,7030680,20,221.99
6905347,1764371,8,123.99
6225924,9130087,22,98.99
5209562,5319521,9,155.99
8030861,7041303,26,64.99
9135691,6388497,16,158.99
9308763,4488928,12,487.99
7158195,6171636,15,199.99
8342280,1754339,9,138.99
6225580,2081866,25,540.99
9154565,4139055,25,72.99
6863232,7595903,7,268.99
8342962,6993323,3,119.99
6206452,4110482,21,10.99
8477611,5561286,15,120.99
9606247,9130087,3,98.99
7029375,6993323,21,119.99
6028128,3924441,1,33.99
7237427,8788009,14,1106.99
5822459,7349533,26,104.99
9365315,7094200,14,462.99
8741881,9111723,21,30.99
8924842,1024094,7,150.99
9546417,3796145,25,56.99
5906345,9275354,12,129.99
6758358,2356894,7,253.99
7854351,1764371,29,123.99
9557812,1764371,14,123.99
7690444,3810081,12,191.99
8189991,7595903,25,268.99
7539540,6993323,1,119.99
7474304,2347773,15,1158.99
7568700,4616283,19,29.99
8615538,6198921,22,38.99
7346774,3796145,26,56.99
9621702,6993323,23,119.99
5558184,3161704,22,127.99
9797091,6993323,30,119.99
6255492,6198921,27,38.99
8517818,5993840,22,107.99
5090339,8074418,21,270.99
9145189,3924441,30,33.99
9454165,9130087,17,98.99
6121207,5993840,25,107.99
5674653,5993840,18,107.99
5693310,9392268,26,150.99
7473803,1936248,19,202.99
7389923,5993840,17,107.99
6909762,2347773,23,1158.99
9366349,6198921,21,38.99
8509798,8685283,25,134.99
8037918,9647970,5,61.99
5070835,9651004,4,202.99
8543932,5993840,18,107.99
8909686,6891276,13,284.99
6309869,5993840,26,107.99
7829675,9647970,16,61.99
6603641,8119368,10,132.99
8064808,8005648,8,187.99
6978799,8685283,23,134.99
8251911,1764371,14,123.99
6803377,1764371,5,123.99
9745822,2191736,22,257.99
6129362,8129809,21,283.99
6863243,1764371,12,123.99
5660769,5073777,27,133.99
6003519,6845817,24,95.99
7234358,7595903,23,268.99
5954091,9114234,5,186.99
9771479,3815280,15,117.99
7136297,6891276,17,284.99
9207390,6171832,24,295.99
7109093,3328381,9,31.99
5400333,5993840,3,107.99
8495090,6993323,12,119.99
6848614,3328381,30,31.99
7464072,8129809,11,283.99
6480438,1764371,5,123.99
5996221,8642680,4,635.99
8591991,6993323,26,119.99
7213242,7451094,29,12.99
6671598,9130087,12,98.99
9603783,4488928,9,487.99
5066018,6993323,2,119.99
9328593,6432017,26,105.99
6221792,1619977,24,324.99
7451762,9130087,25,98.99
7373292,7344242,30,136.99
6302377,1764371,22,123.99
5238261,4141275,18,11.99
9109548,1936248,19,202.99
9612649,9130087,16,98.99
8783692,9130087,29,98.99
6115565,3924441,12,33.99
8681037,4488928,12,487.99
8600914,5518616,19,280.99
5922579,5611025,24,1014.99
6909865,1936248,30,202.99
5418355,3631108,28,133.99
6640898,4567257,7,9.99
9585598,5022491,26,198.99
6682478,5611025,19,1014.99
9241672,9130087,12,98.99
6362134,6857295,12,1287.99
8412767,9130087,30,98.99
8562369,3632157,26,280.99
9342948,1764371,21,123.99
8846486,9130087,21,98.99
5159877,5022491,20,198.99
6623437,5611025,16,1014.99
5625217,6993323,27,119.99
9834042,1410895,2,461.99
8501560,5993840,25,107.99
8212047,1619977,30,324.99
9373846,9130087,5,98.99
9305576,3632157,25,280.99
6969149,6814894,11,204.99
6348846,3807414,15,145.99
6744300,3807414,8,145.99
6710381,9993160,13,60.99
5173491,9130087,26,98.99
9595631,2893282,6,205.99
5193743,4488928,5,487.99
8453911,4139055,24,72.99
6323952,7595903,26,268.99
5777261,5611025,30,1014.99
9014768,9130087,15,98.99
9461553,6964179,18,127.99
5860667,1936248,12,202.99
8973805,5993840,13,107.99
6111540,4488928,26,487.99
9574156,6845131,20,107.99
6092503,1998397,3,111.99
7356472,3924441,20,33.99
8848637,9647970,7,61.99
6915939,6498667,22,225.99
9750403,7595903,1,268.99
6866795,3713494,1,246.99
9797370,4616283,26,29.99
7232782,7595903,25,268.99
9010837,7595903,12,268.99
5033356,5611025,3,1014.99
5663843,8259861,18,196.99
9101275,8685283,29,134.99
8709208,9651004,19,202.99
6975961,6388497,23,158.99
9060345,6388497,23,158.99
7625762,6198921,16,38.99
5877066,9130087,30,98.99
8745136,6539431,9,210.99
5695577,8685283,14,134.99
8891971,3595166,22,154.99
6101452,7094200,19,462.99
8245053,6993323,5,119.99
9513871,1764371,1,123.99
6755249,4634952,2,14.99
8478012,1764371,12,123.99
9574671,9130087,18,98.99
6945237,8074418,27,270.99
7968732,8471578,13,173.99
6644702,6993323,18,119.99
5138545,6775091,26,1232.99
6757583,3790097,9,112.99
7791509,6993323,18,119.99
5335426,5993840,15,107.99
8405890,4853743,5,153.99
8666157,9130087,5,98.99
5242194,6993323,11,119.99
8614748,6993323,3,119.99
9557812,1043761,11,259.99
9939230,1936248,30,202.99
8399484,6388497,27,158.99
7420436,7939415,8,210.99
7739857,9350655,28,12.99
9989651,1952719,7,927.99
7350985,6398912,28,208.99
5290609,5788942,25,1291.99
6415024,6822458,21,143.99
6460286,9176000,7,17.99
8678858,9130087,8,98.99
6144191,8685283,25,134.99
5816840,5611025,21,1014.99
5423507,7038449,16,564.99
7856924,1764371,8,123.99
8553697,9111723,7,30.99
7029698,2865954,10,19.99
7246162,1371090,5,122.99
5001034,1860199,23,80.99
6656729,6388497,1,158.99
5025431,7094200,21,462.99
8586131,8664356,24,180.99
7654272,5993840,28,107.99
5786815,5022491,5,198.99
8111455,6388497,16,158.99
7286151,6993323,5,119.99
7088875,3924441,19,33.99
9596481,6993323,8,119.99
8982539,9936520,17,108.99
6702659,4616283,4,29.99
8922732,7595903,8,268.99
7284554,9130087,13,98.99
6518383,7451094,30,12.99
9100254,9651004,19,202.99
5786434,6539431,16,210.99
9997603,6993323,7,119.99
8875941,5611025,23,1014.99
8972445,7349533,29,104.99
7874353,4616283,2,29.99
5498186,2608578,3,282.99
7695987,8129809,6,283.99
5052592,1311230,11,38.99
9731248,6993323,21,119.99
8903693,9647970,27,61.99
5583826,6993323,11,119.99
8663309,5611025,3,1014.99
6245049,9130087,30,98.99
6191288,1623620,24,1060.99
8538570,4634952,21,14.99
7608046,9130087,10,98.99
7470828,9404780,23,237.99
8166041,6993323,25,119.99
5729772,9647970,14,61.99
7848535,2356894,4,253.99
7618721,5191718,13,96.99
6558136,5993840,2,107.99
9328593,4440478,28,242.99
8329606,9130087,24,98.99
6309869,4853743,8,153.99
6168495,6993323,11,119.99
8054938,7710925,5,1448.99
7526109,9651004,28,202.99
8675769,3029870,7,1151.99
7671825,9799204,30,114.99
6023258,8998249,18,156.99
8738086,5993840,19,107.99
8291398,4488928,15,487.99
6102261,3810081,26,191.99
9830659,3328381,17,31.99
7560438,3924441,24,33.99
7974024,6993323,5,119.99
7286331,3924441,5,33.99
6383802,6993323,3,119.99
9089353,5561286,9,120.99
9238878,8061332,23,20.99
6542090,3810081,24,191.99
7097170,5993840,8,107.99
8705250,8524120,29,178.99
7069992,9130087,5,98.99
9669570,1371090,28,122.99
6409749,9458269,17,42.99
8199951,4141275,20,11.99
7539176,6993323,27,119.99
7753184,9647970,24,61.99
6664375,4084474,26,132.99
9954284,6993323,23,119.99
7389425,3924441,6,33.99
8973805,1623620,1,1060.99
8226193,9458269,18,42.99
7984364,1998397,2,111.99
5749013,6993323,28,119.99
9709628,6993323,26,119.99
6425259,4634952,8,14.99
7456330,4616283,27,29.99
9984812,5480097,17,43.99
8247447,9130087,27,98.99
9395844,5022491,19,198.99
8456685,1936248,26,202.99
6949632,9130087,22,98.99
8014649,1371090,10,122.99
6075412,6993323,24,119.99
5662672,6761371,19,198.99
6693110,4084474,11,132.99
5842778,6993323,6,119.99
8355283,2159212,4,139.99
9342843,1936248,3,202.99
7210863,6539431,12,210.99
6065803,7798286,25,110.99
7729864,6993323,18,119.99
8218376,6993323,16,119.99
5346347,6388497,12,158.99
5685329,9647970,26,61.99
7398737,7595903,30,268.99
6478778,7451094,23,12.99
7904100,9130087,5,98.99
5003881,6567738,7,186.99
9118084,1936248,8,202.99
9060345,5561286,15,120.99
7590346,9130087,20,98.99
6847675,1377555,16,68.99
8747667,2608578,4,282.99
6075412,3249673,30,22.99
6235271,3853054,18,158.99
7992906,1957962,2,605.99
8256859,9130087,3,98.99
5208620,1860199,7,80.99
9511819,3285586,11,269.99
9768007,5993840,24,107.99
6101063,6198921,10,38.99
6092503,9130087,7,98.99
6100312,1496862,24,1471.99
9281258,5993840,23,107.99
8634102,1764371,9,123.99
9280542,9130087,12,98.99
9214926,6157224,18,217.99
6920794,5022491,27,198.99
8142275,9993160,12,60.99
5765049,6845131,14,107.99
6113326,4708863,10,91.99
7510577,7868274,25,143.99
5919304,5993840,23,107.99
8108839,9130087,17,98.99
9834503,5922388,21,54.99
7779638,9130087,20,98.99
5454821,7451094,11,12.99
6600560,6388497,2,158.99
9102902,9130087,13,98.99
9083448,9130087,22,98.99
7627548,9130087,9,98.99
8932592,3924441,26,33.99
8386121,4488928,22,487.99
5067335,2447751,20,113.99
8144635,3142680,3,120.99
7874081,5993840,10,107.99
6043566,7798286,11,110.99
9879820,6993323,20,119.99
9814897,4488928,21,487.99
7519284,9111723,13,30.99
5804668,6993323,16,119.99
6206040,4488928,9,487.99
6303435,6993323,1,119.99
5785741,7868274,25,143.99
6363637,9130087,21,98.99
5008974,9130087,1,98.99
8828518,7595903,1,268.99
6199741,7939415,19,210.99
8575643,3810081,17,191.99
5810266,6993323,13,119.99
9382531,5319521,29,155.99
6950054,1901788,8,290.99
9443072,3583387,18,168.99
8499571,7451094,23,12.99
8222052,3807414,12,145.99
9338221,5611025,5,1014.99
5548132,3807414,22,145.99
6473753,6993323,27,119.99
5537421,6993323,29,119.99
7283086,1764371,10,123.99
6115640,6993323,28,119.99
9469954,4084474,9,132.99
7435985,6775091,15,1232.99
7968732,4488928,20,487.99
5558184,6993323,25,119.99
8764785,1764371,20,123.99
8231368,7798286,10,110.99
8594484,1043761,2,259.99
6843326,5561286,30,120.99
9367516,6388497,26,158.99
9857225,6157224,22,217.99
5527754,4084474,13,132.99
9273599,6891276,9,284.99
5932931,5022491,16,198.99
9862385,9111723,4,30.99
8130062,1901788,5,290.99
9722805,1764371,22,123.99
7862842,3258459,7,119.99
6074496,5993840,11,107.99
7310937,3555929,16,256.99
5355517,8461227,25,1350.99
6343185,2081866,24,540.99
8770875,7939415,30,210.99
6663565,6388497,28,158.99
7698809,9130087,4,98.99
8228485,8074418,27,270.99
6331251,6891276,26,284.99
8416813,1764371,12,123.99
7245068,9130087,24,98.99
7567937,1849218,26,224.99
5879529,5993840,3,107.99
5889492,3924441,25,33.99
7510577,5022491,8,198.99
7447882,9647970,13,61.99
8020080,3924441,11,33.99
7227066,9523217,27,174.99
7995655,3285586,22,269.99
6575289,7710925,22,1448.99
9627341,1764371,1,123.99
9503506,6432543,12,13.99
5815944,6198921,30,38.99
6475902,1371090,24,122.99
9382614,6993323,2,119.99
6175904,8461227,26,1350.99
5395184,9130087,11,98.99
8423076,7451094,9,12.99
7414824,6993323,3,119.99
8779337,6198921,28,38.99
8096678,5993840,17,107.99
8951647,5611025,2,1014.99
7298728,6388497,28,158.99
5700192,9130087,1,98.99
6763568,5561286,24,120.99
5461761,5993840,4,107.99
8251460,6198921,30,38.99
8811448,5022491,25,198.99
6987619,7595903,3,268.99
5349528,6198921,11,38.99
6709683,3790097,12,112.99
8969682,5505271,29,170.99
9310252,7868274,16,143.99
5515413,7725253,14,92.99
6173404,9130087,26,98.99
7483268,1901788,13,290.99
7282233,6198921,1,38.99
7578918,9001949,20,130.99
9431635,2081866,17,540.99
7799529,4488928,18,487.99
5348900,9651004,17,202.99
6078662,4634952,14,14.99
5035707,6539431,24,210.99
9928616,2447751,20,113.99
8423406,5180754,16,106.99
6542187,3362157,13,826.99
7626872,3924441,16,33.99
8264353,9350655,24,12.99
5206607,9936520,1,108.99
9500873,9651004,9,202.99
8675132,8061332,19,20.99
8054374,1936248,25,202.99
6566880,7595903,2,268.99
9593214,9651004,6,202.99
7255908,6993323,6,119.99
7809130,6388497,18,158.99
5891204,1619977,17,324.99
7824147,6198921,19,38.99
6336301,6993323,15,119.99
7268547,6388497,16,158.99
9088498,1849218,29,224.99
6386981,3509644,24,272.99
8449372,5690283,12,213.99
8064831,6768735,5,176.99
7889003,5561286,14,120.99
8872665,7451094,24,12.99
6850513,3924441,19,33.99
9513871,5611025,17,1014.99
8014876,9130087,5,98.99
9222015,8642680,18,635.99
5631688,5004197,16,1328.99
5712663,6993323,8,119.99
8261292,3796145,5,56.99
8464542,3258459,26,119.99
9715463,8005648,11,187.99
6970852,5993840,24,107.99
7077285,5022491,22,198.99
9487942,8129809,27,283.99
6838846,8061332,9,20.99
6338981,4528607,27,17.99
7898298,6822458,14,143.99
9952547,6993323,25,119.99
8170285,7344242,12,136.99
6692637,1849218,4,224.99
6463080,1764371,27,123.99
9983183,8841285,3,229.99
6826444,7595903,12,268.99
9890609,1623620,27,1060.99
9281312,7038449,6,564.99
6027321,3924441,19,33.99
9216030,3328381,1,31.99
6671804,3924441,26,33.99
9777220,2947653,23,108.99
5908905,6993323,14,119.99
8254854,4616283,28,29.99
9657813,6993323,14,119.99
7115136,1764371,26,123.99
6925585,5561286,25,120.99
8562369,7939415,19,210.99
8986017,6388497,16,158.99
9670551,5004197,3,1328.99
9523664,6845817,17,95.99
9219776,5191718,30,96.99
8011526,3807414,29,145.99
5786434,5993840,9,107.99
7142543,7445367,1,137.99
9855876,3924441,21,33.99
6644044,9936520,18,108.99
9940102,5993840,24,107.99
5776195,1043761,4,259.99
6776099,5993840,25,107.99
6465632,9130087,29,98.99
9523664,1619977,10,324.99
8564970,7595903,15,268.99
8618160,8061332,15,20.99
8814774,1410539,4,273.99
5234869,9647970,26,61.99
8616077,5993840,6,107.99
7614983,2347773,16,1158.99
9081607,9130087,2,98.99
5537805,6993323,12,119.99
7659141,6993323,6,119.99
7062626,5611025,20,1014.99
5633023,9130087,5,98.99
8309871,6993323,29,119.99
7490714,6388497,9,158.99
9362775,3810081,17,191.99
7611220,5382102,7,608.99
7277832,3924441,7,33.99
9862385,9350655,14,12.99
6133456,6993323,12,119.99
9984974,1619977,3,324.99
7946473,2865954,13,19.99
7097006,4141275,24,11.99
5454478,5993840,14,107.99
7424918,5518616,25,280.99
5548132,4488928,20,487.99
7060957,1043761,26,259.99
7472484,8685283,1,134.99
6168921,7939415,26,210.99
8026336,9130087,16,98.99
7153883,5993840,23,107.99
6216907,3285586,8,269.99
9740457,1371090,10,122.99
9227694,6911462,6,257.99
7221152,9001949,15,130.99
7585724,5611025,2,1014.99
8341414,5561286,13,120.99
7112481,4488928,11,487.99
7237006,5446285,12,230.99
7898983,8129809,6,283.99
7890971,9130087,25,98.99
8269511,1764371,10,123.99
7759433,1667503,29,9.99
7246162,6432017,6,105.99
6415698,1936248,6,202.99
9909864,5993840,13,107.99
8065530,5993840,19,107.99
9027737,9130087,20,98.99
6206136,7595903,8,268.99
7165550,1764371,8,123.99
7979846,6993323,18,119.99
7819206,4139055,28,72.99
7741728,9130087,9,98.99
6235810,6993323,1,119.99
5208620,5485779,7,178.99
6611947,9191471,1,10.99
9434859,5993840,12,107.99
9754834,2356894,4,253.99
5907943,9130087,23,98.99
6349220,4141244,18,280.99
6057792,5382102,14,608.99
5670935,9350655,13,12.99
8233737,9350655,7,12.99
9705844,6993323,11,119.99
5117950,1078329,14,75.99
6502122,4488928,14,487.99
6575627,6993323,22,119.99
9106708,6845817,7,95.99
5366686,8788009,1,1106.99
8839733,3161704,22,127.99
5446294,7268157,30,175.99
7855831,5993840,1,107.99
5152846,8471578,20,173.99
5688960,1764371,19,123.99
7830235,5454439,19,84.99
8233737,5993840,30,107.99
5967781,9130087,21,98.99
9328082,6993323,16,119.99
6205163,1764371,6,123.99
7854351,6388497,7,158.99
8983664,6993323,28,119.99
7093827,7550543,27,21.99
9205858,9799204,18,114.99
6314149,3713494,1,246.99
5574077,7595903,14,268.99
8178499,7451094,29,12.99
5653104,3853054,10,158.99
9048225,9350655,16,12.99
6019080,6787363,6,148.99
9451254,1078329,29,75.99
7936609,5993840,21,107.99
5114019,6993323,24,119.99
7995770,3924441,7,33.99
9098797,1346668,29,211.99
9346504,6388497,13,158.99
9792427,1764371,27,123.99
6852902,3631108,17,133.99
7610240,2347773,28,1158.99
9182251,5382102,3,608.99
7834048,5993840,20,107.99
5056870,4528607,1,17.99
5403966,4141275,27,11.99
9064599,9651004,21,202.99
8816751,1623620,23,1060.99
6348846,9647970,27,61.99
7001726,9130087,21,98.99
5576192,3328381,7,31.99
7770252,9130087,2,98.99
8801345,7595903,9,268.99
6311822,3258459,21,119.99
6865954,6993323,7,119.99
9216578,6993323,14,119.99
8738086,7349533,5,104.99
9683823,1952719,18,927.99
5512871,4488928,6,487.99
6167344,6388497,1,158.99
5348064,3924441,4,33.99
7994531,5993840,23,107.99
6925872,9111723,19,30.99
8996221,1764371,12,123.99
6886701,9915844,15,215.99
7363132,5993840,11,107.99
5025431,9130087,10,98.99
5729419,3713494,18,246.99
9988149,9130087,13,98.99
7671825,7868274,24,143.99
7664621,1764371,24,123.99
9930409,7939415,22,210.99
9269520,1936248,7,202.99
5399113,8788009,11,1106.99
7798539,6388497,9,158.99
5913878,3328381,14,31.99
5994959,8841285,25,229.99
9215718,9350655,11,12.99
8501672,1764371,3,123.99
6744300,6157224,2,217.99
7073974,2608578,15,282.99
5188699,7939415,19,210.99
8617250,3285586,24,269.99
7907253,6993323,12,119.99
5549338,9350655,7,12.99
6179283,9130087,30,98.99
7068624,6768735,1,176.99
9936046,5993840,28,107.99
8015030,1764371,12,123.99
9269253,9130087,24,98.99
7013176,9130087,29,98.99
8736290,7569752,15,21.99
5816435,9130087,22,98.99
7463267,5431811,21,158.99
7182515,9130087,28,98.99
6764744,6388497,21,158.99
8953972,1410895,9,461.99
9033363,6388497,25,158.99
7615011,9130087,20,98.99
8490063,9130087,5,98.99
7236003,3924441,23,33.99
8186641,5800904,23,93.99
6510545,1024094,1,150.99
6365336,9130087,16,98.99
8189883,5993840,5,107.99
5597572,7595903,28,268.99
7088818,9191471,27,10.99
5217060,7268157,3,175.99
7530795,6388497,25,158.99
6303674,1764371,20,123.99
8388253,7094200,28,462.99
7521716,3924441,21,33.99
8315348,6857295,9,1287.99
6135321,4488928,23,487.99
5423819,9130087,9,98.99
7735995,1901788,24,290.99
8325690,3328381,16,31.99
9361435,6993323,10,119.99
8991296,5073777,26,133.99
8541769,9130087,27,98.99
6284883,9350655,6,12.99
7253034,6891276,30,284.99
6464300,6993323,7,119.99
6348590,4488928,22,487.99
8689542,6993323,17,119.99
6749943,3924441,9,33.99
8669722,6993323,13,119.99
6547217,7595903,23,268.99
9776114,3924441,13,33.99
8156697,5561286,29,120.99
7344577,6388497,17,158.99
8917142,1720189,8,152.99
7804544,7595903,5,268.99
9972394,9130087,10,98.99
8200427,9350655,17,12.99
5273516,6993323,11,119.99
8955031,1720189,17,152.99
8357256,3029870,25,1151.99
8562787,9130087,6,98.99
8615832,6198921,13,38.99
9190761,5561286,9,120.99
6827339,8061332,1,20.99
8130007,9130087,2,98.99
9441673,6993323,30,119.99
7530795,5993840,19,107.99
9740406,5993840,15,107.99
7829468,6198921,18,38.99
6122817,6993323,2,119.99
8529077,6993323,9,119.99
6620373,7094200,23,462.99
5050870,9130087,26,98.99
6363637,6822458,3,143.99
5363104,7451094,3,12.99
7277832,9130087,26,98.99
8784131,4488928,23,487.99
8848637,5846017,25,220.99
7482920,8685283,7,134.99
9076088,6993323,5,119.99
5884148,8461227,14,1350.99
5886946,5561286,24,120.99
5603113,1496862,7,1471.99
9766767,7569752,17,21.99
8962052,7595903,16,268.99
8689692,3924441,24,33.99
9093560,9130087,14,98.99
7378452,8471578,30,173.99
7083177,5993840,11,107.99
5249804,6993323,13,119.99
9645594,6047451,20,219.99
9611318,4616283,14,29.99
7758225,4084474,3,132.99
8608519,9350655,22,12.99
7572929,4488928,11,487.99
7314778,1764371,10,123.99
8989596,6993323,12,119.99
9484600,5993840,13,107.99
6838302,3924441,21,33.99
5713263,6139723,14,84.99
5262476,4488928,18,487.99
5742955,3924441,9,33.99
5246238,6993323,22,119.99
9608626,6993323,27,119.99
9475598,1764371,3,123.99
6498300,3924441,24,33.99
7739402,4760849,17,201.99
8050283,6857295,28,1287.99
7925780,9111723,20,30.99
8097929,3328381,25,31.99
9166627,5993840,5,107.99
9481914,3328381,17,31.99
6838846,9130087,30,98.99
9065808,5561286,18,120.99
7721318,9392268,27,150.99
5226983,9409580,4,43.99
9365951,3807414,8,145.99
9614822,3258459,1,119.99
8956649,5404767,25,88.99
8440730,1078329,16,75.99
6258254,6993323,25,119.99
5653976,1764371,23,123.99
5022880,1371090,8,122.99
5805542,9651004,17,202.99
7759433,9130087,6,98.99
7801946,4488928,10,487.99
7791966,6198921,4,38.99
9800538,5505271,15,170.99
5995728,9350655,8,12.99
7847973,4528607,10,17.99
8350869,7451094,27,12.99
7007305,5993840,2,107.99
9357408,9130087,5,98.99
8025820,9130087,18,98.99
6733193,6388497,2,158.99
5208771,9130087,6,98.99
8144635,1764371,24,123.99
7022513,5485779,27,178.99
9246038,5446285,29,230.99
9768539,7798286,27,110.99
9464554,5022491,23,198.99
5726486,1078329,15,75.99
7195669,3924441,4,33.99
7899308,9130087,6,98.99
9246414,6993323,28,119.99
6909830,9350655,14,12.99
7701812,6768735,17,176.99
8101292,1764371,22,123.99
9902966,6302129,28,129.99
6226734,4139055,22,72.99
5619712,5993840,17,107.99
5719611,7094200,24,462.99
5025606,6993323,20,119.99
8691374,6822458,30,143.99
9830659,8685283,8,134.99
5901059,6993323,7,119.99
7898330,6993323,12,119.99
8909686,6993323,5,119.99
7808284,8524120,8,178.99
9420647,3924441,14,33.99
9642169,1764371,25,123.99
9702585,9001949,5,130.99
8764797,1371090,16,122.99
5924848,7030680,10,221.99
7999859,4616283,4,29.99
9216639,8150427,1,79.99
5027119,2447751,20,113.99
5454821,9130087,26,98.99
5348900,5022491,20,198.99
8433401,6993323,11,119.99
6327341,6388497,25,158.99
7779638,2347773,16,1158.99
8638053,9404780,3,237.99
5168882,5022491,12,198.99
9233569,9130087,7,98.99
9104391,1371090,4,122.99
5428757,8074418,13,270.99
9788063,2347773,6,1158.99
8475182,9130087,29,98.99
5809747,9350655,12,12.99
6292325,9130087,21,98.99
6902769,3924441,22,33.99
9113256,7451094,8,12.99
7516854,8061332,30,20.99
5431440,3810081,7,191.99
5981467,9130087,26,98.99
8198385,1860199,1,80.99
6546116,6394044,26,96.99
5663843,5505271,4,170.99
5205659,6845131,13,107.99
5265469,5611025,23,1014.99
5231549,8461227,27,1350.99
9500873,6388497,25,158.99
9220136,3924441,7,33.99
6083830,9130087,10,98.99
5903961,7868274,1,143.99
9717664,8685283,25,134.99
6589940,9130087,10,98.99
8490918,4488928,11,487.99
8570932,5404767,22,88.99
6777109,6993323,17,119.99
6367253,3924441,23,33.99
5234160,6394044,11,96.99
8005413,2871779,12,288.99
9847831,9130087,17,98.99
9222617,4139055,12,72.99
9991920,1371090,7,122.99
5233091,3328381,1,31.99
6621240,6814894,27,204.99
9872548,6198921,1,38.99
8127478,3924441,4,33.99
5327595,7451094,12,12.99
9863663,6993323,18,119.99
7253254,8685283,5,134.99
6950427,6993323,27,119.99
6315418,6198921,25,38.99
9916806,1764371,2,123.99
9758289,8129809,7,283.99
6743806,5993840,16,107.99
5263187,9055994,30,203.99
9839015,5611025,16,1014.99
7403533,5611025,4,1014.99
9820930,8074418,4,270.99
9741746,1764371,13,123.99
7536189,7798286,1,110.99
8720714,3810081,20,191.99
8019136,9130087,20,98.99
5496911,5993840,10,107.99
5846712,3810081,28,191.99
8377028,3924441,18,33.99
7249237,5561286,3,120.99
9684611,4760849,16,201.99
5262185,9647970,13,61.99
8722779,6394044,12,96.99
6278478,1764371,21,123.99
8053791,4488928,18,487.99
5474610,5993840,2,107.99
8467101,9993160,20,60.99
9267911,6388497,3,158.99
8333477,3924441,30,33.99
8807457,9114234,16,186.99
9324834,8998249,9,156.99
9281109,5993840,6,107.99
6954352,9130087,28,98.99
6353521,9191471,11,10.99
6593750,8852008,3,1077.99
8869673,4528607,18,17.99
5025362,9130087,15,98.99
5230373,5993840,17,107.99
8075972,6047451,23,219.99
7332360,6993323,1,119.99
5903598,9130087,13,98.99
7684024,3258459,29,119.99
9272921,4488928,17,487.99
7567937,6993323,6,119.99
8945751,6993323,18,119.99
9114514,9130087,28,98.99
7469600,7094200,27,462.99
6133839,5800904,27,93.99
9989651,9936520,7,108.99
8286728,4603721,6,234.99
5564175,6993323,22,119.99
6521256,6388497,6,158.99
9305150,4616283,27,29.99
7385910,3632157,5,280.99
9259391,8538411,16,239.99
9281109,9001949,13,130.99
9098295,2608578,18,282.99
5709920,5416755,23,37.99
5523823,6198921,6,38.99
7816947,3463891,29,89.99
5144213,6388497,2,158.99
9988657,6993323,22,119.99
9039297,5993840,20,107.99
5068091,1936248,2,202.99
6346019,3249673,27,22.99
8329153,1764371,23,123.99
9850740,4488928,23,487.99
6104903,8935201,5,52.99
8839733,5382102,23,608.99
9858841,1849218,2,224.99
6144228,9647970,21,61.99
7145949,1957962,23,605.99
8579637,3924441,23,33.99
9300604,7041303,15,64.99
5278291,9799204,10,114.99
5688408,7939415,8,210.99
8884875,6993323,23,119.99
5653976,7030680,20,221.99
7246064,9130087,13,98.99
8358055,8685283,30,134.99
5226629,4488928,20,487.99
9625208,5846017,8,220.99
7560078,9130087,7,98.99
5967697,1371090,1,122.99
7504593,1849218,22,224.99
9246414,3463891,19,89.99
5643512,5993840,11,107.99
6109711,9130087,15,98.99
5675717,6139723,25,84.99
5312692,8538411,13,239.99
6572842,8685283,18,134.99
9415575,9130087,28,98.99
6527994,9114234,16,186.99
9135674,6993323,20,119.99
7268975,3924441,20,33.99
7862842,8129809,26,283.99
6773979,3924441,22,33.99
7528160,2081866,6,540.99
7070621,5993840,19,107.99
9859192,5022491,28,198.99
9673999,9114234,25,186.99
6972566,9130087,28,98.99
6376256,8685283,15,134.99
7734756,9130087,16,98.99
7686608,6388497,28,158.99
9040159,9130087,11,98.99
6740979,9130087,21,98.99
5751450,6993323,25,119.99
7857601,4760849,7,201.99
7606464,9130087,7,98.99
6569806,6993323,11,119.99
7765137,9130087,25,98.99
6774857,9130087,26,98.99
7248859,6993323,21,119.99
9742696,9130087,26,98.99
9834503,5846017,29,220.99
9659327,9523217,12,174.99
8315435,1764371,28,123.99
5336286,4488928,17,487.99
7017682,5022491,24,198.99
6645409,5004197,29,1328.99
8918176,6993323,25,119.99
9010666,2608578,9,282.99
5197935,6993323,7,119.99
9412023,1764371,2,123.99
5044843,9647970,27,61.99
6278533,6891276,17,284.99
6901037,6388497,10,158.99
9033960,5446285,18,230.99
9449042,8074418,28,270.99
5400412,5561286,4,120.99
6255599,6993323,25,119.99
5416904,1764371,12,123.99
9399641,1764371,18,123.99
5138650,7094200,16,462.99
5194590,6198921,28,38.99
9581747,2865954,26,19.99
9933514,1936248,1,202.99
8449195,6394044,19,96.99
5659558,2743849,30,102.99
6870807,2136852,1,78.99
7746188,5993840,19,107.99
7993383,9130087,24,98.99
9114889,3924441,13,33.99
9761865,5993840,10,107.99
6558302,9647970,17,61.99
6288769,4616283,8,29.99
9923431,3328381,29,31.99
8682157,6993323,7,119.99
6952223,6993323,11,119.99
8538570,6891276,12,284.99
7035966,6993323,9,119.99
9019763,7378365,10,255.99
9546027,9130087,20,98.99
5658565,5191718,30,96.99
6757956,9810442,22,189.99
7900988,5993840,16,107.99
8642961,9130087,18,98.99
5234869,3924441,9,33.99
9675304,3924441,15,33.99
5582174,9130087,10,98.99
6240795,5611025,20,1014.99
5826664,5993840,12,107.99
8120858,9130087,10,98.99
9445312,1764371,21,123.99
5979183,8685283,4,134.99
6028285,9669796,19,52.99
6778301,7595903,29,268.99
5521104,5993840,14,107.99
5741003,7344242,3,136.99
6235390,6993323,1,119.99
6314149,9130087,26,98.99
8760521,5518616,16,280.99
8733260,6695201,13,200.99
7327793,3924441,23,33.99
6807749,8488736,4,108.99
7270654,5611025,24,1014.99
9154565,3924441,30,33.99
7162975,6302129,18,129.99
9326187,6388497,9,158.99
6515283,5993840,18,107.99
9001936,1764371,8,123.99
7979781,6507937,4,216.99
5597502,7595903,14,268.99
8236650,6388497,30,158.99
6572842,8150427,10,79.99
9209572,1957962,25,605.99
7519284,3328381,15,31.99
7114004,7798286,27,110.99
6155345,3924441,29,33.99
7463618,5785274,5,18.99
5519539,6993323,15,119.99
6972210,5993840,14,107.99
5868483,9647970,22,61.99
7420436,9936520,24,108.99
8972120,5514983,16,244.99
7914498,4488928,24,487.99
7471754,6993323,8,119.99
6466171,6761371,17,198.99
8786751,6891276,6,284.99
9686567,5993840,27,107.99
8932178,5480097,21,43.99
9659327,9130087,9,98.99
7006924,9130087,26,98.99
6952168,4708863,29,91.99
7303950,6874454,17,110.99
9778250,9111723,21,30.99
8909572,1936248,21,202.99
5516318,5993840,11,107.99
6960392,9130087,30,98.99
7916656,8622610,21,82.99
8507938,1764371,2,123.99
5091247,5993840,22,107.99
8098186,4853743,4,153.99
9730516,7445367,22,137.99
7158314,7710925,28,1448.99
8460829,4488928,28,487.99
6121207,3924441,1,33.99
8463913,4760849,9,201.99
7468309,7710925,29,1448.99
6376811,8642680,23,635.99
8794034,8150427,27,79.99
5705284,6539431,6,210.99
5094857,5382102,24,608.99
7424270,5416755,30,37.99
8701097,3790097,8,112.99
6711149,9130087,23,98.99
5994095,6388497,7,158.99
7148496,9130087,10,98.99
9693362,8685283,5,134.99
7667147,3796145,20,56.99
6715949,3924441,5,33.99
5972123,3924441,30,33.99
5165090,5319521,24,155.99
7532758,6993323,8,119.99
9109548,5561286,24,120.99
6363844,3810081,10,191.99
5653042,1952719,14,927.99
9171914,5180754,7,106.99
9998042,6993323,21,119.99
6960255,8471578,27,173.99
5804606,8061332,27,20.99
6542090,6993323,10,119.99
5825922,6891276,12,284.99
7850009,9936520,9,108.99
8096893,3924441,20,33.99
7944005,5993840,27,107.99
8546386,4488928,5,487.99
5959855,7939415,10,210.99
7904568,3583387,26,168.99
6935855,9130087,20,98.99
9952079,5993840,18,107.99
7045047,7094200,17,462.99
5295054,3924441,13,33.99
9614778,5611025,3,1014.99
6809854,3796145,27,56.99
8963404,9130087,6,98.99
5995561,3632157,9,280.99
8108676,8788009,22,1106.99
5868483,6891276,10,284.99
5344235,3632157,9,280.99
7467141,5993840,4,107.99
5664321,3790097,2,112.99
7474304,2356894,25,253.99
5399726,6993323,6,119.99
5784350,3807414,28,145.99
5705284,5993840,10,107.99
6777640,5993840,26,107.99
7665140,9130087,4,98.99
6464300,6394044,22,96.99
7731127,5993840,3,107.99
6855612,6891276,17,284.99
7317659,5993840,29,107.99
9611318,7798286,1,110.99
8096435,3924441,10,33.99
9194651,7451094,13,12.99
6945634,6814894,20,204.99
5140052,4110482,27,10.99
5856529,9130087,10,98.99
6168921,3790097,15,112.99
9774018,6993323,6,119.99
6540061,3328381,29,31.99
6541691,5993840,12,107.99
7259410,2585286,7,130.99
7905783,8788009,7,1106.99
6611841,1764371,15,123.99
5530513,5611025,12,1014.99
7811618,9130087,19,98.99
5909686,1764371,11,123.99
5372384,1496862,21,1471.99
7607242,5993840,13,107.99
9908684,4488928,17,487.99
7426963,6891276,27,284.99
6536597,7445367,10,137.99
9922281,5611025,7,1014.99
8055887,1936248,13,202.99
5735832,3328381,21,31.99
6521285,6388497,1,158.99
6522512,4528607,25,17.99
9073746,5073777,19,133.99
9121425,7939415,22,210.99
5990522,9409580,21,43.99
8050283,8685283,3,134.99
5530513,4616283,13,29.99
9527253,7939415,20,210.99
7793441,6993323,23,119.99
5715566,9130087,22,98.99
5640851,9130087,9,98.99
7069999,5993840,18,107.99
6479393,4488928,7,487.99
7779794,9130087,8,98.99
8337524,4488928,1,487.99
8243959,9647970,18,61.99
6096974,5993840,12,107.99
5204646,5514983,16,244.99
9567685,9130087,27,98.99
6349220,9551602,20,291.99
9319406,1764371,3,123.99
8581865,6857295,13,1287.99
8657027,9651004,19,202.99
6225580,8129809,24,283.99
5884868,9458269,13,42.99
5856750,4528607,22,17.99
5804606,9130087,16,98.99
8549400,9001949,8,130.99
5857351,4988130,22,293.99
9304135,3815280,8,117.99
8082074,6993323,19,119.99
5491205,4488928,13,487.99
6859679,9130087,14,98.99
7865119,3924441,13,33.99
5518490,7860195,26,222.99
6707605,9114234,26,186.99
6473972,5993840,8,107.99
5949638,4488928,18,487.99
9373946,9523217,7,174.99
9095901,9523217,7,174.99
8043400,8720936,1,101.99
5842374,6567738,12,186.99
6757685,8488736,7,108.99
7955242,2350595,1,264.99
6001857,5022491,8,198.99
9940102,5022491,14,198.99
7691822,5611025,23,1014.99
9075929,5993840,5,107.99
5315906,4488928,8,487.99
7354074,4488928,23,487.99
9220749,1764371,8,123.99
5067352,6891276,8,284.99
6813502,6388497,7,158.99
8231368,5561286,4,120.99
7426289,6993323,26,119.99
8581960,9612132,7,194.99
7806782,9275354,5,129.99
9912255,5454439,2,84.99
5918668,5993840,3,107.99
5946940,5004197,9,1328.99
9014768,3924441,17,33.99
8077521,6768735,28,176.99
6772130,7595903,27,268.99
5556892,8129809,25,283.99
6936366,9350655,26,12.99
8131813,1371090,25,122.99
6294034,5993840,27,107.99
7969629,2081866,16,540.99
6389922,6572260,19,54.99
7273118,2369769,27,138.99
8351259,6993323,27,119.99
6728119,3509644,8,272.99
9628690,1764371,19,123.99
9211387,6993323,16,119.99
9805864,4141275,2,11.99
7752365,6891276,22,284.99
8904538,1936248,21,202.99
9671733,5993840,18,107.99
8971083,5785274,10,18.99
9817315,4488928,25,487.99
5816840,5993840,29,107.99
5942755,5993840,15,107.99
8078823,6388497,12,158.99
9049838,7038449,28,564.99
5025021,5993840,26,107.99
7943301,1377555,9,68.99
9016989,6993323,1,119.99
7651851,5993840,12,107.99
7826000,9799204,17,114.99
6575289,5611025,10,1014.99
6505636,9130087,2,98.99
6960255,6993323,30,119.99
5076862,4528607,23,17.99
8991562,9392268,5,150.99
8589011,7595903,19,268.99
6679846,1764371,29,123.99
7931324,1764371,26,123.99
9707367,3924441,13,33.99
8796716,3285586,16,269.99
9836698,9130087,10,98.99
9302489,1623620,7,1060.99
5036184,9130087,27,98.99
6003615,6539431,20,210.99
9713024,1849218,13,224.99
6161772,3924441,24,33.99
5056870,6993323,11,119.99
5461761,7268157,21,175.99
8405548,9458269,11,42.99
6144191,5993840,10,107.99
8450454,6993323,25,119.99
7295067,8471578,25,173.99
5028066,1764371,11,123.99
8879645,5518616,1,280.99
7118432,8292647,5,68.99
7871887,5993840,21,107.99
9622594,5993840,15,107.99
6729957,1764371,9,123.99
7698809,3632157,30,280.99
9417838,9647970,2,61.99
8423718,5993840,10,107.99
5572482,2447751,25,113.99
6693110,6822458,10,143.99
7807078,3924441,30,33.99
6973938,6171636,10,199.99
7627041,9130087,1,98.99
9098052,1764371,15,123.99
9064599,5004197,12,1328.99
6081844,6993323,22,119.99
7791966,9130087,14,98.99
6505328,5993840,1,107.99
6652569,9651004,19,202.99
6401469,6857295,12,1287.99
7799678,2356894,23,253.99
7170000,6891276,10,284.99
9538304,7939415,21,210.99
8457014,3142680,12,120.99
7319307,9130087,11,98.99
7144623,6388497,19,158.99
9639198,9130087,6,98.99
6925585,7344242,25,136.99
7012452,5561286,20,120.99
8310927,1371090,22,122.99
5439746,7569752,24,21.99
5361838,7595903,2,268.99
7644795,6993323,14,119.99
5571680,5518357,16,10.99
5834170,5611025,28,1014.99
7677303,8524120,23,178.99
8450454,1359142,16,188.99
6748714,5993840,8,107.99
7052660,7595903,3,268.99
5916666,2347773,28,1158.99
5848269,9130087,29,98.99
6936892,7674515,9,275.99
5887742,9130087,8,98.99
7815258,5022491,18,198.99
7140831,9130087,29,98.99
7415683,9936520,28,108.99
9551951,9130087,4,98.99
9291416,7094200,24,462.99
5145512,7939415,1,210.99
6348074,1240903,23,293.99
6936366,9651004,22,202.99
7860735,9130087,27,98.99
7354338,1849218,7,224.99
9841817,6993323,29,119.99
5648499,5993840,12,107.99
9712025,2191736,14,257.99
7796148,7344242,1,136.99
6791998,9936520,6,108.99
8330421,6891276,7,284.99
9325311,3807414,22,145.99
8552721,6198921,25,38.99
6519230,9651004,29,202.99
7899893,9651004,10,202.99
8789936,9001949,20,130.99
5636664,4488928,11,487.99
8113491,1936248,15,202.99
7887229,5993840,8,107.99
9399641,5993840,2,107.99
8869712,6857295,4,1287.99
8289573,7868274,5,143.99
5631711,1764371,4,123.99
9135421,8461227,16,1350.99
8995107,8061332,2,20.99
5743483,8129809,17,283.99
6040570,3807414,29,145.99
9098052,9404780,14,237.99
5948263,5022491,11,198.99
9373593,5993840,29,107.99
6302119,9651004,4,202.99
6703445,6695201,8,200.99
6806790,3713494,2,246.99
8860596,9404780,10,237.99
9209411,9651004,6,202.99
6808341,1371090,28,122.99
6030708,1240903,1,293.99
5299964,8538411,25,239.99
8075972,3142680,9,120.99
7904568,1496862,14,1471.99
7087886,9130087,15,98.99
6358387,4488928,9,487.99
8886508,9130087,12,98.99
9402967,8720936,21,101.99
9694886,8685283,25,134.99
6640779,9130087,7,98.99
9522928,7378365,16,255.99
6772742,5022491,11,198.99
6191349,6993323,16,119.99
5726867,5993840,5,107.99
7529321,8788009,7,1106.99
9917575,3924441,5,33.99
9162412,7595903,4,268.99
9531988,6539431,29,210.99
6835228,5993840,7,107.99
7112481,1764371,12,123.99
5597962,1410895,12,461.99
7750519,5993840,9,107.99
5732095,9612132,9,194.99
6014071,9130087,25,98.99
6716751,4541064,21,809.99
8579637,2191736,29,257.99
6441460,9130087,18,98.99
8388127,3790097,17,112.99
8743901,7481689,20,195.99
8587041,1764371,24,123.99
9401257,4488928,17,487.99
6079581,5993840,30,107.99
7978707,5993840,25,107.99
6286894,6993323,29,119.99
7335221,9130087,15,98.99
6671375,1764371,10,123.99
8615538,4488928,5,487.99
8495090,5022491,18,198.99
6753864,5993840,9,107.99
8974767,8061332,15,20.99
7985474,3924441,10,33.99
9075342,1764371,29,123.99
7790228,1371090,6,122.99
6743621,6845817,19,95.99
5529919,5416755,11,37.99
5240334,9350655,1,12.99
8429452,7595903,20,268.99
5507196,8998249,17,156.99
7688866,1410895,1,461.99
8401435,6993323,25,119.99
8823209,3328381,10,31.99
9180723,8685283,3,134.99
8975843,6874454,22,110.99
8544919,9130087,8,98.99
5143087,9130087,29,98.99
6782399,3258459,11,119.99
5295218,9350655,30,12.99
8358607,1764371,16,123.99
5582174,6993323,6,119.99
9385308,9176000,13,17.99
6639755,5561286,26,120.99
8379587,5561286,29,120.99
8998477,9350655,10,12.99
7474406,3029870,5,1151.99
9753473,7868274,16,143.99
9095901,8471578,1,173.99
8425386,6993323,19,119.99
7296294,9130087,25,98.99
8137810,6388497,26,158.99
8039081,4488928,24,487.99
5253972,5922388,16,54.99
8889383,9130087,8,98.99
9758498,6432017,21,105.99
7280140,9130087,19,98.99
6452864,5611025,18,1014.99
5938713,5022491,1,198.99
9461553,7094200,19,462.99
8714636,6657060,27,268.99
6288769,7451094,28,12.99
6436656,3924441,13,33.99
5653707,9409580,8,43.99
5901660,9130087,28,98.99
6552730,6993323,24,119.99
6423738,6993323,6,119.99
8523020,6388497,17,158.99
8828518,7451094,11,12.99
8294754,9936520,24,108.99
7036369,9130087,7,98.99
7196571,2608578,9,282.99
7152399,9275354,26,129.99
5675717,1860199,18,80.99
5297730,3924441,9,33.99
5497029,2608578,24,282.99
8118182,6993323,7,119.99
5564175,6388497,3,158.99
7001367,8685283,19,134.99
7152322,9130087,12,98.99
8044205,3924441,4,33.99
7996399,9392268,8,150.99
9890147,8461227,7,1350.99
5964915,5382102,4,608.99
9888104,5993840,20,107.99
9022493,8841285,12,229.99
6519230,3924441,4,33.99
7551560,9130087,14,98.99
9179362,8373068,1,105.99
7602833,1764371,12,123.99
8483105,9409580,15,43.99
9256048,5180754,20,106.99
5394961,6993323,23,119.99
7753935,3271965,6,1122.99
7788976,3924441,2,33.99
8826971,9114234,24,186.99
9950689,9191471,25,10.99
7906320,9558900,1,263.99
6622444,6388497,25,158.99
9456845,5993840,13,107.99
6651195,6993323,11,119.99
8644709,6993323,14,119.99
6358408,1952719,24,927.99
9116724,3924441,25,33.99
7753935,5611025,18,1014.99
5957564,6993323,14,119.99
8498570,6993323,24,119.99
8540506,7094200,12,462.99
9536031,3362157,5,826.99
6807011,8841285,26,229.99
9263105,3807414,21,145.99
5344055,2081866,7,540.99
8523020,3713494,19,246.99
7912669,3924441,5,33.99
8599625,5485779,18,178.99
5842197,3215115,4,284.99
9048665,8150427,25,79.99
5690077,1849218,11,224.99
8209885,7145123,8,169.99
6863243,6993323,17,119.99
7012231,5993840,8,107.99
7614983,1371090,23,122.99
6662612,3924441,2,33.99
9725833,6432017,8,105.99
5726070,6993323,1,119.99
6358211,9111723,7,30.99
8121879,6993323,16,119.99
6905432,6398912,29,208.99
6886162,5690283,5,213.99
7259774,5611025,16,1014.99
6933160,2191736,14,257.99
7127835,6911462,15,257.99
5460330,6388497,27,158.99
9685647,9647970,8,61.99
5745695,1410895,23,461.99
9162811,5611025,27,1014.99
9513590,1619977,13,324.99
8511223,6993323,17,119.99
6151318,1936248,3,202.99
8031244,9350655,13,12.99
7683026,4488928,1,487.99
7484478,7595903,28,268.99
7317565,9799204,3,114.99
9612027,8129809,17,283.99
8964062,1667503,27,9.99
7686608,6993323,21,119.99
7793441,7710925,4,1448.99
6808639,3631108,1,133.99
6898566,6993323,11,119.99
7272163,6993323,3,119.99
8103740,8642680,1,635.99
9612594,1764371,19,123.99
5738125,6993323,22,119.99
9461553,6388497,10,158.99
8132743,5993840,11,107.99
5935123,5993840,1,107.99
5227504,7939415,10,210.99
7893499,9993160,25,60.99
6781277,9114234,16,186.99
7286151,4616283,15,29.99
6109711,6993323,27,119.99
8097243,6388497,7,158.99
8000669,8685283,17,134.99
9281258,2585286,18,130.99
5458448,3796145,25,56.99
9939978,4541064,5,809.99
8483963,3807414,23,145.99
9799877,6993323,23,119.99
8726855,7268157,7,175.99
7769945,6993323,14,119.99
7017682,5180754,16,106.99
6351461,1764371,1,123.99
8215561,6198921,2,38.99
7404110,3328381,4,31.99
7644090,4528607,23,17.99
9033363,1764371,4,123.99
9788063,3924441,30,33.99
6074889,4616283,13,29.99
6026032,5993840,8,107.99
8370816,3924441,18,33.99
7908499,6388497,16,158.99
8453883,3796145,30,56.99
8269236,3924441,7,33.99
8874559,9392268,18,150.99
8587041,7451094,14,12.99
6134965,5993840,16,107.99
7725505,3328381,30,31.99
6179110,5022491,5,198.99
5062144,3924441,12,33.99
6435110,4488928,8,487.99
8884875,9130087,10,98.99
6426578,5785274,30,18.99
6603718,4488928,17,487.99
5324647,9130087,15,98.99
7127835,8129809,24,283.99
6513666,4528607,29,17.99
6758659,1371090,13,122.99
8667607,2369769,30,138.99
9983513,2608578,14,282.99
6206957,4853743,1,153.99
6274772,6993323,26,119.99
5040429,5993840,7,107.99
5856529,1024094,3,150.99
9683828,6814894,16,204.99
5714293,8259861,5,196.99
7470592,9114234,29,186.99
7785802,1764371,9,123.99
5288469,7595903,18,268.99
5000653,5993840,5,107.99
6931337,5561286,19,120.99
9080137,9647970,16,61.99
6338981,3796145,7,56.99
9725754,9176000,28,17.99
9284564,6993323,16,119.99
5725979,9130087,27,98.99
7551560,7595903,26,268.99
9514416,9130087,15,98.99
8270219,6993323,4,119.99
8983664,7595903,18,268.99
7585908,6874454,9,110.99
5763999,3271965,18,1122.99
8895056,7041303,25,64.99
7464119,9130087,16,98.99
5556957,5022491,11,198.99
5014295,1849218,27,224.99
9453118,6993323,18,119.99
6407817,5993840,28,107.99
9269836,1078329,7,75.99
6353521,5073777,29,133.99
7915486,1849218,2,224.99
8453883,6388497,17,158.99
6672378,3807414,29,145.99
5441230,5690283,9,213.99
6728312,5993840,19,107.99
6569454,1764371,23,123.99
7529008,7145123,3,169.99
5056168,6993323,5,119.99
7874081,8664356,25,180.99
6409749,9130087,26,98.99
5304359,3924441,15,33.99
7288850,5993840,2,107.99
9394419,8685283,14,134.99
8108157,5993840,15,107.99
9727626,6498667,22,225.99
9866629,6993323,28,119.99
7489036,6388497,9,158.99
7371670,4634952,16,14.99
7854398,9130087,6,98.99
6805798,6993323,14,119.99
8299288,7595903,22,268.99
5591691,2081866,20,540.99
8630560,6993323,4,119.99
9745822,9993160,18,60.99
7280207,8720936,4,101.99
5655752,6993323,7,119.99
9612027,5446285,1,230.99
9599912,9130087,13,98.99
6585884,6993323,28,119.99
8767430,6993323,4,119.99
5840837,4141275,22,11.99
5491597,4488928,22,487.99
7281249,7041303,2,64.99
8096050,7344242,20,136.99
5772293,6822458,17,143.99
5936099,5993840,22,107.99
8717348,6993323,12,119.99
9867897,2356894,30,253.99
5492415,6845817,3,95.99
8428302,2350595,6,264.99
5348900,3810081,30,191.99
5631125,5993840,17,107.99
8748484,5004197,25,1328.99
7898298,7451094,18,12.99
8330638,4488928,7,487.99
6295653,8074418,15,270.99
9256380,9130087,3,98.99
6315418,8061332,8,20.99
7668056,6993323,25,119.99
5651064,5382102,3,608.99
5111235,3810081,28,191.99
8663309,9001949,30,130.99
6974548,4488928,27,487.99
6802195,7939415,13,210.99
8883471,9130087,19,98.99
6868183,2947653,22,108.99
9612010,5993840,19,107.99
8168044,7595903,24,268.99
8420079,2865954,9,19.99
8771304,5561286,22,120.99
7498418,1764371,4,123.99
5183584,6498667,14,225.99
6452808,6388497,24,158.99
6660556,3924441,30,33.99
8999311,5518357,28,10.99
9742696,3924441,3,33.99
6772271,7451094,20,12.99
8178386,5993840,14,107.99
6085277,9130087,26,98.99
6552730,8936261,21,176.99
5194590,8852008,8,1077.99
9534982,5561286,17,120.99
9207312,6814894,9,204.99
6405731,3555929,10,256.99
7892537,3328381,6,31.99
7737223,6993323,9,119.99
6954352,6993323,11,119.99
7170000,3810081,12,191.99
9063230,1764371,2,123.99
8541997,5611025,26,1014.99
6964008,9130087,29,98.99
6379375,7595903,5,268.99
6060789,2356894,3,253.99
7565079,5611025,3,1014.99
5128863,1240903,17,293.99
5234523,9130087,12,98.99
5782956,8936261,26,176.99
9118084,5922388,30,54.99
5835695,6398912,12,208.99
5715360,9647970,24,61.99
6767789,6198921,3,38.99
5804606,5022491,8,198.99
7015372,8538411,11,239.99
7565079,1371090,18,122.99
9280643,5993840,13,107.99
5651064,9647970,5,61.99
6159797,6993323,11,119.99
8935260,9130087,5,98.99
8060495,1957962,17,605.99
7673595,3807414,14,145.99
6395257,7710925,10,1448.99
7363504,5993840,11,107.99
8720714,3713494,18,246.99
6355313,6388497,5,158.99
5558184,3215115,13,284.99
6621589,1764371,2,123.99
9443201,5561286,15,120.99
9895230,9130087,14,98.99
7304401,6507937,17,216.99
8498467,6993323,10,119.99
7703678,6993323,15,119.99
7734756,1371090,19,122.99
6469817,8129809,27,283.99
7478727,1371090,2,122.99
6054450,5518616,15,280.99
8948989,5993840,21,107.99
6542187,4139055,18,72.99
7293141,2136852,4,78.99
8154043,4634952,14,14.99
9987144,1764371,5,123.99
5904894,6539431,17,210.99
9981147,6993323,18,119.99
7799013,6993323,1,119.99
8251466,2865954,29,19.99
5729419,8664356,19,180.99
7802671,6198921,29,38.99
7526193,6539431,8,210.99
9304091,2356894,2,253.99
6327341,3673208,15,270.99
9295172,1764371,14,123.99
6624827,8119368,1,132.99
8294567,5993840,15,107.99
5986434,4139055,25,72.99
6712571,6302129,16,129.99
6763525,6993323,19,119.99
9494460,9130087,7,98.99
8347982,9936520,26,108.99
9538864,6845817,8,95.99
8472309,8538411,22,239.99
5053654,7094200,21,462.99
8580034,4139055,20,72.99
8120858,6198921,11,38.99
9293408,5561286,30,120.99
8591993,6787363,10,148.99
8764785,5382102,14,608.99
5365379,3924441,25,33.99
8326499,6993323,10,119.99
9027279,6398912,22,208.99
5641375,9458269,22,42.99
6367653,6993323,3,119.99
5904844,7595903,23,268.99
9787433,3810081,28,191.99
6772742,3924441,1,33.99
7990013,1764371,27,123.99
7540866,8685283,7,134.99
5136097,5518616,15,280.99
5695117,6775461,15,86.99
5495441,6198921,11,38.99
9746869,4139055,24,72.99
6007513,6993323,2,119.99
6154989,7094200,7,462.99
6868183,6539431,6,210.99
6112200,3215115,14,284.99
9711589,6993323,8,119.99
8048770,7595903,26,268.99
8962052,6539431,9,210.99
7925780,3790097,10,112.99
8801079,4541064,7,809.99
9938946,5690283,9,213.99
6338513,1764371,9,123.99
6328426,8471578,5,173.99
9890625,6198921,10,38.99
7237908,9130087,4,98.99
7031185,6539431,23,210.99
7267666,3583387,24,168.99
7017720,9130087,9,98.99
6891448,5004197,16,1328.99
6635524,6993323,23,119.99
8736703,6768735,22,176.99
5159877,1764371,22,123.99
5764018,9130087,21,98.99
6334201,1957962,22,605.99
5329144,6993323,16,119.99
7015372,2159212,7,139.99
6293954,9130087,15,98.99
8505542,6198921,19,38.99
5659322,8788009,30,1106.99
8199951,9130087,4,98.99
8569850,9130087,15,98.99
5539841,9130087,15,98.99
8377580,5505271,14,170.99
8503118,1936248,25,202.99
7562597,9936520,25,108.99
8162624,2483887,5,52.99
6819218,7481689,3,195.99
6161316,3924441,12,33.99
7186918,4488928,3,487.99
9968209,1936248,23,202.99
7304343,9130087,28,98.99
8672247,9130087,15,98.99
5248764,6993323,4,119.99
8182549,1371090,10,122.99
9524687,5993840,20,107.99
9752681,9130087,20,98.99
7272847,8685283,26,134.99
7149888,5993840,24,107.99
8618160,9130087,24,98.99
6728075,3555929,27,256.99
6875726,8685283,8,134.99
5637744,9130087,18,98.99
7583047,3328381,22,31.99
7630251,5561286,23,120.99
5594296,3853054,1,158.99
5145210,6814894,25,204.99
8339917,9130087,1,98.99
6763386,8841285,22,229.99
6043566,6695201,26,200.99
5391551,9001949,9,130.99
5935123,9130087,7,98.99
8994927,2356894,27,253.99
5994020,1764371,26,123.99
6814760,6498667,11,225.99
8531927,5993840,13,107.99
8807457,4541064,29,809.99
6375335,6993323,3,119.99
8645492,7038449,7,564.99
6661278,6993323,28,119.99
7875103,9651004,9,202.99
5352011,3328381,10,31.99
6886162,1764371,22,123.99
9374728,4616283,6,29.99
7186344,4488928,6,487.99
5244148,9523217,5,174.99
9251929,6857295,16,1287.99
6993729,8488736,4,108.99
8739363,4488928,15,487.99
9913571,9130087,13,98.99
7428749,3924441,23,33.99
7871887,4853743,24,153.99
6043695,6993323,5,119.99
5628853,8461227,21,1350.99
9809907,9647970,15,61.99
9022718,7344242,2,136.99
5927123,9130087,14,98.99
8549094,6787363,2,148.99
9069649,9130087,8,98.99
6200625,7349533,23,104.99
6019080,1371090,11,122.99
9644008,6993323,15,119.99
6326391,7451094,9,12.99
8311489,6857295,18,1287.99
5399726,7939415,2,210.99
5467686,4488928,29,487.99
8749583,7595903,7,268.99
9212994,6993323,30,119.99
9847831,5182998,20,262.99
5006074,3924441,2,33.99
7679489,4541064,22,809.99
8313847,9130087,1,98.99
6471443,3924441,20,33.99
8575886,6993323,15,119.99
6980720,8642680,25,635.99
5985097,3491564,24,198.99
6923822,9651004,29,202.99
6289577,2159212,3,139.99
5198292,6198921,10,38.99
7945215,5993840,9,107.99
5562267,1764371,7,123.99
6075412,8720936,6,101.99
5535163,9130087,30,98.99
7597585,1359142,6,188.99
6092503,1764371,15,123.99
9280082,9936520,8,108.99
7669266,8685283,16,134.99
5682474,9799204,15,114.99
9332976,5993840,6,107.99
9715463,8935201,2,52.99
5735508,4488928,28,487.99
8558243,2585286,22,130.99
7516761,6993323,14,119.99
9882281,9130087,23,98.99
6362134,3328381,12,31.99
9778250,4488928,14,487.99
7428764,9191471,4,10.99
7652450,3924441,8,33.99
6808001,5993840,7,107.99
6026307,9647970,2,61.99
5702920,6993323,20,119.99
5416904,6993323,7,119.99
7755610,6993323,14,119.99
7036270,6198921,20,38.99
7462966,5800904,14,93.99
5688761,3583387,6,168.99
5220858,9114234,1,186.99
5770963,4488928,18,487.99
7274150,5505271,14,170.99
7737037,5993840,5,107.99
5314416,5993840,6,107.99
9538304,4634952,29,14.99
5896197,6768735,9,176.99
9714058,7939415,10,210.99
6144191,1764371,12,123.99
8153059,5922388,10,54.99
7104174,5518616,29,280.99
7970444,9130087,27,98.99
7124303,6388497,27,158.99
8261826,6572260,6,54.99
7021619,9915844,13,215.99
7112525,9130087,8,98.99
8416813,4488928,6,487.99
8531572,3595166,9,154.99
7240576,5022491,7,198.99
7674444,9404780,19,237.99
6359824,7939415,5,210.99
9536416,4084474,6,132.99
5834170,9130087,9,98.99
5197714,4141244,22,280.99
9709045,6993323,11,119.99
6942313,1936248,9,202.99
6167344,7038449,2,564.99
7113316,1410895,22,461.99
6777535,9558900,18,263.99
8175927,9392268,7,150.99
7280471,4488928,23,487.99
7356274,9130087,19,98.99
9488729,1849218,3,224.99
6355947,9055994,18,203.99
8394028,3215115,23,284.99
5990174,6993323,14,119.99
7063001,3924441,1,33.99
5144213,9350655,22,12.99
5275198,5819487,5,255.99
5416190,5993840,12,107.99
6019575,1371090,9,122.99
7856206,8538411,28,239.99
8961389,4488928,29,487.99
5566810,7868274,13,143.99
9285761,1998397,3,111.99
8108839,9001949,10,130.99
8117322,4603721,17,234.99
7790850,1346668,26,211.99
9308763,9130087,10,98.99
7564040,2608578,22,282.99
7607450,8852008,7,1077.99
7782846,4634952,12,14.99
7188257,6539431,15,210.99
8025820,6539431,28,210.99
7865269,3583387,20,168.99
7561653,9130087,30,98.99
8684351,9647970,27,61.99
7482845,5993840,28,107.99
7193622,1346668,24,211.99
6264095,6993323,26,119.99
7950128,4488928,18,487.99
9672840,4488928,28,487.99
7715453,7939415,14,210.99
8749583,4488928,8,487.99
9480139,6198921,9,38.99
9850740,5022491,2,198.99
9542423,3631108,2,133.99
8339790,9350655,29,12.99
6229703,1410895,7,461.99
7159602,6993323,24,119.99
7924936,1764371,20,123.99
8672932,9350655,9,12.99
9533485,5819487,15,255.99
5653346,5561286,19,120.99
9352813,2865954,1,19.99
7420403,5561286,21,120.99
5747197,9409580,25,43.99
7977193,1043761,14,259.99
6230837,5561286,29,120.99
5953058,9651004,29,202.99
5340769,9130087,25,98.99
6411732,5993840,29,107.99
9709045,1764371,4,123.99
6432243,9130087,3,98.99
8273461,5561286,10,120.99
5947897,5993840,1,107.99
6762643,1619977,27,324.99
5979428,6857295,29,1287.99
6622444,5993840,25,107.99
7847973,3924441,30,33.99
8555876,9647970,16,61.99
5090373,5382102,13,608.99
6839948,9130087,23,98.99
5598832,7939415,9,210.99
7447491,4603721,1,234.99
8902739,2191736,7,257.99
8663309,5583510,29,77.99
9865302,5518616,23,280.99
7144443,9130087,6,98.99
9932298,1024094,21,150.99
9576095,6993323,6,119.99
8343342,8259861,27,196.99
9966436,4084474,7,132.99
9250974,8788009,29,1106.99
9731467,9130087,9,98.99
8041517,8061332,7,20.99
6502122,6993323,22,119.99
5348630,7451094,27,12.99
6689978,6993323,4,119.99
6814760,5993840,19,107.99
8712712,8685283,26,134.99
5910564,7595903,14,268.99
6569639,5993840,6,107.99
5356893,9130087,13,98.99
9606558,5518616,28,280.99
6749943,5993840,27,107.99
7139663,9130087,30,98.99
9815137,6993323,3,119.99
5541127,9130087,23,98.99
6822947,4708863,13,91.99
9326679,5611025,26,1014.99
5737848,9130087,9,98.99
7732703,9538313,15,193.99
9408702,7860195,3,222.99
8180057,5993840,12,107.99
7403086,5690283,15,213.99
9062464,6539431,3,210.99
5856764,9130087,9,98.99
6092686,3924441,28,33.99
8322315,5993840,19,107.99
5969602,1764371,5,123.99
8629172,6993323,12,119.99
8423718,7344242,12,136.99
5313036,9130087,27,98.99
5834170,5993840,2,107.99
9250185,7595903,5,268.99
9359550,9647970,1,61.99
5726070,1764371,20,123.99
8595318,6394044,14,96.99
6173404,6993323,19,119.99
8111455,5611025,29,1014.99
8260343,6993323,1,119.99
5570106,6993323,29,119.99
7609239,6993323,11,119.99
8536326,9647970,5,61.99
7841740,5382102,12,608.99
5729079,5182998,22,262.99
9129327,1371090,15,122.99
7620973,9130087,14,98.99
7470940,2483887,26,52.99
8858883,8129809,4,283.99
7393283,2447751,12,113.99
9111015,9130087,4,98.99
7966687,7094200,19,462.99
5503557,7939415,10,210.99
9119764,6993323,22,119.99
9569468,1849218,5,224.99
9675571,9130087,10,98.99
8291464,6388497,11,158.99
6907691,5788942,2,1291.99
7772555,1901788,4,290.99
7711124,4488928,15,487.99
6373755,9130087,29,98.99
5329476,3924441,18,33.99
6767789,3713494,13,246.99
6608628,9647970,13,61.99
9469954,6993323,27,119.99
7060506,1619977,18,324.99
9140620,6388497,3,158.99
8601061,4760849,26,201.99
8190688,8129809,30,283.99
6178050,9404780,13,237.99
7572083,9936520,16,108.99
7512784,9130087,24,98.99
9867257,6891276,22,284.99
9308366,7451094,25,12.99
5642761,2743849,28,102.99
5903576,7038449,28,564.99
7665156,6993323,16,119.99
5128863,1849218,5,224.99
7912281,6993323,12,119.99
8109168,9130087,15,98.99
7195311,8061332,4,20.99
7817037,6845817,9,95.99
8808966,8471578,24,173.99
7690113,6993323,27,119.99
8664959,1496862,22,1471.99
8490063,7094200,29,462.99
5648847,1764371,14,123.99
7572238,5993840,17,107.99
7441160,6993323,22,119.99
9251929,2356894,8,253.99
8608519,3948632,7,111.99
8475823,5382102,30,608.99
6485487,5993840,11,107.99
6641283,3807414,27,145.99
5343415,5561286,8,120.99
7834071,4708863,13,91.99
6139055,7378365,18,255.99
7630010,7094200,12,462.99
6505715,7595903,28,268.99
7934459,1764371,29,123.99
9326139,1936248,3,202.99
8329606,3491564,2,198.99
9148464,1496862,24,1471.99
9285761,8471578,2,173.99
6019575,1936248,2,202.99
5355804,1764371,4,123.99
9047293,9523217,30,174.99
7522263,5518616,9,280.99
6103552,4760849,2,201.99
7793056,9130087,11,98.99
5837292,4541064,2,809.99
9116448,6993323,4,119.99
5651308,8720936,15,101.99
6079010,5319521,6,155.99
7298786,5993840,1,107.99
8733260,4110482,27,10.99
6453959,5993840,2,107.99
6003620,2483887,13,52.99
5986596,9130087,8,98.99
6377681,1311230,23,38.99
6874759,5004197,26,1328.99
5224924,3924441,13,33.99
6494924,3328381,10,31.99
6787640,5993840,12,107.99
5780155,6993323,25,119.99
6476297,5993840,5,107.99
9308674,5993840,10,107.99
8185794,9936520,25,108.99
6045295,6388497,1,158.99
9807408,4488928,21,487.99
9790883,9130087,9,98.99
9297784,9936520,8,108.99
9932838,8788009,22,1106.99
9135674,5180754,16,106.99
5113359,7094200,8,462.99
6383778,1346668,20,211.99
7255302,9130087,2,98.99
9299867,6388497,10,158.99
7149888,4853743,22,153.99
7469600,3924441,24,33.99
9721543,2871779,14,288.99
6612973,6539431,19,210.99
6282954,6171636,15,199.99
7077285,6993323,2,119.99
6171190,3807414,24,145.99
8600914,8935201,9,52.99
8170285,5993840,4,107.99
7004774,9130087,16,98.99
9140620,7868274,15,143.99
8281709,9130087,11,98.99
5920328,1410539,3,273.99
8152065,5073777,3,133.99
9680588,1936248,4,202.99
9709043,9915844,30,215.99
6177985,6993323,25,119.99
5223090,8119368,6,132.99
7652450,5518616,9,280.99
6891448,5800904,23,93.99
5546648,1371090,13,122.99
6116617,6198921,24,38.99
6941665,6993323,22,119.99
5198292,6388497,30,158.99
9025880,5561286,22,120.99
5678451,4853743,9,153.99
8117611,8841285,25,229.99
7665156,5690283,10,213.99
9531409,6993323,3,119.99
8991391,4488928,30,487.99
5753983,6993323,11,119.99
9965239,9130087,12,98.99
9098416,9799204,27,114.99
7425727,3924441,4,33.99
6346067,6388497,17,158.99
8695438,9651004,25,202.99
8503245,9130087,1,98.99
9745822,9651004,10,202.99
6625033,3807414,20,145.99
7490533,9130087,21,98.99
7398737,9039716,11,56.99
8675769,1410539,19,273.99
7903620,5993840,28,107.99
5754114,9130087,18,98.99
6613159,9350655,23,12.99
7565079,5993840,14,107.99
7697414,4488928,12,487.99
7095513,5788942,19,1291.99
5312090,6993323,23,119.99
8902890,9799204,5,114.99
6691861,7451094,7,12.99
6764744,4488928,20,487.99
7963339,6432017,9,105.99
8139095,9130087,23,98.99
5886792,1764371,30,123.99
7360870,6993323,24,119.99
9850424,6993323,2,119.99
9938381,6964179,30,127.99
6319813,7595903,16,268.99
8660538,5431811,28,158.99
9874158,9275354,4,129.99
5729772,6993323,14,119.99
9250776,5993840,1,107.99
5715566,6388497,5,158.99
5802279,6993323,7,119.99
8953480,3924441,9,33.99
5908242,5611025,20,1014.99
5131388,8685283,26,134.99
8083975,9130087,14,98.99
7195779,5993840,9,107.99
5537805,5993840,4,107.99
7796148,1764371,20,123.99
6763386,1860199,13,80.99
6689016,9130087,8,98.99
9095383,9130087,28,98.99
8674327,5518616,3,280.99
9140271,6993323,15,119.99
7471186,6993323,16,119.99
8618683,1448697,10,9.99
9177115,9647970,24,61.99
9859720,5611025,25,1014.99
6641283,9915844,25,215.99
5539841,5993840,16,107.99
6402776,9651004,28,202.99
8722502,3790097,4,112.99
8011043,5485779,12,178.99
8803643,8005648,27,187.99
8599625,5182998,10,262.99
7469674,5993840,1,107.99
8896165,1849218,11,224.99
6820200,7344242,22,136.99
9110540,1936248,10,202.99
9582962,8524120,12,178.99
6284883,1901788,11,290.99
7554842,1359142,28,188.99
5703174,6822458,3,143.99
7737223,9130087,3,98.99
7013244,2608578,3,282.99
8636379,9647970,10,61.99
5797986,5846017,25,220.99
5431975,3924441,5,33.99
6870967,7451094,7,12.99
9244244,5561286,29,120.99
6907788,7344242,2,136.99
7715453,6822458,19,143.99
9390348,3924441,2,33.99
9989651,9130087,23,98.99
6224919,9130087,11,98.99
8076464,6388497,17,158.99
8229908,3029870,5,1151.99
7733678,5518616,17,280.99
5467898,9404780,17,237.99
5748944,9130087,2,98.99
6970067,6388497,30,158.99
8541997,9130087,17,98.99
8828518,1740067,1,215.99
6498532,9647970,4,61.99
9681726,1667503,18,9.99
8176234,3463891,7,89.99
8798068,1024094,23,150.99
6296996,1849218,4,224.99
6255599,7451094,7,12.99
5170055,1448697,25,9.99
8879724,7145123,7,169.99
9752681,6539431,9,210.99
9939978,7595903,18,268.99
5802181,5800904,1,93.99
9983513,5993840,27,107.99
5226629,3924441,30,33.99
8696467,1936248,14,202.99
7342391,5561286,5,120.99
5764018,6993323,5,119.99
9831522,9130087,24,98.99
6827498,6993323,28,119.99
8017397,9404780,5,237.99
5877495,2191736,4,257.99
9752325,5561286,7,120.99
5551108,7344242,10,136.99
7473139,1410895,2,461.99
7669927,5022491,16,198.99
7178199,3924441,1,33.99
5736180,8471578,2,173.99
9487942,6822458,16,143.99
8845218,7939415,17,210.99
5315249,2608578,8,282.99
7378452,9534966,30,1038.99
8239225,5505271,4,170.99
9707983,9130087,1,98.99
8637998,3790097,12,112.99
5158245,7094200,10,462.99
7606464,9350655,16,12.99
8838708,5505271,29,170.99
9887747,9130087,7,98.99
6566655,9350655,26,12.99
9805864,9130087,14,98.99
6445547,9130087,20,98.99
5052318,6993323,10,119.99
7862178,4853743,13,153.99
6805619,9523217,30,174.99
9215718,9651004,5,202.99
7082472,8150427,14,79.99
8242377,2608578,20,282.99
6818071,1764371,9,123.99
7927209,4488928,3,487.99
5299805,6388497,8,158.99
5143087,6388497,10,158.99
7310093,5416755,7,37.99
6796665,4488928,29,487.99
7904507,6198921,7,38.99
8977761,5611025,5,1014.99
5441649,3790097,25,112.99
5461649,9130087,2,98.99
5860667,9275354,29,129.99
7509466,6993323,21,119.99
7095513,2865954,21,19.99
6274772,9647970,18,61.99
6623437,4359354,25,479.99
7145949,3790097,16,112.99
5400565,8005648,21,187.99
9190777,9114234,26,186.99
6546116,1410895,6,461.99
6140389,5611025,19,1014.99
9140271,9350655,1,12.99
9382531,5993840,25,107.99
7508712,5416755,22,37.99
9991777,5800904,3,93.99
7579822,5454439,27,84.99
5856750,6993323,3,119.99
7424094,3807414,28,145.99
7808911,1764371,2,123.99
7156027,1707129,13,203.99
9507136,7451094,21,12.99
8652020,1043761,20,259.99
7625755,9647970,20,61.99
8421219,9039716,22,56.99
5214004,4267459,17,1370.99
9456845,1346668,17,211.99
9213949,2159212,27,139.99
7906791,6695201,30,200.99
5903982,1849218,7,224.99
9747721,9651004,13,202.99
8675505,8685283,7,134.99
7462071,5382102,23,608.99
8903316,7344242,3,136.99
8652232,5518616,28,280.99
9515250,5993840,17,107.99
9898591,4616283,30,29.99
7207663,8935201,1,52.99
7370906,1359142,18,188.99
9063230,2743849,1,102.99
5201079,9039716,14,56.99
5218186,1936248,15,202.99
7133569,7868274,30,143.99
6925872,9130087,4,98.99
9281109,3924441,23,33.99
8790962,2865954,10,19.99
7028468,4488928,2,487.99
6356025,1764371,18,123.99
9268369,9130087,16,98.99
5689663,6388497,7,158.99
7572929,3924441,3,33.99
5385649,3924441,22,33.99
8079031,3924441,28,33.99
6952168,6567738,22,186.99
8005413,5611025,26,1014.99
7934557,2191736,23,257.99
6527994,9799204,16,114.99
6111547,6993323,29,119.99
5144213,9130087,21,98.99
9741511,1371090,15,122.99
6694437,6993323,14,119.99
7477692,6993323,9,119.99
8644709,9130087,17,98.99
9421260,6993323,6,119.99
7054815,6198921,12,38.99
8062399,2608578,1,282.99
9669623,6993323,2,119.99
6221460,9111723,23,30.99
9412023,6993323,26,119.99
8576467,1043761,24,259.99
6232247,6993323,7,119.99
9125822,6993323,30,119.99
5017885,2356894,12,253.99
5370380,5505271,21,170.99
9767913,8685283,10,134.99
8755935,6993323,5,119.99
5143087,6198921,18,38.99
6622234,9404780,25,237.99
9988149,5191718,14,96.99
7793583,4488928,1,487.99
7387804,9130087,18,98.99
8729823,6198921,6,38.99
9824919,6993323,11,119.99
9368874,4616283,28,29.99
5248555,8622610,28,82.99
6658185,6775091,30,1232.99
5528390,9409580,29,43.99
6829899,3790097,30,112.99
6404808,8642680,6,635.99
7350065,9130087,23,98.99
5133347,1849218,3,224.99
7703170,3924441,25,33.99
6764279,6993323,20,119.99
9517407,6993323,15,119.99
6759156,3924441,20,33.99
5354655,1371090,15,122.99
7478727,5993840,1,107.99
7197060,6768735,3,176.99
8382010,7344242,13,136.99
8696021,8061332,25,20.99
6207045,6394044,18,96.99
5031280,2865954,10,19.99
5507989,6157224,26,217.99
8052771,5561286,12,120.99
8618172,5993840,26,107.99
9830659,8664356,12,180.99
7497590,9647970,3,61.99
9171239,4488928,16,487.99
8541769,5993840,18,107.99
6007525,9658470,29,15.99
9559718,9392268,28,150.99
7275165,6993323,9,119.99
5462423,8720936,16,101.99
5827569,1764371,22,123.99
5572277,8129809,8,283.99
9146590,9936520,24,108.99
6212585,1359142,19,188.99
5109211,7344242,21,136.99
8831569,2893282,26,205.99
9046129,9130087,21,98.99
8898163,6993323,9,119.99
6787482,1860199,1,80.99
7739012,8936261,23,176.99
9089562,5431811,17,158.99
7119735,9130087,30,98.99
6183713,3583387,12,168.99
9726617,5382102,8,608.99
8460388,3362157,9,826.99
9346656,4141244,9,280.99
8403174,3328381,11,31.99
9059280,7798286,11,110.99
8380006,4141275,12,11.99
9850424,9651004,17,202.99
7984364,5993840,20,107.99
9030099,9130087,29,98.99
7174538,9001949,24,130.99
9033920,6993323,4,119.99
9769157,9350655,6,12.99
5724683,9130087,2,98.99
7007299,9130087,10,98.99
5633339,8998249,8,156.99
6992160,7939415,16,210.99
9088166,3807414,23,145.99
5421039,2356894,12,253.99
5160732,9130087,26,98.99
5908242,9936520,18,108.99
5044436,9130087,11,98.99
9948566,7595903,18,268.99
7556222,3924441,3,33.99
6901383,9130087,14,98.99
6270251,9130087,5,98.99
7976070,6388497,7,158.99
7636167,9130087,21,98.99
7519098,5561286,28,120.99
9166627,5846017,12,220.99
6763568,9130087,3,98.99
9027279,4760849,20,201.99
7048708,1371090,28,122.99
8366979,6993323,5,119.99
8347982,6993323,7,119.99
5798494,1410895,30,461.99
8789135,1240903,22,293.99
8789936,6695201,19,200.99
9868654,3713494,29,246.99
7702025,4488928,27,487.99
9190270,9001949,5,130.99
5528956,6993323,22,119.99
6323952,4488928,10,487.99
9106708,9651004,30,202.99
7399213,9392268,6,150.99
9033363,9936520,21,108.99
9897166,2356894,16,253.99
7252936,5993840,6,107.99
5726486,6047451,16,219.99
7375640,7569752,18,21.99
6974104,8685283,8,134.99
5210265,1619977,18,324.99
9940102,3924441,5,33.99
9012065,6539431,10,210.99
6136861,6388497,30,158.99
5919764,6993323,10,119.99
7511490,2356894,24,253.99
6777829,9130087,17,98.99
9938900,7268157,29,175.99
7585724,3285586,21,269.99
7772555,9130087,15,98.99
8291844,3595166,9,154.99
7029375,9409580,15,43.99
6131649,3328381,8,31.99
7087886,4488928,2,487.99
7320386,6302129,22,129.99
5175113,9114234,21,186.99
9634392,5022491,11,198.99
5040345,6388497,21,158.99
7323899,4488928,9,487.99
6647507,4084474,23,132.99
6724570,7094200,24,462.99
8206431,6993323,24,119.99
5936099,1707129,6,203.99
8400919,5993840,4,107.99
6153817,7595903,11,268.99
6209984,4488928,5,487.99
6444141,7030680,26,221.99
5721643,6198921,14,38.99
9039815,9130087,8,98.99
9041936,2369769,28,138.99
5031280,8685283,24,134.99
8455484,9130087,27,98.99
9246807,9130087,15,98.99
8102898,1371090,5,122.99
5414913,6993323,4,119.99
9778808,2191736,8,257.99
8984252,8129809,21,283.99
8429452,6695201,18,200.99
9606687,6993323,12,119.99
8491839,3328381,10,31.99
9130072,1957962,2,605.99
9871755,3924441,11,33.99
7364962,5382102,9,608.99
9981712,5993840,4,107.99
8639986,7451094,28,12.99
5660769,6993323,1,119.99
5365379,7939415,10,210.99
6954476,3924441,9,33.99
5936375,3583387,18,168.99
9461553,9130087,30,98.99
8023048,5993840,22,107.99
8128616,9392268,5,150.99
8329606,6993323,7,119.99
8433401,9130087,23,98.99
9576095,6388497,30,158.99
5089634,7595903,29,268.99
9732760,1764371,2,123.99
8197852,5404767,1,88.99
9655411,9799204,8,114.99
9469954,1764371,23,123.99
9576344,9130087,16,98.99
6028392,3924441,13,33.99
7855831,8471578,14,173.99
9337100,9130087,17,98.99
6039120,3328381,1,31.99
7595668,5993840,27,107.99
5462722,4616283,23,29.99
5623950,4488928,12,487.99
8903693,6388497,25,158.99
7793056,8685283,21,134.99
7172579,1849218,13,224.99
8898068,4488928,27,487.99
9642169,5561286,8,120.99
7005272,7451094,6,12.99
5289114,9130087,27,98.99
9784702,5431811,23,158.99
9886635,4488928,27,487.99
9690520,8685283,5,134.99
6553706,6993323,6,119.99
7366738,5993840,13,107.99
9309867,6993323,20,119.99
8585837,1957962,5,605.99
7984534,7939415,13,210.99
7085826,9651004,18,202.99
5003881,6388497,3,158.99
8531047,2585286,9,130.99
5756876,1619977,26,324.99
7854351,7674515,18,275.99
8091938,4488928,21,487.99
7659808,9130087,20,98.99
7518692,4603721,3,234.99
9220426,9130087,10,98.99
8738067,3924441,10,33.99
8621953,5846017,17,220.99
7337544,6993323,3,119.99
9331993,1371090,9,122.99
5329981,9130087,11,98.99
6422544,3807414,15,145.99
9177115,7094200,5,462.99
9998042,3815280,3,117.99
6315418,3924441,1,33.99
9068396,8005648,10,187.99
7336817,1754339,14,138.99
6811267,3258459,14,119.99
7376594,6845131,9,107.99
6191451,4488928,13,487.99
5701764,1764371,24,123.99
6469817,1936248,15,202.99
8715987,2356894,17,253.99
7413844,7939415,20,210.99
8005869,1024094,27,150.99
9829813,3924441,22,33.99
5525179,6993323,5,119.99
5383374,5022491,18,198.99
8180651,3924441,26,33.99
9417838,5518616,30,280.99
5707458,6993323,27,119.99
8726391,3161704,13,127.99
9233569,5611025,17,1014.99
5966524,5993840,14,107.99
9859720,3924441,22,33.99
7220704,6891276,10,284.99
5539397,5993840,24,107.99
6662856,6993323,5,119.99
9955525,6198921,21,38.99
7847110,9350655,28,12.99
7589468,9350655,2,12.99
5198869,6993323,23,119.99
9342499,1720189,17,152.99
6600110,3713494,16,246.99
5950208,9404780,2,237.99
6172652,9799204,23,114.99
6718420,4488928,16,487.99
7796951,5993840,17,107.99
9269520,9404780,13,237.99
8380237,1410895,26,461.99
5575319,5004197,4,1328.99
7007305,7569752,20,21.99
7849655,6775461,8,86.99
9398233,3128835,9,246.99
5042338,6768735,15,176.99
6625033,9130087,6,98.99
5566810,4084474,13,132.99
7477090,5993840,22,107.99
6006359,7939415,28,210.99
6235390,3328381,20,31.99
5975355,5993840,5,107.99
8096893,6388497,7,158.99
8908045,6993323,18,119.99
5509574,5922388,21,54.99
8832821,9130087,21,98.99
5114019,5537392,2,139.99
9352348,6388497,9,158.99
7451435,5611025,3,1014.99
6170829,3924441,2,33.99
7259774,8788009,27,1106.99
8599625,5518357,15,10.99
8025820,8129809,18,283.99
5285160,5611025,18,1014.99
6898895,7344242,27,136.99
5841627,1764371,6,123.99
7304802,6993323,2,119.99
6027321,7860195,7,222.99
5268539,5993840,1,107.99
8399484,4488928,16,487.99
7533220,9350655,16,12.99
9856520,5611025,21,1014.99
5952227,9130087,7,98.99
8973805,4634952,15,14.99
9240578,5993840,13,107.99
5725473,5446285,13,230.99
9648363,6814894,19,204.99
5809791,9404780,2,237.99
8386842,5993840,5,107.99
8039798,1764371,2,123.99
6744810,5191718,12,96.99
5399726,5993840,28,107.99
5818267,1764371,11,123.99
6058144,3924441,1,33.99
7142543,9130087,18,98.99
5248555,5561286,25,120.99
5452033,6993323,1,119.99
6951557,9130087,19,98.99
8539046,5518616,7,280.99
5819892,2483887,30,52.99
5647417,9111723,30,30.99
5304915,9458269,17,42.99
7481748,3924441,19,33.99
9765787,5611025,14,1014.99
5804668,9130087,7,98.99
5554058,7860195,2,222.99
8803207,5993840,15,107.99
6497361,6993323,27,119.99
5114019,9130087,14,98.99
6270030,1936248,29,202.99
8484492,4488928,6,487.99
7829552,5993840,18,107.99
8756703,3924441,17,33.99
9966453,1901788,14,290.99
8113699,9130087,16,98.99
8704075,1346668,4,211.99
8033452,3790097,26,112.99
6463322,9647970,11,61.99
6911578,1311230,25,38.99
9181419,9350655,4,12.99
7968732,9130087,16,98.99
6923822,7595903,21,268.99
5015626,6993323,8,119.99
5285160,5993840,13,107.99
7667593,5690283,27,213.99
9037315,8622610,28,82.99
5871086,1860199,2,80.99
7159006,6198921,24,38.99
8617250,5993840,21,107.99
6531977,3810081,10,191.99
9480703,4853743,20,153.99
8335463,1764371,23,123.99
6869323,9111723,27,30.99
8634088,9799204,3,114.99
7904568,3924441,11,33.99
9114286,3924441,29,33.99
5621932,5993840,30,107.99
6235271,2743849,11,102.99
5872849,6768735,19,176.99
9156080,1410895,19,461.99
6762534,2356894,29,253.99
9602750,3815280,12,117.99
5824824,6993323,7,119.99
5060667,6993323,5,119.99
6184676,5993840,29,107.99
6420971,9915844,10,215.99
5931391,1764371,25,123.99
6689016,5993840,15,107.99
9313058,6993323,25,119.99
9559718,5993840,11,107.99
9434365,8664356,7,180.99
9031086,5993840,27,107.99
7346018,3924441,16,33.99
6109520,5382102,10,608.99
5724187,9130087,3,98.99
7954428,2947653,20,108.99
9887391,9130087,22,98.99
7589376,3810081,19,191.99
5250799,3924441,8,33.99
9280643,1043761,5,259.99
8281709,2347773,1,1158.99
5819892,6993323,19,119.99
7364194,9409580,21,43.99
6050102,9558900,23,263.99
6552102,1024094,12,150.99
8832821,1496862,11,1471.99
5419364,4488928,7,487.99
5189799,6198921,13,38.99
7992906,5561286,28,120.99
8885953,6713848,3,219.99
5631711,3713494,7,246.99
7428764,6047451,20,219.99
8185904,9350655,27,12.99
5208771,7094200,27,462.99
5234523,6775091,11,1232.99
5528390,8685283,10,134.99
7050893,3924441,7,33.99
8037089,9114234,14,186.99
5459613,7451094,8,12.99
5870456,9130087,9,98.99
9458343,5846017,2,220.99
9091445,9126845,5,125.99
7580037,5993840,26,107.99
6399765,1764371,14,123.99
5699996,4488928,30,487.99
7825712,5800904,13,93.99
6901650,9130087,6,98.99
9328082,1764371,28,123.99
7954428,4488928,30,487.99
7616294,6388497,20,158.99
7968606,7725253,18,92.99
6838568,9130087,18,98.99
9865302,6198921,24,38.99
7652020,3790097,4,112.99
7408627,4541064,11,809.99
9807408,5993840,22,107.99
7945753,9409580,13,43.99
9648036,9350655,2,12.99
9254853,4488928,19,487.99
9642667,8119368,7,132.99
6621589,2369769,18,138.99
8564970,5993840,1,107.99
6346340,1764371,8,123.99
9440264,9651004,17,202.99
7012231,1860199,28,80.99
9834238,6993323,11,119.99
6023258,5561286,5,120.99
7316002,6761371,12,198.99
6434583,4110482,10,10.99
5816958,3924441,15,33.99
5653346,1764371,24,123.99
5679997,5993840,16,107.99
8029270,4616283,4,29.99
9746777,6775091,2,1232.99
9583476,1222511,5,1131.99
7184636,5561286,23,120.99
8185021,5993840,6,107.99
6065555,5993840,20,107.99
8644484,3924441,2,33.99
8832863,5993840,16,107.99
6584329,4488928,19,487.99
9530421,5182998,14,262.99
9065959,6198921,12,38.99
7270051,3948632,23,111.99
7921809,6539431,1,210.99
5344235,7378365,18,255.99
7928537,1371090,13,122.99
7311329,1764371,10,123.99
5463845,6432017,21,105.99
7596508,5611025,8,1014.99
9700258,1619977,25,324.99
7469600,9350655,9,12.99
9438723,2743849,17,102.99
8558605,5993840,23,107.99
9070307,2191736,12,257.99
7721318,2347773,15,1158.99
6482486,1849218,4,224.99
6967694,5022491,8,198.99
5216772,6857295,17,1287.99
9105870,5993840,15,107.99
5518690,5993840,25,107.99
6993269,1764371,22,123.99
9918718,6845131,11,107.99
8096893,5382102,4,608.99
6188253,9651004,23,202.99
9361435,1619977,23,324.99
5715360,1371090,27,122.99
7769491,7451094,5,12.99
9415575,6993323,9,119.99
8877537,5793488,26,217.99
6056515,5561286,30,120.99
8067624,9130087,28,98.99
5964841,4488928,27,487.99
7687820,3924441,13,33.99
6962696,6993323,13,119.99
8086629,3924441,13,33.99
5706568,6993323,29,119.99
5361838,6993323,2,119.99
5755177,5993840,13,107.99
8903693,6891276,11,284.99
9156080,4541064,9,809.99
5690534,6198921,16,38.99
9456626,1720189,8,152.99
9285427,6302129,24,129.99
6799162,4708863,23,91.99
6338513,6388497,12,158.99
9435426,9130087,30,98.99
8527461,7550543,3,21.99
9267572,6539431,23,210.99
5586771,7595903,23,268.99
7931324,4853743,13,153.99
5090998,9191471,5,10.99
7596919,9470648,6,265.99
8107086,5022491,22,198.99
6991893,9130087,19,98.99
6361763,5319521,17,155.99
8807441,5846017,11,220.99
9232310,9404780,26,237.99
5561816,9936520,22,108.99
8585473,3583387,20,168.99
8239225,9130087,15,98.99
9087953,3924441,14,33.99
5734920,1448697,30,9.99
6844084,9669796,18,52.99
7817717,9130087,27,98.99
5533837,9130087,8,98.99
7652020,1849218,23,224.99
6424940,1078329,15,75.99
6761190,6993323,8,119.99
8380006,9936520,13,108.99
8628520,9651004,6,202.99
9447615,9130087,21,98.99
6819218,4488928,16,487.99
7807455,5993840,15,107.99
6483889,5319521,24,155.99
9500665,1377555,6,68.99
8229003,6713848,15,219.99
7908499,6822458,4,143.99
9754834,4708863,9,91.99
9779217,5993840,23,107.99
5735508,1764371,12,123.99
7792047,1936248,26,202.99
7112525,6814894,10,204.99
8838708,8005648,1,187.99
7565032,7710925,4,1448.99
6154989,3924441,8,33.99
9634392,9130087,1,98.99
6975280,8998249,26,156.99
7469600,5583510,28,77.99
7956528,6891276,30,284.99
5092871,6695201,17,200.99
8213207,9936520,18,108.99
8312918,5993840,22,107.99
5262443,7041303,24,64.99
9891124,6993323,24,119.99
7300218,5785274,1,18.99
9862907,9130087,19,98.99
7310937,6993323,6,119.99
9415651,3924441,26,33.99
8172896,7674515,15,275.99
5389116,5611025,20,1014.99
7715453,6398912,12,208.99
7565049,1667503,25,9.99
6079581,6388497,19,158.99
6866022,9130087,28,98.99
7890482,6993323,16,119.99
6324420,5611025,29,1014.99
7700848,9130087,18,98.99
5170055,9558900,1,263.99
7353578,6993323,29,119.99
7762842,3924441,9,33.99
9448436,4110482,26,10.99
7205751,5993840,5,107.99
7279056,7030680,8,221.99
6951544,3128835,7,246.99
5509574,7939415,25,210.99
9797091,8074418,26,270.99
5653976,2585286,9,130.99
8854642,2608578,16,282.99
5336043,9130087,25,98.99
5441649,5416755,24,37.99
5275797,3713494,21,246.99
6404808,9523217,1,174.99
6647881,9130087,3,98.99
5230257,4488928,13,487.99
7464187,7595903,19,268.99
6872365,6388497,15,158.99
5025019,1764371,14,123.99
7955242,1849218,20,224.99
9005621,3924441,30,33.99
9485404,1346668,27,211.99
9777294,5993840,6,107.99
5640024,3463891,28,89.99
8718618,2350595,2,264.99
9496991,9130087,24,98.99
8247447,2585286,18,130.99
9079685,4488928,9,487.99
5771937,5514983,26,244.99
8991292,9458269,16,42.99
8311489,1222511,22,1131.99
5294419,4110482,13,10.99
5302328,9350655,16,12.99
9564960,2356894,17,253.99
5841627,5993840,10,107.99
8660538,9130087,17,98.99
8494591,1764371,21,123.99
6013145,4488928,30,487.99
9640532,5993840,14,107.99
6498532,8622610,2,82.99
5340769,1410895,2,461.99
9914965,3924441,20,33.99
7934459,8622610,23,82.99
5236214,5022491,28,198.99
6255371,6388497,30,158.99
7119735,6993323,20,119.99
6814357,9130087,27,98.99
7659803,6198921,2,38.99
7640909,5505271,19,170.99
9412013,1410895,16,461.99
9788520,1849218,1,224.99
6254087,9130087,1,98.99
5119192,6993323,12,119.99
5517835,7595903,2,268.99
5272873,3632157,13,280.99
7314778,1936248,29,202.99
5842197,4708863,28,91.99
5422876,5382102,14,608.99
9945291,1222511,13,1131.99
6034829,5022491,20,198.99
6731062,2356894,14,253.99
8389372,3215115,25,284.99
6056515,7451094,26,12.99
8386508,9130087,15,98.99
8047740,5993840,7,107.99
7335221,2356894,1,253.99
6729957,3807414,30,145.99
8211151,7595903,2,268.99
7906227,4541064,8,809.99
5748227,6993323,24,119.99
7662817,8685283,2,134.99
6695339,6822458,8,143.99
5042338,1764371,22,123.99
5346347,6993323,26,119.99
5648502,5785274,3,18.99
8788495,9275354,7,129.99
7939644,9130087,25,98.99
7060957,9523217,10,174.99
7668056,5022491,24,198.99
5474610,9039716,5,56.99
7916221,6993323,29,119.99
8016865,1346668,2,211.99
7963339,6993323,16,119.99
7046576,9651004,29,202.99
6655729,5319521,16,155.99
7944255,6993323,21,119.99
7242135,1619977,29,324.99
5062454,5537392,22,139.99
5969774,5446285,22,230.99
8553671,1619977,18,324.99
7590346,5993840,22,107.99
9604409,9551602,19,291.99
7393283,6993323,5,119.99
9695855,9130087,29,98.99
8229624,5993840,2,107.99
9210450,2347773,27,1158.99
5753983,4488928,20,487.99
5525179,3555929,11,256.99
7703036,6198921,25,38.99
9596361,5518616,19,280.99
5466156,4488928,21,487.99
7504593,4139055,11,72.99
8606738,3924441,16,33.99
6622234,1377555,10,68.99
7796951,1667503,6,9.99
8583782,5518357,7,10.99
6049616,4488928,9,487.99
8348034,7344242,25,136.99
9297784,5993840,14,107.99
8377754,8524120,22,178.99
6839948,4488928,1,487.99
7907253,9130087,29,98.99
8190713,1371090,8,122.99
7087969,5800904,21,93.99
5290609,5993840,29,107.99
8260343,9936520,16,108.99
9546613,9458269,5,42.99
9128826,6993323,8,119.99
6225641,8998249,21,156.99
9195221,6993323,9,119.99
8215202,6047451,29,219.99
5537081,6857295,12,1287.99
9088166,6047451,27,219.99
7547116,1043761,22,259.99
5507263,5180754,19,106.99
8191187,1496862,7,1471.99
5595432,9350655,25,12.99
9803052,7860195,17,222.99
6639691,9130087,7,98.99
5481118,4110482,8,10.99
7556222,3215115,4,284.99
5396387,3328381,28,31.99
9689499,5382102,19,608.99
8002688,3249673,21,22.99
5618567,1849218,18,224.99
8144869,8685283,8,134.99
8644484,1764371,23,123.99
7362336,6388497,6,158.99
9284962,6993323,12,119.99
5836699,5993840,27,107.99
6158665,1764371,2,123.99
7464187,5993840,27,107.99
5239725,9350655,15,12.99
5224924,6993323,12,119.99
9508248,6993323,22,119.99
9968093,3328381,8,31.99
5995448,3924441,5,33.99
9590160,6388497,5,158.99
8586131,9130087,11,98.99
6359152,9130087,17,98.99
9154624,3249673,1,22.99
8192393,8685283,11,134.99
9487804,3924441,22,33.99
7093827,9130087,13,98.99
7429693,3924441,30,33.99
7902453,6775091,25,1232.99
5459763,3924441,23,33.99
8593223,1720189,10,152.99
7677303,8129809,26,283.99
9630910,1371090,25,122.99
6520957,8642680,20,635.99
6058144,8720936,24,101.99
5699996,6388497,14,158.99
5579934,5561286,26,120.99
7521716,5993840,27,107.99
9699793,7041303,23,64.99
7461479,8642680,29,635.99
8531572,1901788,4,290.99
7500364,1078329,22,75.99
6191762,3142680,16,120.99
7562597,9130087,4,98.99
9142892,9799204,1,114.99
6621501,2483887,1,52.99
6365336,3029870,17,1151.99
8577654,6388497,24,158.99
8059864,7445367,16,137.99
9052666,9130087,11,98.99
6453959,6539431,25,210.99
6084778,9915844,28,215.99
8004328,3790097,19,112.99
8514241,3924441,30,33.99
9624595,1222511,21,1131.99
5738326,6388497,15,158.99
5822162,9001949,12,130.99
8329950,6993323,12,119.99
9966453,5993840,22,107.99
8838211,4488928,27,487.99
7525167,7595903,30,268.99
5957564,5993840,7,107.99
9050207,2608578,25,282.99
7051458,9130087,10,98.99
8182549,6388497,13,158.99
8973805,9191471,7,10.99
7019640,1371090,29,122.99
8273205,7451094,13,12.99
9306493,6993323,5,119.99
5767044,9130087,6,98.99
9122155,4488928,10,487.99
9576363,6993323,2,119.99
6302948,2350595,2,264.99
8548996,6198921,4,38.99
9591518,7094200,25,462.99
7746188,2447751,2,113.99
5034853,5518616,29,280.99
5234163,1901788,1,290.99
8526331,6198921,11,38.99
