customer_id,first_name,last_name,email,phone,city,state_province,country,zip_code,registration_date
770487,Anel,Bradshaw,anel.bradshaw7838@hotmail.com,(640)480-7924x2771,Montreal,Qc,CANADA,H1A0A1,2026-01-29
216739,Elizabeth,Robinson,elizabeth.robinson4877@outlook.com,(327)986-7811,Halifax,Ns,CANADA,B3H1Y2,2026-02-22
126225,Michael,Valdés,michael.valdés6465@outlook.com,,Halifax,Ns,CANADA,B3H1Y2,2024-02-19
877572,Arcelia,Coleman,arcelia.coleman4443@outlook.com,798-856-6322,Buffalo,NY,USA,14201,2025-09-14
388389,John,Gonzales,john.gonzales2253@gmail.com,,Los Angeles,Ca,UsA,90001,2025-09-27
356787,jonathan,Palomo,jonathan.palomo9407@yahoo.com,696-829-1106,Orlando,fl,UsA,32801,2026-04-06
334053,Aaron,Johnson,aaron.johnson4743@gmail.com,1-843-465-0562x45056,San Diego,Ca,usa,92101,2025-03-10
246316,Israel,Gates,israel.gates5418@yahoo.com,1-363-810-0059x363,Montreal,Qc,canada,H1A0A1,2025-07-04
872246,José Eduardo,Rosario,joséeduardo.rosario8443@outlook.com,(324)884-3385x16035,Vancouver,bC,canada,V5K0A1,2024-08-11
207473,Jason,Oliver,jason.oliver4948@gmail.com,(612) 715-1320,Orlando,FL,UsA,32801,2024-10-10
809570,Verónica,Mitchell,verónica.mitchell6022@yahoo.com,4198142351,Buffalo,Ny,UsA,14201,2025-11-18
876646,Robin,Arredondo,robin.arredondo1342@hotmail.com,1-529-494-0704,Guadalajara,JA,MEXICO,44100,2025-05-01
671858,Susan,Blair,susan.blair3366@hotmail.com,791-864-0281,Charlotte,nc,UsA,28202,2025-03-12
191161,Daniela,Gray,daniela.gray50@yahoo.com,(812)560-9607,Coyoacan,CM,Mexico,04100,2025-03-28
719176,Eric,Davis,eric.davis6888@outlook.com,,Orlando,fL,UsA,32801,2024-02-21
542417,Daniel,Turner,daniel.turner2087@yahoo.com,,Victoria,BC,CANADA,V8W1P6,2025-12-06
133326,Amanda,Conway,amanda.conway3089@gmail.com,(389)288-8842x76328,Guadalajara,JA,Mexico,44100,2024-06-29
131244,Melinda,Wong,melinda.wong798@yahoo.com,1 (870) 113-9153,San Jose,CA,USA,95101,2025-04-29
198246,Isabel,Cook,isabel.cook5254@yahoo.com,+1-194-038-8558x3996,Austin,TX,usa,73301,2024-09-07
329258,Gloria,González,gloria.gonzález5643@hotmail.com,,Charlotte,nc,usa,28202,2024-12-20
343962,Shawn,Garcia,shawn.garcia7587@gmail.com,1-690-590-2685,Raleigh,nc,usa,27601,2024-06-26
629903,Timothy,Mcmillan,timothy.mcmillan845@outlook.com,899-724-5770,San Diego,ca,USA,92101,2025-04-04
731262,Robert,Solis,robert.solis1923@hotmail.com,,Orlando,FL,USA,32801,2025-06-18
127824,Richard,Venegas,richard.venegas5893@hotmail.com,(594)029-3846x125,Orlando,fl,usa,32801,2024-10-16
688508,yuridia,Bradley,yuridia.bradley9569@hotmail.com,(771)757-9739,Mexico City,cm,mEx,01000,2025-06-16
308496,Melissa,Granados,melissa.granados2757@outlook.com,152.085.8822,Halifax,NS,CANADA,B3H1Y2,2024-01-04
850800,Diane,Watkins,diane.watkins2475@gmail.com,766-586-0607,Los Angeles,cA,UsA,90001,2023-12-17
781453,Travis,Sweeney,travis.sweeney4698@gmail.com,(152)575-1693x132,Raleigh,nc,United States,27601,2024-03-08
835392,Joseph,Rosales,joseph.rosales4380@hotmail.com,1 (676) 190-4416,Monterrey,nl,mEx,64000,2025-10-31
671412,Holly,Curry,holly.curry155@yahoo.com,1 (138) 644-0501,Los Angeles,CA,United States,90001,2024-07-23
539898,Deborah,Foley,deborah.foley4594@gmail.com,(294) 971-1544 x654,Raleigh,nc,UsA,27601,2024-02-17
331148,Jermaine,Carrera,jermaine.carrera8857@outlook.com,(399)436-9281x8702,Austin,TX,usa,73301,2024-01-24
571029,Bethany,Singh,bethany.singh9759@hotmail.com,,New York,nY,UsA,10001,2024-07-21
717889,Linda,Moreno,linda.moreno4840@yahoo.com,001-486-571-5168x5070,Guadalajara,ja,MEXICO,44100,2025-01-02
391704,Cindy,Barron,cindy.barron4420@gmail.com,3121368969,Miami,fL,United States,33101,2023-12-27
948749,Mario,Guillen,mario.guillen203@outlook.com,001-225-770-7317x63012,Miami,fl,USA,33101,2025-11-01
106814,Isaac,Cardenas,isaac.cardenas2740@hotmail.com,272-458-7680 x533,Monterrey,Nl,Mexico,64000,2025-12-08
895667,Charles,becker,charles.becker6484@outlook.com,,Montreal,qC,canada,H1A0A1,2025-02-13
944962,David,Véliz,david.véliz5148@yahoo.com,,Victoria,Bc,CANADA,V8W1P6,2026-02-08
267414,John,Woodward,john.woodward3274@yahoo.com,(380)740-5817x27273,Orlando,fl,UsA,32801,2026-02-24
832052,Judith,Shepard,judith.shepard4140@yahoo.com,470.828.5813,San Diego,cA,UsA,92101,2025-05-31
543143,Kelly,Valdés,kelly.valdés1393@gmail.com,357-886-2529x2819,Guadalajara,JA,MEXICO,44100,2025-09-21
456778,heidi,Miller,heidi.miller8367@yahoo.com,165-190-6578,Montreal,qc,canada,H1A0A1,2023-12-26
391369,Donna,Spears,donna.spears2322@outlook.com,763.733.2886,Coyoacan,Cm,mEx,04100,2024-03-09
263032,julie,Bailey,julie.bailey371@outlook.com,+14(2)9619305642,Guadalajara,ja,MEXICO,44100,2024-05-27
325772,Oswaldo,Delgado,oswaldo.delgado6637@yahoo.com,254-849-0687x55663,Monterrey,nl,mEx,64000,2025-07-29
900581,Mariano,Tran,mariano.tran1026@gmail.com,,Guadalajara,ja,mEx,44100,2024-03-26
452944,Hermelinda,Campbell,hermelinda.campbell5701@outlook.com,,Buffalo,Ny,United States,14201,2025-10-19
207175,Emily,Smith,emily.smith2317@hotmail.com,211-996-6571x480,Miami,Fl,USA,33101,2025-06-21
197251,Jason,Johnson,jason.johnson879@outlook.com,,Buffalo,ny,UsA,14201,2025-01-22
498382,Elvia,Cuevas,elvia.cuevas506@yahoo.com,+1 (452) 987-8098,Montreal,qc,CANADA,H1A0A1,2025-12-30
201414,Rodrigo,Rodriguez,rodrigo.rodriguez6011@gmail.com,+1 (705) 429-2343,Montreal,QC,CANADA,H1A0A1,2026-03-29
476417,Maurice,Little,maurice.little1426@hotmail.com,,Victoria,bc,CANADA,V8W1P6,2025-07-25
988662,Laurie,Carmona,laurie.carmona3391@gmail.com,(988)131-6004,Halifax,Ns,CANADA,B3H1Y2,2024-09-25
460663,Berta,Adame,berta.adame6744@gmail.com,,Raleigh,nc,USA,27601,2024-04-28
733052,Wilfrido,Anderson,wilfrido.anderson4403@hotmail.com,769.522.1026x909,Halifax,NS,canada,B3H1Y2,2025-05-11
377370,Anna,stevens,anna.stevens1527@hotmail.com,406-751-3887,Halifax,ns,Canada,B3H1Y2,2025-02-12
946335,Carrie,Perez,carrie.perez9276@hotmail.com,,Buffalo,NY,United States,14201,2025-09-02
145561,Stephanie,Davis,stephanie.davis7010@yahoo.com,,Mexico City,Cm,Mexico,01000,2024-09-06
865179,Sarah,Arellano,sarah.arellano849@hotmail.com,(836)388-5949,Orlando,FL,United States,32801,2023-12-02
581741,Monica,Barragán,monica.barragán153@gmail.com,+1-269-987-1084x15436,New York,ny,UsA,10001,2024-02-11
662275,Elvia,Garrison,elvia.garrison4903@yahoo.com,001-317-223-0493x698,New York,NY,United States,10001,2025-08-16
230889,Jeffrey,Guerra,jeffrey.guerra6746@hotmail.com,,Victoria,BC,CANADA,V8W1P6,2025-12-17
496922,Carol,Jordan,carol.jordan4066@outlook.com,(463)621-7405x22879,Guanajuato,Gj,Mexico,36000,2025-05-14
182627,michelle,Batista,michelle.batista3922@hotmail.com,7211446057,Monterrey,NL,mEx,64000,2024-10-20
678856,Debbie,Fonseca,debbie.fonseca1196@gmail.com,+1-643-160-4654,Buffalo,NY,UsA,14201,2025-05-02
407419,Tonya,Montaño,tonya.montaño8809@yahoo.com,1 (536) 332-6118,Raleigh,nc,usa,27601,2025-01-04
969693,Evelio,Pearson,evelio.pearson949@yahoo.com,(267) 885-7230,Coyoacan,CM,mEx,04100,2025-10-13
759176,Eric,serrato,eric.serrato8134@outlook.com,260.101.9140x717,Vancouver,Bc,CANADA,V5K0A1,2024-03-30
748564,Elizabeth,Woods,elizabeth.woods9448@gmail.com,932.021.2225x217,Ottawa,on,canada,K1A0B1,2024-05-10
479201,Minerva,Galván,minerva.galván43@gmail.com,,San Jose,Ca,UsA,95101,2024-05-02
705397,Caridad,Arellano,caridad.arellano4068@hotmail.com,,San Jose,Ca,United States,95101,2025-04-28
301629,Katrina,Gallardo,katrina.gallardo1130@hotmail.com,,Toronto,ON,CANADA,M5H2N2,2025-03-12
838797,Bobby,Báez,bobby.báez3975@hotmail.com,(238) 273-1222 x636,Miami,fl,USA,33101,2023-12-07
172933,Gerónimo,Taylor,gerónimo.taylor158@outlook.com,181-136-0225x357,Mexico City,Cm,Mexico,01000,2024-06-28
148050,Michael,Wells,michael.wells4585@gmail.com,449.183.6616x72807,Monterrey,Nl,mEx,64000,2026-01-04
793384,Teresa,Becker,teresa.becker9698@gmail.com,001-761-600-9935x639,Charlotte,Nc,UsA,28202,2025-11-17
338968,Kaitlyn,Austin,kaitlyn.austin2231@gmail.com,(817)690-2998x0406,Halifax,NS,CANADA,B3H1Y2,2024-12-01
910620,Ryan,Johnston,ryan.johnston2583@outlook.com,,Victoria,Bc,Canada,V8W1P6,2024-03-03
403445,sara,Alemán,sara.alemán2849@gmail.com,,Victoria,bc,Canada,V8W1P6,2025-03-18
183667,Christine,Livingston,christine.livingston2142@yahoo.com,,Houston,TX,usa,77001,2026-03-12
996865,Mark,Batista,mark.batista5433@gmail.com,878.940.8330,Los Angeles,cA,UsA,90001,2025-04-22
344098,Tanya,Harrison,tanya.harrison4586@hotmail.com,,Buffalo,ny,usa,14201,2025-04-24
205907,Eric,Martin,eric.martin8615@yahoo.com,020.624.5173x285,Guadalajara,Ja,mEx,44100,2025-06-10
498591,Jason,Reed,jason.reed3589@gmail.com,,Guanajuato,Gj,MEXICO,36000,2024-12-01
391476,Diane,French,diane.french917@yahoo.com,421-300-3271,Vancouver,bc,Canada,V5K0A1,2024-07-30
575435,Alfredo,Barker,alfredo.barker9301@yahoo.com,893-977-3733x466,Guanajuato,GJ,MEXICO,36000,2024-10-12
766563,Scott,Gonzalez,scott.gonzalez8626@hotmail.com,767-108-4108,New York,ny,usa,10001,2024-01-30
974628,Juan Carlos,Ellis,juancarlos.ellis5979@gmail.com,251.853.7053x203,Austin,Tx,usa,73301,2024-04-18
482554,Catalina,Weber,catalina.weber5847@yahoo.com,+1-202-511-9882x76156,Buffalo,Ny,USA,14201,2024-05-30
270555,Flavio,Rodriguez,flavio.rodriguez3620@gmail.com,,Ottawa,on,canada,K1A0B1,2024-10-23
488162,Francisca,Fernández,francisca.fernández187@outlook.com,1-894-474-2929x392,San Jose,CA,United States,95101,2024-01-19
472528,Randy,Hunt,randy.hunt8947@hotmail.com,859-165-5366 x426,Guadalajara,ja,Mexico,44100,2025-03-07
319684,Ryan,Hill,ryan.hill5601@yahoo.com,,San Diego,CA,usa,92101,2025-07-31
802729,Gregory,Orosco,gregory.orosco2574@gmail.com,629-087-2952x57589,Montreal,Qc,CANADA,H1A0A1,2024-09-14
379946,Paula,Thomas,paula.thomas2517@gmail.com,220-593-1920,Houston,tX,USA,77001,2024-03-09
835911,María José,Ferguson,maríajosé.ferguson1893@outlook.com,,Houston,Tx,United States,77001,2025-09-18
816751,Tyler,Christensen,tyler.christensen4314@hotmail.com,(998)609-5405,Guadalajara,ja,MEXICO,44100,2025-10-14
779514,Daniel,Barragán,daniel.barragán3728@gmail.com,,San Jose,Ca,USA,95101,2025-04-01
174870,Noemí,Hayes,noemí.hayes9364@yahoo.com,+1 (145) 388-6381,San Diego,ca,USA,92101,2024-04-08
738720,Ana María,Brown,anamaría.brown2423@outlook.com,(910)296-6615,New York,Ny,UsA,10001,2025-06-18
765822,Cody,Vaca,cody.vaca6875@gmail.com,001-628-469-6068x087,Orlando,FL,United States,32801,2025-06-29
279451,María Teresa,Aguirre,maríateresa.aguirre7956@hotmail.com,1-794-304-4898,Ottawa,oN,Canada,K1A0B1,2025-01-09
660086,Octavio,Obrien,octavio.obrien332@outlook.com,,Houston,tx,United States,77001,2024-07-21
864544,Leslie,Stewart,leslie.stewart1463@yahoo.com,1 (986) 702-9605,Orlando,Fl,United States,32801,2025-05-11
356702,Miriam,Abrego,miriam.abrego8590@gmail.com,0999866074,San Diego,Ca,United States,92101,2024-12-04
271339,Michael,George,michael.george2030@gmail.com,(409) 205-1810 x713,Victoria,Bc,CANADA,V8W1P6,2025-06-17
584714,Kayla,Amador,kayla.amador450@hotmail.com,084.740.8182x3601,Miami,fl,USA,33101,2025-10-24
497887,Georgina,Davis,georgina.davis146@hotmail.com,,Orlando,FL,USA,32801,2024-08-15
383060,Joseph,Wilson,joseph.wilson3576@hotmail.com,01863183577,Guanajuato,GJ,Mexico,36000,2025-05-07
771088,Juan,gaona,juan.gaona4530@outlook.com,,Halifax,Ns,Canada,B3H1Y2,2024-05-02
821590,Santiago,Archer,santiago.archer418@hotmail.com,,Monterrey,nl,MEXICO,64000,2024-01-06
684004,Asunción,Soria,asunción.soria7795@outlook.com,240.934.6700,Monterrey,nl,mEx,64000,2024-03-09
330283,Wilfrido,Vélez,wilfrido.vélez5500@gmail.com,447-249-3629,Monterrey,Nl,mEx,64000,2024-08-23
817870,matthew,Watts,matthew.watts9508@gmail.com,001-635-877-0965x8747,Guanajuato,GJ,MEXICO,36000,2024-10-01
440035,Michelle,Collins,michelle.collins7497@yahoo.com,(585)472-0540,Mexico City,Cm,MEXICO,01000,2024-05-30
983794,Michael,Nelson,michael.nelson9442@yahoo.com,935-106-8845x1111,Los Angeles,ca,UsA,90001,2025-02-12
905635,Sue,Vélez,sue.vélez231@outlook.com,03497805979,Guadalajara,ja,Mexico,44100,2025-11-10
913694,Eric,Garrett,eric.garrett1070@gmail.com,872-914-9839,Miami,Fl,UsA,33101,2025-11-03
158655,Jill,Byrd,jill.byrd6610@gmail.com,1-429-778-3739x3490,Orlando,FL,USA,32801,2024-04-05
340174,Héctor,Neal,héctor.neal9731@gmail.com,(664)074-9992x085,Coyoacan,CM,mEx,04100,2025-02-27
961722,Vanessa,Feliciano,vanessa.feliciano153@outlook.com,(956)229-9019,Coyoacan,cm,mEx,04100,2026-03-30
133659,Bill,Riley,bill.riley9978@yahoo.com,(632)877-5347x5372,Charlotte,Nc,usa,28202,2024-05-13
944151,Veronica,Esquibel,veronica.esquibel45@gmail.com,001-483-720-8891,Raleigh,nc,United States,27601,2026-02-06
430776,Shawn,Gallegos,shawn.gallegos4851@outlook.com,380-014-7613x4928,Mexico City,Cm,mEx,01000,2026-02-28
520651,Alta  Gracia,Copeland,altagracia.copeland752@gmail.com,,Halifax,Ns,canada,B3H1Y2,2025-08-28
380746,Colleen,Hale,colleen.hale7480@outlook.com,,San Diego,Ca,USA,92101,2024-03-25
169403,Julie,Zimmerman,julie.zimmerman9322@hotmail.com,107 477 5790,Los Angeles,ca,UsA,90001,2025-04-13
321231,Peggy,Rush,peggy.rush8599@yahoo.com,,Buffalo,NY,UsA,14201,2025-10-08
694731,Larry,Paz,larry.paz9148@gmail.com,(877)927-7849x3512,Victoria,Bc,Canada,V8W1P6,2024-02-15
852787,Kimberly,estrada,kimberly.estrada3649@hotmail.com,495-048-4765,Montreal,qc,Canada,H1A0A1,2026-04-26
429963,Joshua,schaefer,joshua.schaefer6610@hotmail.com,928-544-2024,Guadalajara,Ja,MEXICO,44100,2025-06-28
322955,Carol,Schaefer,carol.schaefer5440@hotmail.com,1 (208) 942-1712,Buffalo,ny,United States,14201,2024-11-14
787277,itzel,Taylor,itzel.taylor2302@hotmail.com,03674413686,Guanajuato,gj,Mexico,36000,2025-03-13
623481,Rachel,Armstrong,rachel.armstrong9648@gmail.com,(113) 668-8847 x829,Miami,fl,UsA,33101,2023-12-05
514850,Teresa,Reyes,teresa.reyes2904@yahoo.com,001-151-807-9366x64298,Coyoacan,Cm,MEXICO,04100,2024-12-28
774079,Nicole,Lopez,nicole.lopez2186@yahoo.com,210.116.1425,Monterrey,Nl,MEXICO,64000,2025-12-24
581141,Shane,Urbina,shane.urbina2174@yahoo.com,582.003.3643x42151,Monterrey,Nl,MEXICO,64000,2025-04-05
249811,Chad,andrews,chad.andrews2382@gmail.com,001-849-388-3900x189,Guadalajara,Ja,MEXICO,44100,2024-08-13
377746,Mitchell,davis,mitchell.davis7416@gmail.com,05789683030,San Jose,CA,USA,95101,2025-05-07
246413,Michael,Richards,michael.richards5123@gmail.com,1-791-594-3710,Halifax,nS,Canada,B3H1Y2,2025-09-09
358607,María Elena,Wallace,maríaelena.wallace1221@yahoo.com,,Halifax,NS,canada,B3H1Y2,2024-09-11
881177,Robert,de la garza,robert.delagarza7641@yahoo.com,981.218.8067,Leon,Gj,mEx,37000,2026-02-16
688637,Débora,Herman,débora.herman8530@gmail.com,,Leon,gJ,Mexico,37000,2024-11-22
665158,Michael,Wade,michael.wade8692@hotmail.com,,Austin,TX,United States,73301,2025-10-15
375504,Carlos,Marín,carlos.marín654@outlook.com,001-959-911-5618x59879,New York,Ny,United States,10001,2025-05-13
883300,Erin,Steele,erin.steele5249@gmail.com,,Halifax,NS,CANADA,B3H1Y2,2024-02-06
712982,Ashley,Garrett,ashley.garrett7131@gmail.com,5995758937,Austin,TX,United States,73301,2024-02-14
549245,Eva,Thomas,eva.thomas4238@hotmail.com,1-143-465-9679,Dallas,tx,United States,75201,2025-05-31
711878,cristina,Garay,cristina.garay5861@gmail.com,08079930533,Charlotte,nc,UsA,28202,2025-01-08
518801,Erika,Cornejo,erika.cornejo8942@outlook.com,,Ottawa,On,Canada,K1A0B1,2025-06-19
479580,Gary,Brooks,gary.brooks8971@gmail.com,1-226-176-4862x70235,Monterrey,nl,mEx,64000,2025-09-22
329974,Becky,Stephens,becky.stephens1878@yahoo.com,956.698.0790x732,Monterrey,NL,MEXICO,64000,2025-06-15
245051,Ronald,Parker,ronald.parker5421@outlook.com,1-193-947-4786,Miami,FL,USA,33101,2024-10-21
634277,Benjamín,Hidalgo,benjamín.hidalgo9267@outlook.com,,Guadalajara,Ja,Mexico,44100,2026-02-12
617488,Arthur,Young,arthur.young7864@hotmail.com,573-699-9219,Buffalo,NY,usa,14201,2026-04-28
195325,Lynn,nieves,lynn.nieves1236@gmail.com,,Charlotte,NC,USA,28202,2024-01-07
892495,Micaela,Thomas,micaela.thomas9661@outlook.com,(171)500-0209,Guanajuato,GJ,MEXICO,36000,2024-08-01
149405,Christie,Thomas,christie.thomas2396@hotmail.com,,Vancouver,bc,Canada,V5K0A1,2024-08-27
214975,Micaela,Page,micaela.page6359@hotmail.com,,Monterrey,Nl,Mexico,64000,2025-11-20
260265,Sofía,Yáñez,sofía.yáñez6202@outlook.com,842-817-6037,Guanajuato,gj,MEXICO,36000,2025-01-19
757924,sean,Sandoval,sean.sandoval7208@yahoo.com,(920)004-2617x8553,Guanajuato,gj,Mexico,36000,2024-12-05
267753,Erika,Weaver,erika.weaver7845@hotmail.com,229.860.5871x4959,Mexico City,cm,Mexico,01000,2024-04-09
930555,leonor,Sanches,leonor.sanches917@yahoo.com,+1-267-423-4853x1341,Monterrey,NL,MEXICO,64000,2025-12-15
813536,Amber,Craig,amber.craig7892@yahoo.com,1-559-465-0525,Halifax,ns,CANADA,B3H1Y2,2025-10-06
542666,Miriam,Porras,miriam.porras9677@gmail.com,(493) 785-7932 x534,Leon,gj,Mexico,37000,2025-08-12
725380,dolores,Zamora,dolores.zamora8247@gmail.com,06932330038,Dallas,TX,UsA,75201,2025-05-18
166613,Rebeca,Pedroza,rebeca.pedroza7900@hotmail.com,1-286-181-0674x67915,Leon,GJ,mEx,37000,2024-04-16
503457,Stephanie,Garcia,stephanie.garcia4224@yahoo.com,1-084-315-3457,New York,NY,United States,10001,2024-12-19
500156,Carl,Thomas,carl.thomas9591@outlook.com,(087)996-3892,Victoria,Bc,CANADA,V8W1P6,2025-01-10
724834,Raquel,Jaimes,raquel.jaimes9092@hotmail.com,1-683-528-2352,Victoria,BC,CANADA,V8W1P6,2024-04-20
590785,Jill,Prado,jill.prado8329@hotmail.com,,Toronto,ON,Canada,M5H2N2,2025-01-02
654816,Jacqueline,Wilson,jacqueline.wilson1050@outlook.com,001-615-435-2264x470,Toronto,ON,CANADA,M5H2N2,2025-10-02
363626,Ryan,ramírez,ryan.ramírez8490@outlook.com,(138)376-3198x9961,Leon,gj,MEXICO,37000,2024-01-06
680099,Stephen,Russell,stephen.russell5786@hotmail.com,+1-808-696-8794x84081,Monterrey,NL,Mexico,64000,2025-06-15
112038,Aaron,Jones,aaron.jones7451@hotmail.com,330.002.6314,Raleigh,NC,usa,27601,2024-11-13
813328,José Emilio,Correa,joséemilio.correa6179@hotmail.com,613 950 9529,Raleigh,Nc,United States,27601,2025-04-07
855731,Matthew,Pantoja,matthew.pantoja3768@outlook.com,1 (408) 110-9036,Miami,Fl,USA,33101,2024-09-20
220116,Devin,Treviño,devin.treviño5793@yahoo.com,,Buffalo,ny,UsA,14201,2025-12-24
814825,Karen,Wells,karen.wells4092@outlook.com,001-326-271-9257,Austin,tx,United States,73301,2026-01-21
663054,Chad,Blanco,chad.blanco9413@outlook.com,760.526.9448,Coyoacan,cm,Mexico,04100,2025-05-22
887352,Armando,Wright,armando.wright2864@hotmail.com,,Guadalajara,JA,Mexico,44100,2025-10-21
379786,Kenneth,Scott,kenneth.scott8988@outlook.com,790 693 4565,New York,ny,UsA,10001,2025-02-07
905934,Morgan,Marsh,morgan.marsh2149@yahoo.com,,Buffalo,NY,UsA,14201,2024-06-18
772097,Matthew,Miller,matthew.miller8471@outlook.com,,Dallas,TX,UsA,75201,2024-03-11
456699,Timothy,Solomon,timothy.solomon7371@outlook.com,(364) 354-2680,Vancouver,Bc,canada,V5K0A1,2023-12-21
216970,Horacio,Cotto,horacio.cotto8822@yahoo.com,,Coyoacan,cm,MEXICO,04100,2025-03-02
407757,Brianna,Escobedo,brianna.escobedo5528@hotmail.com,1-769-273-4108x974,Buffalo,NY,USA,14201,2024-11-16
555884,Aurelio,Mata,aurelio.mata6480@outlook.com,,Orlando,FL,UsA,32801,2024-05-20
265840,Luz,Smith,luz.smith1312@yahoo.com,+1-691-454-4061x329,Los Angeles,cA,United States,90001,2023-12-27
575763,Marc,Henry,marc.henry6388@outlook.com,910-772-3268x3771,Montreal,qc,CANADA,H1A0A1,2026-04-07
103402,Lourdes,Beasley,lourdes.beasley7802@hotmail.com,,Los Angeles,Ca,USA,90001,2025-11-14
857168,Perla,Vera,perla.vera8577@outlook.com,,Monterrey,NL,mEx,64000,2024-10-11
854639,jamie,Sanders,jamie.sanders2234@outlook.com,688-085-5355x913,Guadalajara,jA,mEx,44100,2023-12-10
376183,Nadia,Murray,nadia.murray3090@hotmail.com,,Montreal,qc,canada,H1A0A1,2024-07-13
624902,Marisol,Shepherd,marisol.shepherd4455@outlook.com,(198)753-3343,San Diego,CA,USA,92101,2024-04-18
898975,Kevin,Arce,kevin.arce8061@yahoo.com,(080)351-5962x77608,San Jose,ca,United States,95101,2024-09-14
287330,amanda,Pineda,amanda.pineda242@hotmail.com,1 (888) 453-0539,Austin,Tx,UsA,73301,2025-11-13
632342,Patricia,Chapman,patricia.chapman8900@hotmail.com,(630) 830-6286,Miami,FL,USA,33101,2024-12-29
211579,Benito,Hoffman,benito.hoffman1540@yahoo.com,(247)438-1247x159,Montreal,qc,CANADA,H1A0A1,2025-12-15
755674,Scott,Nelson,scott.nelson854@yahoo.com,,Charlotte,NC,USA,28202,2026-02-21
412942,luke,thompson,luke.thompson7787@yahoo.com,001-261-216-3306x29794,Charlotte,Nc,United States,28202,2024-01-31
982554,Andrew,Harris,andrew.harris5691@hotmail.com,(736)811-7124x0413,Monterrey,nl,mEx,64000,2024-01-10
769987,José Manuél,Malave,josémanuél.malave8907@outlook.com,1-847-987-8506,Guadalajara,ja,Mexico,44100,2025-05-27
632323,Derrick,toro,derrick.toro8290@hotmail.com,334.268.5160,Buffalo,ny,usa,14201,2025-12-08
738551,Earl,Cabán,earl.cabán2526@outlook.com,594-069-5359,Raleigh,NC,United States,27601,2026-04-04
308573,Tina,Brown,tina.brown9356@hotmail.com,(273)353-4381,Houston,TX,usa,77001,2024-07-14
260263,Danielle,Venegas,danielle.venegas1311@hotmail.com,,Mexico City,cM,mEx,01000,2026-02-21
492077,Ramón,Hernandez,ramón.hernandez1277@yahoo.com,,Ottawa,oN,Canada,K1A0B1,2024-06-15
899550,Ramón,Montemayor,ramón.montemayor9447@outlook.com,602.598.2568x9826,Monterrey,nl,Mexico,64000,2025-06-16
269396,Teresa,Soria,teresa.soria5164@outlook.com,,Leon,Gj,MEXICO,37000,2024-08-03
665579,Gabino,Barajas,gabino.barajas7332@hotmail.com,001-702-407-3566x427,Monterrey,nl,mEx,64000,2023-12-07
916449,Lisa,Baker,lisa.baker4522@yahoo.com,952-655-7797 x913,Houston,Tx,USA,77001,2024-07-26
656116,Jaime,George,jaime.george1265@outlook.com,,Miami,FL,usa,33101,2024-01-08
100599,Mason,Davies,mason.davies6825@gmail.com,,Montreal,QC,CANADA,H1A0A1,2026-02-04
728038,adam,Herrera,adam.herrera2451@outlook.com,(977)834-5800x080,Montreal,qC,canada,H1A0A1,2026-01-09
439902,Michael,Anderson,michael.anderson5508@gmail.com,584.146.5856,Mexico City,CM,mEx,01000,2025-04-27
612340,David,Solano,david.solano9361@yahoo.com,168.206.7025,Monterrey,Nl,mEx,64000,2024-10-27
120422,Miriam,Flores,miriam.flores5255@outlook.com,+1-380-096-3779x77537,Toronto,On,CANADA,M5H2N2,2026-03-21
217301,James,Williams,james.williams1406@gmail.com,758.690.9739x885,Monterrey,Nl,Mexico,64000,2024-11-16
480612,linda,Anderson,linda.anderson8815@yahoo.com,1-069-608-4456x125,Ottawa,on,CANADA,K1A0B1,2025-11-15
972064,Nadia,Correa,nadia.correa985@outlook.com,+27(4)8274794735,Ottawa,ON,Canada,K1A0B1,2025-01-01
945964,Amanda,Carter,amanda.carter6333@yahoo.com,,Halifax,Ns,canada,B3H1Y2,2025-08-03
422451,Stephanie,Pichardo,stephanie.pichardo353@gmail.com,+44(1)1989296982,Mexico City,cm,Mexico,01000,2024-11-20
351083,Alicia,Reyes,alicia.reyes8213@outlook.com,,Halifax,NS,CANADA,B3H1Y2,2024-09-12
160738,Travis,Sepúlveda,travis.sepúlveda8532@yahoo.com,746-951-2746,Dallas,Tx,UsA,75201,2025-06-08
352572,Cheryl,Cavazos,cheryl.cavazos2263@outlook.com,031-852-6521x3738,Austin,tx,USA,73301,2024-10-21
694916,Cindy,Morse,cindy.morse484@outlook.com,,Charlotte,nc,usa,28202,2024-05-04
182582,connor,Savage,connor.savage4373@yahoo.com,(701)626-5214x5045,Vancouver,Bc,Canada,V5K0A1,2025-04-28
189814,Frank,Washington,frank.washington3167@yahoo.com,624.495.9060x21088,Guadalajara,ja,MEXICO,44100,2025-10-18
867460,Christopher,Guerrero,christopher.guerrero5324@hotmail.com,,Houston,tX,usa,77001,2025-01-07
609597,Cassidy,smith,cassidy.smith4026@hotmail.com,,Toronto,ON,Canada,M5H2N2,2024-09-24
955662,Jason,Moore,jason.moore894@yahoo.com,908.702.3766x80962,Guadalajara,JA,Mexico,44100,2026-02-05
172574,Gary,Russell,gary.russell9672@yahoo.com,,Monterrey,nl,MEXICO,64000,2025-12-20
897549,Mario,Sparks,mario.sparks6293@yahoo.com,(595) 661-3045,Los Angeles,Ca,USA,90001,2024-05-15
658582,John,Johnson,john.johnson7312@outlook.com,001-575-448-9720,Austin,TX,usa,73301,2023-12-13
903035,Anel,Lopez,anel.lopez3554@hotmail.com,+1 (550) 244-3699,Guadalajara,ja,MEXICO,44100,2024-09-10
231869,jody,Wilcox,jody.wilcox2382@gmail.com,701-378-2197x38747,Vancouver,BC,Canada,V5K0A1,2025-01-30
234628,Bethany,Ramos,bethany.ramos9377@yahoo.com,,Austin,TX,United States,73301,2026-01-25
791798,Kristine,Salazar,kristine.salazar1064@outlook.com,001-389-356-0368x15801,Orlando,Fl,USA,32801,2025-11-12
598369,Michael,Aranda,michael.aranda1437@hotmail.com,335-153-5518x954,Charlotte,Nc,UsA,28202,2025-08-15
676510,Shannon,Pabón,shannon.pabón8155@hotmail.com,,Orlando,Fl,USA,32801,2023-12-02
273148,Isaac,Guzman,isaac.guzman6794@hotmail.com,359.284.5815,San Diego,CA,USA,92101,2025-11-06
377932,Jennifer,Collins,jennifer.collins101@gmail.com,+1 (506) 607-4079,Miami,FL,USA,33101,2024-06-16
653306,Michelle,Parker,michelle.parker7547@outlook.com,1-636-557-6623,Orlando,Fl,usa,32801,2025-06-21
736059,Marisela,Lucio,marisela.lucio5794@gmail.com,,Mexico City,cm,MEXICO,01000,2025-05-31
543692,Rose,Pulido,rose.pulido5051@outlook.com,1 (362) 710-5065,Raleigh,nc,usa,27601,2025-03-07
322086,Keith,Martinez,keith.martinez3312@gmail.com,(095)914-1377x7864,Austin,tx,USA,73301,2024-11-13
665492,Angel,Werner,angel.werner2175@yahoo.com,+1 (797) 787-0833,Guanajuato,GJ,Mexico,36000,2024-10-14
891952,James,Cochran,james.cochran5120@gmail.com,1 (109) 969-0246,Charlotte,nc,USA,28202,2024-09-19
865388,David,Medrano,david.medrano4484@gmail.com,531-888-7521,Raleigh,Nc,usa,27601,2024-09-03
823378,Barbara,Rodriguez,barbara.rodriguez8857@hotmail.com,392-523-5714,Miami,FL,UsA,33101,2024-01-25
310922,Emily,Villagómez,emily.villagómez7305@outlook.com,426-341-8688x87093,Buffalo,NY,UsA,14201,2025-07-04
847581,Tyler,Mccoy,tyler.mccoy7626@hotmail.com,+1-055-773-9389x664,San Jose,Ca,usa,95101,2025-01-05
426858,justin,Gilbert,justin.gilbert5759@hotmail.com,+1-538-155-7567x90953,Orlando,fl,United States,32801,2025-01-19
518373,evelio,Rangel,evelio.rangel7553@hotmail.com,(306)186-6748,Ottawa,ON,canada,K1A0B1,2024-02-06
804314,Pedro,Hall,pedro.hall5607@yahoo.com,04831992659,Austin,tX,United States,73301,2025-07-29
781446,Noelia,Oneill,noelia.oneill6649@gmail.com,029-089-0181x6070,Guadalajara,JA,mEx,44100,2025-04-20
491559,Denise,Rollins,denise.rollins4@yahoo.com,1-439-327-7370,Toronto,On,Canada,M5H2N2,2024-06-28
559381,Sessa,Frías,sessa.frías7123@outlook.com,,Halifax,NS,Canada,B3H1Y2,2026-04-21
642717,cristobal,Sanford,cristobal.sanford5886@gmail.com,,San Diego,Ca,usa,92101,2025-11-28
573417,Brittany,Regalado,brittany.regalado2279@yahoo.com,344.634.8912,Guadalajara,ja,Mexico,44100,2023-12-12
226882,Yeni,Vang,yeni.vang2225@gmail.com,1 (274) 774-1967,Los Angeles,CA,USA,90001,2025-03-10
359947,Justin,Burke,justin.burke122@hotmail.com,,Guadalajara,jA,MEXICO,44100,2025-07-13
335612,Noelia,Wilson,noelia.wilson7890@gmail.com,850-255-1193x5936,Mexico City,Cm,mEx,01000,2025-05-13
167136,Ian,Watts,ian.watts1280@outlook.com,+1 (105) 606-3338,Charlotte,Nc,UsA,28202,2025-07-10
454508,Catherine,wyatt,catherine.wyatt9792@outlook.com,260.426.4838,Halifax,ns,CANADA,B3H1Y2,2024-01-22
122056,Danielle,Adams,danielle.adams4553@outlook.com,722.195.8694,Halifax,NS,CANADA,B3H1Y2,2024-05-27
716886,Kelsey,Huffman,kelsey.huffman7945@yahoo.com,,Monterrey,NL,Mexico,64000,2025-08-01
680828,Jennifer,Roberts,jennifer.roberts2741@yahoo.com,872-461-0687,Buffalo,NY,United States,14201,2024-05-20
341292,Vanessa,Flores,vanessa.flores8725@yahoo.com,04835351378,Guadalajara,ja,Mexico,44100,2024-09-21
717024,Virginia,Cavazos,virginia.cavazos8705@outlook.com,,Guadalajara,Ja,mEx,44100,2024-09-02
330914,Marcela,Carrera,marcela.carrera3962@yahoo.com,449-079-1937x356,San Diego,CA,United States,92101,2026-03-31
107540,Brian,Salinas,brian.salinas3595@outlook.com,657-966-5751x6642,San Diego,ca,United States,92101,2025-11-25
174441,Richard,Clark,richard.clark9275@yahoo.com,,San Jose,Ca,United States,95101,2025-09-15
842225,Ivonne,Camacho,ivonne.camacho2654@gmail.com,(290)407-9685x847,Guanajuato,GJ,mEx,36000,2026-03-12
761759,Tammy,White,tammy.white6433@yahoo.com,(430)840-0035x6822,Dallas,tx,United States,75201,2025-02-25
161733,michael,Acevedo,michael.acevedo7306@gmail.com,,Halifax,NS,CANADA,B3H1Y2,2025-01-03
340062,Jeffery,Simmons,jeffery.simmons8040@hotmail.com,908.439.9422x31872,Austin,tx,United States,73301,2024-12-28
170674,Antonia,Verdugo,antonia.verdugo4962@hotmail.com,07865089012,Montreal,Qc,Canada,H1A0A1,2026-04-10
132938,richard,Colón,richard.colón3130@outlook.com,764.381.3989,Leon,GJ,MEXICO,37000,2025-02-21
446479,michael,Byrd,michael.byrd3908@hotmail.com,(921)045-9420,Vancouver,Bc,Canada,V5K0A1,2024-01-07
174299,Leonor,Frank,leonor.frank8571@hotmail.com,,San Diego,ca,United States,92101,2024-01-07
639131,Víctor,Davis,víctor.davis751@yahoo.com,+1-514-722-0965x7669,Victoria,Bc,Canada,V8W1P6,2025-03-12
349565,Steven,Scott,steven.scott3614@gmail.com,,Vancouver,bC,canada,V5K0A1,2024-04-02
392004,William,Bauer,william.bauer1979@outlook.com,(954) 300-8897,Victoria,bc,canada,V8W1P6,2024-08-06
801474,Donald,Lara,donald.lara257@hotmail.com,+1-746-852-8578,Mexico City,Cm,mEx,01000,2025-11-10
608993,David,Henry,david.henry6751@yahoo.com,,Montreal,qc,CANADA,H1A0A1,2025-04-25
324643,alyssa,Vargas,alyssa.vargas1926@gmail.com,+57(1)1542581943,Ottawa,on,canada,K1A0B1,2024-01-24
665427,Abril,Arnold,abril.arnold707@gmail.com,660-081-5656 x901,Los Angeles,ca,United States,90001,2024-03-16
238739,Donald,Medina,donald.medina3856@hotmail.com,943.594.4281,Toronto,On,Canada,M5H2N2,2026-02-05
858490,Tanya,Johnson,tanya.johnson6153@yahoo.com,777-334-4850,Miami,fl,USA,33101,2025-08-16
698782,Charles,Burke,charles.burke5876@outlook.com,001-164-648-8615x405,Monterrey,Nl,Mexico,64000,2024-03-23
704201,Suzanne,Thornton,suzanne.thornton2569@yahoo.com,805.506.0873,Guadalajara,Ja,Mexico,44100,2025-07-28
595631,Evelyn,Rojas,evelyn.rojas4061@outlook.com,122-969-0317,Guadalajara,ja,MEXICO,44100,2023-12-06
354801,Justin,orozco,justin.orozco8702@hotmail.com,862-729-3756x6160,Mexico City,cm,Mexico,01000,2025-06-24
922733,Kyle,Lewis,kyle.lewis1487@gmail.com,(726) 182-5680,Ottawa,ON,canada,K1A0B1,2025-03-19
595948,Matthew,Perry,matthew.perry23@gmail.com,04751033054,Victoria,bc,canada,V8W1P6,2025-11-14
946721,Ivonne,mays,ivonne.mays5964@gmail.com,839-427-7437 x513,Vancouver,Bc,Canada,V5K0A1,2025-09-24
526833,Zachary,Russell,zachary.russell7840@yahoo.com,869.152.7335x890,Mexico City,cM,mEx,01000,2024-01-25
299659,Steven,Dawson,steven.dawson7704@outlook.com,1-874-411-3136,Orlando,FL,USA,32801,2025-03-13
198907,Aaron,cooper,aaron.cooper2700@outlook.com,794-469-6457x602,San Diego,CA,usa,92101,2025-01-30
201639,Shawn,Patton,shawn.patton4777@yahoo.com,(449)249-6387x23325,Victoria,Bc,canada,V8W1P6,2025-07-15
790993,Rocío,Tello,rocío.tello7296@hotmail.com,907-565-4360x39416,Orlando,Fl,USA,32801,2025-04-09
551989,Christopher,Calderon,christopher.calderon2635@outlook.com,200.938.7348,Leon,gj,Mexico,37000,2024-07-31
471507,Hilda,Donaldson,hilda.donaldson3362@gmail.com,1-958-515-1837,San Diego,ca,usa,92101,2024-04-03
544154,Joe,Baker,joe.baker8949@outlook.com,148-927-6660,Buffalo,ny,UsA,14201,2024-11-11
531071,David,Smith,david.smith407@hotmail.com,+1-425-451-4385x43231,Ottawa,ON,CANADA,K1A0B1,2025-09-17
589710,john,Kline,john.kline7299@gmail.com,,Charlotte,NC,usa,28202,2025-01-11
864491,david,Torres,david.torres5048@hotmail.com,,Buffalo,nY,UsA,14201,2026-03-02
156802,Serafín,Bridges,serafín.bridges9621@gmail.com,1-999-815-4785,Leon,Gj,Mexico,37000,2025-07-27
806073,Lisa,Gates,lisa.gates2866@hotmail.com,057-526-1873x77952,Montreal,Qc,CANADA,H1A0A1,2025-04-16
785197,Janet,Alcaraz,janet.alcaraz41@yahoo.com,1-252-876-0155,Orlando,Fl,UsA,32801,2024-06-01
777568,Mary,Burton,mary.burton9813@outlook.com,428-069-9117x417,Monterrey,nl,MEXICO,64000,2026-03-17
203198,Amber,Johnson,amber.johnson7554@yahoo.com,(294)387-3334,Miami,Fl,United States,33101,2024-09-22
163556,Pedro,Nelson,pedro.nelson1549@yahoo.com,229 115 4326,Charlotte,Nc,usa,28202,2025-11-01
522179,Aida,Garza,aida.garza2244@outlook.com,(246) 133-1303 x116,Halifax,ns,Canada,B3H1Y2,2024-07-11
863587,Michael,Orosco,michael.orosco8613@gmail.com,197-249-5536,Charlotte,NC,UsA,28202,2024-11-21
455784,Michael,Portillo,michael.portillo2822@outlook.com,302-515-7709,Miami,fl,USA,33101,2024-10-10
939482,Miranda,Maldonado,miranda.maldonado1274@gmail.com,(245) 336-8106 x513,Houston,TX,UsA,77001,2024-03-31
214576,elizabeth,Prieto,elizabeth.prieto2029@yahoo.com,001-983-006-5388x473,Los Angeles,CA,USA,90001,2026-04-15
360735,Erica,Kelly,erica.kelly3963@gmail.com,802-156-3392,Halifax,ns,canada,B3H1Y2,2024-05-24
300896,Steven,Guardado,steven.guardado9657@yahoo.com,+1-508-150-7756x77000,Toronto,on,canada,M5H2N2,2024-07-07
299448,Katie,Robinson,katie.robinson2227@hotmail.com,973.192.1180,Monterrey,NL,mEx,64000,2025-04-19
662336,Frank,Velázquez,frank.velázquez7274@yahoo.com,(371) 964-7488,Buffalo,NY,UsA,14201,2025-10-26
570405,Jacinto,Guerrero,jacinto.guerrero8564@gmail.com,+1 (596) 955-7202,Monterrey,NL,MEXICO,64000,2024-05-21
246991,Justin,Myers,justin.myers2012@yahoo.com,,Miami,Fl,UsA,33101,2024-11-29
542374,Jesús,Henderson,jesús.henderson2002@outlook.com,+1-020-538-0285,Guadalajara,JA,MEXICO,44100,2024-01-24
292401,Madison,Hoffman,madison.hoffman4961@gmail.com,443-612-6873,New York,NY,USA,10001,2024-09-26
392075,Porfirio,Gutierrez,porfirio.gutierrez8857@gmail.com,,Montreal,QC,canada,H1A0A1,2025-03-05
585100,mike,Hunt,mike.hunt4966@yahoo.com,339.613.1241,Buffalo,NY,UsA,14201,2025-10-06
361941,Arcelia,Clay,arcelia.clay8106@hotmail.com,606 328 1301,Guadalajara,JA,Mexico,44100,2025-07-27
179046,Emily,Loera,emily.loera5592@hotmail.com,423.103.5810,Dallas,TX,USA,75201,2024-08-10
564656,Humberto,Vaughn,humberto.vaughn2782@gmail.com,+1-516-621-5306x25061,Miami,fL,usa,33101,2023-12-21
947272,Nancy,Simpson,nancy.simpson1602@hotmail.com,831-325-1847,Montreal,Qc,Canada,H1A0A1,2025-08-21
997546,Juan,Beasley,juan.beasley1235@yahoo.com,287.544.4204x104,Orlando,fl,United States,32801,2025-12-04
677057,Susan,Taylor,susan.taylor6998@yahoo.com,6222188553,Coyoacan,Cm,mEx,04100,2025-10-10
202664,Ashley,Mendoza,ashley.mendoza8972@yahoo.com,,Leon,gj,MEXICO,37000,2025-04-25
153045,Pamela,Contreras,pamela.contreras7107@gmail.com,261-821-1069,Buffalo,Ny,UsA,14201,2025-01-24
783823,Christopher,Gonzales,christopher.gonzales2632@outlook.com,001-717-233-5279x658,San Jose,ca,United States,95101,2024-08-08
666847,Porfirio,Lee,porfirio.lee3310@yahoo.com,001-309-364-5941x662,Buffalo,ny,United States,14201,2025-12-09
976638,Tammy,Lynn,tammy.lynn6669@outlook.com,001-140-550-8210x597,Mexico City,cm,Mexico,01000,2024-03-24
115474,Kimberly,Harrison,kimberly.harrison5135@outlook.com,,Coyoacan,cm,mEx,04100,2024-07-11
197793,Michele,Taylor,michele.taylor9659@gmail.com,997-489-7119,Los Angeles,Ca,UsA,90001,2025-10-30
890170,Andrew,Coleman,andrew.coleman346@gmail.com,,Miami,fl,usa,33101,2025-06-18
989921,Salvador,Pitts,salvador.pitts7249@hotmail.com,553.216.8658,Guanajuato,Gj,Mexico,36000,2026-03-22
347861,Melissa,Schwartz,melissa.schwartz6657@gmail.com,1846544576,Victoria,BC,CANADA,V8W1P6,2025-01-26
274389,Briana,enríquez,briana.enríquez6896@outlook.com,001-046-831-6529,New York,ny,UsA,10001,2026-02-18
526156,Deborah,Leonard,deborah.leonard1348@gmail.com,(373)971-1126x10085,Vancouver,bc,CANADA,V5K0A1,2025-11-02
609231,Ronald,Ceballos,ronald.ceballos9717@outlook.com,,Guanajuato,gj,mEx,36000,2024-12-21
604740,James,Ojeda,james.ojeda1458@hotmail.com,796-136-8955,Monterrey,Nl,MEXICO,64000,2024-08-23
324130,Amy,Orellana,amy.orellana7130@hotmail.com,,San Diego,ca,USA,92101,2026-05-01
520521,Justin,Vazquez,justin.vazquez3532@outlook.com,627-626-0682x3341,Orlando,fl,United States,32801,2024-09-23
161483,John,Lee,john.lee7507@gmail.com,+1-739-956-4782x3840,Austin,TX,USA,73301,2025-11-30
272634,Paula,thompson,paula.thompson3848@hotmail.com,,Guadalajara,JA,Mexico,44100,2024-08-16
497382,Alexandra,Velázquez,alexandra.velázquez9168@gmail.com,(767) 552-5158,Guadalajara,Ja,mEx,44100,2024-04-14
102260,Karen,ford,karen.ford2096@hotmail.com,,Orlando,FL,usa,32801,2024-08-26
509386,Jessica,Suarez,jessica.suarez2479@hotmail.com,433-916-5952x32017,Halifax,ns,canada,B3H1Y2,2024-05-16
378085,john,Butler,john.butler9190@hotmail.com,665-769-9927x86175,Montreal,QC,canada,H1A0A1,2024-03-05
922157,Eileen,Huerta,eileen.huerta9596@yahoo.com,+1-209-247-3743,Miami,FL,United States,33101,2024-08-09
923267,Eric,Baird,eric.baird1999@hotmail.com,440.606.8895x915,Montreal,QC,canada,H1A0A1,2026-03-30
577110,José Carlos,benson,josécarlos.benson719@hotmail.com,1-184-583-6830x56978,Montreal,qc,Canada,H1A0A1,2024-01-19
399105,jason,Linares,jason.linares6249@gmail.com,+1-299-394-3128,Halifax,nS,Canada,B3H1Y2,2023-12-22
543555,Jeffery,Hawkins,jeffery.hawkins2526@gmail.com,(565) 269-2666 x914,Dallas,tx,usa,75201,2025-10-12
830429,James,Rivera,james.rivera9226@hotmail.com,576.774.5966,Miami,FL,UsA,33101,2024-03-05
865990,Sandra,Gamez,sandra.gamez2541@hotmail.com,(644)674-9616x8037,Raleigh,Nc,United States,27601,2026-02-28
921414,Stephen,Acuña,stephen.acuña8571@hotmail.com,442.315.1141,Leon,GJ,MEXICO,37000,2025-02-08
682765,Espartaco,Mateo,espartaco.mateo4176@gmail.com,255-652-2273x62131,Coyoacan,cm,Mexico,04100,2026-04-12
794022,Kaitlyn,Tórrez,kaitlyn.tórrez7455@hotmail.com,135.390.0000,Mexico City,cm,Mexico,01000,2024-06-07
853305,Jaqueline,thomas,jaqueline.thomas6471@gmail.com,+44(2)3145018266,Raleigh,nC,usa,27601,2025-08-25
610311,Angela,wood,angela.wood1834@gmail.com,(608)229-4887,Halifax,ns,CANADA,B3H1Y2,2024-08-04
262316,Jodi,Miles,jodi.miles1909@yahoo.com,,Monterrey,Nl,mEx,64000,2023-12-21
299122,Justin,Portillo,justin.portillo5470@gmail.com,642-277-2722,Monterrey,nl,MEXICO,64000,2025-07-15
411120,Juan,Mcdaniel,juan.mcdaniel7994@yahoo.com,(271)834-0254,Leon,GJ,mEx,37000,2025-09-24
328275,Victoria,Armas,victoria.armas7148@gmail.com,04429287589,Guadalajara,ja,MEXICO,44100,2024-07-12
161324,Matthew,Sims,matthew.sims6830@outlook.com,,Guanajuato,gj,mEx,36000,2025-11-07
707314,Krista,Johnson,krista.johnson1654@hotmail.com,,Ottawa,ON,Canada,K1A0B1,2024-12-02
871476,jessica,bustamante,jessica.bustamante7056@gmail.com,(570)911-1836,Miami,Fl,usa,33101,2026-01-26
668532,Brenda,Guevara,brenda.guevara1707@gmail.com,,Raleigh,NC,United States,27601,2026-02-08
163918,Omar,Gonzalez,omar.gonzalez3366@outlook.com,374-494-0283,Toronto,ON,CANADA,M5H2N2,2024-03-11
884309,Mariah,Hicks,mariah.hicks6812@gmail.com,764-931-2447,Orlando,FL,usa,32801,2024-12-16
428838,Ilse,Holguín,ilse.holguín8678@hotmail.com,,Montreal,qc,canada,H1A0A1,2026-04-21
159942,Catherine,Douglas,catherine.douglas8477@gmail.com,884 642 4047,Leon,gJ,Mexico,37000,2025-01-06
152578,José Luis,Jackson,joséluis.jackson8517@outlook.com,190.800.1315x949,Toronto,On,canada,M5H2N2,2023-12-09
712554,Modesto,Lam,modesto.lam8920@hotmail.com,1-185-772-7637x172,Charlotte,Nc,United States,28202,2024-01-07
599948,Eloisa,Sotelo,eloisa.sotelo8861@outlook.com,(993)285-6619x635,Guanajuato,gj,Mexico,36000,2023-12-29
627276,Jeffrey,Valdez,jeffrey.valdez983@outlook.com,728-421-0350x934,Leon,GJ,mEx,37000,2024-10-01
994141,David,Young,david.young9267@yahoo.com,(510) 236-9246 x392,Coyoacan,cm,MEXICO,04100,2024-12-21
656926,Sandra,Ordóñez,sandra.ordóñez5920@hotmail.com,1-227-694-9897,Monterrey,NL,Mexico,64000,2025-02-08
265080,Erica,Rivera,erica.rivera9638@hotmail.com,,New York,NY,UsA,10001,2025-12-19
159642,Jos,Berry,jos.berry8409@gmail.com,498 730 9574,Monterrey,Nl,Mexico,64000,2025-08-08
632496,Emily,Gamez,emily.gamez1930@outlook.com,+1 (222) 660-5442,Mexico City,cm,Mexico,01000,2026-02-10
184002,Alexis,Dominguez,alexis.dominguez8009@gmail.com,645-841-7432,Guadalajara,ja,MEXICO,44100,2024-10-13
992697,Eric,Wilson,eric.wilson2176@yahoo.com,329-031-1878 x911,Guadalajara,ja,MEXICO,44100,2024-10-29
294851,Mariah,Lam,mariah.lam751@hotmail.com,046-720-6963,Raleigh,NC,usa,27601,2025-06-27
171849,Raymond,Casárez,raymond.casárez9343@yahoo.com,1-621-510-1800x40768,Toronto,on,Canada,M5H2N2,2024-09-07
723939,Sergio,Williams,sergio.williams5250@hotmail.com,601.040.0871,Austin,Tx,USA,73301,2025-01-28
171262,Jennifer,Dominguez,jennifer.dominguez8877@yahoo.com,132.409.9198,Raleigh,Nc,UsA,27601,2025-10-25
808011,alexander,hardy,alexander.hardy6389@gmail.com,1-908-162-5811,San Jose,CA,United States,95101,2024-06-25
346629,Gary,Ojeda,gary.ojeda1886@outlook.com,1-474-644-9074,Charlotte,NC,UsA,28202,2025-09-09
523389,Enrique,Garay,enrique.garay9089@yahoo.com,711 313 7403,San Diego,ca,USA,92101,2024-12-17
225710,Eugenia,Moore,eugenia.moore685@gmail.com,,Monterrey,nl,Mexico,64000,2024-01-31
697347,Cristal,Bush,cristal.bush3486@outlook.com,01800924982,Guanajuato,GJ,mEx,36000,2025-11-15
358175,Elvia,Rodriguez,elvia.rodriguez8271@outlook.com,,Austin,TX,usa,73301,2024-08-08
707040,Carmen,Gentry,carmen.gentry2191@gmail.com,+1-328-793-5582x89867,Halifax,NS,CANADA,B3H1Y2,2025-11-13
723398,Rolando,Clayton,rolando.clayton1271@gmail.com,,Montreal,QC,canada,H1A0A1,2026-03-12
141672,Danielle,del Valle,danielle.delvalle6070@yahoo.com,001-624-145-1513,Guanajuato,Gj,Mexico,36000,2024-03-02
749468,Veronica,pugh,veronica.pugh8075@yahoo.com,182-650-7358x2869,Halifax,nS,Canada,B3H1Y2,2025-06-18
185965,Sarah,ontiveros,sarah.ontiveros4254@yahoo.com,,Charlotte,NC,usa,28202,2025-10-28
539589,Gloria,Feliciano,gloria.feliciano5293@hotmail.com,,Guadalajara,ja,mEx,44100,2024-12-05
789305,Leslie,Bridges,leslie.bridges5182@gmail.com,1 (535) 590-8795,Mexico City,CM,MEXICO,01000,2024-07-19
712024,Daniel,Baker,daniel.baker1585@gmail.com,+1-693-415-3092x776,Montreal,Qc,canada,H1A0A1,2024-08-10
692683,Andrew,Torres,andrew.torres3879@gmail.com,017-620-2061,New York,ny,United States,10001,2024-02-26
648177,shelby,Carrillo,shelby.carrillo7241@gmail.com,402-450-8604x545,San Diego,CA,United States,92101,2024-09-27
431737,Guillermo,Wilson,guillermo.wilson174@hotmail.com,818 692 1538,Guadalajara,Ja,MEXICO,44100,2025-10-22
373432,Noemí,adams,noemí.adams1107@yahoo.com,,Buffalo,Ny,UsA,14201,2025-04-06
314181,Andrew,ruiz,andrew.ruiz5107@hotmail.com,1-614-647-6534x853,Montreal,qc,Canada,H1A0A1,2025-03-25
802258,Zachary,Curry,zachary.curry2370@gmail.com,+89(4)3922168915,Raleigh,nc,USA,27601,2025-09-16
850981,Eric,Viera,eric.viera7658@outlook.com,,San Diego,Ca,UsA,92101,2024-11-01
429445,Michael,nelson,michael.nelson3655@yahoo.com,833-870-7535x8624,San Diego,Ca,UsA,92101,2024-06-28
350280,robert,west,robert.west1888@yahoo.com,859-494-9745,Monterrey,Nl,Mexico,64000,2023-12-31
378517,Crystal,Torres,crystal.torres5568@yahoo.com,+1-132-876-0041,Dallas,TX,United States,75201,2026-03-31
515011,Lucas,Weiss,lucas.weiss7475@yahoo.com,947-481-7331,Victoria,BC,CANADA,V8W1P6,2024-02-05
237235,Matthew,Johnson,matthew.johnson5210@hotmail.com,,Houston,tx,usa,77001,2026-02-16
804318,Mary,Berríos,mary.berríos8328@hotmail.com,001-637-189-2010x7603,Miami,FL,USA,33101,2025-05-04
776856,Rocío,Green,rocío.green8610@hotmail.com,140 308 0752,Guanajuato,GJ,Mexico,36000,2024-07-12
414569,Rachel,Rose,rachel.rose9362@yahoo.com,,New York,ny,United States,10001,2024-09-28
579434,Alejandro,Hunter,alejandro.hunter6982@hotmail.com,243.078.8637,Leon,Gj,mEx,37000,2023-12-26
431535,allison,Rocha,allison.rocha4826@gmail.com,,New York,NY,usa,10001,2024-01-09
888387,Patricia,Pizarro,patricia.pizarro4497@yahoo.com,(888)055-3366x349,Monterrey,Nl,Mexico,64000,2026-01-27
176066,Nancy,Flores,nancy.flores195@hotmail.com,922.851.6614x104,Orlando,fl,UsA,32801,2024-07-27
109767,Jennifer,Martin,jennifer.martin6844@yahoo.com,(291)525-8237,Guadalajara,ja,mEx,44100,2025-12-25
580547,Aaron,Short,aaron.short6609@outlook.com,579-067-4797x13575,Buffalo,ny,USA,14201,2024-11-03
751332,vincent,Collins,vincent.collins7779@gmail.com,(117) 855-0248,Guadalajara,ja,Mexico,44100,2025-10-22
690341,Miguel Ángel,Vaca,miguelángel.vaca1139@hotmail.com,+1-660-853-5851x217,Monterrey,nL,Mexico,64000,2024-12-12
204837,Susan,Tucker,susan.tucker2116@hotmail.com,925-443-4227x3312,Mexico City,cm,Mexico,01000,2024-06-28
176819,Elizabeth,Abrego,elizabeth.abrego3326@hotmail.com,+1-663-033-9293x747,Buffalo,Ny,USA,14201,2025-05-22
663750,Lisa,Smith,lisa.smith4718@hotmail.com,+73(4)3485412181,Raleigh,nc,UsA,27601,2024-08-12
323508,Eric,Rodgers,eric.rodgers9317@gmail.com,596-870-4383,Raleigh,Nc,usa,27601,2025-10-13
630458,Brent,Hidalgo,brent.hidalgo1724@outlook.com,204.770.0091x62740,Dallas,tX,United States,75201,2024-02-13
378082,Sean,Abreu,sean.abreu619@gmail.com,870.638.9749x50940,Montreal,Qc,canada,H1A0A1,2025-03-17
238890,Lorenzo,Scott,lorenzo.scott7714@outlook.com,,San Jose,CA,USA,95101,2024-09-27
465962,Judith,garcia,judith.garcia4477@yahoo.com,(722)626-6429,Raleigh,nc,UsA,27601,2025-11-13
172132,Jessica,rentería,jessica.rentería77@gmail.com,001-339-148-2116,Charlotte,nc,USA,28202,2024-03-03
356150,Christian,Taylor,christian.taylor1036@yahoo.com,,New York,ny,USA,10001,2024-01-15
487477,Richard,Curiel,richard.curiel8876@hotmail.com,,Coyoacan,Cm,mEx,04100,2024-05-26
398830,James,Kerr,james.kerr4563@outlook.com,707.240.3742x1950,Buffalo,nY,United States,14201,2025-11-29
265409,Andrea,Parra,andrea.parra6367@yahoo.com,(484)430-6272,Monterrey,NL,Mexico,64000,2024-11-08
559469,Jeffrey,Velásquez,jeffrey.velásquez9626@gmail.com,341-697-5296x893,Raleigh,nc,UsA,27601,2026-01-14
974244,Cameron,Watson,cameron.watson2485@hotmail.com,445.663.9749x02407,Charlotte,nC,usa,28202,2024-04-16
669605,Abigail,Kelley,abigail.kelley389@yahoo.com,,Miami,FL,USA,33101,2026-02-28
837715,Eugenio,Lynn,eugenio.lynn1059@hotmail.com,(472)907-5462,Victoria,bc,Canada,V8W1P6,2024-03-03
417212,carly,Escamilla,carly.escamilla5104@yahoo.com,(063)564-4874x033,Charlotte,Nc,usa,28202,2025-07-13
741390,Ronald,Brooks,ronald.brooks6189@yahoo.com,1-308-252-0227,Monterrey,nl,mEx,64000,2023-12-21
946305,Jessica,Barnett,jessica.barnett2879@outlook.com,+1 (712) 273-1208,Montreal,qc,Canada,H1A0A1,2024-11-06
785743,jamie,Montgomery,jamie.montgomery6132@hotmail.com,193.202.4146,New York,Ny,UsA,10001,2025-04-15
654634,David,Rivera,david.rivera9267@yahoo.com,(692) 490-8500 x253,Charlotte,Nc,UsA,28202,2025-09-11
108203,Dulce,Walters,dulce.walters3971@hotmail.com,(717) 267-2543 x630,Halifax,ns,canada,B3H1Y2,2025-08-11
800305,Anthony,Pelayo,anthony.pelayo2645@gmail.com,638-375-9501,Monterrey,NL,MEXICO,64000,2025-07-23
956795,Francisco,Hodges,francisco.hodges4952@hotmail.com,1-012-740-2789x305,Charlotte,NC,United States,28202,2025-09-12
681542,Paul,Lebrón,paul.lebrón5048@gmail.com,,Leon,GJ,MEXICO,37000,2025-01-31
413921,Luis,Anderson,luis.anderson2201@yahoo.com,(937)690-3564x35160,Guadalajara,ja,Mexico,44100,2024-06-23
795613,Linda,Velasquez,linda.velasquez1790@yahoo.com,128.707.3783x70601,Houston,Tx,United States,77001,2025-07-22
208618,salvador,Perez,salvador.perez119@gmail.com,194.954.7442x879,Buffalo,Ny,UsA,14201,2025-03-29
240814,Isaac,Rivas,isaac.rivas5165@yahoo.com,,Halifax,NS,canada,B3H1Y2,2024-11-03
377312,Jorge Luis,Martinez,jorgeluis.martinez2276@gmail.com,1-783-961-3740x125,San Diego,ca,usa,92101,2025-03-07
221035,mónica,Swanson,mónica.swanson5279@gmail.com,+1-604-116-6929x2743,Montreal,QC,Canada,H1A0A1,2025-08-13
212235,Timothy,Mitchell,timothy.mitchell7801@gmail.com,(454) 703-1258,Guadalajara,JA,Mexico,44100,2025-04-23
878480,Richard,Watkins,richard.watkins8859@yahoo.com,415-955-4674x4342,Orlando,FL,United States,32801,2025-02-18
680097,Emily,Ortiz,emily.ortiz4221@hotmail.com,,Toronto,ON,Canada,M5H2N2,2026-02-22
262998,cecilia,Corral,cecilia.corral6253@hotmail.com,,Halifax,NS,Canada,B3H1Y2,2024-03-01
385577,Beatriz,Shannon,beatriz.shannon5135@hotmail.com,(535)310-8860,Charlotte,nc,UsA,28202,2025-02-06
395442,Karina,Luna,karina.luna6477@gmail.com,413-492-4885 x200,Miami,Fl,USA,33101,2025-04-25
734210,Yolanda,Harris,yolanda.harris563@outlook.com,(269)255-9746x66686,Montreal,qC,CANADA,H1A0A1,2026-03-28
320861,daniel,Le,daniel.le2502@yahoo.com,,Buffalo,NY,USA,14201,2026-04-26
852470,Pilar,Molina,pilar.molina5529@hotmail.com,(965) 028-6038,Guadalajara,Ja,mEx,44100,2025-11-13
459536,Brenda,Johns,brenda.johns887@outlook.com,001-548-299-6926x4479,Raleigh,Nc,usa,27601,2024-04-27
313487,Sarah,Sepúlveda,sarah.sepúlveda9432@gmail.com,517-251-9282,Austin,tx,United States,73301,2024-03-08
820892,Priscilla,Wagner,priscilla.wagner9723@hotmail.com,,Guadalajara,JA,Mexico,44100,2024-08-03
765046,Jonás,Abreu,jonás.abreu6151@gmail.com,(481)259-2138x32598,Guadalajara,jA,mEx,44100,2023-12-12
994343,Charlotte,Herrera,charlotte.herrera3686@gmail.com,305-288-0259,Los Angeles,CA,USA,90001,2024-12-28
376807,Concepción,williams,concepción.williams8807@yahoo.com,(704)329-7766,Guadalajara,jA,Mexico,44100,2025-05-15
629959,José Luis,Holland,joséluis.holland2949@gmail.com,752-399-8235 x437,Mexico City,cm,MEXICO,01000,2024-05-14
612262,Billy,Hernandez,billy.hernandez5957@yahoo.com,+29(4)1840785425,Raleigh,Nc,UsA,27601,2024-04-22
363319,Gabriel,Garcia,gabriel.garcia1623@gmail.com,418-601-4964,Guadalajara,ja,Mexico,44100,2025-08-08
987204,Micheal,Williams,micheal.williams9009@outlook.com,470-019-0115x406,Monterrey,NL,mEx,64000,2025-10-23
153266,Raymond,Orellana,raymond.orellana3157@outlook.com,1-380-448-0803x13522,Monterrey,NL,Mexico,64000,2024-10-19
196781,úrsula,Hudson,úrsula.hudson1803@hotmail.com,+96(9)8306979046,Guadalajara,Ja,Mexico,44100,2026-02-25
765095,Denise,Barnes,denise.barnes1721@gmail.com,(670)435-3915x04296,Miami,FL,United States,33101,2025-05-25
544151,Alfonso,Reynolds,alfonso.reynolds2798@outlook.com,,Raleigh,nc,UsA,27601,2025-07-29
969634,María Eugenia,Gurule,maríaeugenia.gurule2338@hotmail.com,1 (245) 789-9486,Miami,Fl,USA,33101,2025-10-25
390120,James,Stone,james.stone8229@outlook.com,+1 (392) 846-9878,Guadalajara,ja,mEx,44100,2025-09-11
146228,Jacob,hall,jacob.hall3933@gmail.com,001-856-893-9053x79401,Orlando,fl,United States,32801,2025-02-07
103717,Victoria,Echeverría,victoria.echeverría8723@gmail.com,258.880.6928,Victoria,BC,CANADA,V8W1P6,2025-02-08
449759,Emilio,Alba,emilio.alba8653@gmail.com,642.464.9793x288,Halifax,ns,Canada,B3H1Y2,2024-02-15
908577,Stephanie,Woods,stephanie.woods1856@outlook.com,,Monterrey,NL,mEx,64000,2024-10-02
237174,Francisco,Reynolds,francisco.reynolds3563@outlook.com,,Guanajuato,GJ,mEx,36000,2025-08-24
768061,Eileen,Ávalos,eileen.ávalos1756@gmail.com,675.904.6022x65183,Coyoacan,CM,mEx,04100,2025-04-17
374680,Genaro,Ashley,genaro.ashley114@yahoo.com,(347) 945-4442,San Jose,Ca,usa,95101,2025-02-11
269430,Joyce,Sanford,joyce.sanford2292@outlook.com,+1-829-118-2073x527,Raleigh,nc,United States,27601,2024-06-12
877236,Joshua,Miller,joshua.miller2627@yahoo.com,,Los Angeles,CA,UsA,90001,2025-04-14
563298,Cody,Castro,cody.castro6371@yahoo.com,+1-386-197-4972x4222,Guadalajara,Ja,MEXICO,44100,2023-12-14
678478,Abel,Padilla,abel.padilla132@hotmail.com,295 100 9268,Vancouver,bc,CANADA,V5K0A1,2024-05-05
839945,Paula,Lewis,paula.lewis4053@hotmail.com,(546)272-6574,Vancouver,bc,Canada,V5K0A1,2026-04-24
548462,Jennifer,Craig,jennifer.craig3149@yahoo.com,402-694-5859x345,Monterrey,nL,mEx,64000,2025-05-21
688153,Michelle,Lambert,michelle.lambert847@outlook.com,1 (444) 531-6243,Houston,tx,USA,77001,2024-10-23
110139,Jimmy,Kane,jimmy.kane4675@hotmail.com,423.267.2053x118,Houston,tx,usa,77001,2024-11-07
217308,Omar,Martinez,omar.martinez2135@outlook.com,1 (846) 254-7975,Los Angeles,Ca,USA,90001,2025-09-26
178898,Daniel,Grant,daniel.grant9861@gmail.com,1-605-680-6728x45945,Austin,Tx,United States,73301,2024-02-15
824586,Fabiola,Schroeder,fabiola.schroeder2518@gmail.com,1-845-257-2443,Guanajuato,Gj,mEx,36000,2025-03-04
256294,Jennifer,Cortez,jennifer.cortez8256@gmail.com,(468) 269-3710 x670,Ottawa,ON,CANADA,K1A0B1,2024-02-01
672092,Heather,Navarro,heather.navarro1229@yahoo.com,02696012056,Victoria,bC,CANADA,V8W1P6,2024-09-04
137778,Lori,Amaya,lori.amaya8402@hotmail.com,1-165-904-8784x60621,Houston,tx,usa,77001,2025-11-25
975136,carlos,White,carlos.white641@yahoo.com,,Charlotte,NC,USA,28202,2026-03-23
487151,Maria,Sánchez,maria.sánchez6048@outlook.com,597-847-6848x8101,Charlotte,nc,UsA,28202,2025-08-18
710805,Gabriela,Blake,gabriela.blake4583@yahoo.com,(048)604-0754x348,Miami,FL,UsA,33101,2025-09-30
679364,Nicole,Williams,nicole.williams6480@yahoo.com,1-342-203-3728,Charlotte,Nc,United States,28202,2025-04-21
255287,Mackenzie,Flores,mackenzie.flores2956@outlook.com,(468)532-8275x517,New York,ny,United States,10001,2024-04-25
550664,Lisa,Mireles,lisa.mireles8631@yahoo.com,226.019.9448,New York,NY,United States,10001,2026-03-26
233636,Wendy,Livingston,wendy.livingston9825@gmail.com,,Los Angeles,Ca,United States,90001,2024-06-25
143860,Melissa,Boyle,melissa.boyle916@outlook.com,(931)831-2819,Buffalo,Ny,United States,14201,2025-05-07
423232,Audrey,Smith,audrey.smith5789@outlook.com,1-869-039-9603,Monterrey,NL,mEx,64000,2024-05-22
482364,stephen,Green,stephen.green5907@gmail.com,,Houston,Tx,USA,77001,2025-10-26
934794,Gustavo,Valencia,gustavo.valencia8180@outlook.com,,Monterrey,NL,Mexico,64000,2026-05-01
141832,Zachary,Simmons,zachary.simmons7839@gmail.com,124-824-1104 x453,Dallas,TX,usa,75201,2024-04-09
475190,Cynthia,Mason,cynthia.mason6783@outlook.com,864-328-8666,Buffalo,Ny,UsA,14201,2025-05-29
320281,Brian,Zamudio,brian.zamudio3594@gmail.com,001-917-725-3117x588,Monterrey,Nl,MEXICO,64000,2025-03-30
815198,Daisy,Hubbard,daisy.hubbard2284@outlook.com,+45(5)6791363569,Los Angeles,ca,USA,90001,2026-03-27
361650,Katherine,Wolf,katherine.wolf6185@gmail.com,303-434-3534 x460,San Jose,CA,UsA,95101,2026-04-06
799330,Amy,Brown,amy.brown205@hotmail.com,0992292493,Monterrey,Nl,mEx,64000,2025-01-25
207786,andrés,Escalante,andrés.escalante984@gmail.com,+1-094-462-2707x94824,Halifax,Ns,CANADA,B3H1Y2,2025-03-10
470858,Cecilia,Romero,cecilia.romero1507@hotmail.com,,Guanajuato,GJ,Mexico,36000,2025-01-05
918011,Minerva,Cook,minerva.cook6638@hotmail.com,133-760-1032,Charlotte,NC,United States,28202,2024-02-18
687080,Barbara,Wilson,barbara.wilson3472@gmail.com,1 (634) 222-8867,Leon,GJ,Mexico,37000,2024-09-01
526117,miguel,Hamilton,miguel.hamilton5057@gmail.com,,Charlotte,nc,usa,28202,2026-01-08
750810,Rosalia,Meléndez,rosalia.meléndez8251@gmail.com,390-880-8840x2725,Leon,gJ,MEXICO,37000,2026-04-21
885884,Martha,Arredondo,martha.arredondo1529@yahoo.com,,Miami,fl,usa,33101,2025-03-03
262060,William,Rivero,william.rivero6351@yahoo.com,(624)751-6931x563,Orlando,FL,United States,32801,2026-03-04
348237,Felipe,Wilson,felipe.wilson2781@outlook.com,+1 (222) 352-7156,Dallas,TX,USA,75201,2025-11-27
270395,Rachel,Herrera,rachel.herrera2302@gmail.com,,Montreal,Qc,canada,H1A0A1,2025-01-22
938742,Lindsay,Viera,lindsay.viera6123@gmail.com,04368326120,Victoria,BC,CANADA,V8W1P6,2025-09-20
950155,Gonzalo,Hays,gonzalo.hays6158@yahoo.com,(069)656-9548,Austin,TX,usa,73301,2025-03-22
285652,Donald,Guerrero,donald.guerrero6504@hotmail.com,1 (985) 202-2866,Guadalajara,ja,Mexico,44100,2025-11-19
532322,jessica,Brown,jessica.brown7700@yahoo.com,887-744-0606,Montreal,QC,Canada,H1A0A1,2026-03-07
125990,Amanda,stewart,amanda.stewart6930@outlook.com,001-944-127-9494,Guadalajara,ja,Mexico,44100,2024-10-01
288073,Jaime,Wilson,jaime.wilson881@gmail.com,,Montreal,Qc,Canada,H1A0A1,2024-06-21
872343,Brian,Zambrano,brian.zambrano7157@outlook.com,,Buffalo,ny,United States,14201,2025-12-10
448321,Bianca,Balderas,bianca.balderas5186@gmail.com,422 479 5782,Victoria,Bc,Canada,V8W1P6,2026-02-19
920391,alejandro,Menchaca,alejandro.menchaca2060@hotmail.com,624-191-3237,Montreal,qc,canada,H1A0A1,2025-11-13
531712,Cody,Hernandez,cody.hernandez9451@gmail.com,495-272-1616 x695,Monterrey,NL,MEXICO,64000,2025-04-25
941204,Alice,Randall,alice.randall8572@outlook.com,001-923-564-7352x151,Montreal,qc,CANADA,H1A0A1,2025-02-19
802448,Arcelia,Sandoval,arcelia.sandoval1626@gmail.com,,Guanajuato,gJ,Mexico,36000,2025-04-22
870763,Mayte,Merino,mayte.merino6892@yahoo.com,415.182.2637,Ottawa,On,Canada,K1A0B1,2024-11-24
950132,Kevin,Jones,kevin.jones4385@outlook.com,(303) 088-1954,Guadalajara,Ja,Mexico,44100,2023-12-16
360222,Mauricio,Soto,mauricio.soto9375@hotmail.com,+1 (695) 095-5605,Dallas,TX,UsA,75201,2024-04-10
379766,Dale,Cannon,dale.cannon1632@yahoo.com,941.004.0523,Montreal,Qc,CANADA,H1A0A1,2024-05-11
266931,Tyler,Scott,tyler.scott9721@yahoo.com,(141)276-1796,Houston,TX,United States,77001,2025-12-30
925622,Jonás,Cepeda,jonás.cepeda3634@outlook.com,(541)657-5620x91109,Victoria,BC,canada,V8W1P6,2025-10-06
835343,brian,Gallardo,brian.gallardo1695@gmail.com,1-490-922-1825,Miami,Fl,USA,33101,2024-03-05
213346,Terry,Griffin,terry.griffin6779@gmail.com,107-127-3990,Buffalo,nY,usa,14201,2025-09-09
501124,Mark,Rogers,mark.rogers9940@gmail.com,1 (279) 567-1211,Monterrey,NL,Mexico,64000,2025-05-18
140605,mitchell,pelayo,mitchell.pelayo8385@yahoo.com,(601) 524-2736 x539,Halifax,Ns,Canada,B3H1Y2,2024-07-13
593554,Jeremy,Cooper,jeremy.cooper9036@outlook.com,+1 (607) 839-7012,Dallas,tx,usa,75201,2024-05-26
333238,Michael,Rico,michael.rico2715@yahoo.com,,Orlando,fL,usa,32801,2026-03-15
309267,Eva,Miller,eva.miller6127@gmail.com,847-391-6357,Charlotte,Nc,usa,28202,2025-08-10
956253,Matthew,Miller,matthew.miller3047@outlook.com,(417)159-7131x3159,Halifax,Ns,Canada,B3H1Y2,2023-12-10
582662,Lauren,Harrington,lauren.harrington3812@gmail.com,1-597-016-1510x802,San Jose,Ca,United States,95101,2025-07-10
466643,Sarah,hunter,sarah.hunter8093@hotmail.com,918-537-0008,Montreal,qc,CANADA,H1A0A1,2024-10-30
420015,Ruby,Franklin,ruby.franklin9434@gmail.com,,Guadalajara,jA,Mexico,44100,2025-05-30
960394,alfredo,Blankenship,alfredo.blankenship6801@outlook.com,1 (940) 576-7300,Coyoacan,Cm,mEx,04100,2025-08-19
933980,José Carlos,Beard,josécarlos.beard1990@outlook.com,,Buffalo,NY,USA,14201,2024-03-17
338651,Robin,Clark,robin.clark6044@gmail.com,,New York,NY,United States,10001,2024-01-19
333752,Amy,Castañeda,amy.castañeda4423@yahoo.com,,San Diego,Ca,USA,92101,2026-01-10
124813,Ilse,Smith,ilse.smith7831@hotmail.com,,Guadalajara,ja,Mexico,44100,2024-08-27
792094,Anthony,Quintero,anthony.quintero3374@gmail.com,939 885 7870,Halifax,ns,canada,B3H1Y2,2026-03-18
302511,Danielle,Day,danielle.day8645@outlook.com,729.627.1134,Monterrey,NL,Mexico,64000,2024-07-12
517821,Joaquín,de la Fuente,joaquín.delafuente1125@outlook.com,+06(0)3361967937,Guadalajara,JA,Mexico,44100,2025-03-17
444207,Brandi,gonzalez,brandi.gonzalez8699@hotmail.com,(761)026-9687x37312,Los Angeles,Ca,USA,90001,2024-05-03
392136,Charles,Johnson,charles.johnson6268@hotmail.com,7904233819,Guadalajara,jA,MEXICO,44100,2025-02-16
172792,Jessica,gomez,jessica.gomez585@outlook.com,756-417-2966,San Jose,ca,UsA,95101,2025-01-06
910891,Martha,Anthony,martha.anthony3336@outlook.com,758.128.5548x2156,Austin,TX,USA,73301,2025-04-29
392683,Israel,Molina,israel.molina2731@yahoo.com,1 (994) 784-6175,Montreal,qc,canada,H1A0A1,2024-11-07
468203,Vicki,Vega,vicki.vega9733@outlook.com,,Dallas,tx,UsA,75201,2024-03-22
772642,Claudia,Wood,claudia.wood2742@yahoo.com,001-936-996-2847x22768,San Jose,cA,UsA,95101,2025-12-22
634150,Esperanza,Silva,esperanza.silva5778@outlook.com,(190)135-0688,Raleigh,NC,United States,27601,2024-09-02
519093,Jessica,Gonzales,jessica.gonzales8157@gmail.com,+49(8)3581527099,Toronto,on,CANADA,M5H2N2,2024-03-01
812526,Crystal,Rangel,crystal.rangel7361@yahoo.com,(807)031-8207,New York,ny,usa,10001,2024-10-12
984642,Micaela,Leyva,micaela.leyva7102@hotmail.com,1 (526) 113-5280,San Jose,cA,USA,95101,2025-03-22
662262,Patricio,Mota,patricio.mota4723@gmail.com,,Victoria,Bc,CANADA,V8W1P6,2024-04-05
447235,Christopher,Jones,christopher.jones818@outlook.com,667-186-3629 x040,Buffalo,ny,United States,14201,2025-11-30
128941,Robert,Pitts,robert.pitts3586@gmail.com,809-476-1711,Austin,tX,UsA,73301,2025-01-12
220944,Pamela,Carroll,pamela.carroll5284@yahoo.com,+1-609-648-7162,Orlando,fl,usa,32801,2024-10-08
373903,Marcela,Bird,marcela.bird7159@gmail.com,758 168 9672,Orlando,Fl,UsA,32801,2024-11-27
287241,phillip,Wilson,phillip.wilson6897@gmail.com,1-281-362-6953x92507,Guadalajara,Ja,Mexico,44100,2025-08-27
708792,Joseph,hernandez,joseph.hernandez8488@hotmail.com,,Leon,GJ,mEx,37000,2025-07-31
378361,Ramiro,Mccarthy,ramiro.mccarthy9579@gmail.com,1-870-199-5902,Orlando,fL,USA,32801,2024-07-16
140115,Débora,Luna,débora.luna7946@yahoo.com,433.892.7219x5854,Victoria,BC,Canada,V8W1P6,2024-06-27
213668,Mauricio,Hull,mauricio.hull4914@hotmail.com,985-484-5800x149,New York,Ny,UsA,10001,2026-04-28
725550,david,Briseño,david.briseño3944@yahoo.com,926.145.4841,Ottawa,On,canada,K1A0B1,2025-10-14
555673,Randall,Figueroa,randall.figueroa1759@hotmail.com,187 698 2614,Raleigh,NC,UsA,27601,2023-12-12
462479,Bernardo,Valladares,bernardo.valladares699@outlook.com,,Leon,Gj,Mexico,37000,2024-05-11
863934,Enrique,coronado,enrique.coronado2481@outlook.com,(481)038-9139x4688,Monterrey,nl,mEx,64000,2026-02-11
924629,Tina,Loera,tina.loera9927@yahoo.com,+56(9)5377010386,Halifax,ns,CANADA,B3H1Y2,2024-10-27
428914,kimberly,Fernandez,kimberly.fernandez3797@gmail.com,251-948-0017,Guanajuato,gj,MEXICO,36000,2026-02-22
557592,Beatriz,Flores,beatriz.flores1055@gmail.com,4138255751,Los Angeles,cA,usa,90001,2025-08-13
735656,Edward,Adams,edward.adams9401@yahoo.com,901.273.0678,Toronto,on,CANADA,M5H2N2,2024-05-14
636265,Ivonne,Hardy,ivonne.hardy3335@gmail.com,,Monterrey,Nl,MEXICO,64000,2025-06-12
221263,Wendolin,Miramontes,wendolin.miramontes8654@hotmail.com,8446075051,Miami,Fl,usa,33101,2025-08-25
503906,Hunter,Curtis,hunter.curtis9325@gmail.com,1-045-394-8160x905,Monterrey,nl,Mexico,64000,2025-08-07
704596,Patrick,Owens,patrick.owens5864@gmail.com,,Leon,gj,MEXICO,37000,2025-08-17
299312,Araceli,Watts,araceli.watts9549@hotmail.com,,Guanajuato,GJ,mEx,36000,2025-02-04
367095,Andrea,Harris,andrea.harris5401@gmail.com,+1-722-473-0716x3994,Dallas,TX,usa,75201,2024-02-11
146542,Grace,Shepard,grace.shepard8137@yahoo.com,+1 (491) 256-0367,Coyoacan,cm,Mexico,04100,2024-01-26
843215,Eloy,Jordan,eloy.jordan9053@hotmail.com,337 824 4592,Austin,Tx,USA,73301,2024-03-28
557239,Melissa,Parker,melissa.parker3903@yahoo.com,218-481-5505x0808,Coyoacan,CM,Mexico,04100,2025-12-07
101773,Brent,Lucero,brent.lucero5147@outlook.com,001-738-497-4315x899,Los Angeles,Ca,UsA,90001,2025-10-04
645175,Antonio,Ramos,antonio.ramos5849@yahoo.com,(723) 242-8279 x619,Los Angeles,Ca,USA,90001,2025-05-23
945687,Susan,Huber,susan.huber7967@outlook.com,539-241-1910x5479,Miami,Fl,USA,33101,2024-04-04
664607,Michael,Arriaga,michael.arriaga1872@gmail.com,(882)253-2804x4553,Monterrey,Nl,Mexico,64000,2024-01-31
820221,Christine,Fuller,christine.fuller728@yahoo.com,+1-408-680-2356x83483,Raleigh,Nc,United States,27601,2025-06-07
854377,Santiago,Mayer,santiago.mayer9683@yahoo.com,+1 (932) 473-3557,Halifax,NS,CANADA,B3H1Y2,2025-12-23
877991,Leonel,Perez,leonel.perez4710@hotmail.com,122-657-0487x885,Toronto,on,canada,M5H2N2,2025-03-23
872840,Nicholas,Nelson,nicholas.nelson1402@yahoo.com,931.162.1036,Vancouver,Bc,canada,V5K0A1,2024-09-01
803204,Adrienne,Lambert,adrienne.lambert4334@yahoo.com,+1-299-403-0455x379,Halifax,Ns,canada,B3H1Y2,2025-09-14
306606,Dean,Cervántez,dean.cervántez9035@outlook.com,,Monterrey,Nl,mEx,64000,2025-04-20
481913,Roger,Shields,roger.shields3813@gmail.com,741-464-7596,Austin,Tx,United States,73301,2025-06-19
552248,Ivonne,santiago,ivonne.santiago5790@gmail.com,150-186-5208,Vancouver,BC,CANADA,V5K0A1,2024-02-18
173372,Gabriela,Lee,gabriela.lee1170@hotmail.com,,Dallas,Tx,usa,75201,2025-01-21
796503,jose,Cisneros,jose.cisneros4766@yahoo.com,,Halifax,Ns,CANADA,B3H1Y2,2025-12-02
446239,darrell,Covarrubias,darrell.covarrubias6244@gmail.com,,Halifax,NS,CANADA,B3H1Y2,2025-12-20
753425,Claudio,Smith,claudio.smith5193@outlook.com,04191879516,Charlotte,nc,usa,28202,2024-07-24
429164,Diego,Moss,diego.moss6717@outlook.com,1-646-432-2382x07625,Leon,GJ,MEXICO,37000,2024-07-23
795612,Gregorio,Guerrero,gregorio.guerrero6679@yahoo.com,400-115-2282 x099,Guadalajara,ja,mEx,44100,2025-05-01
989208,Jonás,Roy,jonás.roy255@yahoo.com,986-488-9480 x025,Raleigh,NC,United States,27601,2024-04-08
230679,Esteban,Mendoza,esteban.mendoza8673@hotmail.com,,New York,ny,usa,10001,2024-03-31
854717,jacobo,Jones,jacobo.jones7355@hotmail.com,040.012.4116,Miami,Fl,USA,33101,2025-12-21
414910,Justin,Lopez,justin.lopez7431@hotmail.com,(737)633-9326,Charlotte,NC,USA,28202,2024-09-30
631756,Ana María,Barragán,anamaría.barragán6991@outlook.com,386-368-7432,Leon,GJ,MEXICO,37000,2025-12-18
424308,Alfredo,Villa,alfredo.villa2714@gmail.com,1-401-621-7669,Buffalo,Ny,usa,14201,2025-08-12
799287,Camilo,Mitchell,camilo.mitchell8335@yahoo.com,845-616-1745x85083,Toronto,on,Canada,M5H2N2,2025-04-14
528231,Christina,Navarro,christina.navarro2068@hotmail.com,(837)213-5346x832,Miami,FL,UsA,33101,2025-02-15
442027,Ethan,Jones,ethan.jones5796@gmail.com,+1-666-148-7687x32601,Leon,Gj,mEx,37000,2025-03-09
521947,Matthew,Stokes,matthew.stokes8541@outlook.com,+36(5)6714378072,Ottawa,ON,CANADA,K1A0B1,2025-09-03
831076,Elisa,Richard,elisa.richard3206@outlook.com,649.456.9988,Houston,Tx,USA,77001,2024-06-21
410016,jessica,Meyer,jessica.meyer3417@yahoo.com,+43(4)1146001235,Toronto,on,CANADA,M5H2N2,2024-11-22
681343,Deborah,Adams,deborah.adams6426@outlook.com,(895) 713-4179,Monterrey,Nl,mEx,64000,2025-03-02
233470,Amanda,Greene,amanda.greene1861@outlook.com,857-820-6958x98982,Austin,tX,UsA,73301,2025-11-03
301158,Erin,Frías,erin.frías6702@gmail.com,185-870-8923 x736,San Diego,ca,UsA,92101,2025-02-08
540869,Gary,Mullen,gary.mullen748@outlook.com,(563)483-8407x85807,Leon,gj,MEXICO,37000,2024-03-22
797229,leonardo,Luna,leonardo.luna6213@gmail.com,,Halifax,NS,CANADA,B3H1Y2,2024-01-20
497562,Jaime,Schmitt,jaime.schmitt6481@yahoo.com,(852)533-7569x3958,Monterrey,nl,MEXICO,64000,2025-12-20
810219,Donald,Urrutia,donald.urrutia7945@gmail.com,794-318-4020,Los Angeles,ca,United States,90001,2024-09-04
884475,Lilia,Smith,lilia.smith4424@gmail.com,1-025-011-8233x343,Ottawa,ON,Canada,K1A0B1,2023-12-16
282480,Fabiola,Cavazos,fabiola.cavazos9924@outlook.com,,Vancouver,Bc,canada,V5K0A1,2025-03-14
745414,Guadalupe,Ozuna,guadalupe.ozuna1525@yahoo.com,,San Diego,ca,UsA,92101,2023-12-18
696750,Blanca,Montemayor,blanca.montemayor408@hotmail.com,+1 (958) 970-0315,Guadalajara,Ja,mEx,44100,2024-04-26
415568,Lucas,Graham,lucas.graham9723@yahoo.com,731-395-6373 x334,Toronto,on,Canada,M5H2N2,2026-01-24
525800,David,Tamayo,david.tamayo5267@hotmail.com,,Guanajuato,gj,MEXICO,36000,2025-04-25
674553,Donna,Paredes,donna.paredes1335@gmail.com,001-079-111-5717x9860,Dallas,tx,United States,75201,2024-05-19
974224,Scott,Holt,scott.holt8595@hotmail.com,487.825.8315,New York,NY,UsA,10001,2024-09-27
100425,María Elena,Coleman,maríaelena.coleman4755@yahoo.com,,Halifax,Ns,canada,B3H1Y2,2025-03-18
418635,Lori,Rico,lori.rico5206@hotmail.com,812-698-9139 x286,Miami,Fl,USA,33101,2024-06-22
400850,daniel,Calderon,daniel.calderon2564@gmail.com,1-963-834-9848x6256,Ottawa,ON,Canada,K1A0B1,2024-09-07
320392,Michael,Quintero,michael.quintero9194@yahoo.com,(299)353-3649x3872,Buffalo,ny,usa,14201,2025-06-30
550770,Lilia,Olivares,lilia.olivares9703@outlook.com,,Austin,TX,USA,73301,2024-05-21
923927,Jacob,Negrete,jacob.negrete5@outlook.com,152-281-0298,Houston,tX,UsA,77001,2024-10-30
708158,Marc,Mejía,marc.mejía7774@outlook.com,(562)688-0560x74635,Charlotte,nc,USA,28202,2025-09-09
736130,Francisca,Colon,francisca.colon1971@hotmail.com,(274)154-9572,Dallas,tx,usa,75201,2025-12-15
786508,Sean,Benjamin,sean.benjamin175@yahoo.com,905.649.2665x682,Monterrey,Nl,Mexico,64000,2024-12-12
437902,adalberto,Rivera,adalberto.rivera7844@hotmail.com,1-920-255-8243x4568,Charlotte,NC,United States,28202,2025-12-05
587575,Sarah,Harris,sarah.harris8939@gmail.com,061-693-0215,Guadalajara,ja,Mexico,44100,2024-02-23
563246,Phyllis,Ybarra,phyllis.ybarra8915@outlook.com,,Mexico City,CM,mEx,01000,2026-04-06
563638,Aida,Carbajal,aida.carbajal6606@hotmail.com,,Halifax,ns,CANADA,B3H1Y2,2024-08-30
808446,Eric,Williams,eric.williams6706@yahoo.com,001-036-123-9724x3834,Dallas,TX,usa,75201,2025-03-22
324082,Lorraine,Smith,lorraine.smith1416@yahoo.com,714.117.7264,Coyoacan,CM,Mexico,04100,2025-09-14
636004,Nancy,Weber,nancy.weber3131@yahoo.com,1-523-537-6782,Guadalajara,ja,MEXICO,44100,2024-10-19
596171,Danny,Lewis,danny.lewis7203@outlook.com,1-315-894-5281,Monterrey,Nl,MEXICO,64000,2025-11-03
932291,Alexander,Anderson,alexander.anderson7109@outlook.com,+05(9)0582187694,San Jose,Ca,United States,95101,2025-05-09
934692,Gina,Rogers,gina.rogers8472@yahoo.com,154.011.6116,Victoria,Bc,CANADA,V8W1P6,2025-07-25
871711,Conchita,farmer,conchita.farmer6905@hotmail.com,191.143.6127x00905,Miami,Fl,usa,33101,2024-05-15
277934,Heather,Cotto,heather.cotto7127@hotmail.com,(109)252-0291,Monterrey,Nl,mEx,64000,2025-10-25
790855,Molly,Montez,molly.montez4414@hotmail.com,9194262218,Leon,gj,MEXICO,37000,2026-01-08
188914,Michaela,Williams,michaela.williams2318@outlook.com,+1-750-477-4239,Austin,tx,USA,73301,2024-10-04
397571,Kimberly,Lopez,kimberly.lopez2526@outlook.com,8682641524,Los Angeles,ca,USA,90001,2025-03-28
640490,Patricia,Ruiz,patricia.ruiz2106@outlook.com,001-525-805-2951x0304,Montreal,Qc,CANADA,H1A0A1,2025-12-17
796101,Theresa,Peters,theresa.peters441@yahoo.com,,Guadalajara,Ja,mEx,44100,2025-04-27
763686,Nicole,Rosado,nicole.rosado725@yahoo.com,689.441.6536x98484,Raleigh,nC,USA,27601,2024-09-17
749342,Olivia,Simpson,olivia.simpson2680@hotmail.com,909-033-4430x7290,Buffalo,NY,UsA,14201,2026-03-02
451470,Kyle,Esquivel,kyle.esquivel190@hotmail.com,243-828-3782,Dallas,Tx,UsA,75201,2024-08-21
197923,Celia,Peterson,celia.peterson8766@outlook.com,(455)437-7746,Ottawa,ON,CANADA,K1A0B1,2024-02-20
958179,Ana María,Guerrero,anamaría.guerrero7455@hotmail.com,(610) 644-1244,San Diego,cA,usa,92101,2024-01-21
887625,Edwin,Kemp,edwin.kemp386@outlook.com,847 536 4490,Guanajuato,Gj,MEXICO,36000,2024-01-06
346277,Georgina,Meyer,georgina.meyer2872@gmail.com,306-158-1406x48118,Coyoacan,CM,mEx,04100,2024-11-18
805477,Barbara,randall,barbara.randall9984@gmail.com,434.411.5734,Monterrey,Nl,mEx,64000,2025-01-14
425498,Amber,Vela,amber.vela7102@gmail.com,,Austin,tx,United States,73301,2024-12-18
335552,Kenneth,Rodriguez,kenneth.rodriguez4536@gmail.com,(866)911-0164x52580,Guadalajara,Ja,Mexico,44100,2023-12-20
945742,Patty,Marshall,patty.marshall5213@gmail.com,+1-525-064-1909x7213,Monterrey,Nl,MEXICO,64000,2025-11-29
308802,Rufino,Fuentes,rufino.fuentes9137@gmail.com,+1 (239) 572-1590,Guadalajara,ja,MEXICO,44100,2025-04-24
254511,Amanda,le,amanda.le9361@gmail.com,+64(7)1174343212,Charlotte,Nc,usa,28202,2024-09-24
125611,maría del carmen,Acosta,maríadelcarmen.acosta2732@outlook.com,(179) 475-9731,Halifax,Ns,CANADA,B3H1Y2,2025-12-31
148458,Ramiro,Young,ramiro.young2024@gmail.com,001-988-478-6696,Monterrey,nl,Mexico,64000,2026-01-24
356736,Nathan,Ruiz,nathan.ruiz5234@outlook.com,831.931.7340,Montreal,Qc,CANADA,H1A0A1,2025-06-01
598216,Jamie,Davis,jamie.davis7364@yahoo.com,,Guadalajara,Ja,mEx,44100,2025-10-02
740967,Leonor,Olivárez,leonor.olivárez3095@gmail.com,(277)364-7812x59081,San Diego,CA,UsA,92101,2023-12-24
991014,Desiree,Montez,desiree.montez6067@gmail.com,06815466400,Charlotte,nc,USA,28202,2025-03-13
905819,Stephanie,Galván,stephanie.galván4801@gmail.com,,Monterrey,nl,MEXICO,64000,2025-08-09
176365,Megan,Solano,megan.solano5428@yahoo.com,323.364.9214,Monterrey,NL,MEXICO,64000,2025-10-24
577538,Elizabeth,Turner,elizabeth.turner8804@gmail.com,1-061-190-9893x00404,Guadalajara,JA,mEx,44100,2025-04-06
534572,Katherine,Huerta,katherine.huerta8382@hotmail.com,+1-021-762-2590,Ottawa,ON,CANADA,K1A0B1,2024-05-22
760356,Nicole,Kirk,nicole.kirk1592@outlook.com,+1-377-447-9503,Guadalajara,ja,mEx,44100,2024-11-15
703634,Teresa,Esquibel,teresa.esquibel586@yahoo.com,877-695-8704,Buffalo,Ny,usa,14201,2024-10-10
303880,Aaron,Villaseñor,aaron.villaseñor2107@yahoo.com,180 279 7465,Victoria,bc,CANADA,V8W1P6,2024-10-06
853240,Olivia,Walters,olivia.walters8468@hotmail.com,204-195-3108,Charlotte,Nc,usa,28202,2024-12-22
830180,Tara,brown,tara.brown1061@outlook.com,(146)139-1042,Monterrey,NL,MEXICO,64000,2024-06-19
502630,Jacobo,Iglesias,jacobo.iglesias8588@yahoo.com,+1 (627) 690-6029,Guadalajara,JA,mEx,44100,2025-05-03
618392,Troy,Harvey,troy.harvey4196@yahoo.com,625-650-3517,Miami,Fl,USA,33101,2024-01-11
519066,Teresa,Ávalos,teresa.ávalos1044@yahoo.com,447-928-5116x4088,Guanajuato,gj,mEx,36000,2024-03-10
355836,Hugo,Roberson,hugo.roberson1367@hotmail.com,(850)051-6788x25547,Coyoacan,Cm,MEXICO,04100,2023-12-10
254739,Mónica,Wright,mónica.wright7476@gmail.com,(934) 231-4802,Guadalajara,ja,mEx,44100,2025-05-03
787926,Scott,Olvera,scott.olvera9196@outlook.com,+1-514-559-2082x39093,Guanajuato,GJ,Mexico,36000,2024-10-22
821024,courtney,Cordova,courtney.cordova4992@gmail.com,,Guadalajara,ja,Mexico,44100,2026-02-05
105814,Betty,Ávalos,betty.ávalos7732@gmail.com,+45(1)1665875483,Houston,Tx,USA,77001,2024-06-14
887443,Brent,Ulloa,brent.ulloa8462@hotmail.com,899-419-5207,Montreal,Qc,canada,H1A0A1,2026-04-25
907451,Jessica,Bowman,jessica.bowman5167@hotmail.com,505-846-6885,Miami,fl,United States,33101,2025-01-22
211764,Veronica,Orozco,veronica.orozco4194@outlook.com,,Monterrey,nl,mEx,64000,2025-06-24
916232,Alicia,Pedroza,alicia.pedroza1220@yahoo.com,1-709-629-3876x1234,Monterrey,nL,Mexico,64000,2026-02-07
545798,Ronnie,Hudson,ronnie.hudson972@gmail.com,1-280-557-3182,Montreal,Qc,Canada,H1A0A1,2025-03-28
329471,Francisco Javier,Thompson,franciscojavier.thompson9664@outlook.com,587.063.2001,San Diego,Ca,usa,92101,2025-11-06
284430,Paola,Soria,paola.soria5919@hotmail.com,(293)245-4719x64638,Houston,tx,usa,77001,2024-11-06
943170,Irene,Barragán,irene.barragán6731@hotmail.com,(242) 884-0006,Orlando,FL,usa,32801,2023-12-17
829716,Nayeli,Mcgrath,nayeli.mcgrath9418@outlook.com,1-386-570-9440x84440,Guadalajara,JA,MEXICO,44100,2024-05-11
643118,Trinidad,Barrera,trinidad.barrera7061@outlook.com,646.156.5138x2270,Coyoacan,cm,MEXICO,04100,2025-07-12
587115,Tyler,moore,tyler.moore6389@gmail.com,1 (240) 793-6356,Buffalo,ny,usa,14201,2025-05-29
152657,Andrea,Mota,andrea.mota3378@outlook.com,+1-320-016-5195x0623,Monterrey,NL,Mexico,64000,2025-06-06
684482,Michael,Green,michael.green2676@hotmail.com,,San Diego,Ca,United States,92101,2024-04-19
361303,Julie,Esparza,julie.esparza3418@hotmail.com,827.597.5404,Coyoacan,cm,MEXICO,04100,2026-03-14
989545,Marcela,Sandoval,marcela.sandoval3435@gmail.com,,Los Angeles,Ca,UsA,90001,2024-06-13
227253,Brandon,Patterson,brandon.patterson7487@gmail.com,1 (134) 526-7052,San Jose,Ca,usa,95101,2024-10-13
578634,Mark,Badillo,mark.badillo6385@hotmail.com,1 (650) 367-1341,Buffalo,NY,USA,14201,2026-04-16
239816,James,Kim,james.kim7698@gmail.com,(789)959-2407x354,Austin,Tx,UsA,73301,2026-03-23
940346,Tracey,Calderón,tracey.calderón2976@outlook.com,,New York,ny,USA,10001,2024-10-09
587213,nicolás,mcmillan,nicolás.mcmillan467@hotmail.com,6440569444,Guanajuato,Gj,MEXICO,36000,2025-12-09
800005,Martin,Osborn,martin.osborn6880@gmail.com,(427) 690-9487,Monterrey,nl,Mexico,64000,2026-04-26
656932,Daniel,Diaz,daniel.diaz5291@outlook.com,,Coyoacan,Cm,MEXICO,04100,2026-03-31
686075,Debra,Armas,debra.armas3696@gmail.com,(802)194-0440x2152,Monterrey,NL,Mexico,64000,2024-07-19
724377,Elvia,Jones,elvia.jones9680@outlook.com,677.675.9401x3562,Austin,tx,United States,73301,2026-01-04
432711,Ronald,cooper,ronald.cooper3897@yahoo.com,155-481-4797,Mexico City,Cm,Mexico,01000,2025-09-04
891937,Shirley,Estrada,shirley.estrada1931@outlook.com,215.973.7237x95807,Guadalajara,ja,mEx,44100,2024-11-14
564071,Marisol,Neal,marisol.neal5988@hotmail.com,277.606.2719x8437,Guadalajara,ja,Mexico,44100,2024-04-02
742412,Ashley,Davis,ashley.davis1360@yahoo.com,580.595.7080x694,Leon,gj,Mexico,37000,2024-06-21
954596,Débora,Galindo,débora.galindo5942@yahoo.com,(767)634-2627x45420,Halifax,ns,CANADA,B3H1Y2,2025-09-10
854213,Antonio,Casárez,antonio.casárez802@hotmail.com,01537028133,Vancouver,BC,canada,V5K0A1,2024-04-18
629298,Earl,Adams,earl.adams3421@gmail.com,1-868-836-5630,Halifax,ns,Canada,B3H1Y2,2025-01-04
547470,César,Vasquez,césar.vasquez3708@outlook.com,(418) 108-3117 x423,Buffalo,ny,USA,14201,2025-02-27
970914,John,Girón,john.girón1682@hotmail.com,(483) 687-0491,Orlando,fl,USA,32801,2024-02-11
674485,Heather,Ryan,heather.ryan7644@hotmail.com,1-468-120-0585x2402,Halifax,Ns,Canada,B3H1Y2,2025-05-19
567574,Victoria,Ocampo,victoria.ocampo8103@hotmail.com,851-603-5639x39415,San Jose,Ca,usa,95101,2025-09-16
266889,Gustavo,Smith,gustavo.smith1657@hotmail.com,1 (426) 440-9352,Guanajuato,Gj,Mexico,36000,2026-02-07
879779,Débora,Tafoya,débora.tafoya690@gmail.com,1-427-610-9591x11413,Montreal,QC,Canada,H1A0A1,2024-12-04
597732,alejandra,Mota,alejandra.mota7213@hotmail.com,(537)453-2078x56135,Guadalajara,ja,MEXICO,44100,2023-12-27
571932,Michael,Páez,michael.páez6753@gmail.com,1-183-227-4665,Charlotte,Nc,USA,28202,2024-09-09
371782,Robert,Velásquez,robert.velásquez2632@yahoo.com,910.470.5578x8554,Coyoacan,Cm,Mexico,04100,2026-04-13
888295,Paul,Montaño,paul.montaño3729@outlook.com,,Coyoacan,cM,mEx,04100,2025-08-28
359249,Gina,Delacruz,gina.delacruz5522@hotmail.com,,Monterrey,Nl,Mexico,64000,2024-03-24
980660,Hugo,León,hugo.león9174@yahoo.com,+53(4)8654573431,Raleigh,nc,usa,27601,2024-04-28
768636,Tracy,Henry,tracy.henry4816@gmail.com,420-693-2048x96125,Halifax,ns,CANADA,B3H1Y2,2024-09-06
390782,Estefanía,Whitney,estefanía.whitney3539@yahoo.com,339.637.1794,New York,NY,UsA,10001,2025-01-28
903013,Samantha,Cervántez,samantha.cervántez6343@outlook.com,(493) 568-3303 x723,Monterrey,Nl,mEx,64000,2024-07-28
915451,Amber,Leyva,amber.leyva4046@yahoo.com,+64(7)4249057119,Raleigh,NC,USA,27601,2025-12-07
646622,Margaret,shelton,margaret.shelton7175@hotmail.com,431-174-7450,Charlotte,Nc,United States,28202,2024-11-20
608136,samuel,Stanley,samuel.stanley9335@outlook.com,,Monterrey,NL,mEx,64000,2025-11-21
757193,Kimberly,Porras,kimberly.porras4992@outlook.com,1-317-905-4598x4145,Victoria,Bc,Canada,V8W1P6,2025-08-16
350867,steven,Lira,steven.lira2642@yahoo.com,+16(0)8748530801,Miami,fl,United States,33101,2025-09-25
387936,Zachary,Parks,zachary.parks6348@hotmail.com,+1 (741) 032-1753,Coyoacan,CM,mEx,04100,2024-11-28
561239,Andrew,Stephenson,andrew.stephenson3714@outlook.com,,Buffalo,NY,usa,14201,2023-12-21
181247,Georgina,hopkins,georgina.hopkins8670@gmail.com,1 (306) 209-4656,Mexico City,Cm,Mexico,01000,2024-05-25
848206,Alexis,Frías,alexis.frías2535@outlook.com,365.299.7262,Raleigh,nc,USA,27601,2026-03-13
399607,Evelio,Smith,evelio.smith4775@gmail.com,001-756-616-5561x8188,Mexico City,CM,mEx,01000,2024-06-15
345884,Amanda,Armas,amanda.armas7339@gmail.com,+1-820-471-5405x8825,Monterrey,nl,mEx,64000,2024-06-10
384913,Kathryn,Romero,kathryn.romero9686@gmail.com,,Coyoacan,cM,MEXICO,04100,2025-09-19
452161,Nicole,Adams,nicole.adams6985@hotmail.com,(795)450-4166x573,Orlando,Fl,UsA,32801,2025-08-16
435239,Tommy,Lebrón,tommy.lebrón683@yahoo.com,,Guanajuato,gj,MEXICO,36000,2024-10-17
666390,Christina,Phillips,christina.phillips8811@gmail.com,,Toronto,on,CANADA,M5H2N2,2024-12-14
184491,Stacy,Garrett,stacy.garrett5248@gmail.com,420-125-0400 x299,Toronto,ON,Canada,M5H2N2,2024-12-25
245095,David,Diaz,david.diaz5420@yahoo.com,,San Diego,Ca,United States,92101,2024-05-08
258157,Ilse,Arevalo,ilse.arevalo9348@outlook.com,1-473-782-0802,Charlotte,NC,UsA,28202,2026-03-23
342495,Spencer,acosta,spencer.acosta6480@gmail.com,+1 (177) 948-4844,Guadalajara,JA,MEXICO,44100,2024-03-27
501641,Steven,Schwartz,steven.schwartz4203@hotmail.com,(495) 201-9448 x277,Dallas,TX,United States,75201,2025-01-08
827659,David,Miller,david.miller7684@hotmail.com,815.075.2618x65499,San Jose,CA,United States,95101,2024-08-04
260227,Marcela,Reed,marcela.reed8252@yahoo.com,1-157-170-3897x04038,Guanajuato,gj,mEx,36000,2026-04-29
840734,Courtney,gibson,courtney.gibson6227@yahoo.com,,Dallas,tx,usa,75201,2025-10-04
324345,Ryan,Ward,ryan.ward4716@yahoo.com,1-133-905-1493,Montreal,qC,CANADA,H1A0A1,2025-05-31
167348,Mitzy,Gonzales,mitzy.gonzales1701@yahoo.com,225.100.5340x1489,Charlotte,NC,USA,28202,2026-01-19
535020,Janice,Maya,janice.maya9364@hotmail.com,185.489.5227x4567,Toronto,on,CANADA,M5H2N2,2025-04-16
527398,Darío,Jones,darío.jones7442@outlook.com,+1 (700) 375-5789,Halifax,Ns,canada,B3H1Y2,2024-05-13
446954,doris,Romero,doris.romero8872@yahoo.com,,Coyoacan,cm,mEx,04100,2025-02-04
668969,Erin,Mcclure,erin.mcclure6536@yahoo.com,001-854-814-7187x328,Guadalajara,ja,MEXICO,44100,2025-10-06
588557,Itzel,Sanford,itzel.sanford6437@yahoo.com,1-343-265-7444,Halifax,Ns,Canada,B3H1Y2,2024-06-22
535970,Norma,Sanchez,norma.sanchez7258@gmail.com,+1 (789) 528-5187,Miami,fl,UsA,33101,2025-07-11
165290,Sean,Chen,sean.chen7974@outlook.com,1-642-433-2233,Dallas,TX,United States,75201,2026-02-13
316881,Carrie,Stewart,carrie.stewart5845@yahoo.com,+1-980-333-2592,Los Angeles,Ca,UsA,90001,2025-03-31
973349,Joshua,Martin,joshua.martin2491@yahoo.com,1-191-097-5777x1485,Dallas,Tx,usa,75201,2025-11-06
540552,Andrea,hall,andrea.hall6242@hotmail.com,+1-563-720-8956x133,San Jose,Ca,UsA,95101,2025-07-21
508396,Justin,Medina,justin.medina5567@gmail.com,,Monterrey,Nl,MEXICO,64000,2025-01-07
907189,Donald,Gallardo,donald.gallardo1362@outlook.com,+1 (295) 662-3793,San Jose,cA,USA,95101,2024-12-08
712451,Samantha,sierra,samantha.sierra5220@yahoo.com,521.125.3905x9697,Austin,Tx,usa,73301,2024-01-11
829308,oscar,Molina,oscar.molina175@gmail.com,(639)842-6953,New York,NY,usa,10001,2025-11-13
120480,Enrique,Jones,enrique.jones5673@outlook.com,260.282.8292,Guanajuato,gj,MEXICO,36000,2024-02-25
998348,Jason,Moore,jason.moore1220@yahoo.com,(438)963-9798,Halifax,NS,Canada,B3H1Y2,2023-12-10
902784,Rosa,Gillespie,rosa.gillespie7550@outlook.com,,Ottawa,on,Canada,K1A0B1,2026-01-02
703655,pedro,Chase,pedro.chase3819@yahoo.com,884-365-3785x9575,Houston,tx,UsA,77001,2026-03-17
498858,Mark,Howard,mark.howard1004@hotmail.com,001-589-772-6672x616,New York,Ny,USA,10001,2025-06-08
600149,María José,Thomas,maríajosé.thomas3731@yahoo.com,1-485-376-1902,Monterrey,Nl,Mexico,64000,2025-02-09
106182,Cecilia,Poole,cecilia.poole4124@outlook.com,373-880-1340,Miami,FL,UsA,33101,2024-02-20
468845,Sonia,Alvarez,sonia.alvarez5923@gmail.com,167-773-0513,Montreal,Qc,canada,H1A0A1,2025-04-25
413118,Marco Antonio,Saldivar,marcoantonio.saldivar700@outlook.com,1 (927) 149-0938,Buffalo,nY,UsA,14201,2025-03-20
890075,Carmen,castillo,carmen.castillo2285@outlook.com,036.549.2454x360,Monterrey,nl,MEXICO,64000,2024-05-25
508930,sara,Reese,sara.reese4439@outlook.com,164-047-5588,Charlotte,Nc,USA,28202,2024-06-12
994905,Lisa,Gomez,lisa.gomez5790@gmail.com,(174) 140-2875 x833,Guadalajara,ja,Mexico,44100,2025-05-15
976325,Ryan,Weber,ryan.weber5548@outlook.com,838 163 9464,Monterrey,Nl,mEx,64000,2025-12-12
539375,sara,Moyer,sara.moyer6833@yahoo.com,(199) 709-5308,Monterrey,Nl,MEXICO,64000,2025-04-01
664365,Patricia,Bartlett,patricia.bartlett5273@yahoo.com,915-260-6057x87952,Raleigh,nC,UsA,27601,2023-12-20
883826,Emily,Stevens,emily.stevens8044@hotmail.com,311.228.7645x695,Charlotte,nc,usa,28202,2025-11-28
870319,Garrett,mcgrath,garrett.mcgrath5836@hotmail.com,1 (659) 352-7908,Miami,Fl,USA,33101,2026-03-23
672661,john,Ocampo,john.ocampo8578@outlook.com,796 358 0075,Vancouver,BC,canada,V5K0A1,2024-08-24
938722,Christopher,Davis,christopher.davis1290@outlook.com,791.355.1810,Dallas,tx,UsA,75201,2026-01-15
732556,Lisa,Elliott,lisa.elliott4666@yahoo.com,(589) 982-2356,San Diego,Ca,UsA,92101,2024-12-12
331251,Bianca,Dennis,bianca.dennis6481@yahoo.com,150.017.9484,Orlando,FL,United States,32801,2025-12-10
611945,Randy,Bryant,randy.bryant2677@yahoo.com,438-898-8518,Victoria,Bc,canada,V8W1P6,2026-01-07
330080,Linda,Cook,linda.cook6488@yahoo.com,459-005-2208x59605,Buffalo,NY,usa,14201,2024-07-20
386193,bianca,Razo,bianca.razo3695@hotmail.com,229-171-0658x972,San Jose,ca,usa,95101,2024-10-26
557007,Omar,Barker,omar.barker6799@gmail.com,058.977.9505x174,Guadalajara,ja,Mexico,44100,2024-11-22
609232,Gonzalo,Moore,gonzalo.moore121@outlook.com,(208) 291-9463,Ottawa,on,CANADA,K1A0B1,2024-08-19
130434,Jonathon,Ross,jonathon.ross473@hotmail.com,(638)818-7743x280,Dallas,tx,USA,75201,2024-03-25
507746,Magdalena,Webb,magdalena.webb4893@yahoo.com,,New York,NY,USA,10001,2025-07-03
452457,jared,Saunders,jared.saunders5472@yahoo.com,102.611.0414x6728,Austin,tx,USA,73301,2025-04-17
801364,Shane,griego,shane.griego512@gmail.com,,Leon,Gj,mEx,37000,2024-12-25
812131,Bradley,Saunders,bradley.saunders6934@outlook.com,695-683-4141 x948,Vancouver,BC,Canada,V5K0A1,2024-10-05
936912,Shaun,Dixon,shaun.dixon498@hotmail.com,2268451189,Orlando,Fl,usa,32801,2023-12-24
523956,José Eduardo,cortés,joséeduardo.cortés6184@gmail.com,428-639-3867 x962,Montreal,QC,CANADA,H1A0A1,2024-01-15
859359,Elvira,Townsend,elvira.townsend4380@gmail.com,(583)365-7608,Ottawa,ON,CANADA,K1A0B1,2024-01-15
273061,Shannon,lira,shannon.lira5965@gmail.com,793 340 4250,Guadalajara,Ja,MEXICO,44100,2024-12-15
981334,Rosa,Robles,rosa.robles6583@outlook.com,+1 (896) 598-4266,Victoria,Bc,CANADA,V8W1P6,2025-06-08
590094,Michael,Herrera,michael.herrera5877@hotmail.com,+89(8)1025559068,Guanajuato,GJ,mEx,36000,2025-05-02
233827,Fernando,Rodríquez,fernando.rodríquez9400@yahoo.com,,Victoria,BC,Canada,V8W1P6,2026-03-23
752483,Estela,Crane,estela.crane9019@yahoo.com,1-123-314-4265x7303,Mexico City,CM,mEx,01000,2025-12-19
660069,Kimberly,Posada,kimberly.posada1744@yahoo.com,548 329 1569,Guadalajara,ja,MEXICO,44100,2023-12-01
128276,Eugene,Patel,eugene.patel6654@outlook.com,,Coyoacan,cm,Mexico,04100,2023-12-17
513160,Gregory,Hebert,gregory.hebert1099@outlook.com,4239114761,Miami,fl,United States,33101,2025-11-14
720644,Joseph,Herrera,joseph.herrera9662@hotmail.com,(594)626-3198,Guanajuato,GJ,mEx,36000,2024-10-23
691807,Germán,Gutierrez,germán.gutierrez8832@gmail.com,254-110-3209,San Diego,Ca,United States,92101,2024-12-24
795205,Charles,Boyer,charles.boyer1541@hotmail.com,1 (575) 317-5234,New York,NY,usa,10001,2024-10-13
128418,Clemente,White,clemente.white9723@gmail.com,,Guadalajara,jA,mEx,44100,2025-11-13
188025,Felicia,Ávalos,felicia.ávalos2850@hotmail.com,534.958.1961,Guadalajara,jA,Mexico,44100,2025-11-03
773971,Shane,Conley,shane.conley2894@hotmail.com,912-935-1282,Los Angeles,cA,USA,90001,2025-11-30
549433,William,Mullins,william.mullins9916@gmail.com,157-838-1577,Mexico City,Cm,MEXICO,01000,2025-06-09
242291,Tracy,Buckley,tracy.buckley1097@gmail.com,117.405.3787,Buffalo,ny,USA,14201,2024-04-02
584125,Anabel,Parker,anabel.parker8945@outlook.com,1-660-108-5229,Houston,tx,UsA,77001,2024-03-28
290556,Jessica,Carroll,jessica.carroll6402@gmail.com,1-015-439-9076x072,Mexico City,Cm,MEXICO,01000,2025-05-27
152727,Brian,Hunter,brian.hunter3092@hotmail.com,(787)785-1532x162,Miami,FL,USA,33101,2025-10-14
372793,Alisha,Morris,alisha.morris9276@yahoo.com,932 444 7737,Charlotte,nc,usa,28202,2025-01-20
497519,brittney,Harris,brittney.harris6123@hotmail.com,974-110-5547x175,New York,Ny,USA,10001,2024-08-04
443254,Alan,Gordon,alan.gordon9203@gmail.com,380.895.7170x38551,Guanajuato,Gj,mEx,36000,2024-09-13
321941,Úrsula,Centeno,úrsula.centeno7700@hotmail.com,991-288-0035x5843,Guanajuato,gj,mEx,36000,2024-11-10
576786,Yolanda,gómez,yolanda.gómez4395@outlook.com,,Buffalo,Ny,USA,14201,2025-07-02
442722,Jason,Myers,jason.myers4324@hotmail.com,001-775-538-4608x87512,Orlando,fl,usa,32801,2024-06-12
453894,Adriana,Cruz,adriana.cruz4776@yahoo.com,689-737-0567x1558,Halifax,Ns,canada,B3H1Y2,2024-08-08
898207,María Cristina,Vaughn,maríacristina.vaughn9929@gmail.com,824.873.9827,Guadalajara,JA,Mexico,44100,2024-06-11
497542,Alicia,Melgar,alicia.melgar6890@yahoo.com,374-897-7729 x465,Buffalo,NY,UsA,14201,2025-02-20
391773,Victoria,Tate,victoria.tate893@gmail.com,,Leon,Gj,Mexico,37000,2026-02-10
888539,John,hernandes,john.hernandes5532@outlook.com,299.819.0913,New York,Ny,usa,10001,2026-04-09
972335,Aida,Ruelas,aida.ruelas6280@yahoo.com,+1-358-978-3049x7954,Houston,Tx,UsA,77001,2024-04-06
542042,Amy,Hill,amy.hill2844@yahoo.com,+1-867-251-1898x2135,Dallas,tx,UsA,75201,2024-07-06
364525,Andrea,Soria,andrea.soria6300@hotmail.com,(192) 615-1997 x550,Los Angeles,cA,usa,90001,2024-10-25
975467,Zachary,Zarate,zachary.zarate1268@hotmail.com,1-219-022-5439,Buffalo,ny,usa,14201,2024-08-11
185884,Stephanie,Rodríquez,stephanie.rodríquez9230@yahoo.com,0216404436,Halifax,nS,CANADA,B3H1Y2,2024-11-18
593152,David,Buckley,david.buckley1466@hotmail.com,(205)950-8206x67454,Guadalajara,Ja,mEx,44100,2024-05-10
120324,Itzel,Ocampo,itzel.ocampo595@hotmail.com,183-932-4378,Austin,TX,United States,73301,2024-08-13
885408,Destiny,Stewart,destiny.stewart4564@yahoo.com,1-738-666-1813,Raleigh,NC,United States,27601,2025-07-09
665621,Horacio,Wilson,horacio.wilson3871@gmail.com,,Victoria,BC,Canada,V8W1P6,2024-09-01
154615,Heather,Haro,heather.haro2503@yahoo.com,001-400-653-3495,Charlotte,Nc,United States,28202,2025-04-26
466960,roy,Bell,roy.bell2168@yahoo.com,,Coyoacan,Cm,mEx,04100,2024-08-08
335113,Elisa,Anderson,elisa.anderson693@gmail.com,,Monterrey,nl,MEXICO,64000,2026-01-11
781725,Espartaco,Murillo,espartaco.murillo6639@outlook.com,(615) 362-5816,Guadalajara,ja,Mexico,44100,2024-06-29
171951,John,Taylor,john.taylor6160@outlook.com,160-518-6477 x025,Raleigh,nc,UsA,27601,2026-02-01
919182,Cornelio,Delgado,cornelio.delgado6494@yahoo.com,+1-395-213-2011x55916,Victoria,Bc,canada,V8W1P6,2025-11-29
783414,Christopher,fisher,christopher.fisher2385@gmail.com,006.483.0885x715,Leon,gJ,Mexico,37000,2025-08-04
142213,william,Thompson,william.thompson5085@yahoo.com,989-342-8228x42985,Orlando,Fl,United States,32801,2023-12-26
890870,Stephanie,Baker,stephanie.baker7542@outlook.com,+1 (356) 584-7192,Monterrey,NL,mEx,64000,2026-01-15
132537,Mariano,Ruiz,mariano.ruiz1103@yahoo.com,,Guadalajara,jA,MEXICO,44100,2025-12-09
359295,Michael,Fisher,michael.fisher6462@yahoo.com,(404) 328-5616,Halifax,ns,CANADA,B3H1Y2,2024-06-16
309044,Lilia,Serrano,lilia.serrano10@gmail.com,1620689787,Monterrey,NL,Mexico,64000,2025-03-24
979995,David,Esparza,david.esparza6097@hotmail.com,,New York,Ny,usa,10001,2025-05-23
121369,Esmeralda,dodson,esmeralda.dodson7920@outlook.com,(930)401-5842,Raleigh,nC,United States,27601,2025-07-28
751517,Steven,de la O,steven.delao4076@hotmail.com,,Miami,Fl,UsA,33101,2025-12-30
259784,Lauren,Snyder,lauren.snyder1087@outlook.com,,Guadalajara,ja,Mexico,44100,2025-01-28
350132,Sara,Howard,sara.howard8059@hotmail.com,(873) 319-6666 x522,Coyoacan,cm,MEXICO,04100,2026-03-03
232352,Mónica,Austin,mónica.austin1650@gmail.com,+99(6)4263393999,Miami,fL,United States,33101,2026-02-20
596564,Carolyn,Stephens,carolyn.stephens6010@outlook.com,831-665-7601,Vancouver,Bc,Canada,V5K0A1,2024-01-09
801978,Hilda,Hansen,hilda.hansen2785@hotmail.com,,Mexico City,Cm,MEXICO,01000,2026-04-05
219946,Patrick,Willis,patrick.willis2579@gmail.com,001-542-115-1084,Coyoacan,Cm,MEXICO,04100,2024-05-15
691364,Amanda,Barrientos,amanda.barrientos6572@hotmail.com,,Montreal,Qc,CANADA,H1A0A1,2024-10-30
328552,Steven,santiago,steven.santiago9629@gmail.com,671 000 7955,Dallas,Tx,usa,75201,2025-11-04
587623,Samuel,Glenn,samuel.glenn9046@outlook.com,,Charlotte,NC,usa,28202,2024-05-09
833442,robert,Green,robert.green4132@hotmail.com,407-432-1887,Monterrey,Nl,mEx,64000,2024-04-15
368690,José Carlos,Lemus,josécarlos.lemus2690@outlook.com,(790) 316-1286 x281,Buffalo,NY,USA,14201,2024-08-02
904150,Kirk,piña,kirk.piña152@outlook.com,043.684.6257,Guadalajara,ja,MEXICO,44100,2024-06-24
486814,Noelia,Quezada,noelia.quezada4481@hotmail.com,,Dallas,tx,UsA,75201,2026-01-27
275939,Débora,Castellanos,débora.castellanos7479@gmail.com,482-942-9950x1668,Ottawa,ON,canada,K1A0B1,2026-03-29
735324,Kimberly,Reyna,kimberly.reyna635@yahoo.com,1-205-099-9749x949,Guadalajara,ja,Mexico,44100,2024-07-15
736745,shannon,thompson,shannon.thompson4484@hotmail.com,(321)650-7285x7180,Monterrey,Nl,MEXICO,64000,2025-10-10
884256,Gabriel,Dueñas,gabriel.dueñas3848@hotmail.com,451 141 3102,New York,NY,UsA,10001,2024-02-20
853252,Antonio,Newton,antonio.newton4231@yahoo.com,618-881-5977x91532,Dallas,tx,USA,75201,2025-12-16
220096,Richard,Petty,richard.petty1124@gmail.com,,Miami,FL,USA,33101,2024-02-06
915573,Craig,Greene,craig.greene8759@hotmail.com,459-611-3225 x977,Halifax,NS,canada,B3H1Y2,2026-02-15
959099,Ashley,Johnson,ashley.johnson299@gmail.com,,Miami,fl,UsA,33101,2026-01-14
271720,Anthony,Thornton,anthony.thornton8396@hotmail.com,001-456-558-6304,Halifax,NS,CANADA,B3H1Y2,2024-07-20
426147,Heidi,Smith,heidi.smith688@gmail.com,+1-495-863-5397x0122,Montreal,Qc,CANADA,H1A0A1,2024-11-11
213349,Renee,Medina,renee.medina8529@gmail.com,(539) 441-8084 x792,Coyoacan,Cm,Mexico,04100,2025-08-31
706794,Johnathan,Villalobos,johnathan.villalobos1747@gmail.com,,Miami,Fl,UsA,33101,2024-05-05
126925,Brad,Nava,brad.nava4913@hotmail.com,378 343 3929,Orlando,fl,United States,32801,2024-12-06
427110,Kathleen,Yang,kathleen.yang3479@gmail.com,367-221-2345 x230,San Diego,CA,usa,92101,2025-06-18
703766,Phillip,Anderson,phillip.anderson1524@outlook.com,(126)783-8631,Halifax,NS,Canada,B3H1Y2,2025-04-02
810250,Lisa,Ayala,lisa.ayala9195@yahoo.com,001-870-324-8764x41963,Buffalo,NY,United States,14201,2025-03-26
493537,Carla,García,carla.garcía87@outlook.com,104-345-7291,Houston,tx,United States,77001,2025-02-13
515922,Nicholas,Benavides,nicholas.benavides9680@hotmail.com,,Raleigh,NC,UsA,27601,2024-08-18
849747,Christina,Osborne,christina.osborne2101@yahoo.com,,Montreal,qc,Canada,H1A0A1,2025-11-28
307963,Araceli,Sanders,araceli.sanders2179@yahoo.com,411.657.2775x5494,Houston,TX,United States,77001,2025-01-27
179688,Emily,Rodriguez,emily.rodriguez2020@outlook.com,909.146.3566,Miami,Fl,UsA,33101,2025-10-10
720859,Melissa,Lynch,melissa.lynch3978@hotmail.com,177 981 3854,Houston,tx,UsA,77001,2024-05-11
824161,Antonio,Fuentes,antonio.fuentes4706@yahoo.com,+1-292-653-7779,San Jose,CA,UsA,95101,2024-11-21
970917,Andrea,Villegas,andrea.villegas6400@outlook.com,+1-560-376-2306x793,Dallas,tx,UsA,75201,2024-12-28
757711,Mark,Le,mark.le1620@outlook.com,,Charlotte,Nc,United States,28202,2024-02-03
354646,Taylor,Hall,taylor.hall9109@yahoo.com,1-900-311-1966x2892,Mexico City,Cm,MEXICO,01000,2026-01-27
206851,Alexander,Smith,alexander.smith5020@hotmail.com,1-159-743-1555,Guadalajara,Ja,Mexico,44100,2024-12-24
831059,Nicole,Weeks,nicole.weeks3952@outlook.com,(652) 941-0837 x700,Monterrey,NL,Mexico,64000,2025-07-01
910004,Nancy,Williams,nancy.williams1190@gmail.com,813.896.9377x887,Dallas,tx,USA,75201,2024-12-14
416232,Kimberly,Leyva,kimberly.leyva9645@hotmail.com,,San Diego,CA,United States,92101,2026-03-04
991597,Catherine,Johnson,catherine.johnson105@hotmail.com,,Charlotte,Nc,United States,28202,2024-02-29
817497,Andrew,Rice,andrew.rice7412@yahoo.com,001-921-913-2429,Monterrey,Nl,Mexico,64000,2024-05-25
729577,Tracy,Ramón,tracy.ramón3239@yahoo.com,(193)613-6050x76486,Austin,tx,United States,73301,2024-03-30
944657,Patricio,Santiago,patricio.santiago1037@yahoo.com,001-508-944-8073x73031,Victoria,bc,CANADA,V8W1P6,2026-04-12
226935,lisa,Cunningham,lisa.cunningham7121@yahoo.com,+1-490-744-4945,Mexico City,Cm,mEx,01000,2024-05-10
934904,Joshua,Edwards,joshua.edwards4575@outlook.com,993-902-1715,Monterrey,NL,Mexico,64000,2025-01-19
693423,Brian,Valenzuela,brian.valenzuela882@yahoo.com,04059709310,Buffalo,Ny,UsA,14201,2025-09-26
920652,Genaro,Wilkinson,genaro.wilkinson2072@yahoo.com,,Monterrey,NL,Mexico,64000,2025-06-04
143064,Francisca,Sepúlveda,francisca.sepúlveda8994@yahoo.com,,Coyoacan,cm,Mexico,04100,2026-03-02
464069,Robert,Véliz,robert.véliz8958@gmail.com,861.199.0898,San Jose,Ca,United States,95101,2024-01-03
658623,abel,Godoy,abel.godoy498@gmail.com,+65(0)7345268750,Toronto,ON,CANADA,M5H2N2,2024-06-12
549186,Rubén,Jaimes,rubén.jaimes9911@gmail.com,1-967-474-6049,Coyoacan,Cm,mEx,04100,2024-08-24
793655,Margaret,Lemus,margaret.lemus4706@hotmail.com,279.452.1496x741,San Jose,Ca,United States,95101,2024-10-17
488571,Esther,barton,esther.barton801@gmail.com,001-055-206-6384,Guadalajara,JA,mEx,44100,2025-12-11
172306,Joshua,Bailey,joshua.bailey2446@outlook.com,(825) 569-1566,Leon,Gj,Mexico,37000,2026-02-11
630538,yuridia,Matos,yuridia.matos6664@yahoo.com,1-631-727-3190x018,Guadalajara,Ja,Mexico,44100,2026-01-29
778998,Jill,marquez,jill.marquez2006@hotmail.com,1-786-184-2983,Vancouver,BC,canada,V5K0A1,2025-09-01
457806,Óliver,Carlson,óliver.carlson8449@yahoo.com,+1-540-524-7549x145,Halifax,Ns,Canada,B3H1Y2,2024-05-07
113266,Sofía,Shelton,sofía.shelton2800@outlook.com,838.262.8902,Toronto,on,canada,M5H2N2,2025-12-09
990844,Nicole,Ortiz,nicole.ortiz7569@gmail.com,,Montreal,qC,Canada,H1A0A1,2024-11-28
540463,Victoria,West,victoria.west6047@outlook.com,3374406073,Halifax,NS,CANADA,B3H1Y2,2024-02-25
962276,Rhonda,Wilson,rhonda.wilson8690@gmail.com,273.076.1555x40894,Guadalajara,ja,mEx,44100,2024-11-04
614013,elsa,Arroyo,elsa.arroyo616@outlook.com,(242)314-1684x93467,Victoria,bc,Canada,V8W1P6,2024-07-01
210665,Miriam,Garrison,miriam.garrison2002@hotmail.com,001-951-263-7208x282,Halifax,Ns,CANADA,B3H1Y2,2025-03-22
554582,Serafín,Campbell,serafín.campbell3244@hotmail.com,252-106-2810 x609,Toronto,ON,canada,M5H2N2,2026-04-24
479781,Mercedes,Rolón,mercedes.rolón6379@gmail.com,1-562-080-3117,Los Angeles,CA,United States,90001,2024-06-07
766459,Dolores,Price,dolores.price9007@yahoo.com,,Los Angeles,Ca,usa,90001,2025-03-28
968962,Teodoro,Massey,teodoro.massey6808@gmail.com,,Montreal,Qc,Canada,H1A0A1,2024-01-29
582071,Andrew,Reséndez,andrew.reséndez1784@outlook.com,182-144-7960,Miami,FL,USA,33101,2026-01-13
841666,Alejandra,Martinez,alejandra.martinez8288@yahoo.com,+1 (990) 812-1084,Monterrey,NL,Mexico,64000,2024-08-18
260422,Arcelia,Limón,arcelia.limón6011@gmail.com,(774) 780-6817,Miami,fL,UsA,33101,2026-02-17
556641,Shawn,Sierra,shawn.sierra295@gmail.com,,Toronto,on,canada,M5H2N2,2025-01-03
284692,Steven,jenkins,steven.jenkins3488@gmail.com,,Mexico City,Cm,mEx,01000,2024-01-23
869440,Aurelio,Davis,aurelio.davis6955@yahoo.com,017.841.6607x85074,Monterrey,NL,Mexico,64000,2024-08-04
647091,Paola,Fields,paola.fields3890@hotmail.com,,Charlotte,nc,UsA,28202,2024-01-17
782054,William,carbajal,william.carbajal6072@hotmail.com,+1-209-869-2501x7459,Austin,Tx,United States,73301,2026-03-02
383201,Tara,Almaraz,tara.almaraz9551@yahoo.com,+77(9)4340920272,Miami,FL,UsA,33101,2026-02-07
745830,Christopher,Nájera,christopher.nájera6000@hotmail.com,1-614-945-2768x4414,Halifax,NS,canada,B3H1Y2,2023-12-22
947458,Jeffrey,Henson,jeffrey.henson3655@outlook.com,,Halifax,NS,canada,B3H1Y2,2025-08-29
664315,Anthony,Clarke,anthony.clarke6844@gmail.com,395.743.4209,Ottawa,on,CANADA,K1A0B1,2025-08-13
912270,Lucas,Scott,lucas.scott9194@gmail.com,,Orlando,Fl,UsA,32801,2025-10-10
606983,Fernando,de la rosa,fernando.delarosa2413@hotmail.com,1-783-529-4859,Austin,Tx,United States,73301,2026-02-10
587455,Steven,Mckee,steven.mckee3550@gmail.com,475 237 7759,Guadalajara,ja,Mexico,44100,2026-03-06
556732,Tyler,Lam,tyler.lam6532@yahoo.com,(582) 890-3953 x629,Guanajuato,GJ,Mexico,36000,2026-04-01
965845,Olivia,Campbell,olivia.campbell9837@hotmail.com,,New York,NY,UsA,10001,2025-04-29
866536,Clemente,Oneal,clemente.oneal418@gmail.com,,Los Angeles,Ca,United States,90001,2024-09-26
721254,Randy,Ferguson,randy.ferguson8550@yahoo.com,,Ottawa,on,Canada,K1A0B1,2025-12-17
381433,Anthony,Ford,anthony.ford9812@outlook.com,0225440139,Monterrey,nl,MEXICO,64000,2025-01-16
437960,Úrsula,Ramos,úrsula.ramos1509@hotmail.com,+1 (660) 107-9520,Montreal,qc,CANADA,H1A0A1,2025-11-16
993085,David,Harris,david.harris4306@gmail.com,,Coyoacan,CM,Mexico,04100,2024-10-17
357420,Thomas,Byrd,thomas.byrd1297@hotmail.com,001-671-032-0693,Monterrey,nl,Mexico,64000,2024-12-23
971084,James,Soliz,james.soliz7664@hotmail.com,494-845-8491,Dallas,tx,United States,75201,2025-10-14
190872,ryan,Saldaña,ryan.saldaña9484@outlook.com,+1 (161) 665-0307,Guanajuato,GJ,mEx,36000,2024-09-08
392477,Karen,Henry,karen.henry6527@hotmail.com,918.459.2630x44818,Los Angeles,CA,USA,90001,2024-06-09
572700,René,Bright,rené.bright9651@yahoo.com,131.011.8132,Los Angeles,cA,USA,90001,2025-07-09
355709,Cristian,Sepúlveda,cristian.sepúlveda6980@yahoo.com,,Guanajuato,gj,MEXICO,36000,2025-10-28
886931,Derek,Bell,derek.bell376@hotmail.com,,New York,NY,UsA,10001,2025-10-28
587282,Joaquín,Campos,joaquín.campos3866@hotmail.com,090.309.1639,Buffalo,NY,UsA,14201,2025-06-06
697530,Matthew,Martin,matthew.martin2609@gmail.com,,San Jose,CA,usa,95101,2025-06-05
739979,Kristina,velázquez,kristina.velázquez2855@gmail.com,,Coyoacan,cM,MEXICO,04100,2024-01-10
800646,Hannah,Luna,hannah.luna8958@gmail.com,,Leon,Gj,Mexico,37000,2025-08-11
497399,Gonzalo,de la O,gonzalo.delao4782@yahoo.com,011.797.3584x1284,Victoria,BC,CANADA,V8W1P6,2024-02-25
452737,Liliana,Chávez,liliana.chávez587@hotmail.com,109-068-6190x279,Orlando,fL,UsA,32801,2025-04-03
130094,Robert,Anaya,robert.anaya1278@gmail.com,(759)150-0242x8332,Charlotte,Nc,UsA,28202,2025-06-07
618317,Vicente,Morrow,vicente.morrow2122@outlook.com,+1-030-149-3692x6001,Raleigh,Nc,United States,27601,2025-01-12
992288,Stephen,Baker,stephen.baker5905@hotmail.com,(832)858-9463x9100,Vancouver,BC,Canada,V5K0A1,2025-10-20
440802,Ernesto,Shea,ernesto.shea6137@outlook.com,(574)781-0890x528,Dallas,tx,USA,75201,2024-11-26
290672,Mauricio,Williams,mauricio.williams8728@outlook.com,,Halifax,ns,CANADA,B3H1Y2,2025-07-09
611233,brianna,Brown,brianna.brown5372@yahoo.com,(146) 670-5566,Orlando,fl,usa,32801,2025-01-02
322423,Robert,Santacruz,robert.santacruz5626@outlook.com,(876)166-9468x97323,Charlotte,Nc,usa,28202,2023-12-27
472060,Connie,Aguirre,connie.aguirre7992@outlook.com,,Montreal,QC,CANADA,H1A0A1,2025-05-08
936587,Antonio,arias,antonio.arias8545@outlook.com,561-519-1449,Mexico City,Cm,Mexico,01000,2025-01-07
370902,Mary,Turner,mary.turner3315@gmail.com,001-479-092-9078x8113,San Diego,cA,UsA,92101,2025-12-15
456871,Shelly,taylor,shelly.taylor4355@yahoo.com,267.991.5114,Mexico City,CM,Mexico,01000,2026-02-02
393243,Richard,Munguía,richard.munguía9695@hotmail.com,(857)364-0284x202,Monterrey,Nl,Mexico,64000,2024-09-04
725113,Lilia,Corral,lilia.corral6590@yahoo.com,,Monterrey,NL,mEx,64000,2024-01-29
835244,Jaime,Rojo,jaime.rojo2746@yahoo.com,1-297-468-6592,Raleigh,Nc,usa,27601,2025-12-20
389688,Jessica,Echeverría,jessica.echeverría8226@yahoo.com,341.998.4707x5779,Guadalajara,JA,mEx,44100,2023-12-27
682789,Joel,Williams,joel.williams3762@yahoo.com,(257)162-9391x8366,Los Angeles,CA,usa,90001,2024-10-20
110644,Gerald,Brown,gerald.brown6975@yahoo.com,1-553-279-5602,Houston,tX,UsA,77001,2025-07-23
641722,Crystal,Baca,crystal.baca7357@hotmail.com,603-620-8769,Montreal,QC,Canada,H1A0A1,2024-12-10
300337,Amanda,silva,amanda.silva3579@yahoo.com,358.800.6920x8200,Monterrey,NL,Mexico,64000,2024-06-22
189771,Laura,kelley,laura.kelley133@gmail.com,139-961-8997,Monterrey,nl,mEx,64000,2023-12-25
353080,John,Borrego,john.borrego2900@yahoo.com,,Monterrey,Nl,MEXICO,64000,2025-09-03
855053,James,Bailey,james.bailey5332@yahoo.com,08589589340,New York,NY,UsA,10001,2025-10-04
526170,Alyssa,Mitchell,alyssa.mitchell7202@gmail.com,357.337.0269,Monterrey,nl,mEx,64000,2026-02-14
612311,Ryan,Brown,ryan.brown9288@yahoo.com,001-163-743-0392x58625,Vancouver,Bc,CANADA,V5K0A1,2026-04-23
682144,Leah,Feliciano,leah.feliciano2729@outlook.com,105-928-4592x83245,Coyoacan,cm,mEx,04100,2025-06-22
894993,Miranda,Barker,miranda.barker8079@yahoo.com,249-896-0012,Orlando,Fl,usa,32801,2024-08-16
351997,Lisa,Bishop,lisa.bishop9540@hotmail.com,1-548-414-4837x1955,Guadalajara,JA,mEx,44100,2024-08-09
824156,Vanesa,Cox,vanesa.cox5356@yahoo.com,1-161-728-3391,Montreal,qc,Canada,H1A0A1,2023-12-29
599219,Lindsey,Hamilton,lindsey.hamilton890@yahoo.com,001-444-276-1351x508,Toronto,oN,CANADA,M5H2N2,2025-04-29
777278,Florencia,Black,florencia.black6099@outlook.com,1-368-426-9966x72271,Guadalajara,JA,Mexico,44100,2023-12-18
846420,John,Lozano,john.lozano9402@outlook.com,(684)728-9523,Miami,fl,United States,33101,2023-12-24
614663,Miriam,Espinosa,miriam.espinosa1516@outlook.com,(100) 259-5061,Vancouver,bc,Canada,V5K0A1,2025-08-18
569945,Brandy,Hamilton,brandy.hamilton8190@gmail.com,(134)216-4054x9964,San Jose,ca,USA,95101,2024-03-28
931450,Amador,Jiménez,amador.jiménez2288@gmail.com,579.369.1846,Houston,Tx,UsA,77001,2024-03-17
118080,Maureen,Heredia,maureen.heredia5619@hotmail.com,,Houston,tx,United States,77001,2024-09-26
197573,Walter,davis,walter.davis2931@hotmail.com,(932)574-4029x492,Monterrey,NL,Mexico,64000,2026-01-21
408528,terri,Taylor,terri.taylor6469@yahoo.com,,Houston,Tx,USA,77001,2024-05-02
332360,Robin,Kline,robin.kline6009@outlook.com,899.975.5396x1441,Guanajuato,GJ,Mexico,36000,2025-12-02
524045,Esmeralda,regalado,esmeralda.regalado1593@yahoo.com,,Halifax,ns,canada,B3H1Y2,2025-06-15
825391,Elizabeth,Parker,elizabeth.parker444@outlook.com,,Raleigh,NC,USA,27601,2025-04-07
355123,Donald,Benítez,donald.benítez8108@outlook.com,(376)854-3465x0420,New York,NY,UsA,10001,2025-02-09
421080,Matthew,Dean,matthew.dean1754@outlook.com,001-329-673-4988x78002,Coyoacan,CM,Mexico,04100,2025-11-18
796212,Michelle,Rodriguez,michelle.rodriguez6645@hotmail.com,110-924-6845,Halifax,Ns,CANADA,B3H1Y2,2024-02-05
709805,Philip,Hardy,philip.hardy4033@outlook.com,112.796.1313,Guadalajara,jA,mEx,44100,2023-12-03
486945,Karen,Newton,karen.newton635@yahoo.com,+31(6)7820271165,San Jose,CA,UsA,95101,2025-01-12
596249,Whitney,Brown,whitney.brown8469@gmail.com,,San Diego,ca,United States,92101,2025-12-07
680358,Todd,harding,todd.harding7422@gmail.com,+1 (767) 646-7208,Miami,FL,usa,33101,2024-12-04
656711,Victoria,May,victoria.may3221@gmail.com,977 836 3450,Guanajuato,Gj,mEx,36000,2025-02-09
460455,Mark,Taylor,mark.taylor5469@yahoo.com,,Montreal,QC,Canada,H1A0A1,2026-03-22
546173,Jaclyn,blake,jaclyn.blake9588@gmail.com,(428)742-3254x91679,Guanajuato,GJ,Mexico,36000,2024-08-29
882169,Cheyenne,Nelson,cheyenne.nelson409@gmail.com,,Guadalajara,jA,Mexico,44100,2024-08-15
677124,Abraham,Conley,abraham.conley9045@gmail.com,,San Jose,Ca,United States,95101,2024-10-18
446859,Ryan,Sutton,ryan.sutton621@outlook.com,158-118-4166x17978,San Diego,CA,UsA,92101,2025-09-15
468900,David,Venegas,david.venegas6793@hotmail.com,1-435-349-3237x60839,Los Angeles,ca,United States,90001,2024-05-01
836996,Charles,Jones,charles.jones3823@yahoo.com,448-746-6084 x194,Buffalo,Ny,United States,14201,2025-08-17
575786,Mercedes,Payne,mercedes.payne2287@gmail.com,+1-808-113-0179x13659,Mexico City,cm,Mexico,01000,2024-03-01
384076,Silvia,Nájera,silvia.nájera4252@gmail.com,,Mexico City,CM,Mexico,01000,2024-12-13
421517,Anne,Diaz,anne.diaz8807@outlook.com,,Montreal,QC,CANADA,H1A0A1,2025-01-12
363615,Katherine,Hansen,katherine.hansen5834@yahoo.com,1-553-130-0173,Miami,FL,USA,33101,2024-02-02
341736,Michael,Boyer,michael.boyer2947@yahoo.com,877.795.0320,Miami,FL,USA,33101,2025-05-07
226516,Homero,Mireles,homero.mireles2465@hotmail.com,+1 (327) 608-6859,Leon,GJ,MEXICO,37000,2025-09-11
856321,Armando,Harris,armando.harris1449@hotmail.com,819.979.5098,Miami,fl,USA,33101,2025-04-13
301939,Nicholas,Sanches,nicholas.sanches7541@hotmail.com,556.291.1118x3090,Charlotte,nC,usa,28202,2026-04-04
430876,Blanca,Ware,blanca.ware7034@gmail.com,(745)218-0411x997,Montreal,QC,Canada,H1A0A1,2025-06-27
225362,Deborah,Walker,deborah.walker3984@hotmail.com,246.044.1324x447,San Diego,ca,usa,92101,2025-05-31
878967,Bradley,Wilson,bradley.wilson2480@hotmail.com,001-184-379-4589x515,Monterrey,NL,Mexico,64000,2024-10-03
661894,Maximiliano,Gonzales,maximiliano.gonzales9826@yahoo.com,,Houston,TX,USA,77001,2024-07-06
899213,James,smith,james.smith4170@outlook.com,(974)734-2125,Guadalajara,JA,Mexico,44100,2024-12-03
823688,Lisa,Dean,lisa.dean5209@gmail.com,,Orlando,Fl,UsA,32801,2026-04-14
294143,José Manuél,Frank,josémanuél.frank4239@gmail.com,(228)267-4209x465,Buffalo,ny,United States,14201,2024-09-04
300845,David,de la O,david.delao3711@outlook.com,369.538.8258,Buffalo,NY,USA,14201,2025-11-15
326895,Charles,Mejía,charles.mejía1480@outlook.com,929-554-4639,Guadalajara,JA,Mexico,44100,2024-04-06
874483,Jacob,Valenzuela,jacob.valenzuela4037@hotmail.com,,Vancouver,bc,Canada,V5K0A1,2025-02-05
607719,Salvador,Lugo,salvador.lugo6470@yahoo.com,947-487-1470,Toronto,on,Canada,M5H2N2,2025-05-11
389930,kim,Lucio,kim.lucio806@gmail.com,697.527.8685,Guanajuato,Gj,MEXICO,36000,2025-07-17
859782,Ian,Wolfe,ian.wolfe4489@hotmail.com,(828) 786-3987 x399,Houston,Tx,USA,77001,2023-12-15
718226,Amanda,Kennedy,amanda.kennedy479@hotmail.com,,Orlando,fl,USA,32801,2026-02-08
897135,William,Buckley,william.buckley6627@hotmail.com,,Coyoacan,Cm,mEx,04100,2025-11-17
650121,Ashley,Montañez,ashley.montañez3751@gmail.com,960-097-3187,Los Angeles,CA,USA,90001,2024-05-04
725780,Brandon,Forbes,brandon.forbes6574@yahoo.com,1-737-095-7915x69143,Dallas,TX,USA,75201,2024-09-13
396745,Juan,Rascón,juan.rascón8472@hotmail.com,,Toronto,ON,Canada,M5H2N2,2025-03-30
205409,Uriel,Lewis,uriel.lewis1297@yahoo.com,(855) 140-8046 x665,Guadalajara,JA,mEx,44100,2025-03-01
973074,Christina,gálvez,christina.gálvez1818@yahoo.com,1-631-156-4692x387,Buffalo,nY,usa,14201,2024-07-21
303547,Silvia,Banks,silvia.banks2766@outlook.com,,Guanajuato,gj,Mexico,36000,2025-10-18
410636,Matthew,Leonard,matthew.leonard4397@gmail.com,(809) 452-5850 x185,Monterrey,Nl,MEXICO,64000,2025-03-23
338533,Robert,Arnold,robert.arnold7332@outlook.com,1-619-998-4097x479,Houston,TX,United States,77001,2025-03-06
478411,Joseph,Carranza,joseph.carranza2726@hotmail.com,+1-849-045-5836x077,Guadalajara,JA,MEXICO,44100,2024-05-22
288158,Elsa,blankenship,elsa.blankenship1103@hotmail.com,,Buffalo,ny,United States,14201,2024-12-30
416950,Lucía,Montenegro,lucía.montenegro3760@outlook.com,,Monterrey,NL,MEXICO,64000,2024-02-09
114835,David,Almanza,david.almanza6963@outlook.com,,Montreal,Qc,canada,H1A0A1,2024-08-25
842411,Elias,Hernandez,elias.hernandez3563@hotmail.com,877-038-0187x8410,Mexico City,Cm,Mexico,01000,2025-09-20
660081,Adalberto,Rowe,adalberto.rowe4186@hotmail.com,,Mexico City,cm,MEXICO,01000,2025-08-05
232731,Jonathan,Ramón,jonathan.ramón1715@outlook.com,,Orlando,fl,United States,32801,2026-03-09
387636,Dolores,Johnson,dolores.johnson3338@yahoo.com,602.587.3855x9473,Raleigh,NC,USA,27601,2024-03-25
147726,Steven,Vazquez,steven.vazquez2825@gmail.com,178.923.2280x81609,Montreal,QC,Canada,H1A0A1,2026-03-15
157174,Jason,escobar,jason.escobar8553@hotmail.com,762 372 9292,Los Angeles,cA,UsA,90001,2024-04-03
680238,David,Fox,david.fox4732@gmail.com,,Charlotte,Nc,USA,28202,2025-09-17
406327,Joshua,Guzman,joshua.guzman9017@yahoo.com,(928) 827-2371,Charlotte,Nc,United States,28202,2024-01-05
831295,Hannah,Brown,hannah.brown2989@gmail.com,1 (671) 439-4008,Austin,TX,UsA,73301,2026-04-03
232413,Jesús,Webb,jesús.webb6389@hotmail.com,300.374.7008x832,Miami,Fl,usa,33101,2024-02-27
768854,Brandon,Welch,brandon.welch1648@hotmail.com,(692)363-9639x91094,Toronto,ON,CANADA,M5H2N2,2025-08-21
889359,Aaron,Stanley,aaron.stanley2308@hotmail.com,(780)626-5932,Miami,Fl,UsA,33101,2026-02-11
614723,Marcela,Brown,marcela.brown9270@gmail.com,1-336-320-3669x583,Charlotte,NC,usa,28202,2024-01-01
207570,Brandon,Cain,brandon.cain6178@gmail.com,+1-295-143-6294x53540,Guadalajara,ja,mEx,44100,2025-11-18
112861,Ignacio,Ornelas,ignacio.ornelas3061@hotmail.com,+1-021-549-9170x176,Halifax,Ns,Canada,B3H1Y2,2024-02-13
701949,Reina,Anderson,reina.anderson7974@hotmail.com,+1-040-684-7357x035,Guanajuato,Gj,mEx,36000,2025-08-08
398151,Abel,Meraz,abel.meraz2371@outlook.com,205-542-4512,Los Angeles,CA,usa,90001,2024-05-30
592198,Mark,key,mark.key875@outlook.com,1 (984) 856-4206,Austin,Tx,usa,73301,2024-12-16
601968,Angela,Santana,angela.santana2319@yahoo.com,,Coyoacan,CM,MEXICO,04100,2024-01-20
561865,Anabel,Perez,anabel.perez7527@yahoo.com,+1-356-286-0996x010,New York,ny,USA,10001,2025-06-26
457256,Brooke,Cervantes,brooke.cervantes8466@yahoo.com,845-683-3385,Halifax,ns,canada,B3H1Y2,2024-02-13
293319,kristina,Adams,kristina.adams9216@gmail.com,04818211510,Leon,gj,mEx,37000,2026-03-06
153872,Kayla,Parker,kayla.parker5943@yahoo.com,,San Diego,ca,USA,92101,2024-01-14
364742,Amy,baeza,amy.baeza7928@outlook.com,,New York,Ny,usa,10001,2025-11-15
600935,Melissa,Loera,melissa.loera9099@yahoo.com,,Austin,Tx,usa,73301,2025-03-28
219629,Alicia,Walters,alicia.walters8433@yahoo.com,,Ottawa,ON,Canada,K1A0B1,2026-01-28
962050,matthew,Jackson,matthew.jackson9200@hotmail.com,(684)371-3070x15218,Toronto,on,CANADA,M5H2N2,2024-12-03
168517,Michael,smith,michael.smith4473@hotmail.com,146-408-3694 x365,Leon,gj,MEXICO,37000,2024-08-14
520172,Berta,Ramirez,berta.ramirez3734@hotmail.com,,Charlotte,Nc,UsA,28202,2024-04-20
615633,Brent,Stanley,brent.stanley4534@gmail.com,324 191 7682,Coyoacan,Cm,mEx,04100,2024-05-12
177680,Úrsula,Smith,úrsula.smith5461@outlook.com,(755) 586-6758,Charlotte,NC,United States,28202,2024-07-27
705050,Lauren,Sanabria,lauren.sanabria313@yahoo.com,(560) 623-8741 x858,Los Angeles,Ca,United States,90001,2025-11-03
760021,Norma,Brown,norma.brown3831@outlook.com,,Vancouver,BC,CANADA,V5K0A1,2024-05-30
819796,Norma,Estrada,norma.estrada9272@outlook.com,,San Jose,ca,United States,95101,2024-02-19
156213,Roger,de Jesús,roger.dejesús5686@outlook.com,985.770.2312,San Diego,CA,UsA,92101,2024-03-12
259097,James,long,james.long5798@outlook.com,(793)009-7305x146,Montreal,QC,Canada,H1A0A1,2025-01-06
256445,cassidy,Tovar,cassidy.tovar9486@gmail.com,464-848-7068 x052,Charlotte,nc,UsA,28202,2024-01-16
950544,Melissa,Maldonado,melissa.maldonado1537@yahoo.com,,Leon,gj,MEXICO,37000,2024-12-02
690180,Hermelinda,flórez,hermelinda.flórez6356@gmail.com,+1 (836) 324-9575,Dallas,TX,United States,75201,2025-01-11
418594,Sarah,Cordero,sarah.cordero4306@gmail.com,5344295722,Guadalajara,ja,MEXICO,44100,2024-07-11
189318,Anita,Aguilera,anita.aguilera3687@gmail.com,1-503-138-0114,Victoria,bc,canada,V8W1P6,2024-10-31
360247,Jesús,wilson,jesús.wilson3482@hotmail.com,+1-047-477-2500x413,Houston,TX,UsA,77001,2025-06-03
224205,Adrian,Varela,adrian.varela2449@yahoo.com,,Austin,TX,United States,73301,2025-12-24
685181,Renato,soto,renato.soto4003@gmail.com,1-768-548-3588x740,Charlotte,Nc,USA,28202,2023-12-15
901577,Harry,Nunez,harry.nunez107@outlook.com,,Los Angeles,cA,usa,90001,2026-01-11
536390,Irene,Dixon,irene.dixon9726@hotmail.com,370.293.5331,Guadalajara,ja,mEx,44100,2025-10-18
735770,Gregory,Montgomery,gregory.montgomery1274@outlook.com,1-823-042-0940,San Jose,ca,United States,95101,2025-02-28
725084,Regina,Stone,regina.stone2965@yahoo.com,9975445002,San Diego,ca,United States,92101,2024-11-26
929151,Guillermina,Hayes,guillermina.hayes7107@gmail.com,(081)531-2426,Coyoacan,Cm,MEXICO,04100,2025-06-16
748458,Julio César,Granado,juliocésar.granado2744@gmail.com,763-627-9443x787,Raleigh,Nc,USA,27601,2025-04-04
336650,Adriana,Gomez,adriana.gomez9534@hotmail.com,,Monterrey,Nl,Mexico,64000,2025-10-04
913373,Cindy,Aponte,cindy.aponte885@yahoo.com,(255)216-4590x785,Charlotte,nc,USA,28202,2025-10-09
647957,Steven,Berry,steven.berry3464@yahoo.com,,San Diego,CA,UsA,92101,2024-12-03
498855,Ramiro,May,ramiro.may2091@gmail.com,+1-599-838-4537x329,Monterrey,nl,Mexico,64000,2026-04-21
572398,Jocelyn,Smith,jocelyn.smith1692@yahoo.com,001-360-415-2997x94038,Austin,tx,United States,73301,2025-01-31
564226,Luke,Wheeler,luke.wheeler942@outlook.com,100.942.4061x637,San Diego,cA,UsA,92101,2024-11-29
411797,Nicole,Briggs,nicole.briggs9802@gmail.com,(014)430-3274x45154,Mexico City,Cm,mEx,01000,2025-08-14
717113,Ana,Ornelas,ana.ornelas478@outlook.com,(116)018-8443x997,Austin,Tx,UsA,73301,2024-05-15
549660,Cathy,williams,cathy.williams916@outlook.com,1-673-502-5793,Charlotte,Nc,UsA,28202,2026-01-10
420214,Cornelio,Brewer,cornelio.brewer8391@hotmail.com,435.276.2189,New York,Ny,usa,10001,2025-10-02
696251,Gabriella,Harrison,gabriella.harrison3090@yahoo.com,449 662 5316,Buffalo,nY,USA,14201,2025-03-09
751194,Kara,Thompson,kara.thompson1450@outlook.com,,Houston,tx,usa,77001,2025-10-01
163156,Maximiliano,Torres,maximiliano.torres8409@gmail.com,1-225-289-6507,Guanajuato,GJ,MEXICO,36000,2025-08-29
739244,Violeta,Olsen,violeta.olsen9844@hotmail.com,464.826.5526x58335,Monterrey,nl,MEXICO,64000,2024-09-14
876039,Sessa,Robinson,sessa.robinson4023@outlook.com,,Monterrey,nl,Mexico,64000,2024-02-19
204053,Jose,Coffey,jose.coffey6059@hotmail.com,865.949.6285,Halifax,Ns,canada,B3H1Y2,2024-11-03
899787,Tania,Castro,tania.castro3931@hotmail.com,1-890-158-4640,Guadalajara,Ja,MEXICO,44100,2025-07-31
317881,James,Price,james.price2902@outlook.com,549.366.2957,Montreal,Qc,CANADA,H1A0A1,2024-10-09
755900,Lauren,Jones,lauren.jones6082@hotmail.com,390-289-9500,Coyoacan,cm,Mexico,04100,2025-03-09
321275,Melissa,Matos,melissa.matos2976@hotmail.com,(428) 730-4677,Houston,Tx,USA,77001,2024-08-10
377501,Danny,Bell,danny.bell915@hotmail.com,521.526.2051,New York,NY,United States,10001,2023-12-31
792509,Magdalena,Morgan,magdalena.morgan1971@gmail.com,1-816-677-3989,Coyoacan,Cm,mEx,04100,2024-05-09
185131,Sergio,Smith,sergio.smith7548@outlook.com,(613)515-8194,Orlando,FL,United States,32801,2025-04-23
264686,Flavio,Manning,flavio.manning5595@yahoo.com,(439) 321-3788,Austin,tx,UsA,73301,2025-10-29
351516,rhonda,Saunders,rhonda.saunders1015@gmail.com,,New York,ny,UsA,10001,2025-06-02
282256,Alexis,Medina,alexis.medina596@gmail.com,,San Diego,ca,United States,92101,2024-10-12
678805,Adalberto,davenport,adalberto.davenport4934@yahoo.com,,Orlando,fl,UsA,32801,2025-05-25
178711,Kelly,Gibson,kelly.gibson5667@outlook.com,706-994-4268x16544,Ottawa,ON,CANADA,K1A0B1,2025-09-21
264136,Samantha,Hood,samantha.hood5772@yahoo.com,,Raleigh,nc,USA,27601,2025-11-16
102805,Sarah,Massey,sarah.massey3639@outlook.com,510-546-7307,Vancouver,Bc,Canada,V5K0A1,2025-03-25
528361,olga,Williamson,olga.williamson9948@hotmail.com,,Mexico City,cm,Mexico,01000,2024-12-25
572387,David,Watson,david.watson9071@yahoo.com,,Los Angeles,ca,United States,90001,2026-04-28
822858,Pilar,Pope,pilar.pope5314@hotmail.com,(701)482-6353,Guadalajara,ja,MEXICO,44100,2024-05-05
722656,Conchita,Rice,conchita.rice4785@outlook.com,,Austin,tx,USA,73301,2024-05-31
592738,Shelby,Mann,shelby.mann5531@yahoo.com,295-287-9193,Halifax,Ns,Canada,B3H1Y2,2024-02-07
405407,Susan,Lynch,susan.lynch1713@yahoo.com,(313)199-0879,Toronto,On,Canada,M5H2N2,2025-09-29
134225,richard,Palomino,richard.palomino2860@hotmail.com,226-286-0910,Leon,gj,MEXICO,37000,2026-03-28
342720,Victoria,Hernandez,victoria.hernandez7802@gmail.com,+1 (155) 885-9960,Montreal,QC,canada,H1A0A1,2024-02-27
402099,Samantha,Rivera,samantha.rivera5406@hotmail.com,834.885.4922x2998,Leon,Gj,MEXICO,37000,2024-07-04
841296,Claudia,Gilmore,claudia.gilmore7818@gmail.com,,Guanajuato,gj,MEXICO,36000,2023-12-16
396451,Jerry,Johnson,jerry.johnson5038@gmail.com,,Raleigh,NC,UsA,27601,2025-03-18
837135,Maurice,Chavarría,maurice.chavarría1216@yahoo.com,438 420 1323,Guadalajara,ja,Mexico,44100,2025-02-21
576086,Deborah,Schultz,deborah.schultz8762@hotmail.com,(610) 431-3870 x307,Montreal,qc,CANADA,H1A0A1,2025-11-01
174637,Robert,Flórez,robert.flórez5388@outlook.com,323.367.1509x144,Leon,Gj,Mexico,37000,2024-07-26
820775,Jennifer,Huff,jennifer.huff386@outlook.com,1 (890) 159-6808,Houston,tx,usa,77001,2025-04-05
344762,Henry,Wyatt,henry.wyatt5017@outlook.com,646-374-0747 x189,Los Angeles,ca,UsA,90001,2024-10-12
377405,Cassidy,Fisher,cassidy.fisher4210@outlook.com,399.448.3793,New York,ny,UsA,10001,2024-06-21
926097,Erica,Gallardo,erica.gallardo7609@hotmail.com,1-826-593-8974,Raleigh,Nc,USA,27601,2024-10-24
929683,Martin,rosas,martin.rosas6030@outlook.com,1-146-521-0964,San Jose,ca,UsA,95101,2024-10-02
755420,Luz,Jones,luz.jones9169@outlook.com,149-545-8801,San Diego,Ca,USA,92101,2024-10-01
718439,Bianca,Shaw,bianca.shaw1196@outlook.com,(611) 919-0139 x699,Orlando,fl,USA,32801,2026-04-02
793300,Antonia,Rivera,antonia.rivera4418@hotmail.com,1-118-015-4648x181,Halifax,ns,Canada,B3H1Y2,2024-07-17
942956,Mercedes,Ward,mercedes.ward3581@outlook.com,001-103-307-8789x33014,Raleigh,nc,USA,27601,2024-02-01
307428,David,Buck,david.buck8497@outlook.com,(076)093-5061,Vancouver,Bc,canada,V5K0A1,2026-02-27
545790,brian,Smith,brian.smith9285@hotmail.com,,Monterrey,nl,MEXICO,64000,2024-01-25
220351,Ivan,Graves,ivan.graves7561@outlook.com,,Austin,TX,USA,73301,2024-11-03
671015,Ashley,Montañez,ashley.montañez1293@yahoo.com,,Guanajuato,Gj,Mexico,36000,2024-08-22
335729,Joseph,Gonzalez,joseph.gonzalez8881@outlook.com,(780)294-6090,Halifax,ns,Canada,B3H1Y2,2025-10-17
779094,Lydia,Wright,lydia.wright4344@hotmail.com,001-728-749-1333x154,Vancouver,bc,CANADA,V5K0A1,2025-07-16
256226,Elizabeth,Parra,elizabeth.parra5142@yahoo.com,865-122-5553 x291,Guadalajara,JA,Mexico,44100,2026-03-04
378535,kathy,Tate,kathy.tate616@outlook.com,970-822-6269,Ottawa,On,Canada,K1A0B1,2024-05-16
966785,Randy,Mcpherson,randy.mcpherson5518@yahoo.com,148-235-0532x74003,Raleigh,nc,United States,27601,2024-04-18
249145,Seth,Alonzo,seth.alonzo164@yahoo.com,199.779.3576,Dallas,TX,United States,75201,2025-10-17
174878,Nicole,Harris,nicole.harris7838@outlook.com,1-898-554-8675,Guadalajara,ja,mEx,44100,2025-09-18
162535,Emily,Woods,emily.woods9112@outlook.com,,Monterrey,Nl,MEXICO,64000,2026-02-19
273982,Benito,Miller,benito.miller9528@gmail.com,(466)841-4711x9694,Los Angeles,ca,usa,90001,2024-01-23
931131,Luis,Williams,luis.williams8954@hotmail.com,001-196-098-6316x0463,Coyoacan,Cm,mEx,04100,2026-03-24
422554,Andrés,Rojas,andrés.rojas4321@gmail.com,790.716.2712x07940,New York,NY,USA,10001,2026-02-15
723948,Jennifer,bernal,jennifer.bernal2549@outlook.com,175-626-4008x0972,Montreal,Qc,CANADA,H1A0A1,2024-09-14
885339,Haley,Mcintyre,haley.mcintyre9395@gmail.com,,Halifax,NS,Canada,B3H1Y2,2025-05-27
964278,Federico,Le,federico.le820@gmail.com,648-068-1894x11628,Mexico City,CM,MEXICO,01000,2024-07-18
696856,Kathleen,Montalvo,kathleen.montalvo5816@yahoo.com,00518298040,Monterrey,NL,Mexico,64000,2024-05-25
402630,Zachary,Salinas,zachary.salinas7445@yahoo.com,(122) 129-4902 x299,Dallas,TX,UsA,75201,2024-05-29
560485,Ana,Frías,ana.frías3200@gmail.com,305-985-5487x04758,Guanajuato,Gj,mEx,36000,2026-04-02
230394,Daniela,Valencia,daniela.valencia4440@hotmail.com,357.800.6025x9183,Orlando,fl,usa,32801,2024-02-12
591465,Fabiola,Davidson,fabiola.davidson2977@hotmail.com,615.377.0508,Halifax,Ns,canada,B3H1Y2,2024-07-26
822131,Patricia,Hughes,patricia.hughes5877@yahoo.com,(988)578-1598,Dallas,TX,USA,75201,2026-03-08
418862,Óscar,Rodriguez,óscar.rodriguez2473@outlook.com,(288) 026-7396 x997,Monterrey,NL,Mexico,64000,2024-01-13
833723,Erin,Blanco,erin.blanco7142@yahoo.com,034.864.2406x242,Raleigh,nc,usa,27601,2025-10-11
522060,ashlee,Wilson,ashlee.wilson8428@gmail.com,04376902057,Vancouver,BC,Canada,V5K0A1,2025-10-01
385470,Bryan,Arellano,bryan.arellano2573@gmail.com,,Mexico City,CM,Mexico,01000,2026-02-08
624783,Patricio,Cervántez,patricio.cervántez6103@yahoo.com,,Orlando,FL,usa,32801,2023-12-09
666211,Santiago,Johnson,santiago.johnson6381@outlook.com,,Charlotte,NC,United States,28202,2026-02-21
617781,Jose,Méndez,jose.méndez5140@outlook.com,(157) 495-9230 x790,Monterrey,Nl,MEXICO,64000,2024-10-14
559023,Horacio,Nichols,horacio.nichols1832@yahoo.com,+1 (886) 947-6171,Ottawa,on,Canada,K1A0B1,2023-12-18
184349,Ryan,Snyder,ryan.snyder1848@outlook.com,384-717-9205x969,Los Angeles,CA,United States,90001,2025-03-27
727086,Steven,Campos,steven.campos4550@gmail.com,1-448-756-9641x50775,Montreal,QC,Canada,H1A0A1,2024-07-12
141797,Alex,Marrero,alex.marrero35@gmail.com,449.231.6434,Guadalajara,ja,MEXICO,44100,2025-01-09
553014,keith,Ríos,keith.ríos4427@yahoo.com,,Los Angeles,CA,usa,90001,2025-06-19
870214,Esparta,Miller,esparta.miller1024@gmail.com,186.710.9579x025,Victoria,Bc,canada,V8W1P6,2024-08-06
437978,Michelle,Regalado,michelle.regalado3340@yahoo.com,,Austin,Tx,United States,73301,2025-09-07
733039,Melissa,White,melissa.white4993@gmail.com,+1-832-499-2387x243,Guadalajara,ja,Mexico,44100,2024-07-19
362529,David,Figueroa,david.figueroa3667@outlook.com,,Vancouver,BC,CANADA,V5K0A1,2025-04-02
127121,Matthew,Nichols,matthew.nichols6923@outlook.com,,San Diego,CA,usa,92101,2024-08-10
195763,Meghan,Valadez,meghan.valadez7548@gmail.com,1-567-310-8952x71589,Toronto,on,CANADA,M5H2N2,2025-11-09
340044,John,Porras,john.porras2469@hotmail.com,534-289-9333x54556,Orlando,Fl,USA,32801,2025-08-18
807053,Kevin,Lynch,kevin.lynch9719@yahoo.com,+1-024-901-8223,Mexico City,CM,mEx,01000,2025-12-25
976566,Laura,Cobb,laura.cobb2339@hotmail.com,523 774 2082,Austin,tx,UsA,73301,2023-12-23
703139,April,Reyna,april.reyna5767@outlook.com,312.083.8809x8244,Coyoacan,Cm,Mexico,04100,2025-01-24
715643,Karen,Soto,karen.soto6532@gmail.com,,Monterrey,NL,mEx,64000,2024-09-22
121753,Rebecca,Duarte,rebecca.duarte163@outlook.com,,San Jose,CA,USA,95101,2025-01-12
901909,Mark,Hardy,mark.hardy1003@gmail.com,,New York,Ny,usa,10001,2025-05-16
804938,Nancy,Rivera,nancy.rivera675@outlook.com,+76(0)2516886625,Houston,TX,usa,77001,2026-04-02
961322,david,Craig,david.craig7325@outlook.com,,Ottawa,On,CANADA,K1A0B1,2025-01-03
382602,Leticia,Centeno,leticia.centeno5857@hotmail.com,716.513.0074x466,Montreal,qC,CANADA,H1A0A1,2025-10-11
704238,Jesús,Turner,jesús.turner320@gmail.com,775.674.0093,Buffalo,NY,United States,14201,2024-03-25
142185,Robert,Parra,robert.parra4844@outlook.com,,Victoria,BC,canada,V8W1P6,2025-04-09
900177,Lorena,Caldwell,lorena.caldwell4930@gmail.com,475.960.8169x89932,Orlando,fL,UsA,32801,2024-04-19
893005,Carolyn,stevens,carolyn.stevens3866@yahoo.com,,New York,NY,usa,10001,2025-04-24
283700,Eric,Tórrez,eric.tórrez6101@yahoo.com,+1 (276) 011-7830,Buffalo,ny,USA,14201,2024-10-16
593355,Jacqueline,Reed,jacqueline.reed1666@yahoo.com,226.477.5234x33160,New York,nY,USA,10001,2025-10-05
644173,Irene,Silva,irene.silva2346@hotmail.com,304.935.6085,Los Angeles,ca,usa,90001,2025-06-22
783157,Cody,Stephens,cody.stephens5674@yahoo.com,788 422 2529,Orlando,Fl,UsA,32801,2024-12-12
563711,Robert,cruz,robert.cruz773@outlook.com,001-922-641-6963,Ottawa,On,canada,K1A0B1,2024-07-23
391668,Regina,Marshall,regina.marshall4847@gmail.com,,Halifax,Ns,CANADA,B3H1Y2,2026-03-05
290305,Kayla,Meyer,kayla.meyer601@outlook.com,+77(1)2892333490,Guadalajara,JA,MEXICO,44100,2024-07-10
713762,Itzel,Jordan,itzel.jordan9845@yahoo.com,+1-606-688-6879,Mexico City,cm,MEXICO,01000,2024-02-08
557058,Susana,Smith,susana.smith9091@hotmail.com,(315)239-5501x86297,Monterrey,nl,MEXICO,64000,2024-10-09
765620,Christopher,Barrientos,christopher.barrientos8387@gmail.com,431-041-5009,Leon,Gj,Mexico,37000,2024-09-25
953797,Jessica,Negrón,jessica.negrón2664@hotmail.com,2769359206,Buffalo,Ny,USA,14201,2025-07-24
615611,María,Bradley,maría.bradley863@gmail.com,+1-341-615-3993x058,Guanajuato,Gj,mEx,36000,2024-07-21
195674,Ana Luisa,Lemus,analuisa.lemus1393@hotmail.com,971 511 1956,Mexico City,Cm,mEx,01000,2024-09-09
592841,Augusto,Taylor,augusto.taylor6078@hotmail.com,(529)514-1317x8622,Halifax,ns,CANADA,B3H1Y2,2025-12-29
464863,patricia,Weaver,patricia.weaver7582@gmail.com,,Charlotte,nC,United States,28202,2025-03-18
528184,Jeffrey,Brooks,jeffrey.brooks3377@hotmail.com,829.076.8346,Orlando,FL,United States,32801,2024-06-04
449499,David,Leal,david.leal8788@gmail.com,649-851-7785,Vancouver,bC,CANADA,V5K0A1,2024-02-20
436653,Andrea,Concepción,andrea.concepción9386@yahoo.com,,Miami,Fl,usa,33101,2024-04-30
802685,Emilio,Harper,emilio.harper1466@outlook.com,1-057-963-8142,Guadalajara,JA,MEXICO,44100,2023-12-13
209680,Lauren,Rael,lauren.rael1992@gmail.com,1-439-678-7818x505,Halifax,ns,CANADA,B3H1Y2,2025-03-30
999398,Sarah,Oneal,sarah.oneal693@gmail.com,1 (862) 168-4317,Austin,TX,United States,73301,2024-09-16
268637,Kevin,Lane,kevin.lane1142@outlook.com,,Los Angeles,ca,UsA,90001,2026-01-14
445824,Drew,Mccoy,drew.mccoy9824@hotmail.com,001-246-147-9986,Monterrey,NL,MEXICO,64000,2023-12-08
531641,Richard,Brown,richard.brown7379@yahoo.com,1 (233) 342-4514,Halifax,ns,CANADA,B3H1Y2,2025-04-13
827369,Adam,Duke,adam.duke6438@gmail.com,312.276.7525,Monterrey,nl,mEx,64000,2023-12-29
619536,Fidel,Newton,fidel.newton4086@outlook.com,+1-389-075-7944x0365,Raleigh,NC,UsA,27601,2024-02-17
402218,Ramón,Rosario,ramón.rosario3355@outlook.com,06218766169,San Jose,Ca,United States,95101,2024-12-17
794769,Nadia,Guevara,nadia.guevara3507@gmail.com,(526) 153-6621 x682,Los Angeles,CA,usa,90001,2025-09-09
519904,Cindy,Zúñiga,cindy.zúñiga5194@yahoo.com,,Orlando,FL,UsA,32801,2025-04-21
953085,Guadalupe,Griffin,guadalupe.griffin4559@hotmail.com,+1 (350) 580-7154,Leon,gj,mEx,37000,2025-06-03
897441,Patricia,Medina,patricia.medina349@hotmail.com,,Montreal,QC,canada,H1A0A1,2026-04-08
676818,Alison,White,alison.white1066@hotmail.com,(412) 663-3574,Los Angeles,ca,USA,90001,2024-07-07
138479,Mckenzie,Powell,mckenzie.powell139@gmail.com,001-309-920-5086,Guanajuato,Gj,Mexico,36000,2024-06-08
576919,Ray,Turner,ray.turner648@outlook.com,001-181-250-4357x043,Monterrey,NL,MEXICO,64000,2024-01-05
192337,rhonda,Lopez,rhonda.lopez1087@gmail.com,876.713.7125,Halifax,Ns,Canada,B3H1Y2,2025-07-01
429795,Melissa,Schmidt,melissa.schmidt975@hotmail.com,(703) 425-5777,Dallas,tx,USA,75201,2026-01-07
364659,Jeffrey,Casárez,jeffrey.casárez2475@hotmail.com,,Raleigh,nc,USA,27601,2024-05-30
438977,Jamie,brown,jamie.brown3506@yahoo.com,152-732-7506,Coyoacan,CM,Mexico,04100,2024-10-08
221552,Amanda,Floyd,amanda.floyd2447@hotmail.com,247-228-2752,Guadalajara,ja,Mexico,44100,2024-01-02
910075,Derek,guzman,derek.guzman5905@yahoo.com,1-228-203-4167,Leon,Gj,mEx,37000,2025-08-11
523808,Daniel,Turner,daniel.turner9226@gmail.com,666 416 1641,Los Angeles,ca,United States,90001,2025-10-01
639593,Rebecca,Pena,rebecca.pena9280@gmail.com,+1 (198) 773-8155,Monterrey,NL,Mexico,64000,2024-06-08
964998,Sean,Brito,sean.brito1833@hotmail.com,913.604.6957x205,San Diego,CA,UsA,92101,2026-04-03
101206,Carlos,Marshall,carlos.marshall2371@yahoo.com,1-679-327-0493,Buffalo,ny,USA,14201,2024-12-04
789606,Joshua,Carter,joshua.carter9630@outlook.com,180.742.6835x0998,San Jose,CA,usa,95101,2024-10-08
668950,Jacob,Blair,jacob.blair2993@hotmail.com,981-175-5586,Montreal,qc,canada,H1A0A1,2025-01-22
584417,paulina,Puente,paulina.puente2195@outlook.com,,Buffalo,Ny,United States,14201,2024-12-26
533321,James,Corral,james.corral8799@gmail.com,1 (106) 513-3991,Houston,Tx,UsA,77001,2024-08-18
156837,Melissa,Austin,melissa.austin159@outlook.com,468-916-5896,Guadalajara,jA,MEXICO,44100,2025-06-23
296694,Nayeli,Morales,nayeli.morales9294@yahoo.com,(699) 512-4669,Charlotte,nc,UsA,28202,2025-08-14
643623,Rachel,Mckinney,rachel.mckinney7161@outlook.com,+1-729-460-7096x01729,Vancouver,Bc,canada,V5K0A1,2024-09-06
479353,Horacio,Turner,horacio.turner3266@hotmail.com,1-995-685-5682x140,Monterrey,Nl,Mexico,64000,2024-07-01
752878,harry,Stark,harry.stark4075@outlook.com,(954) 113-1479,Vancouver,BC,Canada,V5K0A1,2025-05-12
893188,Ronald,hansen,ronald.hansen9497@gmail.com,(122)746-7770x1642,Mexico City,cm,MEXICO,01000,2025-04-20
622707,Rafaél,Ayala,rafaél.ayala8877@outlook.com,810-876-0319,Buffalo,NY,UsA,14201,2024-08-21
755788,Monica,Miller,monica.miller9659@outlook.com,(416)373-5552,Monterrey,nl,mEx,64000,2024-02-23
563513,Brooke,Collins,brooke.collins6052@outlook.com,(337)309-2645,Charlotte,Nc,USA,28202,2023-12-19
896907,Benjamin,Brennan,benjamin.brennan4551@hotmail.com,953 191 7671,Miami,Fl,usa,33101,2025-07-18
154118,Brittany,watson,brittany.watson960@yahoo.com,418-253-7613,Halifax,NS,CANADA,B3H1Y2,2025-05-03
313446,Aaron,Mercado,aaron.mercado4735@gmail.com,(450) 558-8437 x684,Austin,TX,UsA,73301,2024-08-25
380028,Alec,Jimenez,alec.jimenez3157@hotmail.com,822-394-8423,Halifax,NS,canada,B3H1Y2,2024-02-28
675898,Joaquín,Lee,joaquín.lee8995@gmail.com,001-713-601-8696,Charlotte,Nc,usa,28202,2025-07-01
237377,steven,Bonilla,steven.bonilla3590@gmail.com,1-855-855-4620,Orlando,fl,USA,32801,2025-03-14
402020,Homero,Gollum,homero.gollum2084@hotmail.com,(989)449-1474x7881,Los Angeles,Ca,usa,90001,2023-12-12
559398,Betty,Hicks,betty.hicks4237@outlook.com,(918)120-1677x313,Guadalajara,ja,Mexico,44100,2025-02-23
832168,Karen,Gonzalez,karen.gonzalez3877@gmail.com,+00(5)1339026989,Monterrey,nl,MEXICO,64000,2024-10-12
608257,Shannon,Smith,shannon.smith8048@hotmail.com,(841)745-3631,Monterrey,nl,mEx,64000,2025-10-15
227324,Stacy,Pelayo,stacy.pelayo6348@outlook.com,,Buffalo,ny,usa,14201,2024-02-17
130271,Daniela,Jones,daniela.jones4808@hotmail.com,284-539-9616,Montreal,qc,canada,H1A0A1,2023-12-16
760626,Lorenzo,Gallagher,lorenzo.gallagher4938@yahoo.com,1-631-103-3699,New York,Ny,United States,10001,2024-10-10
738448,Berta,Perez,berta.perez5510@hotmail.com,,Montreal,qc,canada,H1A0A1,2024-08-19
938141,Michael,García,michael.garcía1441@gmail.com,004-441-9606,Monterrey,NL,MEXICO,64000,2024-04-29
350921,Zacarías,Coleman,zacarías.coleman9614@outlook.com,+87(2)4522732430,Monterrey,Nl,MEXICO,64000,2026-02-28
844261,Cynthia,ramirez,cynthia.ramirez1612@gmail.com,,Coyoacan,Cm,mEx,04100,2024-06-18
266071,Alejandra,clark,alejandra.clark6578@gmail.com,(093)804-8954x30065,Halifax,ns,canada,B3H1Y2,2024-04-24
425845,Mia,bernard,mia.bernard3304@gmail.com,1-753-404-5487x7428,Raleigh,NC,United States,27601,2024-03-01
677596,Paige,Roman,paige.roman1914@yahoo.com,1-624-167-7556,Los Angeles,ca,UsA,90001,2024-01-16
114338,Julie,Solis,julie.solis835@outlook.com,(293)090-6188x068,Ottawa,oN,CANADA,K1A0B1,2024-11-01
679077,Roy,Pratt,roy.pratt5533@yahoo.com,+1-619-575-2431x09685,Mexico City,cm,MEXICO,01000,2026-01-01
527809,Emily,Pelayo,emily.pelayo7667@gmail.com,,New York,NY,UsA,10001,2026-04-03
197736,Rocío,Carrillo,rocío.carrillo6295@outlook.com,+1-123-596-8051x9354,Houston,tx,United States,77001,2025-03-03
335615,Jennifer,Matthews,jennifer.matthews8996@outlook.com,,Mexico City,CM,Mexico,01000,2024-05-22
982277,Nicole,Allen,nicole.allen3052@yahoo.com,,Halifax,nS,CANADA,B3H1Y2,2025-10-15
218972,John,Castro,john.castro6373@hotmail.com,775-780-8862 x966,Montreal,QC,Canada,H1A0A1,2025-07-14
583863,Cheryl,Salazar,cheryl.salazar4886@yahoo.com,+1-626-426-3417,Monterrey,nl,mEx,64000,2024-01-17
223172,Larry,Ferguson,larry.ferguson8818@yahoo.com,819-496-1250 x094,Halifax,NS,Canada,B3H1Y2,2023-12-25
779172,Estefanía,Noble,estefanía.noble254@outlook.com,,Miami,FL,UsA,33101,2025-04-01
972565,Indira,Mitchell,indira.mitchell3787@outlook.com,863.796.7158,Halifax,NS,Canada,B3H1Y2,2026-01-18
261450,James,Cunningham,james.cunningham9589@hotmail.com,,Buffalo,Ny,usa,14201,2026-01-01
622584,Abigail,Cook,abigail.cook5399@gmail.com,(000)472-2806x6378,Toronto,ON,canada,M5H2N2,2024-12-05
851413,Luis Manuel,Reese,luismanuel.reese7568@yahoo.com,(565) 434-4423 x791,Dallas,Tx,UsA,75201,2026-01-15
406039,Dominique,mcdaniel,dominique.mcdaniel1060@hotmail.com,1-923-581-1862,Halifax,nS,Canada,B3H1Y2,2024-12-05
633590,Cristobal,Elizondo,cristobal.elizondo1003@yahoo.com,1 (955) 767-2086,Guanajuato,GJ,Mexico,36000,2025-02-25
839677,Eric,Estrada,eric.estrada6281@gmail.com,149-101-9683x47535,San Diego,cA,UsA,92101,2024-04-30
386706,Kimberly,Houston,kimberly.houston169@hotmail.com,1 (212) 407-2375,Monterrey,NL,MEXICO,64000,2024-06-29
535673,Espartaco,Brown,espartaco.brown5868@yahoo.com,(107)102-7153x0354,Austin,tX,United States,73301,2025-01-20
975271,Jacobo,Curiel,jacobo.curiel3830@yahoo.com,(220) 560-6796,Ottawa,On,Canada,K1A0B1,2024-11-20
605937,Cynthia,White,cynthia.white5364@hotmail.com,1-886-036-0116,Charlotte,Nc,UsA,28202,2025-03-06
595158,Janet,Olivas,janet.olivas7149@gmail.com,(523)885-7643,Buffalo,Ny,USA,14201,2026-04-14
355570,Tony,Tapia,tony.tapia3380@yahoo.com,633.296.5585x131,New York,nY,United States,10001,2024-03-18
578975,Bruce,Peña,bruce.peña1978@hotmail.com,466-793-4002x193,Ottawa,On,Canada,K1A0B1,2024-09-21
678043,Aurelio,Ibarra,aurelio.ibarra1697@hotmail.com,,Raleigh,nc,USA,27601,2023-12-31
251668,Christy,Knight,christy.knight8118@gmail.com,+89(1)4557980567,New York,ny,United States,10001,2024-07-09
502219,Miranda,Cook,miranda.cook540@outlook.com,615.176.1188x66195,New York,ny,usa,10001,2024-09-12
299869,George,Rhodes,george.rhodes7099@yahoo.com,,Monterrey,NL,MEXICO,64000,2025-01-11
728492,Theodore,Miller,theodore.miller9012@outlook.com,551-872-3421x0855,Halifax,ns,canada,B3H1Y2,2025-11-17
632929,Jos,Graves,jos.graves6351@yahoo.com,(970)573-9017x27236,New York,nY,United States,10001,2024-04-07
882544,Jonathan,Sandoval,jonathan.sandoval2724@outlook.com,6793437534,Guadalajara,Ja,Mexico,44100,2025-03-08
243139,Ryan,Reed,ryan.reed5954@hotmail.com,,Ottawa,ON,CANADA,K1A0B1,2025-12-02
173201,Arcelia,Newman,arcelia.newman6086@outlook.com,,Charlotte,Nc,United States,28202,2025-07-21
389666,Joseph,Cardenas,joseph.cardenas2749@yahoo.com,246.843.9763,Houston,Tx,usa,77001,2026-04-22
910208,Alejandra,Johnson,alejandra.johnson548@yahoo.com,,San Jose,Ca,USA,95101,2025-08-30
928381,Sean,Bowen,sean.bowen2675@hotmail.com,064-545-5649x861,Houston,tx,United States,77001,2024-04-08
995916,derrick,Velázquez,derrick.velázquez9805@hotmail.com,1-086-341-6256,Miami,FL,United States,33101,2024-04-25
535098,Jeremy,Romero,jeremy.romero6090@outlook.com,+1-764-559-7351,Buffalo,Ny,United States,14201,2025-07-02
456385,Mariano,Carter,mariano.carter7313@gmail.com,+1-999-664-0068x300,Buffalo,ny,USA,14201,2025-02-06
925981,Eric,Llamas,eric.llamas6532@outlook.com,001-175-6938,Buffalo,NY,United States,14201,2025-03-04
632401,Lisa,Mena,lisa.mena8734@outlook.com,001-018-248-7994,Vancouver,BC,Canada,V5K0A1,2024-11-27
380150,Laura,Hayes,laura.hayes2287@gmail.com,062-755-4016,Victoria,BC,CANADA,V8W1P6,2026-04-20
960408,Mariano,Crawford,mariano.crawford2079@outlook.com,530.685.3789,Guadalajara,JA,MEXICO,44100,2025-06-11
102689,Rosa,Riojas,rosa.riojas122@outlook.com,(320) 974-8124 x039,Orlando,fl,USA,32801,2024-07-01
396578,Eloisa,Fonseca,eloisa.fonseca937@yahoo.com,(837)851-8735x6960,Austin,Tx,usa,73301,2024-01-28
861319,Vicente,Zedillo,vicente.zedillo8872@yahoo.com,,Guanajuato,gj,Mexico,36000,2025-01-18
413058,Horacio,Wallace,horacio.wallace9577@yahoo.com,238-676-5341x5109,San Jose,Ca,usa,95101,2024-02-21
978157,Ana,Olson,ana.olson142@gmail.com,845-359-7198 x587,Guadalajara,JA,Mexico,44100,2026-01-14
715448,Santiago,Ball,santiago.ball2954@gmail.com,001-949-626-3890x847,New York,Ny,United States,10001,2024-09-20
708093,Edward,Santiago,edward.santiago2790@hotmail.com,(473) 925-8328 x831,Monterrey,Nl,Mexico,64000,2025-07-17
791998,Pamela,Perkins,pamela.perkins645@gmail.com,(441)440-4324x728,Guadalajara,JA,MEXICO,44100,2024-07-12
613425,Elvira,Zambrano,elvira.zambrano7597@gmail.com,770-552-7066,Miami,FL,UsA,33101,2023-12-22
255813,sheila,Cruz,sheila.cruz6558@gmail.com,,Monterrey,NL,mEx,64000,2025-02-19
568238,Molly,Canales,molly.canales170@gmail.com,476-449-9676x35788,Buffalo,ny,United States,14201,2025-02-28
664742,Cristobal,Tanner,cristobal.tanner3248@hotmail.com,(940)540-2305x660,Monterrey,Nl,MEXICO,64000,2024-03-05
607868,Jennifer,Camacho,jennifer.camacho4714@gmail.com,,Leon,gj,MEXICO,37000,2025-01-01
461888,Manuel,Jacobson,manuel.jacobson4113@outlook.com,822-260-7595x39003,Guanajuato,GJ,mEx,36000,2024-10-31
448588,maría cristina,Wright,maríacristina.wright8101@yahoo.com,(435)967-7393x28352,San Jose,Ca,USA,95101,2025-02-28
678727,Brittany,Curry,brittany.curry7019@outlook.com,,Orlando,Fl,UsA,32801,2025-07-06
899929,Adam,Schmidt,adam.schmidt3693@hotmail.com,,Toronto,ON,canada,M5H2N2,2025-11-04
669827,David,Flores,david.flores199@gmail.com,3434117586,Monterrey,Nl,mEx,64000,2025-12-29
495533,Melinda,Orosco,melinda.orosco9667@gmail.com,,Houston,tX,United States,77001,2024-08-25
577463,George,Knight,george.knight1538@outlook.com,1-807-579-3911x019,Montreal,Qc,Canada,H1A0A1,2025-03-13
437408,Cheryl,Muñoz,cheryl.muñoz5758@hotmail.com,517-505-9189,Buffalo,Ny,USA,14201,2025-01-17
297816,Martha,Bennett,martha.bennett6108@gmail.com,,Coyoacan,cm,MEXICO,04100,2026-04-12
831380,rebekah,Gentry,rebekah.gentry9210@hotmail.com,001-549-749-9187x606,San Jose,cA,United States,95101,2024-11-10
350405,Timothy,Lee,timothy.lee8343@yahoo.com,(894) 862-6593 x680,Austin,tx,United States,73301,2026-03-17
699573,Marcos,Phillips,marcos.phillips6723@hotmail.com,,Guadalajara,JA,MEXICO,44100,2025-03-07
501574,Peter,Saavedra,peter.saavedra765@hotmail.com,5034956156,Guadalajara,ja,MEXICO,44100,2025-05-11
344907,Becky,Villarreal,becky.villarreal5287@gmail.com,,Montreal,qc,Canada,H1A0A1,2025-11-11
997594,Aldo,Aguilar,aldo.aguilar1274@hotmail.com,883 581 1920,Coyoacan,cm,Mexico,04100,2026-01-19
913217,Salvador,hidalgo,salvador.hidalgo3141@yahoo.com,903.019.4326x5495,New York,ny,UsA,10001,2024-04-01
530728,Hermelinda,Roberts,hermelinda.roberts3824@hotmail.com,371.065.7435x8851,Monterrey,Nl,mEx,64000,2025-08-17
145767,Clara,Sanchez,clara.sanchez9689@yahoo.com,,Dallas,Tx,usa,75201,2025-11-03
433632,Zachary,Brown,zachary.brown6858@hotmail.com,(695) 225-5786,Toronto,On,CANADA,M5H2N2,2025-02-22
880879,Krista,Roybal,krista.roybal4450@yahoo.com,148-976-7903,San Diego,ca,United States,92101,2025-11-14
595951,Florencia,Alvarez,florencia.alvarez92@hotmail.com,(918)102-7221,San Diego,CA,usa,92101,2025-09-21
839485,Julian,Holguín,julian.holguín9518@yahoo.com,,Mexico City,CM,Mexico,01000,2025-03-04
950823,Stephanie,Luna,stephanie.luna6755@outlook.com,579-898-9613x79111,Toronto,ON,CANADA,M5H2N2,2025-09-16
499749,Brittany,Orr,brittany.orr6794@yahoo.com,343-210-9776,New York,Ny,United States,10001,2025-10-07
504832,Ana,Esparza,ana.esparza9257@yahoo.com,922-070-8695 x479,New York,Ny,United States,10001,2025-02-06
795928,Michael,Rosario,michael.rosario2170@gmail.com,348-375-7768x151,Coyoacan,CM,mEx,04100,2024-01-28
930884,Jordan,Loya,jordan.loya4413@yahoo.com,+77(8)2889335226,Victoria,Bc,canada,V8W1P6,2025-05-18
960616,douglas,Thomas,douglas.thomas2337@outlook.com,376 385 3824,Montreal,QC,Canada,H1A0A1,2024-07-16
783691,Amy,Adams,amy.adams7395@hotmail.com,,Leon,Gj,MEXICO,37000,2026-01-18
259493,Donna,Medina,donna.medina5052@gmail.com,+1-339-744-4498x92264,Mexico City,CM,MEXICO,01000,2025-05-29
619389,Gregorio,James,gregorio.james4457@yahoo.com,620.454.7043,Guanajuato,gj,MEXICO,36000,2024-12-13
138817,Jeffrey,Garza,jeffrey.garza630@hotmail.com,583 853 5995,Buffalo,NY,usa,14201,2025-07-22
232378,Carlos,Smith,carlos.smith2854@yahoo.com,706-347-0084 x232,Dallas,tx,USA,75201,2025-01-24
626690,Heidi,Marsh,heidi.marsh9326@hotmail.com,1 (905) 756-7772,Monterrey,nl,MEXICO,64000,2025-12-24
718849,Tony,Rolón,tony.rolón6551@hotmail.com,+1 (290) 458-6296,Monterrey,Nl,Mexico,64000,2024-10-04
448121,rufino,Diaz,rufino.diaz4121@yahoo.com,001-528-520-1683x684,Dallas,TX,USA,75201,2024-04-08
205239,Christopher,hamilton,christopher.hamilton7642@hotmail.com,08839401450,Mexico City,Cm,MEXICO,01000,2025-09-28
986088,Gabriel,limón,gabriel.limón4924@gmail.com,1-521-150-6267,Vancouver,bc,CANADA,V5K0A1,2026-04-12
561694,Daniel,Alonzo,daniel.alonzo5362@hotmail.com,991-072-5281,Guadalajara,ja,mEx,44100,2023-12-12
204555,William,Cotto,william.cotto3804@gmail.com,(601) 529-8085,Charlotte,NC,usa,28202,2025-06-25
651499,Luis Miguel,Apodaca,luismiguel.apodaca557@outlook.com,869-014-8416x312,Montreal,Qc,Canada,H1A0A1,2025-09-04
579123,Logan,Obrien,logan.obrien5460@hotmail.com,1-435-787-5061x53182,Buffalo,Ny,United States,14201,2024-10-13
116093,Courtney,Stewart,courtney.stewart1189@yahoo.com,970-166-4259x98835,Orlando,FL,United States,32801,2025-04-22
857537,irma,Knapp,irma.knapp5729@gmail.com,(336)694-0608,Guadalajara,ja,Mexico,44100,2024-04-29
251157,Joaquín,Watkins,joaquín.watkins7531@gmail.com,(843)666-1773x875,Halifax,Ns,canada,B3H1Y2,2026-04-15
529893,Craig,Werner,craig.werner8758@hotmail.com,,Leon,GJ,Mexico,37000,2025-11-08
786587,derrick,Garza,derrick.garza559@outlook.com,1-943-262-2359x855,Guadalajara,Ja,Mexico,44100,2024-08-31
261859,Michael,williams,michael.williams5801@gmail.com,+78(5)7735671073,Guadalajara,JA,mEx,44100,2026-04-04
178463,Ilse,Hidalgo,ilse.hidalgo9868@gmail.com,,Guanajuato,gj,Mexico,36000,2024-01-21
592296,Matthew,Vaughan,matthew.vaughan5108@gmail.com,(758)647-8680x64296,San Jose,ca,USA,95101,2024-02-22
919488,Mayte,Sullivan,mayte.sullivan654@yahoo.com,(973)874-8527,Mexico City,Cm,MEXICO,01000,2025-11-10
377896,rosa,Almaraz,rosa.almaraz2580@outlook.com,392.459.2895,Ottawa,on,Canada,K1A0B1,2025-12-09
455007,jeremiah,Edwards,jeremiah.edwards7675@outlook.com,(178)764-5271x867,Orlando,FL,UsA,32801,2025-04-13
753534,Olivia,Linares,olivia.linares1925@gmail.com,1-943-907-6672,Raleigh,Nc,USA,27601,2024-02-19
826353,Katherine,Wheeler,katherine.wheeler8801@outlook.com,713.457.6018,Austin,tx,USA,73301,2024-06-08
516791,Ruby,Gamez,ruby.gamez7452@yahoo.com,521-988-0690 x471,Toronto,ON,canada,M5H2N2,2025-04-02
781403,Lisa,Peck,lisa.peck930@yahoo.com,,Orlando,FL,usa,32801,2025-01-03
184216,Marco Antonio,Mccann,marcoantonio.mccann7962@hotmail.com,,Ottawa,on,canada,K1A0B1,2025-11-19
993140,Joanna,White,joanna.white6298@gmail.com,+1 (699) 601-2123,Montreal,qc,Canada,H1A0A1,2024-07-09
444525,Brittany,ramirez,brittany.ramirez6485@yahoo.com,+1-528-732-6041x590,Guadalajara,JA,MEXICO,44100,2025-09-09
993744,Olivia,saldaña,olivia.saldaña3545@gmail.com,(895)783-3080,Leon,GJ,Mexico,37000,2024-12-08
807115,Sean,Patel,sean.patel7538@outlook.com,790-251-1733x418,San Jose,CA,USA,95101,2025-01-05
659543,Juana,Anaya,juana.anaya7594@outlook.com,,San Jose,Ca,usa,95101,2026-03-10
498468,Justin,Lucas,justin.lucas9912@outlook.com,+1 (741) 273-2798,Charlotte,NC,United States,28202,2025-12-05
432043,Ignacio,Fitzpatrick,ignacio.fitzpatrick4637@outlook.com,745-991-9124,Guadalajara,Ja,Mexico,44100,2024-04-05
757246,Elizabeth,marín,elizabeth.marín6692@gmail.com,,Guadalajara,Ja,Mexico,44100,2025-03-03
853629,Elvia,Ortiz,elvia.ortiz6654@gmail.com,(772) 235-1901 x895,Orlando,Fl,United States,32801,2024-02-11
896290,Paul,Ramirez,paul.ramirez1478@hotmail.com,001-020-401-1468x3322,Monterrey,nl,MEXICO,64000,2024-02-02
611650,brooke,Kelley,brooke.kelley5348@outlook.com,238-091-8860,Monterrey,Nl,MEXICO,64000,2026-01-02
667296,Juana,Gonzales,juana.gonzales7661@gmail.com,572.590.6535,Monterrey,NL,MEXICO,64000,2025-05-21
137642,Julio César,Lee,juliocésar.lee3520@hotmail.com,571.119.8861x2150,Montreal,Qc,CANADA,H1A0A1,2025-08-13
747453,Lisa,de Anda,lisa.deanda7680@gmail.com,001-472-181-6399x143,Guanajuato,GJ,MEXICO,36000,2024-02-29
171744,Sharon,Concepción,sharon.concepción419@outlook.com,919-439-2966,Leon,gj,MEXICO,37000,2025-11-23
346174,Benito,Yoder,benito.yoder6634@outlook.com,001-414-214-3491x53899,Guadalajara,Ja,Mexico,44100,2026-01-20
761820,John,Delgadillo,john.delgadillo4232@yahoo.com,583.161.9876,Buffalo,ny,usa,14201,2025-09-28
817644,Kevin,Moya,kevin.moya4119@gmail.com,08941959375,Los Angeles,ca,usa,90001,2024-09-26
401338,emily,Estrada,emily.estrada2447@gmail.com,,Dallas,TX,usa,75201,2026-04-11
338536,Benjamin,Goodwin,benjamin.goodwin7151@gmail.com,9557318596,Miami,fl,usa,33101,2024-08-08
883041,Alexis,Porras,alexis.porras2102@hotmail.com,190-823-8409,Houston,tX,United States,77001,2025-01-11
194769,felicia,Carter,felicia.carter858@yahoo.com,(739)271-1891x31186,Guanajuato,Gj,Mexico,36000,2025-09-06
555052,Allen,Bustamante,allen.bustamante879@yahoo.com,,San Jose,cA,UsA,95101,2026-02-08
203225,Marcia,Young,marcia.young40@hotmail.com,,Halifax,ns,Canada,B3H1Y2,2026-03-04
897305,Michael,Rodriguez,michael.rodriguez7338@outlook.com,1 (414) 920-5736,Guanajuato,gj,MEXICO,36000,2025-11-15
764532,Daniela,Morris,daniela.morris8292@hotmail.com,204.853.7254x2339,Montreal,Qc,Canada,H1A0A1,2024-09-14
838083,Jessica,Munoz,jessica.munoz3645@outlook.com,,Monterrey,NL,MEXICO,64000,2024-03-16
205389,Alma,house,alma.house1200@yahoo.com,459-592-4051 x333,Raleigh,nc,USA,27601,2024-06-15
565230,Edward,Crosby,edward.crosby2648@outlook.com,193-145-2871,Guanajuato,GJ,MEXICO,36000,2026-01-31
274446,Brent,Diaz,brent.diaz7915@gmail.com,1-764-049-5161,Monterrey,Nl,MEXICO,64000,2024-01-20
827712,Mateo,Rico,mateo.rico6567@outlook.com,1-555-748-9137x77829,Mexico City,Cm,mEx,01000,2023-12-26
414012,Natalia,Butler,natalia.butler6338@yahoo.com,,Halifax,NS,Canada,B3H1Y2,2024-06-24
130353,Perla,Nguyen,perla.nguyen1371@hotmail.com,(974)210-7701x5827,Mexico City,Cm,MEXICO,01000,2025-03-05
148225,Thomas,Hays,thomas.hays6531@outlook.com,(335) 350-6834 x671,Montreal,qc,canada,H1A0A1,2025-03-26
440131,Sara,Diaz,sara.diaz8537@hotmail.com,,Leon,GJ,mEx,37000,2024-02-12
934816,Patrick,Hudson,patrick.hudson4206@outlook.com,402-495-2097,Guadalajara,Ja,Mexico,44100,2024-04-26
158845,Daniel,toro,daniel.toro3824@outlook.com,,Austin,TX,United States,73301,2024-08-08
407618,Jorge Luis,Nichols,jorgeluis.nichols3477@hotmail.com,(306)936-4846x89926,Monterrey,NL,MEXICO,64000,2025-08-18
475876,Porfirio,Burke,porfirio.burke9477@gmail.com,603-367-1737,Vancouver,BC,CANADA,V5K0A1,2025-04-10
493049,Gary,Jones,gary.jones1795@yahoo.com,+23(4)7982920235,Guadalajara,Ja,Mexico,44100,2025-03-20
551607,Felipe,Weiss,felipe.weiss233@outlook.com,00312407968,Orlando,FL,usa,32801,2025-07-21
252640,isaac,Maldonado,isaac.maldonado4112@outlook.com,001-996-522-7460,Toronto,On,CANADA,M5H2N2,2025-08-06
356059,Manuel,Mata,manuel.mata7679@yahoo.com,,Victoria,bc,CANADA,V8W1P6,2025-03-15
656968,Eric,Rivera,eric.rivera1863@outlook.com,1-181-874-1009,Guanajuato,gj,Mexico,36000,2023-12-04
532067,Ariadna,Flores,ariadna.flores4530@gmail.com,+1-705-151-5500,Monterrey,nl,mEx,64000,2024-01-01
693418,Jaqueline,Aguilera,jaqueline.aguilera6882@hotmail.com,1-954-969-9946,Halifax,nS,Canada,B3H1Y2,2025-11-16
814919,Vanessa,Armendáriz,vanessa.armendáriz1417@outlook.com,1-403-634-9498x3912,Buffalo,NY,UsA,14201,2025-06-06
931016,Hunter,Lane,hunter.lane9227@outlook.com,1-171-678-9949,Monterrey,Nl,Mexico,64000,2024-07-29
288803,Mary,Montero,mary.montero8235@gmail.com,,New York,NY,United States,10001,2025-11-25
278240,Pedro,Rosales,pedro.rosales912@outlook.com,,Montreal,Qc,Canada,H1A0A1,2025-09-03
283573,Meghan,Stout,meghan.stout8924@gmail.com,,Guadalajara,JA,mEx,44100,2025-07-20
182804,Silvano,Morris,silvano.morris8355@hotmail.com,511.215.3290,Orlando,fl,UsA,32801,2024-06-28
739098,Randall,ibarra,randall.ibarra3897@hotmail.com,637.359.0774x3308,Mexico City,CM,MEXICO,01000,2026-04-19
501126,Victoria,Taylor,victoria.taylor8848@hotmail.com,,San Jose,ca,United States,95101,2025-09-25
749813,David,Castillo,david.castillo601@gmail.com,07173928967,Coyoacan,cm,MEXICO,04100,2025-06-21
816318,Christina,Wright,christina.wright7155@outlook.com,656.617.9714,New York,Ny,United States,10001,2025-02-03
352528,Diego,Rubio,diego.rubio3692@yahoo.com,599.924.6532x28836,Guanajuato,gJ,Mexico,36000,2025-12-27
621841,Ashley,Olsen,ashley.olsen700@outlook.com,001-116-699-2552x701,Austin,tX,USA,73301,2025-05-12
711484,Luke,Anderson,luke.anderson3429@gmail.com,,Orlando,fl,United States,32801,2025-09-28
250069,Paul,Herrera,paul.herrera3252@hotmail.com,172 961 5963,Toronto,oN,CANADA,M5H2N2,2025-08-08
343467,Emiliano,Yates,emiliano.yates7314@gmail.com,,San Jose,Ca,usa,95101,2024-11-30
583550,Sharon,Payne,sharon.payne3800@hotmail.com,1 (702) 869-5594,Guanajuato,GJ,mEx,36000,2024-07-11
768891,Tracy,Rojas,tracy.rojas3413@gmail.com,783.223.9910,Raleigh,nc,USA,27601,2025-10-09
366314,Susana,Black,susana.black3415@gmail.com,4981178242,Monterrey,Nl,MEXICO,64000,2024-05-16
581894,Crystal,Mccall,crystal.mccall6109@gmail.com,(916)146-1349x8963,Houston,TX,UsA,77001,2023-12-25
367729,Gary,Hudson,gary.hudson6370@yahoo.com,(820) 554-0372 x282,Monterrey,Nl,MEXICO,64000,2024-02-23
799233,Rosario,vega,rosario.vega49@outlook.com,001-954-130-8343x7355,Montreal,QC,canada,H1A0A1,2025-07-01
109853,Hector,Griffin,hector.griffin4481@hotmail.com,226-389-5572x58319,Coyoacan,cm,MEXICO,04100,2025-04-12
943718,Nadia,Warren,nadia.warren2055@hotmail.com,581-986-8139x173,Leon,GJ,Mexico,37000,2025-02-07
587853,Laura,Muro,laura.muro3067@gmail.com,001-080-009-7011x7097,Halifax,NS,CANADA,B3H1Y2,2026-01-03
401603,catherine,Phillips,catherine.phillips6458@yahoo.com,295-677-3421x49275,Guadalajara,ja,Mexico,44100,2025-10-27
810526,Pamela,garay,pamela.garay3421@hotmail.com,,Victoria,BC,canada,V8W1P6,2025-08-24
673149,Laura,Harper,laura.harper4988@outlook.com,,Toronto,on,Canada,M5H2N2,2024-08-08
265649,Kelly,Carney,kelly.carney7116@outlook.com,+1 (547) 440-4988,Halifax,Ns,Canada,B3H1Y2,2025-04-15
177449,Melissa,Thomas,melissa.thomas5845@hotmail.com,,Victoria,bc,CANADA,V8W1P6,2024-06-05
563187,Sean,larson,sean.larson3545@outlook.com,+1-747-859-8640x927,Guadalajara,JA,MEXICO,44100,2025-12-09
462351,Daniel,Warren,daniel.warren2305@yahoo.com,142.143.9466x95513,Orlando,fl,USA,32801,2024-07-27
716113,Keith,Anderson,keith.anderson6125@hotmail.com,(878)990-6909x1891,Orlando,Fl,UsA,32801,2025-05-22
413685,Ann,Hanson,ann.hanson4744@gmail.com,1-726-203-4340,Guadalajara,ja,mEx,44100,2024-03-07
769975,Cornelio,Sevilla,cornelio.sevilla980@gmail.com,(310)454-2208x785,Monterrey,Nl,Mexico,64000,2025-07-19
544920,Joshua,Smith,joshua.smith6760@yahoo.com,246-925-2543x10666,Miami,fL,United States,33101,2024-01-16
823846,Dawn,Morales,dawn.morales867@hotmail.com,823.218.4546,Montreal,Qc,CANADA,H1A0A1,2025-10-03
362246,Michael,Palmer,michael.palmer3215@gmail.com,+1-770-023-8512x0950,Austin,tx,usa,73301,2025-09-23
579027,Camilo,Sanchez,camilo.sanchez4724@gmail.com,070.345.8614x78903,Halifax,NS,Canada,B3H1Y2,2024-10-18
986365,Alma,marrero,alma.marrero6584@hotmail.com,,Orlando,fl,USA,32801,2024-04-17
416797,Francisco,Rodriguez,francisco.rodriguez2138@yahoo.com,+1-719-917-4442x4968,Miami,FL,United States,33101,2025-10-10
308894,Kayla,Jones,kayla.jones3664@gmail.com,422-851-0572x8901,Toronto,on,Canada,M5H2N2,2026-02-23
503380,Angélica,Sotelo,angélica.sotelo6746@outlook.com,(458)750-8994x1515,Houston,Tx,usa,77001,2025-08-16
994787,Joseph,Nguyen,joseph.nguyen3168@outlook.com,001-596-483-6876x7069,Guadalajara,Ja,Mexico,44100,2025-02-20
606680,Marisol,Robinson,marisol.robinson5907@yahoo.com,001-620-239-0051x99427,Montreal,QC,canada,H1A0A1,2025-11-04
211834,Tina,white,tina.white7995@hotmail.com,,Buffalo,NY,UsA,14201,2025-01-30
348728,Heidi,Phillips,heidi.phillips9530@outlook.com,382 032 7752,San Diego,CA,UsA,92101,2025-12-06
499889,Kelly,Palacios,kelly.palacios6681@yahoo.com,978-401-1073,Dallas,tx,USA,75201,2024-09-22
699704,Estela,Phillips,estela.phillips1341@yahoo.com,1-654-134-9104,Buffalo,ny,USA,14201,2024-10-27
476395,Rebecca,Gallagher,rebecca.gallagher7032@yahoo.com,5837312862,Austin,tx,usa,73301,2025-07-02
702733,Kelly,Adams,kelly.adams8194@gmail.com,307.967.5484x68202,Monterrey,NL,Mexico,64000,2024-08-07
410244,Luis,Walter,luis.walter2721@gmail.com,,New York,nY,United States,10001,2025-06-22
833247,Horacio,Martin,horacio.martin4678@hotmail.com,,Buffalo,Ny,UsA,14201,2024-06-06
409571,José Emilio,Portillo,joséemilio.portillo6367@outlook.com,912 596 6518,Miami,FL,UsA,33101,2024-04-21
123005,Amy,Nelson,amy.nelson1310@gmail.com,1 (254) 865-4330,Halifax,Ns,CANADA,B3H1Y2,2025-03-16
970357,melanie,Ibarra,melanie.ibarra9023@yahoo.com,(371)994-6282,Raleigh,Nc,United States,27601,2024-05-22
790203,Brenda,Cardenas,brenda.cardenas9858@outlook.com,(783)796-9820,Charlotte,nc,USA,28202,2024-09-04
515032,Cecilia,Lewis,cecilia.lewis3361@outlook.com,703.622.4666x132,Dallas,Tx,United States,75201,2025-12-15
387813,Andrea,fernández,andrea.fernández4114@gmail.com,699.905.5063x44418,San Diego,CA,United States,92101,2024-01-18
108491,Natalie,Cisneros,natalie.cisneros6833@gmail.com,(659)619-6535,Houston,TX,United States,77001,2024-08-09
693419,Sarah,Fuentes,sarah.fuentes5393@outlook.com,001-702-046-0593x839,Houston,tx,United States,77001,2025-02-08
819112,Alicia,Muñoz,alicia.muñoz6262@gmail.com,(564) 421-6985 x270,New York,NY,UsA,10001,2024-03-28
916118,Walter,Laboy,walter.laboy266@yahoo.com,1-494-588-5604,Austin,TX,usa,73301,2024-03-04
880841,Nicole,Borrego,nicole.borrego7940@gmail.com,1-521-749-4593,Austin,Tx,UsA,73301,2024-12-24
151426,Trinidad,Collins,trinidad.collins1306@gmail.com,,New York,NY,UsA,10001,2024-04-04
735863,Jasmine,Gutiérrez,jasmine.gutiérrez785@gmail.com,312.706.5662x01363,Leon,GJ,mEx,37000,2025-08-03
881369,Kelly,Lopez,kelly.lopez5643@outlook.com,561.590.9057,Montreal,Qc,Canada,H1A0A1,2023-12-03
620856,Robert,Estévez,robert.estévez7644@outlook.com,1 (566) 490-7768,Orlando,fl,United States,32801,2024-01-01
973294,Pamela,Wiggins,pamela.wiggins6585@yahoo.com,1-549-087-9698,Coyoacan,cm,mEx,04100,2025-09-14
400096,Jeffery,Garza,jeffery.garza5925@hotmail.com,415-324-8228 x843,Ottawa,ON,CANADA,K1A0B1,2024-01-13
913423,jason,Nicholson,jason.nicholson8344@hotmail.com,,Orlando,fL,United States,32801,2023-12-06
937665,gabino,Mayorga,gabino.mayorga1644@hotmail.com,4765565793,Buffalo,ny,United States,14201,2024-04-03
341296,Mark,Moore,mark.moore9111@yahoo.com,501-660-2651,Houston,tx,USA,77001,2024-12-01
736553,Allen,Bates,allen.bates9081@outlook.com,891.053.8018,Leon,GJ,MEXICO,37000,2024-03-28
940886,Duane,Shelton,duane.shelton7259@yahoo.com,252.233.2619x29716,Miami,FL,UsA,33101,2024-09-22
469435,Salma,Hernandez,salma.hernandez3937@gmail.com,1-748-479-3540x28515,Orlando,Fl,United States,32801,2025-08-28
329642,Erika,Andersen,erika.andersen2069@gmail.com,,Miami,fl,UsA,33101,2024-09-20
767542,Anthony,Richards,anthony.richards9999@yahoo.com,(824)209-7773x78602,Vancouver,BC,CANADA,V5K0A1,2024-07-20
299367,Brianna,Moore,brianna.moore7285@outlook.com,,Mexico City,CM,MEXICO,01000,2025-07-12
751051,María Eugenia,Barton,maríaeugenia.barton6097@outlook.com,001-051-087-7294x832,Orlando,FL,UsA,32801,2025-08-09
362801,Catherine,Bradley,catherine.bradley7032@gmail.com,562-448-7778,Coyoacan,cm,Mexico,04100,2024-07-27
810687,Daniel,Diaz,daniel.diaz7278@hotmail.com,001-574-760-0677,Guanajuato,Gj,MEXICO,36000,2025-06-18
892280,jeremy,Vanegas,jeremy.vanegas7847@hotmail.com,001-224-922-4534,Dallas,Tx,usa,75201,2024-10-04
855948,David,Ward,david.ward3939@yahoo.com,,Guadalajara,JA,Mexico,44100,2024-09-06
904751,Shannon,Williams,shannon.williams6527@gmail.com,1 (366) 200-5843,New York,NY,UsA,10001,2024-05-27
791201,Karen,Wilson,karen.wilson3919@yahoo.com,487-664-1629x43567,Guadalajara,Ja,mEx,44100,2024-06-03
813928,Elias,Arias,elias.arias6339@yahoo.com,+1-129-100-3670x942,San Diego,Ca,UsA,92101,2024-06-06
979060,Jacqueline,Torres,jacqueline.torres9835@yahoo.com,,Ottawa,on,CANADA,K1A0B1,2026-01-26
243423,Miguel Ángel,Whitehead,miguelángel.whitehead6267@yahoo.com,(380)551-5984x0906,San Diego,Ca,United States,92101,2024-07-08
758765,jerry,Ruelas,jerry.ruelas5871@gmail.com,+1-073-429-9975x625,Austin,TX,United States,73301,2025-07-13
201883,Elizabeth,Orozco,elizabeth.orozco1389@gmail.com,123.877.7176,Houston,Tx,UsA,77001,2024-03-11
757937,Sheryl,Simpson,sheryl.simpson8065@gmail.com,1 (322) 194-2842,Monterrey,NL,MEXICO,64000,2025-03-05
777737,Margaret,Jackson,margaret.jackson3559@yahoo.com,(412)611-1613,Monterrey,NL,mEx,64000,2026-02-08
141337,Matthew,Nelson,matthew.nelson4016@hotmail.com,04118564988,Coyoacan,Cm,Mexico,04100,2025-10-24
423939,Juana,Decker,juana.decker6894@hotmail.com,234 907 4588,Toronto,on,Canada,M5H2N2,2024-04-07
926918,Nicolás,Peterson,nicolás.peterson7812@gmail.com,525.316.4662,Charlotte,nc,USA,28202,2024-08-08
562236,Jacob,Quintero,jacob.quintero394@hotmail.com,906-171-8765,San Diego,ca,USA,92101,2024-05-03
134985,Eloisa,cisneros,eloisa.cisneros2262@hotmail.com,,New York,Ny,UsA,10001,2024-07-13
707727,Lindsey,Maddox,lindsey.maddox657@gmail.com,,Mexico City,cm,MEXICO,01000,2026-01-09
482584,aurora,Villaseñor,aurora.villaseñor7166@outlook.com,721.576.7153x69802,Monterrey,nl,Mexico,64000,2025-04-04
867934,Amy,Rosario,amy.rosario8142@hotmail.com,+1-116-511-4631,Halifax,ns,CANADA,B3H1Y2,2024-04-21
237795,John,Tijerina,john.tijerina5786@yahoo.com,1-410-845-9803,Los Angeles,ca,usa,90001,2024-02-04
194511,Cory,Bowen,cory.bowen4079@hotmail.com,,New York,ny,UsA,10001,2025-01-24
409445,David,Gross,david.gross4566@outlook.com,+1-959-393-8646x74764,Raleigh,nc,usa,27601,2023-12-06
442589,Gregory,Brown,gregory.brown1800@yahoo.com,,Monterrey,nl,mEx,64000,2025-01-31
883790,Rufino,Rios,rufino.rios7223@yahoo.com,(957) 042-3036,Montreal,QC,canada,H1A0A1,2025-02-20
535686,Kristen,Knight,kristen.knight8085@hotmail.com,179.727.2207x22881,Halifax,NS,canada,B3H1Y2,2024-11-18
284171,Christopher,Smith,christopher.smith851@hotmail.com,449.842.6410,Guadalajara,JA,mEx,44100,2025-03-08
310548,Robin,Ritter,robin.ritter920@outlook.com,370-327-4689,Monterrey,Nl,Mexico,64000,2025-01-08
238579,Irene,Edwards,irene.edwards8524@hotmail.com,0810912825,New York,ny,United States,10001,2026-03-21
924718,Mateo,Christensen,mateo.christensen8899@yahoo.com,+1-950-986-7569x682,Raleigh,nc,United States,27601,2026-02-16
665610,Adrian,Peña,adrian.peña3389@hotmail.com,(462) 364-4123,Monterrey,Nl,mEx,64000,2025-08-05
483629,Stephanie,Peterson,stephanie.peterson852@gmail.com,,San Jose,CA,USA,95101,2024-12-18
656639,Jessica,Stein,jessica.stein5653@gmail.com,508.951.7309x8134,Los Angeles,CA,usa,90001,2024-08-18
626169,Hannah,aguilar,hannah.aguilar6647@hotmail.com,,Toronto,On,Canada,M5H2N2,2025-05-18
385765,Norma,Acevedo,norma.acevedo5239@outlook.com,+1-190-580-9440,Ottawa,ON,canada,K1A0B1,2025-05-12
970813,Tina,Young,tina.young8994@outlook.com,1-697-704-9501,Buffalo,NY,UsA,14201,2025-08-12
272537,José Luis,Cobb,joséluis.cobb8454@hotmail.com,(858)273-9055x934,Monterrey,Nl,mEx,64000,2025-02-22
369452,crystal,Schroeder,crystal.schroeder5257@gmail.com,276.977.2220x30332,Monterrey,Nl,MEXICO,64000,2025-06-05
964749,Brady,Mason,brady.mason6056@yahoo.com,001-044-330-7393x37794,Raleigh,nc,usa,27601,2024-05-12
605254,Brett,Harper,brett.harper5492@gmail.com,105-642-0278 x087,Guadalajara,Ja,mEx,44100,2025-06-14
945664,Jeffery,Young,jeffery.young3351@yahoo.com,,Monterrey,nl,mEx,64000,2025-07-29
409478,Rachel,Ferrell,rachel.ferrell1004@yahoo.com,099.064.8595,Monterrey,NL,Mexico,64000,2023-12-05
882824,Patricia,Alva,patricia.alva2050@gmail.com,488.840.9871,Guadalajara,ja,mEx,44100,2026-02-20
455168,Óliver,Taylor,óliver.taylor4793@yahoo.com,(492)476-2779x023,Guadalajara,JA,Mexico,44100,2023-12-02
943298,Mary,goodman,mary.goodman2320@outlook.com,(567) 593-7775,Toronto,ON,canada,M5H2N2,2025-12-26
220764,Veronica,Roman,veronica.roman7000@gmail.com,04358274165,Montreal,Qc,CANADA,H1A0A1,2025-08-16
591081,Patrick,lopez,patrick.lopez9985@hotmail.com,313-794-1529x1965,Guanajuato,GJ,Mexico,36000,2025-08-21
178957,Michael,Smith,michael.smith6224@outlook.com,(731) 974-4329,Halifax,ns,Canada,B3H1Y2,2026-04-06
247594,Elizabeth,Wiggins,elizabeth.wiggins7515@gmail.com,(194) 729-7323 x544,Charlotte,NC,United States,28202,2024-11-07
890785,Jeffery,Le,jeffery.le1135@hotmail.com,(142)802-1660,Mexico City,CM,Mexico,01000,2025-01-14
336574,Yolanda,Davis,yolanda.davis9796@hotmail.com,,Charlotte,Nc,usa,28202,2025-05-03
809176,Jennifer,Patterson,jennifer.patterson9347@hotmail.com,154-549-3498x283,Monterrey,Nl,MEXICO,64000,2024-12-31
859396,Deborah,Fisher,deborah.fisher8108@yahoo.com,,Houston,tx,usa,77001,2025-01-06
807166,Salvador,Hernandez,salvador.hernandez2106@outlook.com,+1-431-367-3953x905,Guanajuato,gj,Mexico,36000,2025-06-12
516716,Whitney,Villalobos,whitney.villalobos5237@gmail.com,05050106812,Mexico City,cm,mEx,01000,2024-03-27
986827,Aldonza,Vázquez,aldonza.vázquez5248@hotmail.com,,Monterrey,nl,Mexico,64000,2024-03-01
943671,michelle,Cabán,michelle.cabán9645@yahoo.com,606.115.0863,San Jose,Ca,United States,95101,2024-05-26
684384,reynaldo,Smith,reynaldo.smith9833@yahoo.com,(654)751-5692,Monterrey,Nl,MEXICO,64000,2024-07-13
483542,Miranda,Hernandez,miranda.hernandez2792@gmail.com,190.247.7948x5043,Montreal,qc,CANADA,H1A0A1,2024-02-07
194689,Isaiah,Lebrón,isaiah.lebrón62@outlook.com,,Raleigh,NC,United States,27601,2024-11-22
929090,David,Olivares,david.olivares9907@hotmail.com,161-149-6748,Vancouver,BC,CANADA,V5K0A1,2024-10-11
513741,Manuel,Washington,manuel.washington472@gmail.com,1 (895) 928-3271,New York,NY,UsA,10001,2025-04-04
114594,Patrick,Rogers,patrick.rogers5858@gmail.com,1-470-939-1287,Monterrey,nl,mEx,64000,2025-01-15
377304,Matthew,Miller,matthew.miller8436@gmail.com,009-603-6671x480,Charlotte,NC,UsA,28202,2026-03-16
662636,Marisol,Sierra,marisol.sierra8811@gmail.com,252-367-2264x77605,Houston,TX,USA,77001,2024-10-27
229592,Cassandra,Hamilton,cassandra.hamilton9884@hotmail.com,474.604.4556,Raleigh,Nc,United States,27601,2024-10-20
576877,Richard,Dunn,richard.dunn6350@outlook.com,320.529.1961,San Jose,ca,usa,95101,2025-01-09
486490,Lilia,Frye,lilia.frye5053@hotmail.com,1-495-082-7524,San Jose,ca,usa,95101,2024-09-02
805511,Julio César,Cole,juliocésar.cole816@yahoo.com,967-651-2213x710,Monterrey,NL,MEXICO,64000,2024-05-02
885395,María Teresa,Barajas,maríateresa.barajas8084@outlook.com,+1-623-196-3574x09835,Los Angeles,Ca,USA,90001,2024-06-03
805000,Tammy,Lira,tammy.lira9189@gmail.com,361-095-3524x77910,Houston,tx,United States,77001,2024-04-18
374896,Irma,Paredes,irma.paredes9408@hotmail.com,+1 (354) 482-7186,Dallas,Tx,United States,75201,2025-11-14
712955,Lorenzo,Patterson,lorenzo.patterson9791@outlook.com,,New York,Ny,United States,10001,2025-12-07
499534,Samantha,Olvera,samantha.olvera3586@outlook.com,774-608-4675,Guadalajara,jA,mEx,44100,2025-05-10
962367,Melvin,Feliciano,melvin.feliciano5787@hotmail.com,1-319-448-4963,Miami,Fl,usa,33101,2025-05-14
769567,Jeffrey,Perea,jeffrey.perea8594@hotmail.com,04034819667,Houston,tx,UsA,77001,2026-01-28
489518,Kristen,Perry,kristen.perry9783@outlook.com,,Victoria,Bc,canada,V8W1P6,2026-02-26
213609,Rubén,Calderon,rubén.calderon2707@gmail.com,(086)863-5277,Miami,fl,United States,33101,2025-11-13
807617,Mario,Trujillo,mario.trujillo9672@outlook.com,+1 (555) 250-1518,Guadalajara,JA,Mexico,44100,2025-06-28
345180,Charlotte,Crawford,charlotte.crawford5806@gmail.com,1-639-697-6298x32359,San Diego,Ca,United States,92101,2025-10-04
594379,Destiny,Moon,destiny.moon2282@hotmail.com,1-717-985-0399x431,Charlotte,nc,UsA,28202,2025-08-27
126240,Jared,Rael,jared.rael2331@yahoo.com,(019)616-4055,Halifax,ns,canada,B3H1Y2,2024-12-01
749641,Carrie,Cano,carrie.cano3002@outlook.com,792.352.7632,Buffalo,ny,usa,14201,2024-11-21
688678,Melissa,Loera,melissa.loera9890@gmail.com,1-519-103-0258,Miami,Fl,usa,33101,2026-03-28
443939,Luz,Brown,luz.brown6847@yahoo.com,01604648645,Leon,gj,Mexico,37000,2025-02-25
739717,Taylor,Cruz,taylor.cruz6137@hotmail.com,1-623-217-7003x06576,New York,NY,USA,10001,2026-01-10
332120,Felix,Reed,felix.reed7243@hotmail.com,154-904-1241x228,Coyoacan,cm,Mexico,04100,2025-08-09
779112,Tammy,Padrón,tammy.padrón7141@hotmail.com,,Monterrey,Nl,MEXICO,64000,2025-08-22
166287,Francisca,Salgado,francisca.salgado1638@yahoo.com,,Monterrey,NL,mEx,64000,2025-04-28
766269,Cindy,Carrillo,cindy.carrillo9959@yahoo.com,547.698.4406,San Jose,ca,USA,95101,2024-03-19
963874,Noah,Fuller,noah.fuller7645@yahoo.com,(215)263-3192,Miami,FL,usa,33101,2025-09-04
586819,Jacinto,Pérez,jacinto.pérez7142@outlook.com,(284)048-1471,Houston,tx,UsA,77001,2025-04-09
835132,Emily,Chapman,emily.chapman7663@yahoo.com,+1 (999) 597-0234,San Diego,ca,USA,92101,2025-05-05
416869,Salma,corrales,salma.corrales8249@hotmail.com,097-581-9853x2051,New York,ny,UsA,10001,2025-07-03
780776,Lisa,Frías,lisa.frías1867@gmail.com,282.361.3389,Orlando,FL,UsA,32801,2025-09-19
528129,lori,Davis,lori.davis838@gmail.com,,Miami,fl,USA,33101,2025-06-26
222343,Victoria,Levine,victoria.levine2787@outlook.com,+1 (266) 906-1999,Mexico City,CM,mEx,01000,2023-12-09
246566,Bradley,Loya,bradley.loya4876@gmail.com,1-114-751-9845x46911,Monterrey,NL,Mexico,64000,2024-02-16
147549,kelsey,Rios,kelsey.rios5138@gmail.com,787-717-0445 x260,Charlotte,Nc,USA,28202,2024-05-01
139019,Mateo,Arreola,mateo.arreola3868@yahoo.com,449-247-7390,Los Angeles,CA,UsA,90001,2025-05-19
419149,Raymond,Foley,raymond.foley1409@hotmail.com,,New York,NY,usa,10001,2025-09-24
616554,elizabeth,Mitchell,elizabeth.mitchell1324@outlook.com,+1-165-910-8197,Guadalajara,JA,mEx,44100,2024-03-26
221761,Elvira,davis,elvira.davis8735@outlook.com,488-472-4381,Monterrey,NL,Mexico,64000,2026-02-07
201913,Angélica,Sanchez,angélica.sanchez6887@hotmail.com,883 081 3796,Coyoacan,CM,MEXICO,04100,2024-06-08
346205,Robert,Ryan,robert.ryan1906@hotmail.com,(105) 467-5240 x216,Guadalajara,JA,Mexico,44100,2025-12-29
663658,José,Strong,josé.strong8101@yahoo.com,001-209-319-4457x572,Guadalajara,JA,MEXICO,44100,2024-09-19
242254,Julia,Edwards,julia.edwards4730@hotmail.com,,Austin,tX,USA,73301,2025-04-20
507524,Lauren,Brown,lauren.brown7489@hotmail.com,1-445-381-1757,Monterrey,NL,mEx,64000,2024-06-08
575679,Christopher,Griego,christopher.griego6906@yahoo.com,,Charlotte,Nc,UsA,28202,2024-10-16
489033,Alexander,Morse,alexander.morse3791@gmail.com,1-821-044-8354x6386,Guadalajara,ja,mEx,44100,2025-12-16
803055,Paulina,Brown,paulina.brown9730@gmail.com,+1-591-189-9200x738,San Diego,Ca,USA,92101,2024-09-12
879238,Edward,Herrera,edward.herrera9487@gmail.com,272 110 7448,San Diego,Ca,UsA,92101,2024-04-06
830316,Tara,Adame,tara.adame6562@gmail.com,,Monterrey,Nl,MEXICO,64000,2025-04-02
666432,maría del carmen,Pedroza,maríadelcarmen.pedroza2209@gmail.com,724.580.3306,Raleigh,Nc,UsA,27601,2024-11-29
539486,jonathan,Young,jonathan.young5135@hotmail.com,,Mexico City,CM,Mexico,01000,2025-08-02
715870,Christopher,Bowen,christopher.bowen1694@hotmail.com,619-794-6803,Guanajuato,GJ,Mexico,36000,2025-07-10
878325,Krista,Altamirano,krista.altamirano776@gmail.com,1-374-103-4238,Charlotte,Nc,UsA,28202,2024-11-21
861894,Andrew,Fernandez,andrew.fernandez6908@gmail.com,,Houston,Tx,usa,77001,2025-07-15
262029,Ana María,Matos,anamaría.matos2677@outlook.com,(123) 639-2621 x242,San Diego,ca,usa,92101,2025-11-11
535037,Ronald,Black,ronald.black3569@yahoo.com,(357) 349-7528 x667,Monterrey,NL,mEx,64000,2026-03-08
786735,Eugenio,Cavazos,eugenio.cavazos1094@outlook.com,,San Jose,CA,USA,95101,2025-11-23
203831,Brandon,Torres,brandon.torres9802@outlook.com,(445)770-4144,New York,Ny,usa,10001,2024-07-27
974190,George,lee,george.lee7706@hotmail.com,050-820-3445x623,Orlando,FL,UsA,32801,2025-11-12
613117,Alejandro,Gamboa,alejandro.gamboa527@yahoo.com,496.426.4401,Halifax,ns,canada,B3H1Y2,2025-09-27
745558,raymond,Solorio,raymond.solorio3536@hotmail.com,103 712 1725,Ottawa,on,Canada,K1A0B1,2025-04-04
527940,Sandy,Becerra,sandy.becerra2813@yahoo.com,(524) 405-5446 x286,Victoria,bc,Canada,V8W1P6,2025-01-25
393328,Francisco,Smith,francisco.smith237@gmail.com,,Vancouver,Bc,canada,V5K0A1,2024-05-21
134305,Tyler,olvera,tyler.olvera4580@yahoo.com,,Raleigh,Nc,UsA,27601,2025-01-25
823811,Agustín,Montalvo,agustín.montalvo5511@hotmail.com,,Los Angeles,Ca,United States,90001,2024-10-12
488528,Alejandro,vega,alejandro.vega3155@hotmail.com,1 (291) 695-0466,Leon,Gj,Mexico,37000,2025-10-31
327823,Lynn,Hill,lynn.hill1157@gmail.com,343-187-0695 x677,Toronto,on,CANADA,M5H2N2,2025-07-14
564920,Mitzy,Hunt,mitzy.hunt6253@hotmail.com,1 (812) 162-0909,Monterrey,Nl,Mexico,64000,2024-07-25
566297,Aldonza,holmes,aldonza.holmes8877@yahoo.com,(440)605-6252x682,Guadalajara,Ja,Mexico,44100,2024-09-13
347582,Jennifer,Campbell,jennifer.campbell3078@outlook.com,527-403-8060x63728,Victoria,bc,Canada,V8W1P6,2024-08-20
997004,Chloe,Rodrígez,chloe.rodrígez4169@gmail.com,1 (817) 831-1600,Buffalo,ny,USA,14201,2024-12-27
480303,Nathaniel,Duncan,nathaniel.duncan356@outlook.com,(880)694-8338,Victoria,Bc,CANADA,V8W1P6,2024-09-04
204180,Ramiro,Harris,ramiro.harris6914@outlook.com,307 591 2777,Mexico City,CM,mEx,01000,2024-11-01
818987,James,márquez,james.márquez9698@outlook.com,1-146-663-2853,Orlando,Fl,usa,32801,2025-12-27
485178,Conchita,Shields,conchita.shields9493@outlook.com,1-793-896-0686,Montreal,QC,canada,H1A0A1,2025-07-21
670913,Lorenzo,Hughes,lorenzo.hughes3521@outlook.com,,San Diego,CA,United States,92101,2024-11-09
776149,Johnny,davis,johnny.davis5550@gmail.com,09577811798,Guadalajara,JA,mEx,44100,2025-04-17
476096,Armando,Fernández,armando.fernández3400@outlook.com,1-873-519-7446x564,Halifax,Ns,Canada,B3H1Y2,2024-09-10
163491,Kristi,Hill,kristi.hill3758@hotmail.com,+1-583-069-8484x72553,San Jose,Ca,USA,95101,2026-02-22
517479,Michael,Roque,michael.roque5426@hotmail.com,838-786-6300x9407,Guadalajara,ja,MEXICO,44100,2024-10-27
389282,Jorge,Drake,jorge.drake4930@gmail.com,(860)599-2265,Montreal,qc,CANADA,H1A0A1,2025-01-20
299028,Linda,Patrick,linda.patrick1386@gmail.com,783.735.6127,Coyoacan,Cm,Mexico,04100,2026-03-05
228093,Tina,Saldivar,tina.saldivar2416@hotmail.com,1-220-741-7965x690,Vancouver,bc,canada,V5K0A1,2024-10-31
989227,Michael,Díaz,michael.díaz4609@yahoo.com,191.705.2415,Monterrey,nL,MEXICO,64000,2025-12-26
964226,robert,Cintrón,robert.cintrón3215@yahoo.com,025-288-3644x6184,Vancouver,BC,canada,V5K0A1,2024-07-13
576805,Jeffery,Sexton,jeffery.sexton2836@hotmail.com,,Buffalo,nY,usa,14201,2025-11-13
196126,Juan,Smith,juan.smith6134@outlook.com,605.033.0773,Raleigh,Nc,USA,27601,2025-07-24
794963,Miguel,Mendoza,miguel.mendoza451@yahoo.com,195-504-0609 x139,Monterrey,NL,mEx,64000,2024-05-02
322409,Angela,Gilbert,angela.gilbert5747@yahoo.com,(207)087-6761x302,Buffalo,ny,USA,14201,2024-01-30
772875,marco antonio,Cisneros,marcoantonio.cisneros549@hotmail.com,+1 (684) 845-9408,Toronto,On,CANADA,M5H2N2,2024-08-26
770556,Billy,Otero,billy.otero5603@yahoo.com,,Austin,Tx,UsA,73301,2024-01-02
726152,susan,Wilson,susan.wilson1290@gmail.com,5527703278,Toronto,On,canada,M5H2N2,2024-02-18
122394,Lynn,Bryan,lynn.bryan5215@yahoo.com,856.697.4963,Raleigh,Nc,United States,27601,2024-10-15
153035,James,Burnett,james.burnett6691@hotmail.com,1 (819) 221-2222,Halifax,NS,canada,B3H1Y2,2025-10-18
925013,nicolás,Lira,nicolás.lira2182@outlook.com,1-973-421-9193x48067,Montreal,QC,canada,H1A0A1,2025-12-05
449709,Mary,Moreno,mary.moreno3047@hotmail.com,1-792-900-8068,Austin,Tx,USA,73301,2025-08-30
355400,Bailey,Hall,bailey.hall3544@gmail.com,(746) 644-0248 x480,Guadalajara,ja,Mexico,44100,2024-07-06
232040,Joshua,Segovia,joshua.segovia4279@hotmail.com,973-600-9011 x672,Coyoacan,Cm,MEXICO,04100,2024-08-25
925206,Abigail,Cruz,abigail.cruz8267@hotmail.com,+1 (868) 423-0399,Los Angeles,CA,UsA,90001,2024-10-13
692002,Stephanie,Smith,stephanie.smith6005@gmail.com,(201)753-5064,Guadalajara,Ja,Mexico,44100,2024-08-30
315173,James,Jenkins,james.jenkins8815@outlook.com,1-871-897-4135x1021,Leon,Gj,mEx,37000,2025-08-29
171942,Carmen,rodríquez,carmen.rodríquez2799@hotmail.com,(595)172-4568x977,Ottawa,ON,canada,K1A0B1,2025-03-16
970127,Robert,Terán,robert.terán9628@yahoo.com,715.732.8964x9522,Charlotte,NC,United States,28202,2024-06-18
902325,Jill,Hart,jill.hart2836@outlook.com,,Coyoacan,Cm,MEXICO,04100,2025-03-19
681128,Miriam,Villa,miriam.villa8438@outlook.com,412-329-9919,Vancouver,Bc,CANADA,V5K0A1,2025-01-15
317220,Cynthia,Lopez,cynthia.lopez3208@gmail.com,,Houston,TX,usa,77001,2024-09-29
714867,Violeta,Thomas,violeta.thomas778@hotmail.com,1-498-992-5940,Buffalo,Ny,UsA,14201,2025-01-20
326441,Mercedes,Simpson,mercedes.simpson1961@yahoo.com,002.566.1985,Montreal,Qc,canada,H1A0A1,2024-05-05
952547,Alma,Turner,alma.turner1688@gmail.com,319-417-3356x965,Buffalo,NY,United States,14201,2023-12-18
344316,Angela,Flórez,angela.flórez2024@hotmail.com,145 862 6532,Charlotte,nc,United States,28202,2025-09-09
444519,Amy,Lemus,amy.lemus9314@hotmail.com,,Guanajuato,Gj,mEx,36000,2025-07-09
911984,Ryan,Freeman,ryan.freeman5763@hotmail.com,001-492-095-8467x87681,Toronto,on,Canada,M5H2N2,2024-04-28
254721,Estefanía,Shields,estefanía.shields5565@hotmail.com,(137) 969-9714,San Jose,CA,USA,95101,2025-08-16
926952,Kimberly,Juarez,kimberly.juarez5427@gmail.com,001-795-607-1018x452,San Diego,CA,United States,92101,2026-03-05
724932,Enrique,Green,enrique.green2981@outlook.com,837-358-6552 x519,Coyoacan,Cm,mEx,04100,2026-03-03
102973,camilo,Orta,camilo.orta8236@outlook.com,1-188-613-2546,Leon,gj,mEx,37000,2025-09-03
390743,John,Beltrán,john.beltrán8364@hotmail.com,1-733-289-1238,Guadalajara,ja,Mexico,44100,2024-06-28
251716,Ángela,Patel,ángela.patel9693@gmail.com,,Coyoacan,cm,MEXICO,04100,2024-12-26
236306,Serafín,Ali,serafín.ali1305@gmail.com,(210)114-4139x6480,Orlando,Fl,usa,32801,2025-12-17
666456,Rosario,jiménez,rosario.jiménez2000@outlook.com,(012)836-2980x23884,Charlotte,nc,usa,28202,2025-02-24
362829,Wilfrido,Wallace,wilfrido.wallace6699@hotmail.com,(417)420-7889x7010,Charlotte,nc,USA,28202,2025-10-04
937302,Evelyn,Pérez,evelyn.pérez8472@hotmail.com,,Montreal,Qc,canada,H1A0A1,2025-11-05
282973,Christopher,Campos,christopher.campos3041@yahoo.com,727.315.7750x79778,Vancouver,BC,CANADA,V5K0A1,2024-07-11
215266,David,Pierce,david.pierce5618@hotmail.com,1 (625) 152-8330,Dallas,TX,UsA,75201,2025-09-15
793169,Jacob,Gonzalez,jacob.gonzalez4405@outlook.com,143.341.8640,Coyoacan,cm,mEx,04100,2025-09-12
127032,Nicole,Morton,nicole.morton9826@yahoo.com,,San Diego,Ca,usa,92101,2024-02-28
238205,María Eugenia,Paul,maríaeugenia.paul2564@hotmail.com,001-716-473-7672x062,Ottawa,ON,canada,K1A0B1,2024-08-20
115582,Teresa,Thomas,teresa.thomas5869@hotmail.com,842-250-9686x7177,Dallas,Tx,USA,75201,2025-12-09
475644,Sarah,Terry,sarah.terry1000@gmail.com,001-001-935-2430,San Jose,Ca,UsA,95101,2025-09-28
928358,Derek,Murphy,derek.murphy8872@yahoo.com,(440)118-7163x7095,Vancouver,Bc,CANADA,V5K0A1,2024-01-19
926730,bernabé,Guillen,bernabé.guillen8293@gmail.com,(629)170-7224x61388,Guanajuato,GJ,Mexico,36000,2026-04-07
349489,Enrique,Greene,enrique.greene6540@hotmail.com,,Dallas,Tx,usa,75201,2024-09-05
717457,Kimberly,del Río,kimberly.delrío7167@hotmail.com,,Coyoacan,CM,MEXICO,04100,2025-11-17
439498,Michael,Vallejo,michael.vallejo4898@gmail.com,716-642-8662x3053,New York,Ny,UsA,10001,2025-02-28
116547,Joaquín,Young,joaquín.young5856@outlook.com,(013)845-2790x57744,Victoria,bc,Canada,V8W1P6,2025-10-20
282710,Oscar,de la O,oscar.delao6329@yahoo.com,251-552-2048x677,Guadalajara,Ja,MEXICO,44100,2025-05-08
378258,Cody,Blackwell,cody.blackwell367@hotmail.com,,Orlando,FL,United States,32801,2025-03-12
154944,Charlotte,Joseph,charlotte.joseph4898@gmail.com,,Guanajuato,gj,MEXICO,36000,2024-03-12
232915,Lucía,Arroyo,lucía.arroyo5511@hotmail.com,1 (600) 871-7367,Leon,Gj,MEXICO,37000,2024-01-07
877747,Melanie,Holt,melanie.holt3445@outlook.com,(168) 588-5187,Coyoacan,CM,mEx,04100,2026-04-29
541409,Alicia,Douglas,alicia.douglas881@hotmail.com,(715)764-8209x918,Monterrey,Nl,Mexico,64000,2024-12-03
651640,Veronica,Daugherty,veronica.daugherty5457@outlook.com,(174)553-9121x221,Guadalajara,Ja,Mexico,44100,2025-10-10
219169,Mary,Roberts,mary.roberts8200@outlook.com,(703)376-0275,Orlando,fl,usa,32801,2024-03-07
881886,Christopher,Dillon,christopher.dillon3896@yahoo.com,1 (276) 458-3060,Guanajuato,Gj,mEx,36000,2026-01-03
166645,Julie,Camacho,julie.camacho726@yahoo.com,,Guanajuato,Gj,MEXICO,36000,2025-09-16
599380,Jaclyn,Harding,jaclyn.harding4948@hotmail.com,524-805-1943,Dallas,tx,United States,75201,2024-08-17
570050,Perla,Amaya,perla.amaya9110@outlook.com,(394)302-0178x0848,Montreal,qc,canada,H1A0A1,2024-09-16
915809,justin,May,justin.may6362@gmail.com,(117) 622-2881 x044,Guadalajara,JA,Mexico,44100,2025-02-21
479625,William,Treviño,william.treviño548@hotmail.com,1-593-339-6694x02064,Ottawa,On,canada,K1A0B1,2025-10-27
638169,Jennifer,Ruelas,jennifer.ruelas3873@hotmail.com,906-633-0294x5188,New York,nY,UsA,10001,2024-08-02
722503,mary,Perry,mary.perry8749@yahoo.com,992-146-1811x4264,Guanajuato,Gj,Mexico,36000,2026-01-10
214351,Abigail,Brown,abigail.brown5078@yahoo.com,1-229-057-2882,Charlotte,Nc,USA,28202,2024-10-17
573962,Russell,Matos,russell.matos3212@gmail.com,228 976 5023,Guadalajara,Ja,MEXICO,44100,2025-02-20
628313,Brandon,Acosta,brandon.acosta2974@hotmail.com,989-118-9522,Monterrey,Nl,MEXICO,64000,2026-02-05
332311,Marisol,Hansen,marisol.hansen1450@yahoo.com,(328)474-9221,Austin,Tx,USA,73301,2024-10-26
744986,Jermaine,Esquivel,jermaine.esquivel9300@yahoo.com,,New York,NY,usa,10001,2025-03-07
145471,Karen,Gómez,karen.gómez5195@outlook.com,073-277-6958,Orlando,Fl,United States,32801,2024-07-06
862569,Violeta,Watts,violeta.watts3377@gmail.com,0933034688,Guadalajara,jA,MEXICO,44100,2024-10-04
921273,Erik,Simon,erik.simon2717@gmail.com,,Ottawa,on,Canada,K1A0B1,2024-10-27
790909,Morgan,Thomas,morgan.thomas6377@gmail.com,814-752-8986,Los Angeles,Ca,UsA,90001,2025-04-08
646781,Antonio,Ponce,antonio.ponce8905@yahoo.com,(946) 038-4114,Charlotte,NC,UsA,28202,2025-02-04
416282,Virginia,Tran,virginia.tran2414@gmail.com,1-301-661-2331,Montreal,QC,CANADA,H1A0A1,2024-10-02
580292,isabela,Miller,isabela.miller2652@hotmail.com,,Raleigh,Nc,UsA,27601,2025-03-23
774591,Alfonso,White,alfonso.white3780@gmail.com,273-480-1686 x456,San Jose,CA,United States,95101,2024-07-22
132663,Renato,Warren,renato.warren870@gmail.com,(962)782-6226x86392,Dallas,TX,USA,75201,2025-01-10
163780,Sara,Li,sara.li5442@yahoo.com,174-359-2034,Monterrey,nl,mEx,64000,2024-05-24
602248,Daniel,Garcia,daniel.garcia411@hotmail.com,(918) 533-2774,Mexico City,cm,Mexico,01000,2026-01-30
988456,Tracy,Adame,tracy.adame70@hotmail.com,(925)813-7986,Monterrey,NL,mEx,64000,2024-10-14
521126,Violeta,Davis,violeta.davis2001@gmail.com,,Orlando,FL,USA,32801,2025-06-09
546980,Clara,Ward,clara.ward9551@hotmail.com,193.148.9281x63513,Houston,Tx,United States,77001,2025-04-18
819425,Norma,Lawson,norma.lawson8198@hotmail.com,,Coyoacan,cm,mEx,04100,2025-11-15
213206,Shannon,Calhoun,shannon.calhoun9098@outlook.com,(920) 002-7092,Coyoacan,cm,mEx,04100,2025-03-13
614084,John,Garcia,john.garcia9620@hotmail.com,843-065-0620x41806,Guadalajara,JA,Mexico,44100,2024-01-15
847006,Mitchell,Canales,mitchell.canales7393@outlook.com,,Houston,Tx,usa,77001,2024-03-29
565108,Camila,Pacheco,camila.pacheco9612@outlook.com,303.106.0107,Ottawa,ON,CANADA,K1A0B1,2024-03-04
177060,Lisa,baxter,lisa.baxter9738@outlook.com,,New York,Ny,UsA,10001,2026-03-31
184714,Heather,Atkins,heather.atkins6426@outlook.com,,Los Angeles,Ca,UsA,90001,2024-11-14
437758,Laura,Baker,laura.baker4851@outlook.com,695-945-1302x269,Monterrey,NL,MEXICO,64000,2025-05-03
737846,ricardo,Cross,ricardo.cross9669@yahoo.com,,Buffalo,NY,United States,14201,2024-07-11
255539,alicia,Evans,alicia.evans7256@hotmail.com,,Monterrey,NL,MEXICO,64000,2024-06-28
168872,Michael,Mcdowell,michael.mcdowell7276@gmail.com,(398)674-4382x52026,Guadalajara,ja,mEx,44100,2024-04-05
232321,Sean,delacruz,sean.delacruz8842@yahoo.com,+1-269-916-0887x1708,Raleigh,nc,United States,27601,2026-02-14
388375,Rufino,Carrillo,rufino.carrillo6573@gmail.com,,Austin,Tx,USA,73301,2025-10-27
754644,Lucas,Holden,lucas.holden6420@outlook.com,06151534143,Buffalo,Ny,USA,14201,2025-04-07
763829,Elizabeth,Durham,elizabeth.durham9105@outlook.com,398-082-8525 x622,Toronto,ON,Canada,M5H2N2,2025-07-15
713799,Mason,Eaton,mason.eaton2346@gmail.com,597-161-7547,Ottawa,on,canada,K1A0B1,2024-11-06
674993,Cristian,Caraballo,cristian.caraballo6503@gmail.com,475-219-1287x609,Buffalo,ny,USA,14201,2024-04-04
846746,James,Everett,james.everett5342@hotmail.com,,San Diego,ca,UsA,92101,2025-07-02
440981,Tomás,Oliver,tomás.oliver1250@outlook.com,,Guadalajara,JA,Mexico,44100,2025-07-13
499407,Kristen,weeks,kristen.weeks3190@yahoo.com,1-227-889-7378,Buffalo,Ny,United States,14201,2025-11-18
726410,Gary,rodriguez,gary.rodriguez348@yahoo.com,1-311-684-3808x0495,Austin,TX,UsA,73301,2024-12-04
656329,Teresa,Bell,teresa.bell2253@gmail.com,(489) 357-4758,Orlando,fl,usa,32801,2025-09-26
409222,Antonio,Bates,antonio.bates7329@outlook.com,6911118823,Toronto,ON,canada,M5H2N2,2025-05-31
575755,Wendolin,Cuellar,wendolin.cuellar3305@gmail.com,774-783-4587 x675,Halifax,ns,CANADA,B3H1Y2,2025-06-21
630108,Ryan,Ruiz,ryan.ruiz5499@hotmail.com,,New York,ny,United States,10001,2024-08-31
734836,Eduardo,Meraz,eduardo.meraz726@gmail.com,711 149 8108,Halifax,NS,CANADA,B3H1Y2,2024-04-14
551096,Jacqueline,yates,jacqueline.yates9214@yahoo.com,1-415-734-5846x5900,Charlotte,nc,UsA,28202,2026-04-10
203996,Robert,Montes,robert.montes1690@outlook.com,+74(9)0488211093,Miami,FL,United States,33101,2025-02-12
931621,Nathaniel,Stanton,nathaniel.stanton7646@outlook.com,,Raleigh,NC,usa,27601,2024-06-05
835869,Kenneth,Preciado,kenneth.preciado5667@gmail.com,(236)012-9345,Raleigh,Nc,UsA,27601,2025-12-15
219971,Armando,Hall,armando.hall4226@outlook.com,(524) 804-7598,Monterrey,Nl,MEXICO,64000,2025-03-18
994217,Olga,Wilson,olga.wilson6654@outlook.com,+14(3)1572482739,Guadalajara,ja,MEXICO,44100,2025-07-08
786516,magdalena,Arreola,magdalena.arreola4801@hotmail.com,348.100.1431,Dallas,TX,usa,75201,2023-12-10
782535,Anel,Medina,anel.medina2089@outlook.com,,Coyoacan,cm,Mexico,04100,2024-12-09
906315,Christine,Ford,christine.ford870@gmail.com,557 612 9512,Charlotte,NC,United States,28202,2025-10-26
678116,Robin,Chandler,robin.chandler7539@yahoo.com,,Dallas,Tx,UsA,75201,2024-11-01
855855,Gloria,Tran,gloria.tran3650@yahoo.com,,Mexico City,Cm,mEx,01000,2026-02-28
325468,Guadalupe,Reyes,guadalupe.reyes5293@hotmail.com,00575406980,Houston,TX,usa,77001,2024-08-12
550961,Todd,Roberts,todd.roberts4935@hotmail.com,(187)909-2938,Mexico City,cm,Mexico,01000,2025-08-11
573489,claudio,Paz,claudio.paz7427@hotmail.com,398.030.2507,Mexico City,cm,Mexico,01000,2026-04-11
339592,Kimberly,Aguirre,kimberly.aguirre4656@yahoo.com,+1-855-108-3698x889,Halifax,ns,CANADA,B3H1Y2,2025-11-22
533914,William,Wood,william.wood9354@yahoo.com,+1 (919) 390-1422,Ottawa,ON,CANADA,K1A0B1,2023-12-20
455395,Leticia,Lomeli,leticia.lomeli5682@yahoo.com,(611)924-3506,Miami,fl,USA,33101,2026-03-27
967611,Adrienne,Goodwin,adrienne.goodwin5577@yahoo.com,930-263-0605x464,Mexico City,cm,mEx,01000,2024-10-13
575528,Adriana,white,adriana.white9340@outlook.com,(570) 158-6649,Houston,Tx,United States,77001,2024-10-27
518098,Robert,Lindsey,robert.lindsey465@hotmail.com,(344) 457-2556,New York,Ny,United States,10001,2026-03-03
536196,Ruben,Deleon,ruben.deleon4902@outlook.com,8867323790,Leon,Gj,mEx,37000,2026-04-25
865054,Matthew,loya,matthew.loya7968@gmail.com,707.304.3979x2503,Dallas,Tx,United States,75201,2024-11-22
199704,Elias,Santos,elias.santos7708@gmail.com,(444) 785-3824 x608,Victoria,Bc,Canada,V8W1P6,2025-01-05
427730,Claudio,Galindo,claudio.galindo6711@yahoo.com,1 (182) 184-5005,Monterrey,NL,MEXICO,64000,2025-10-16
547494,Jeremy,Moreno,jeremy.moreno13@hotmail.com,(280)391-7030,Guanajuato,GJ,mEx,36000,2025-08-13
427704,Vicente,Barrera,vicente.barrera1268@outlook.com,+1-337-591-6345x047,Guadalajara,JA,MEXICO,44100,2026-01-22
797416,Vincent,Patrick,vincent.patrick6842@gmail.com,,Mexico City,CM,MEXICO,01000,2025-05-21
367271,Zachary,Smith,zachary.smith1878@hotmail.com,,Mexico City,Cm,MEXICO,01000,2025-06-01
492483,Beatriz,Nazario,beatriz.nazario9763@gmail.com,,Halifax,NS,canada,B3H1Y2,2025-01-13
260053,Todd,saunders,todd.saunders2558@hotmail.com,001-068-417-6807x421,Victoria,BC,CANADA,V8W1P6,2025-10-15
820184,Linda,Williams,linda.williams4633@gmail.com,(488)730-0239,New York,NY,USA,10001,2024-01-20
597305,Cristobal,Grijalva,cristobal.grijalva6083@gmail.com,1-638-519-6371,Montreal,qc,canada,H1A0A1,2025-03-17
170394,Paul,Owens,paul.owens6209@hotmail.com,(049)718-0191x8573,Orlando,Fl,United States,32801,2024-02-25
195656,Amanda,Young,amanda.young5988@hotmail.com,383-462-1810 x261,Guanajuato,GJ,MEXICO,36000,2025-10-02
972176,james,Arenas,james.arenas5671@hotmail.com,001-468-407-8879,Monterrey,nl,mEx,64000,2026-02-21
189511,Michelle,Petty,michelle.petty7882@gmail.com,7310722595,San Jose,Ca,UsA,95101,2025-10-20
197758,Cassandra,Diaz,cassandra.diaz6144@outlook.com,(033)781-2536x411,Los Angeles,Ca,United States,90001,2025-05-03
552855,Lourdes,Mercado,lourdes.mercado8527@hotmail.com,695.030.5990,Toronto,on,canada,M5H2N2,2024-08-11
201255,Lee,Fisher,lee.fisher5127@yahoo.com,264.249.2846x3375,Monterrey,NL,MEXICO,64000,2025-12-01
880758,Marco Antonio,de Anda,marcoantonio.deanda4448@hotmail.com,340-783-5626,San Diego,ca,usa,92101,2024-03-12
874683,Eric,Vaughn,eric.vaughn6623@gmail.com,+1-482-476-6246x224,Guadalajara,Ja,Mexico,44100,2024-12-16
490748,Lindsay,Gordon,lindsay.gordon8498@gmail.com,,Guadalajara,ja,MEXICO,44100,2023-12-13
951201,troy,Owen,troy.owen1881@yahoo.com,857-895-2665x167,San Diego,Ca,UsA,92101,2025-09-11
236435,Scott,Holt,scott.holt6405@outlook.com,,Ottawa,On,canada,K1A0B1,2024-10-06
683397,Christina,Willis,christina.willis8794@hotmail.com,+1-540-156-9331,Los Angeles,ca,United States,90001,2024-10-03
162894,Keith,aguirre,keith.aguirre2499@hotmail.com,00754632324,Mexico City,Cm,Mexico,01000,2025-08-10
714953,Justin,Walker,justin.walker1516@gmail.com,,Victoria,bc,CANADA,V8W1P6,2024-10-18
688866,Yuridia,Banks,yuridia.banks3464@outlook.com,(846)078-4486,Monterrey,NL,Mexico,64000,2026-01-12
688967,Brian,Gonzales,brian.gonzales5601@gmail.com,619.339.3758x53484,Charlotte,nC,United States,28202,2024-10-13
445658,Leonel,Stephens,leonel.stephens4504@gmail.com,,New York,Ny,UsA,10001,2025-05-23
802559,Brian,Rollins,brian.rollins6386@outlook.com,001-661-470-4301,Los Angeles,Ca,UsA,90001,2025-08-06
228168,trinidad,Nicholson,trinidad.nicholson7369@outlook.com,+83(5)3345113350,San Diego,CA,United States,92101,2025-08-10
530764,Wendy,Alonzo,wendy.alonzo4734@gmail.com,389-858-1166x928,Austin,TX,UsA,73301,2023-12-18
470774,Megan,terrell,megan.terrell9119@gmail.com,(580) 189-4255,Dallas,TX,United States,75201,2023-12-28
797660,Jack,Bell,jack.bell3701@hotmail.com,(270) 462-4766,Guadalajara,Ja,MEXICO,44100,2025-01-13
886730,Ilse,Roque,ilse.roque4451@outlook.com,1 (644) 991-3018,Guanajuato,gJ,Mexico,36000,2023-12-26
543481,Kelly,Hernandez,kelly.hernandez3636@hotmail.com,(721) 829-8775 x708,Buffalo,NY,UsA,14201,2025-05-24
856086,Melissa,Meyer,melissa.meyer854@gmail.com,999-979-9407,Los Angeles,Ca,usa,90001,2024-02-27
153945,Shannon,Campos,shannon.campos8504@outlook.com,395.463.8040x269,Guanajuato,Gj,mEx,36000,2024-05-14
401601,albert,Nevárez,albert.nevárez3837@outlook.com,171.477.9346x3305,Charlotte,Nc,USA,28202,2024-12-28
729575,Todd,Méndez,todd.méndez7826@hotmail.com,435-706-9162 x314,Montreal,Qc,canada,H1A0A1,2025-11-11
427626,Flavio,Díaz,flavio.díaz9178@outlook.com,,Orlando,fl,USA,32801,2025-04-04
468727,Adalberto,holt,adalberto.holt3956@outlook.com,(332)702-9610x8437,Montreal,Qc,canada,H1A0A1,2024-01-04
208633,Sarah,Espino,sarah.espino3752@outlook.com,119.814.3562,Coyoacan,cM,Mexico,04100,2024-11-12
705991,Brett,Warren,brett.warren9709@hotmail.com,601-233-0943,New York,Ny,usa,10001,2025-04-11
632060,Carla,Frank,carla.frank1623@hotmail.com,(968)107-4385x96668,Austin,Tx,USA,73301,2025-08-10
323072,Abigail,Barrios,abigail.barrios879@gmail.com,001-549-198-4529,Ottawa,ON,CANADA,K1A0B1,2026-01-28
262246,brandon,singh,brandon.singh9592@hotmail.com,844-931-9093,Toronto,ON,Canada,M5H2N2,2024-02-28
788637,Nicolás,Iglesias,nicolás.iglesias3166@outlook.com,(558) 003-1163,Los Angeles,CA,UsA,90001,2024-04-09
605612,Dustin,Robinson,dustin.robinson8091@hotmail.com,,Houston,Tx,usa,77001,2025-12-12
335137,Erica,Butler,erica.butler2232@yahoo.com,+1-484-806-6355,Mexico City,CM,mEx,01000,2024-04-03
988432,José Emilio,Sáenz,joséemilio.sáenz477@yahoo.com,(398) 849-3341 x178,Guadalajara,JA,MEXICO,44100,2024-08-01
213475,Lorenzo,Quezada,lorenzo.quezada7577@hotmail.com,(449)561-3832x86100,Monterrey,NL,MEXICO,64000,2025-07-08
467121,Karen,Austin,karen.austin6592@hotmail.com,,Vancouver,bc,canada,V5K0A1,2025-07-20
986438,Allison,Wilson,allison.wilson6791@outlook.com,1-991-335-7089x010,Raleigh,nc,UsA,27601,2026-01-24
683286,Samuel,Byrd,samuel.byrd3618@gmail.com,001-457-245-8631,Montreal,Qc,CANADA,H1A0A1,2025-04-25
485415,Kristina,Sierra,kristina.sierra915@hotmail.com,249.883.1919,Coyoacan,CM,Mexico,04100,2024-11-29
220465,Jenna,Garica,jenna.garica3857@hotmail.com,492 333 1601,Mexico City,cM,mEx,01000,2025-12-12
899649,Robert,hahn,robert.hahn110@yahoo.com,1-253-770-6681,Houston,TX,UsA,77001,2026-01-27
392099,Maximiliano,Perry,maximiliano.perry5175@outlook.com,08763744705,New York,Ny,usa,10001,2025-10-29
701987,David,Melgar,david.melgar7472@gmail.com,1-437-188-6846x21809,Los Angeles,cA,UsA,90001,2025-02-14
337144,Heather,Sanches,heather.sanches3364@yahoo.com,+1-013-448-1806,Los Angeles,ca,United States,90001,2025-12-30
946432,Renato,Wallace,renato.wallace8377@hotmail.com,001-278-197-5481x145,Monterrey,Nl,MEXICO,64000,2025-12-03
549956,Christopher,Aranda,christopher.aranda5786@outlook.com,+1-667-216-9470x886,Monterrey,NL,Mexico,64000,2025-08-23
986209,William,Godínez,william.godínez1137@hotmail.com,001-128-760-5935x6699,Coyoacan,cm,MEXICO,04100,2025-01-09
688215,Esther,Quezada,esther.quezada1498@gmail.com,+1 (395) 970-9998,Los Angeles,CA,usa,90001,2025-11-05
904711,Anthony,Trujillo,anthony.trujillo781@gmail.com,001-872-127-1480x859,Leon,gj,mEx,37000,2024-01-09
958182,Diana,Pichardo,diana.pichardo2333@outlook.com,(257) 601-8492 x963,Charlotte,NC,UsA,28202,2026-01-24
751924,Óliver,Stewart,óliver.stewart3623@gmail.com,(633) 504-5802,Monterrey,NL,MEXICO,64000,2025-10-23
743378,Sara,Garcia,sara.garcia4141@gmail.com,,Los Angeles,Ca,UsA,90001,2023-12-05
807764,Christian,valdivia,christian.valdivia5394@gmail.com,+1 (515) 904-1480,Raleigh,nc,United States,27601,2025-07-23
773918,brian,Johnson,brian.johnson9992@hotmail.com,(857)326-0531,Miami,fl,United States,33101,2024-11-02
683783,Matthew,Cisneros,matthew.cisneros9056@gmail.com,(728)002-1532,Orlando,fl,usa,32801,2024-07-28
127529,Cristal,de Jesús,cristal.dejesús2857@outlook.com,515-289-6223x73106,Miami,FL,United States,33101,2024-03-28
738577,Melinda,Collado,melinda.collado7586@hotmail.com,225-892-9409,Dallas,tx,United States,75201,2025-02-28
789786,Brooke,Graham,brooke.graham8744@gmail.com,110.727.7246,Charlotte,nC,United States,28202,2026-02-26
969752,Martha,Williams,martha.williams4834@outlook.com,(896)288-6030x61644,Houston,Tx,UsA,77001,2025-02-26
827157,Rosario,Abreu,rosario.abreu3087@hotmail.com,,Buffalo,Ny,usa,14201,2025-03-23
380439,Matthew,Williams,matthew.williams1438@hotmail.com,650-729-9124x88080,Monterrey,NL,Mexico,64000,2026-02-25
130359,Rosa,Guerrero,rosa.guerrero3301@hotmail.com,(504)289-3083x878,Ottawa,on,canada,K1A0B1,2025-03-14
289179,Alfredo,Gurule,alfredo.gurule9613@yahoo.com,1-441-717-3039,Mexico City,CM,MEXICO,01000,2024-08-09
386544,Megan,Henderson,megan.henderson6455@gmail.com,,Montreal,Qc,CANADA,H1A0A1,2025-06-06
836833,Sessa,Martinez,sessa.martinez9189@hotmail.com,+1-671-400-8648x21317,Leon,gj,MEXICO,37000,2025-03-23
899444,violeta,orozco,violeta.orozco3887@hotmail.com,371.750.4461x77672,Monterrey,Nl,mEx,64000,2024-10-16
423993,Tiffany,cook,tiffany.cook6603@yahoo.com,548-023-2777,Guanajuato,Gj,mEx,36000,2025-09-30
456331,Edgar,Ojeda,edgar.ojeda4246@yahoo.com,868-712-1615x583,Orlando,Fl,United States,32801,2025-03-18
468074,José Luis,Cortez,joséluis.cortez8141@outlook.com,(700)833-9886x13427,Guadalajara,Ja,Mexico,44100,2024-10-09
106402,elena,Briggs,elena.briggs1604@hotmail.com,1 (435) 090-8438,Ottawa,on,canada,K1A0B1,2025-10-04
290217,Tomás,Robles,tomás.robles2435@yahoo.com,(111)271-1751,San Diego,ca,USA,92101,2025-01-22
250210,Berta,rodriguez,berta.rodriguez3069@yahoo.com,(276)676-9481x146,Leon,GJ,mEx,37000,2024-06-18
693830,Kimberly,Solorzano,kimberly.solorzano1948@outlook.com,1212283270,New York,ny,USA,10001,2024-04-10
789275,Kimberly,Nelson,kimberly.nelson5403@gmail.com,1-423-931-7698x574,Orlando,fl,United States,32801,2024-05-01
520252,Kimberly,Collins,kimberly.collins5066@outlook.com,,San Diego,CA,UsA,92101,2024-03-23
172965,Dulce,Casárez,dulce.casárez1528@yahoo.com,(749)159-9976,Vancouver,Bc,canada,V5K0A1,2023-12-31
248766,Kimberly,Adams,kimberly.adams8865@yahoo.com,1-519-777-7696x75885,Guadalajara,Ja,mEx,44100,2025-06-23
876962,Eugenia,Dunn,eugenia.dunn5306@outlook.com,+1-555-967-3678,Halifax,Ns,canada,B3H1Y2,2023-12-07
763928,Delia,Villagómez,delia.villagómez3546@yahoo.com,1-511-237-1449,Guadalajara,JA,mEx,44100,2025-10-25
132146,Antonio,Martin,antonio.martin6559@hotmail.com,468.899.8860x4421,Mexico City,CM,Mexico,01000,2025-11-02
196214,Esteban,Anderson,esteban.anderson383@hotmail.com,304.527.8408,Houston,tX,United States,77001,2025-12-08
882354,jill,Martinez,jill.martinez3421@outlook.com,+1-423-125-6834,Miami,fl,United States,33101,2024-12-26
656251,Iván,Ware,iván.ware3789@gmail.com,(742)422-0114,San Jose,ca,United States,95101,2023-12-03
325583,Todd,Cowan,todd.cowan691@gmail.com,,Houston,tx,UsA,77001,2025-02-28
494468,Daniel,White,daniel.white5311@hotmail.com,(549)213-6546x47000,Halifax,ns,Canada,B3H1Y2,2025-01-13
540226,Noelia,Prado,noelia.prado423@gmail.com,,Houston,TX,usa,77001,2024-08-21
575682,Juan Carlos,Ozuna,juancarlos.ozuna4436@hotmail.com,(602)131-8304,Guadalajara,JA,MEXICO,44100,2025-02-09
457455,Diego,Villaseñor,diego.villaseñor5614@yahoo.com,693.122.5350x0720,New York,Ny,UsA,10001,2025-04-20
265055,Rodney,Ball,rodney.ball4467@hotmail.com,(659) 237-3272 x862,Leon,gJ,Mexico,37000,2024-04-24
488028,Reina,Mcknight,reina.mcknight9810@yahoo.com,001-325-262-0215x35671,Montreal,QC,CANADA,H1A0A1,2025-09-20
426775,john,Arnold,john.arnold8073@gmail.com,+1 (925) 490-0373,Montreal,qc,CANADA,H1A0A1,2025-05-11
856648,Jacobo,Polanco,jacobo.polanco7733@outlook.com,300.994.8219,Houston,TX,USA,77001,2026-01-18
440140,Noelia,Vergara,noelia.vergara4425@gmail.com,,Halifax,NS,CANADA,B3H1Y2,2025-06-22
914571,julio,Harvey,julio.harvey7722@gmail.com,491.213.2332x179,Halifax,NS,canada,B3H1Y2,2024-05-23
695164,Miguel,ramos,miguel.ramos4674@gmail.com,001-605-918-4216x1213,Buffalo,Ny,UsA,14201,2025-08-03
725185,Bernabé,Wagner,bernabé.wagner5367@gmail.com,(119)549-5302,Guadalajara,Ja,Mexico,44100,2026-03-14
189083,Michelle,Ortega,michelle.ortega2435@outlook.com,+96(9)9912705682,Buffalo,ny,USA,14201,2024-01-03
155164,Cindy,Burgos,cindy.burgos9881@hotmail.com,1-364-077-4657,San Jose,Ca,USA,95101,2025-08-05
263137,Graciela,Nicholson,graciela.nicholson5678@yahoo.com,1-576-685-4071x5214,Guanajuato,Gj,MEXICO,36000,2025-09-25
265056,Joseph,Gonzalez,joseph.gonzalez3461@hotmail.com,634-254-8218x991,San Diego,ca,USA,92101,2025-03-14
891083,Tom,Hoover,tom.hoover9961@hotmail.com,(455)722-6862x6318,Victoria,BC,CANADA,V8W1P6,2024-10-23
747850,Emily,chavez,emily.chavez5951@outlook.com,1-549-044-8447,New York,Ny,United States,10001,2025-05-11
152179,Adela,Watson,adela.watson5825@hotmail.com,601.465.0362,Dallas,tX,USA,75201,2024-06-05
806707,Larry,Ritter,larry.ritter1791@gmail.com,,Miami,Fl,United States,33101,2025-05-31
185544,Daniel,Irizarry,daniel.irizarry5268@yahoo.com,,Buffalo,ny,United States,14201,2025-04-26
385320,Isaac,Thompson,isaac.thompson4506@gmail.com,,Vancouver,bc,canada,V5K0A1,2024-05-07
564637,josé eduardo,Campbell,joséeduardo.campbell4858@yahoo.com,,Raleigh,NC,United States,27601,2025-12-05
794093,Robin,Snyder,robin.snyder8845@outlook.com,(333) 877-1810,Vancouver,bc,canada,V5K0A1,2024-03-16
544611,James,kaufman,james.kaufman3001@hotmail.com,087.311.3847,Guanajuato,gj,MEXICO,36000,2026-04-01
609253,Donald,Rolón,donald.rolón7455@hotmail.com,,Buffalo,Ny,UsA,14201,2026-01-15
736565,Juan,Alexander,juan.alexander2232@yahoo.com,926-575-6676x85814,Los Angeles,CA,USA,90001,2025-11-12
563516,Araceli,Pérez,araceli.pérez4083@gmail.com,964-237-5064,Leon,Gj,mEx,37000,2025-08-10
534303,Mark,baker,mark.baker5901@hotmail.com,1-567-174-3084,Buffalo,ny,United States,14201,2026-03-10
386436,Larry,nevárez,larry.nevárez5179@yahoo.com,9899387428,Coyoacan,Cm,Mexico,04100,2024-08-11
326040,Darío,Crosby,darío.crosby8062@gmail.com,653.664.6528,Dallas,Tx,usa,75201,2025-02-01
891615,robert,Prado,robert.prado235@hotmail.com,001-121-614-8183,Los Angeles,CA,UsA,90001,2025-01-30
637234,Bradley,Saucedo,bradley.saucedo6576@hotmail.com,983-319-0502,Orlando,FL,United States,32801,2024-05-18
219346,Christopher,Ingram,christopher.ingram8574@hotmail.com,001-408-470-1126x05829,Victoria,Bc,canada,V8W1P6,2025-07-26
461939,Cristina,Ceballos,cristina.ceballos8727@outlook.com,532.198.5947,Halifax,NS,CANADA,B3H1Y2,2024-07-13
550797,Melinda,Tejeda,melinda.tejeda2611@gmail.com,427-308-2771,Victoria,Bc,Canada,V8W1P6,2026-02-14
216276,Joseph,Howell,joseph.howell5537@yahoo.com,(954)375-8557x2647,Guadalajara,JA,MEXICO,44100,2024-08-06
397005,Chelsea,Benjamin,chelsea.benjamin7171@gmail.com,,San Jose,ca,USA,95101,2024-08-29
811163,Rhonda,Jones,rhonda.jones3161@yahoo.com,,Halifax,NS,Canada,B3H1Y2,2024-08-17
811444,Rosalia,Lara,rosalia.lara998@yahoo.com,+1-303-574-1677x15247,Dallas,tx,USA,75201,2025-06-16
721946,Jonathan,Bañuelos,jonathan.bañuelos2497@outlook.com,+1 (760) 082-3082,New York,ny,UsA,10001,2025-03-14
610271,Amanda,Pruitt,amanda.pruitt8806@gmail.com,1-433-860-1075x4132,Ottawa,On,canada,K1A0B1,2025-09-21
652530,Ralph,Richardson,ralph.richardson4564@outlook.com,+1 (376) 975-5640,Monterrey,nl,MEXICO,64000,2024-05-31
799539,Rebecca,Magaña,rebecca.magaña7623@hotmail.com,1-013-649-9568x144,Toronto,on,CANADA,M5H2N2,2025-08-21
423401,Brandi,Lopez,brandi.lopez394@outlook.com,(436)067-4933x209,Orlando,fl,USA,32801,2025-07-12
147623,Anne,Rosado,anne.rosado6160@yahoo.com,156.608.2646x23412,Mexico City,CM,mEx,01000,2025-06-14
331230,benjamín,Franco,benjamín.franco3580@yahoo.com,+1-099-157-6282x91150,Toronto,on,CANADA,M5H2N2,2025-10-02
514463,rafaél,Olson,rafaél.olson6242@outlook.com,+44(3)1363193787,Guadalajara,Ja,mEx,44100,2025-04-20
728437,Pascual,Lozada,pascual.lozada5614@outlook.com,,Raleigh,nc,United States,27601,2025-02-26
157443,Kelsey,Brady,kelsey.brady2629@outlook.com,173.640.9583x052,Orlando,FL,UsA,32801,2025-10-15
108060,Amy,Anguiano,amy.anguiano9999@yahoo.com,174-752-7514,Vancouver,Bc,Canada,V5K0A1,2024-01-31
314353,Carla,Mcdonald,carla.mcdonald4294@hotmail.com,(110)413-3460,San Jose,Ca,United States,95101,2024-06-11
416061,Stephanie,Alcántar,stephanie.alcántar4662@outlook.com,02282982138,Halifax,ns,Canada,B3H1Y2,2024-09-22
321494,Karen,Kane,karen.kane9039@gmail.com,+08(5)4419381829,Ottawa,On,CANADA,K1A0B1,2025-07-04
904624,Brianna,Soria,brianna.soria3878@yahoo.com,(442) 219-8130,San Diego,CA,United States,92101,2024-06-26
243901,Dalia,arevalo,dalia.arevalo3512@hotmail.com,1 (766) 280-1049,Dallas,tx,UsA,75201,2024-08-01
901280,david,Garcia,david.garcia1415@yahoo.com,001-873-663-8964x93866,Houston,Tx,United States,77001,2024-05-15
367931,Miguel,Garcia,miguel.garcia5906@yahoo.com,03493673609,Toronto,ON,CANADA,M5H2N2,2024-05-06
403507,Kyle,Weber,kyle.weber3390@gmail.com,+1-601-026-4090,Houston,tx,UsA,77001,2024-01-25
444061,David,Ball,david.ball8977@gmail.com,461.424.4878x27132,San Diego,CA,usa,92101,2026-03-12
225812,Citlali,hart,citlali.hart4080@outlook.com,,Los Angeles,CA,UsA,90001,2024-02-17
108105,brooke,Ray,brooke.ray7435@outlook.com,001-674-583-2185x004,Raleigh,nC,USA,27601,2024-07-19
621546,roger,Luna,roger.luna8151@gmail.com,1-495-541-3367x877,New York,Ny,UsA,10001,2026-04-16
883301,Magdalena,Wilson,magdalena.wilson6956@hotmail.com,,Austin,Tx,UsA,73301,2025-08-03
551574,Mitzy,Thomas,mitzy.thomas7557@gmail.com,001-124-475-5361x1590,Guadalajara,JA,Mexico,44100,2025-07-16
284229,Carmen,Ball,carmen.ball2992@yahoo.com,+1-622-590-6125x108,Coyoacan,Cm,mEx,04100,2024-09-18
235461,Jennifer,Hill,jennifer.hill9467@hotmail.com,1-554-158-8376x6808,Vancouver,bc,CANADA,V5K0A1,2024-12-17
498676,Michelle,Caldwell,michelle.caldwell1874@hotmail.com,,Guanajuato,gj,Mexico,36000,2025-02-11
658453,Vincent,Marks,vincent.marks3155@yahoo.com,,Monterrey,nl,mEx,64000,2024-08-18
837852,Brad,Henderson,brad.henderson7058@hotmail.com,,Guanajuato,gj,Mexico,36000,2024-04-12
341288,Brenda,Thomas,brenda.thomas9423@hotmail.com,3676940657,New York,Ny,United States,10001,2025-05-09
624563,Mitchell,Bryant,mitchell.bryant2921@gmail.com,(436)997-7278x3881,San Jose,CA,United States,95101,2025-01-28
685864,Jorge,baker,jorge.baker3249@hotmail.com,(967)809-6216x049,Guadalajara,JA,mEx,44100,2024-11-14
973835,Brian,Hernandez,brian.hernandez4044@hotmail.com,291-584-4375 x516,Orlando,fl,UsA,32801,2025-03-07
800499,James,Hernandez,james.hernandez5158@outlook.com,,Miami,Fl,UsA,33101,2023-12-30
945362,Nicole,Miller,nicole.miller2256@yahoo.com,(633)148-8782,Houston,TX,UsA,77001,2024-08-30
471371,Hernán,Mojica,hernán.mojica3403@hotmail.com,,Vancouver,BC,CANADA,V5K0A1,2024-10-28
175576,Mayte,Taylor,mayte.taylor9906@gmail.com,1 (685) 703-8895,Montreal,qc,canada,H1A0A1,2026-03-02
516359,Rhonda,Villa,rhonda.villa9208@outlook.com,1-292-662-2034,Halifax,NS,Canada,B3H1Y2,2025-11-07
878086,Luis,Rivera,luis.rivera2034@outlook.com,,Monterrey,Nl,MEXICO,64000,2026-01-05
144357,Mary,Campbell,mary.campbell7799@outlook.com,,Guadalajara,JA,Mexico,44100,2024-03-24
557409,Zoe,Ramos,zoe.ramos4663@outlook.com,(389)269-0067x40124,Coyoacan,cm,MEXICO,04100,2024-07-05
119651,Dominique,Davis,dominique.davis7970@gmail.com,+60(3)2643504059,Monterrey,Nl,Mexico,64000,2025-03-21
582087,José,Quezada,josé.quezada5536@hotmail.com,+1-347-221-2107x4472,Mexico City,Cm,MEXICO,01000,2024-10-04
181644,Laura,Beasley,laura.beasley4018@outlook.com,+1-686-003-4202x422,Leon,gj,MEXICO,37000,2024-07-06
428267,Inés,Chen,inés.chen9401@gmail.com,+1-605-288-4006,Monterrey,Nl,mEx,64000,2024-09-06
703727,Jessica,Hines,jessica.hines1061@hotmail.com,,Montreal,Qc,Canada,H1A0A1,2025-12-08
550137,Chad,Nguyen,chad.nguyen6576@outlook.com,850-866-9968,New York,ny,United States,10001,2026-01-15
701253,Gloria,Ponce,gloria.ponce8020@yahoo.com,,Guadalajara,Ja,MEXICO,44100,2024-06-07
524068,Alison,Cornejo,alison.cornejo8120@hotmail.com,1 (197) 599-7447,Buffalo,ny,usa,14201,2024-08-05
843963,Michael,Porter,michael.porter9092@gmail.com,001-352-803-4726,Miami,FL,UsA,33101,2025-10-12
771237,Melanie,Irizarry,melanie.irizarry3331@yahoo.com,,Guadalajara,JA,mEx,44100,2024-10-10
537983,Anel,Peters,anel.peters7740@gmail.com,,Monterrey,NL,mEx,64000,2024-01-17
403578,Lucía,Montalvo,lucía.montalvo7122@yahoo.com,(721) 850-0471,New York,NY,USA,10001,2024-09-05
220768,Nadia,Galindo,nadia.galindo4989@hotmail.com,,Leon,Gj,mEx,37000,2024-01-30
524707,Kathryn,Charles,kathryn.charles7716@hotmail.com,1-320-336-5973,Guanajuato,gj,MEXICO,36000,2024-03-15
121869,Andrea,Carrera,andrea.carrera662@yahoo.com,(884)758-8803x368,Guanajuato,Gj,Mexico,36000,2025-01-10
440544,Veronica,Rodriguez,veronica.rodriguez4190@outlook.com,+1 (750) 633-6431,Vancouver,BC,CANADA,V5K0A1,2025-12-02
280222,Autumn,Thompson,autumn.thompson1418@hotmail.com,+1-080-433-2855x1206,Ottawa,On,CANADA,K1A0B1,2025-04-04
940247,Michael,Rocha,michael.rocha9417@gmail.com,155.390.9385,Mexico City,CM,MEXICO,01000,2026-01-24
748151,Matthew,Dean,matthew.dean4225@yahoo.com,(968) 410-7844,Monterrey,nl,mEx,64000,2024-04-22
582446,Raymond,Jones,raymond.jones580@yahoo.com,,New York,NY,United States,10001,2025-06-09
972442,Sessa,Ryan,sessa.ryan3350@hotmail.com,179-799-2203,Halifax,ns,CANADA,B3H1Y2,2024-04-05
823108,Lindsay,Morrison,lindsay.morrison2096@outlook.com,(287)232-3712,Victoria,Bc,Canada,V8W1P6,2025-02-23
479430,Rodolfo,Arce,rodolfo.arce9362@hotmail.com,08296737855,Raleigh,Nc,usa,27601,2024-10-05
192410,Denise,Dean,denise.dean3645@hotmail.com,001-098-320-1462x085,Vancouver,bc,CANADA,V5K0A1,2024-04-27
557925,Gerónimo,Alonzo,gerónimo.alonzo3346@outlook.com,+1-279-643-8976,Montreal,QC,Canada,H1A0A1,2025-08-09
985506,María Eugenia,Brown,maríaeugenia.brown3900@yahoo.com,1-047-729-0913x037,Guadalajara,jA,mEx,44100,2026-02-25
211005,jose,Drake,jose.drake8586@hotmail.com,(079)609-0900,Mexico City,Cm,mEx,01000,2025-01-31
355135,José María,Irizarry,josémaría.irizarry2332@outlook.com,001-547-707-1266x6906,Coyoacan,Cm,Mexico,04100,2024-10-13
556839,Sonia,Roberts,sonia.roberts6561@yahoo.com,,Buffalo,ny,USA,14201,2025-08-02
717476,carlos,Gilmore,carlos.gilmore5700@outlook.com,,Guanajuato,Gj,Mexico,36000,2024-02-15
519902,sandra,Jones,sandra.jones1492@gmail.com,414-128-2625x10522,Coyoacan,cm,mEx,04100,2025-10-18
649414,Robert,Olivera,robert.olivera3357@yahoo.com,1-735-816-8243,Monterrey,nL,mEx,64000,2025-06-30
182467,Benjamin,Nieto,benjamin.nieto9507@gmail.com,944.365.6164x26449,Charlotte,nC,United States,28202,2026-01-04
514991,Thomas,Riggs,thomas.riggs9137@yahoo.com,196.118.6708,Monterrey,Nl,Mexico,64000,2025-04-09
425346,Isaac,Smith,isaac.smith4795@outlook.com,1-110-351-5156,Mexico City,cm,Mexico,01000,2025-12-02
882033,Perla,Morse,perla.morse3497@yahoo.com,03580291525,Buffalo,Ny,USA,14201,2025-04-27
456005,Brandon,Green,brandon.green9063@yahoo.com,(565) 482-4944 x506,Coyoacan,cm,mEx,04100,2024-09-06
332335,Richard,Villa,richard.villa3512@gmail.com,113.292.8244,Orlando,FL,UsA,32801,2024-09-13
449247,Linda,Brown,linda.brown4115@hotmail.com,208.966.3452,Monterrey,NL,MEXICO,64000,2024-11-29
916964,rolando,Holt,rolando.holt738@yahoo.com,1 (819) 993-6274,Mexico City,cm,Mexico,01000,2024-10-02
276299,Diana,Allen,diana.allen7051@gmail.com,887.285.3468x95263,Mexico City,CM,mEx,01000,2024-01-15
180089,Arturo,Key,arturo.key6698@gmail.com,1-061-355-1784x85848,Victoria,Bc,Canada,V8W1P6,2024-10-17
635280,David,Brown,david.brown6572@gmail.com,520-141-2103x1854,Monterrey,NL,Mexico,64000,2024-05-20
763984,jacqueline,Segura,jacqueline.segura511@gmail.com,(375) 667-7879,Guanajuato,GJ,MEXICO,36000,2024-03-04
219565,Violeta,Chavarría,violeta.chavarría9955@gmail.com,307 187 6453,Coyoacan,CM,mEx,04100,2024-11-09
656379,Gabriela,Nevárez,gabriela.nevárez9444@hotmail.com,+1-788-829-1303,Charlotte,NC,United States,28202,2025-04-08
634723,Gerónimo,Stanley,gerónimo.stanley3343@yahoo.com,(932)493-5960x3930,Charlotte,Nc,United States,28202,2025-04-16
303322,Lisa,Nelson,lisa.nelson2302@gmail.com,479 581 1627,Ottawa,on,Canada,K1A0B1,2025-06-29
913934,Joaquín,Mccullough,joaquín.mccullough7832@gmail.com,,Halifax,Ns,canada,B3H1Y2,2024-05-07
466346,Israel,Taylor,israel.taylor2971@hotmail.com,,Montreal,qc,Canada,H1A0A1,2025-01-01
468154,Anthony,Harris,anthony.harris1805@gmail.com,001-097-446-1561x073,Leon,GJ,Mexico,37000,2025-10-14
862712,Adán,Estévez,adán.estévez3206@gmail.com,(565) 145-9710 x615,Vancouver,BC,CANADA,V5K0A1,2025-12-07
958729,Shawn,Wolfe,shawn.wolfe5585@hotmail.com,09919715134,San Diego,CA,United States,92101,2025-07-19
776796,Graciela,black,graciela.black4722@outlook.com,001-369-810-6694,Montreal,QC,Canada,H1A0A1,2026-02-19
954628,Amy,Cowan,amy.cowan9123@gmail.com,+24(8)4599370325,Mexico City,CM,MEXICO,01000,2025-11-18
254864,michael,Griffin,michael.griffin3869@outlook.com,151.732.2929,Raleigh,Nc,United States,27601,2026-03-19
347745,Margarita,Gilbert,margarita.gilbert7484@outlook.com,265.064.2553,Coyoacan,Cm,MEXICO,04100,2025-09-30
207798,Denise,saldaña,denise.saldaña2345@gmail.com,1 (213) 399-6821,Buffalo,nY,UsA,14201,2024-06-01
253557,Camilo,de la Garza,camilo.delagarza6399@gmail.com,,Austin,TX,UsA,73301,2026-04-26
368402,Conchita,Quiñónez,conchita.quiñónez4809@hotmail.com,,New York,ny,UsA,10001,2024-04-11
306854,Lisa,Griffin,lisa.griffin8850@hotmail.com,(434)754-8542x4852,Guadalajara,Ja,mEx,44100,2025-06-14
281926,Delia,Lopez,delia.lopez2579@hotmail.com,(403)097-1158,Guadalajara,Ja,mEx,44100,2024-04-14
731661,Margaret,Barry,margaret.barry3328@outlook.com,028.970.1799,San Jose,Ca,usa,95101,2025-08-06
260295,James,Johnson,james.johnson5563@yahoo.com,101.333.6196,Coyoacan,Cm,Mexico,04100,2026-01-24
897143,Christopher,Llamas,christopher.llamas273@outlook.com,(627)399-3156,Austin,tx,USA,73301,2024-04-08
896028,Carmen,Jones,carmen.jones9481@outlook.com,,Toronto,ON,canada,M5H2N2,2025-11-15
787351,Wayne,Luna,wayne.luna3645@outlook.com,635.001.7898x7262,Ottawa,ON,CANADA,K1A0B1,2026-01-19
179013,Christina,Robinson,christina.robinson8699@yahoo.com,+1-313-905-8708x3672,Monterrey,NL,MEXICO,64000,2024-03-21
285751,José,Gallegos,josé.gallegos2665@hotmail.com,497 079 5734,Toronto,ON,Canada,M5H2N2,2025-10-26
910389,Jason,Gomez,jason.gomez2089@hotmail.com,1-183-233-9928,Orlando,fl,USA,32801,2026-01-05
758452,Holly,Kirby,holly.kirby5275@yahoo.com,875-582-0091x384,Montreal,qc,CANADA,H1A0A1,2023-12-26
618119,Ruben,Ingram,ruben.ingram8639@yahoo.com,1 (236) 314-5162,Los Angeles,cA,UsA,90001,2025-03-29
586490,Fidel,Harris,fidel.harris8113@outlook.com,1-709-159-5086x1520,Guadalajara,ja,Mexico,44100,2025-09-01
891093,Ashley,Chavarría,ashley.chavarría6391@outlook.com,356-969-7276,Leon,gj,mEx,37000,2024-04-10
691119,Leslie,Carrión,leslie.carrión4315@yahoo.com,624.639.3906,San Diego,Ca,usa,92101,2024-11-29
896788,Karen,Webb,karen.webb3355@yahoo.com,491.478.3973x3043,Raleigh,NC,usa,27601,2024-07-20
707616,Mariana,Stephens,mariana.stephens7658@gmail.com,038.938.7552x536,Dallas,Tx,USA,75201,2024-09-27
570711,Tyrone,Montez,tyrone.montez9037@hotmail.com,297-088-1745x705,Raleigh,NC,UsA,27601,2024-01-24
814220,Sharon,Fernández,sharon.fernández4181@yahoo.com,020-917-0331x9598,Vancouver,Bc,CANADA,V5K0A1,2024-01-16
691912,Heidi,Harper,heidi.harper5268@outlook.com,256-984-3778,Houston,TX,usa,77001,2025-12-19
774225,Esther,Fernandez,esther.fernandez8133@outlook.com,(835)869-4234,Victoria,Bc,canada,V8W1P6,2023-12-13
766158,Espartaco,Cordova,espartaco.cordova2534@gmail.com,,Buffalo,ny,United States,14201,2025-07-17
754858,Gabriela,Gonzalez,gabriela.gonzalez7215@yahoo.com,1-128-787-4506,Raleigh,nc,United States,27601,2024-10-02
438908,Georgina,taylor,georgina.taylor6592@hotmail.com,+1 (923) 825-2944,Halifax,Ns,Canada,B3H1Y2,2024-03-06
757685,Violeta,Mclaughlin,violeta.mclaughlin4541@gmail.com,(964)312-3994x8292,Dallas,TX,usa,75201,2024-03-10
431495,Travis,Wood,travis.wood7663@gmail.com,839.897.8337,Miami,fl,UsA,33101,2024-08-15
258290,Natividad,Guzman,natividad.guzman5922@outlook.com,505-502-2551,Toronto,oN,CANADA,M5H2N2,2026-01-11
561124,Michelle,Williams,michelle.williams9441@hotmail.com,1 (692) 506-4140,Los Angeles,cA,UsA,90001,2024-12-09
171603,ana,Sims,ana.sims5057@gmail.com,1-442-565-7273x2047,Monterrey,NL,MEXICO,64000,2025-09-29
591699,Jonathan,Morris,jonathan.morris9959@gmail.com,150 345 1282,Leon,GJ,Mexico,37000,2024-03-06
563688,Aldonza,Kramer,aldonza.kramer4@outlook.com,1-446-740-2489x98839,Los Angeles,cA,USA,90001,2026-01-15
762055,Jennifer,Morris,jennifer.morris6452@gmail.com,,Miami,Fl,UsA,33101,2025-11-20
417530,Lucas,Tafoya,lucas.tafoya5614@hotmail.com,825.894.4672x25403,Coyoacan,Cm,mEx,04100,2025-10-13
935012,Joy,Patrick,joy.patrick739@yahoo.com,485-715-2329,Buffalo,ny,United States,14201,2024-12-07
388016,Elizabeth,Garza,elizabeth.garza7684@gmail.com,846.711.6446x66576,Guadalajara,jA,MEXICO,44100,2024-06-18
720148,David,White,david.white1571@hotmail.com,038.844.0993,Buffalo,Ny,United States,14201,2026-03-16
158900,Erika,Ordóñez,erika.ordóñez9017@hotmail.com,+1-496-669-2117x863,Guadalajara,JA,Mexico,44100,2024-11-20
469038,Mónica,Parker,mónica.parker3188@hotmail.com,+1 (615) 543-8413,Guadalajara,ja,mEx,44100,2025-01-09
631981,Blanca,Ferguson,blanca.ferguson5486@hotmail.com,(126) 611-8985,Guadalajara,Ja,mEx,44100,2026-01-01
177794,Amanda,Gutiérrez,amanda.gutiérrez4141@outlook.com,08794301020,Orlando,Fl,USA,32801,2025-02-26
425486,Juan,Trujillo,juan.trujillo8589@hotmail.com,316-168-3409x301,Monterrey,NL,Mexico,64000,2025-02-24
584172,michael,Marrero,michael.marrero3538@yahoo.com,125-102-6118 x294,Miami,fl,United States,33101,2024-08-10
573866,pilar,Ramos,pilar.ramos479@hotmail.com,001-257-401-1122x125,Guadalajara,Ja,Mexico,44100,2024-11-25
139434,Christopher,serrato,christopher.serrato1694@gmail.com,,New York,ny,UsA,10001,2025-09-07
159653,Margaret,Owens,margaret.owens6997@outlook.com,848.744.9282,Guadalajara,ja,Mexico,44100,2026-04-20
486649,Elvira,Arce,elvira.arce9743@yahoo.com,,New York,Ny,United States,10001,2024-01-24
972097,Óliver,Peterson,óliver.peterson8738@gmail.com,301-939-1891x367,Los Angeles,Ca,UsA,90001,2025-04-01
401022,Angélica,Carter,angélica.carter356@hotmail.com,1 (551) 840-9744,Guadalajara,Ja,mEx,44100,2025-11-22
180458,Daniel,Nichols,daniel.nichols3006@hotmail.com,+1 (412) 152-0499,Monterrey,nl,mEx,64000,2025-02-16
775981,Casey,Joseph,casey.joseph8877@gmail.com,,Montreal,Qc,Canada,H1A0A1,2024-07-11
996840,Nancy,Thompson,nancy.thompson9638@outlook.com,,Mexico City,cm,Mexico,01000,2025-04-24
194682,Paul,Macías,paul.macías8017@gmail.com,1-281-399-0929,Guadalajara,Ja,Mexico,44100,2023-12-31
744883,Nicholas,Burns,nicholas.burns8813@outlook.com,(754)094-3049x097,Leon,GJ,Mexico,37000,2024-08-17
722937,Sarah,Chandler,sarah.chandler4666@gmail.com,,Guanajuato,GJ,Mexico,36000,2025-05-10
631699,Paul,Mathis,paul.mathis8292@yahoo.com,,Charlotte,Nc,USA,28202,2025-12-27
503159,Trinidad,Cruz,trinidad.cruz4375@outlook.com,,Buffalo,Ny,USA,14201,2023-12-25
585188,Phillip,Jimenez,phillip.jimenez84@outlook.com,1-210-853-2494x1726,Austin,Tx,USA,73301,2024-06-29
708519,Martha,Castillo,martha.castillo3209@yahoo.com,+91(2)0389323377,Toronto,on,canada,M5H2N2,2026-04-19
681242,antonio,Kirby,antonio.kirby9719@gmail.com,,Guanajuato,GJ,Mexico,36000,2025-10-30
930281,Sean,Kaufman,sean.kaufman9983@outlook.com,1-314-142-7528x14481,Monterrey,NL,mEx,64000,2024-04-10
874814,Minerva,Ortega,minerva.ortega6300@yahoo.com,,San Jose,CA,United States,95101,2025-07-03
143015,Deborah,Caldera,deborah.caldera8458@outlook.com,(664) 497-5119 x024,San Diego,ca,usa,92101,2026-03-30
571579,Jennifer,Molina,jennifer.molina1387@yahoo.com,1-038-319-4297,Halifax,ns,canada,B3H1Y2,2024-09-07
949153,Lisa,Armas,lisa.armas5983@hotmail.com,(984)273-7188x8332,Raleigh,NC,usa,27601,2024-11-11
699425,Kimberly,Puente,kimberly.puente5380@outlook.com,664-428-8654,Mexico City,Cm,Mexico,01000,2026-03-24
783501,Israel,Marrero,israel.marrero5331@gmail.com,7854089318,Halifax,Ns,Canada,B3H1Y2,2024-07-31
297383,Sarah,Orta,sarah.orta5773@yahoo.com,(972) 224-6046,San Diego,CA,USA,92101,2025-10-10
437145,Donna,Clark,donna.clark8138@hotmail.com,045-889-4091x7862,Buffalo,NY,USA,14201,2024-07-10
734394,Jordan,Castro,jordan.castro7906@hotmail.com,793-745-4044,Guadalajara,Ja,mEx,44100,2025-08-06
598733,Homero,Esquivel,homero.esquivel4345@gmail.com,(610)847-7053,Raleigh,nC,UsA,27601,2024-03-30
625721,Elsa,wilson,elsa.wilson2765@hotmail.com,1 (528) 605-1043,Orlando,FL,usa,32801,2024-04-05
258189,Kelly,Mora,kelly.mora1029@outlook.com,,Dallas,tx,usa,75201,2024-03-15
164879,Ricardo,Mathews,ricardo.mathews3943@outlook.com,(179)895-0903x1256,Mexico City,Cm,mEx,01000,2026-02-28
572407,Aurelio,Guerrero,aurelio.guerrero7925@hotmail.com,(064)334-6570x34171,San Diego,Ca,United States,92101,2024-10-04
208529,Jos,lutz,jos.lutz3292@gmail.com,(342) 064-8511 x267,Toronto,On,Canada,M5H2N2,2024-03-05
950360,Robert,Taylor,robert.taylor3975@gmail.com,655 331 5162,Montreal,Qc,CANADA,H1A0A1,2025-10-26
978053,John,Mcdonald,john.mcdonald9785@gmail.com,1-289-017-0325,Los Angeles,ca,UsA,90001,2024-09-17
460120,Bianca,Adams,bianca.adams3558@hotmail.com,844-977-8254x551,San Jose,ca,UsA,95101,2025-05-15
849014,Arturo,Barreto,arturo.barreto7370@gmail.com,622-029-0526,San Jose,ca,usa,95101,2026-04-12
188425,Carlos,Acosta,carlos.acosta4817@yahoo.com,725-470-1677 x189,San Jose,ca,UsA,95101,2024-10-10
629057,Cynthia,Naranjo,cynthia.naranjo2728@hotmail.com,1-290-399-2712,San Diego,Ca,United States,92101,2025-10-30
777513,Jennifer,Patton,jennifer.patton6360@hotmail.com,(304) 704-0866,Montreal,qc,CANADA,H1A0A1,2025-08-23
280941,Cody,Taylor,cody.taylor5095@yahoo.com,1 (756) 514-8160,Halifax,ns,CANADA,B3H1Y2,2026-01-16
141043,Jill,Aparicio,jill.aparicio8510@gmail.com,,Raleigh,nc,USA,27601,2025-07-13
359778,Santiago,Jiménez,santiago.jiménez4363@hotmail.com,001-734-825-1875x9087,Austin,tx,USA,73301,2024-07-23
841995,Steven,de la Torre,steven.delatorre6778@hotmail.com,,Leon,Gj,mEx,37000,2025-04-27
559022,Anthony,Smith,anthony.smith5334@hotmail.com,695.471.6226,San Diego,Ca,UsA,92101,2025-04-28
560767,elizabeth,Shaffer,elizabeth.shaffer6482@hotmail.com,(432) 845-1145 x327,Mexico City,Cm,Mexico,01000,2025-01-28
649525,Michele,Hodges,michele.hodges7118@outlook.com,(471) 562-0675,Dallas,TX,usa,75201,2024-05-03
648141,Richard,Wright,richard.wright6041@yahoo.com,+1 (174) 886-3988,Raleigh,Nc,United States,27601,2026-03-03
739427,María Luisa,Madden,maríaluisa.madden8968@outlook.com,(592)177-7780x71181,Buffalo,ny,USA,14201,2025-11-26
266457,Randall,Sanches,randall.sanches8028@gmail.com,+1-943-691-0236x90274,Guadalajara,JA,mEx,44100,2024-01-11
481574,Nicole,Galvan,nicole.galvan1336@outlook.com,1-911-015-6457x463,Ottawa,ON,canada,K1A0B1,2025-08-24
490963,donna,Krueger,donna.krueger7033@gmail.com,,Coyoacan,cm,Mexico,04100,2024-10-15
396635,Omar,Bétancourt,omar.bétancourt658@hotmail.com,1-720-473-3587x9812,Buffalo,ny,United States,14201,2025-01-15
506235,Alexander,Howard,alexander.howard7324@yahoo.com,,Guadalajara,JA,MEXICO,44100,2024-04-08
528625,Gary,Gilbert,gary.gilbert6524@gmail.com,+1-582-781-1998x11972,Leon,Gj,mEx,37000,2025-05-06
912085,Monica,Bates,monica.bates6898@hotmail.com,,New York,NY,UsA,10001,2026-01-04
454803,Nelly,yang,nelly.yang5837@hotmail.com,303.596.9204,Dallas,tx,United States,75201,2026-01-30
811875,Rufino,Oquendo,rufino.oquendo9812@yahoo.com,,Houston,tx,USA,77001,2026-01-17
726928,Minerva,Walker,minerva.walker9548@outlook.com,,Vancouver,Bc,Canada,V5K0A1,2025-02-25
154909,Jacob,West,jacob.west2424@outlook.com,(867)970-3899x9008,Leon,Gj,MEXICO,37000,2025-10-31
927564,James,Morales,james.morales1062@outlook.com,241.678.0952x42065,San Jose,CA,United States,95101,2025-08-13
761532,Debra,Boyer,debra.boyer6827@yahoo.com,001-328-365-7158,Dallas,Tx,usa,75201,2024-06-16
778748,Zoé,Vallejo,zoé.vallejo4318@yahoo.com,971.345.4326,Mexico City,CM,mEx,01000,2023-12-11
450905,Deborah,Thomas,deborah.thomas2780@yahoo.com,,Halifax,NS,Canada,B3H1Y2,2025-03-04
169113,Citlali,Flores,citlali.flores6144@gmail.com,103-177-4710x57787,Halifax,ns,Canada,B3H1Y2,2026-01-20
445705,Teodoro,Martinez,teodoro.martinez9662@gmail.com,938.041.9017x86031,Toronto,ON,canada,M5H2N2,2025-07-25
199096,mateo,Snow,mateo.snow4223@outlook.com,1-752-523-4892,Buffalo,Ny,usa,14201,2026-03-27
685066,lance,Kelly,lance.kelly6262@outlook.com,(829) 469-7764,Miami,fL,usa,33101,2025-02-08
811332,Taylor,Casares,taylor.casares428@yahoo.com,,Dallas,TX,United States,75201,2025-06-27
505341,Patrick,Saldaña,patrick.saldaña7144@gmail.com,530-111-1891x555,Mexico City,CM,MEXICO,01000,2024-02-07
397949,Benjamin,Sellers,benjamin.sellers6656@yahoo.com,(176) 206-5145,Montreal,QC,canada,H1A0A1,2026-03-23
364236,Shelby,Young,shelby.young6320@yahoo.com,,Guadalajara,jA,MEXICO,44100,2025-10-02
858889,Michele,Cohen,michele.cohen5210@outlook.com,242-183-3863,Montreal,qc,Canada,H1A0A1,2024-01-07
992931,Tiffany,Moses,tiffany.moses9322@hotmail.com,,Mexico City,cm,mEx,01000,2024-01-15
788457,Matthew,Valdez,matthew.valdez8601@hotmail.com,+1-253-081-2366,Buffalo,ny,United States,14201,2025-04-15
731977,Jonás,Lopez,jonás.lopez7392@yahoo.com,(049)339-1084x193,Montreal,Qc,CANADA,H1A0A1,2025-06-16
257677,Kristy,Atkins,kristy.atkins7696@gmail.com,474-877-0643x789,Austin,tx,United States,73301,2025-11-13
449555,Leonel,Palomino,leonel.palomino8043@gmail.com,(077)728-1096,Guanajuato,gj,Mexico,36000,2024-12-13
185461,José Eduardo,Anderson,joséeduardo.anderson9123@yahoo.com,729-470-3131,Los Angeles,ca,usa,90001,2024-07-25
711046,Wendy,ortiz,wendy.ortiz9802@outlook.com,508 533 9507,Orlando,FL,USA,32801,2025-06-24
795847,Alexis,Rangel,alexis.rangel9349@yahoo.com,,New York,ny,UsA,10001,2025-05-06
248298,Michael,Arenas,michael.arenas7199@outlook.com,,Leon,Gj,mEx,37000,2025-11-09
466813,Emiliano,Pollard,emiliano.pollard2057@outlook.com,687-225-2303x2011,Montreal,QC,Canada,H1A0A1,2025-11-06
425301,Rebecca,Carrera,rebecca.carrera2588@gmail.com,841-956-8532x640,Buffalo,nY,usa,14201,2025-03-06
787923,Thomas,Ledesma,thomas.ledesma1646@hotmail.com,981-519-5995 x808,Halifax,Ns,canada,B3H1Y2,2023-12-17
832409,Manuel,Lerma,manuel.lerma1740@gmail.com,,Leon,gj,MEXICO,37000,2025-07-30
794299,Christopher,Doyle,christopher.doyle23@gmail.com,,Leon,GJ,MEXICO,37000,2025-08-29
510997,Christine,Becerra,christine.becerra5259@yahoo.com,(331)144-0614,Toronto,ON,canada,M5H2N2,2025-12-03
235215,Shaun,jones,shaun.jones1516@hotmail.com,016.741.6582x34860,Mexico City,Cm,mEx,01000,2024-09-16
723945,Ronald,Barnes,ronald.barnes4107@hotmail.com,290.226.9572x37316,Monterrey,Nl,Mexico,64000,2025-04-15
843266,Helena,Jones,helena.jones1017@outlook.com,,New York,NY,UsA,10001,2024-01-21
188834,Marcus,Bennett,marcus.bennett1776@hotmail.com,+1-775-807-2302x04506,Charlotte,NC,USA,28202,2023-12-01
424620,Camila,Simpson,camila.simpson6275@gmail.com,,Dallas,TX,usa,75201,2024-09-02
686072,Rosario,Barrett,rosario.barrett203@yahoo.com,091.822.0215x05041,Houston,Tx,usa,77001,2025-06-18
494976,Tomás,Maynard,tomás.maynard9271@gmail.com,(939)979-7230x336,New York,ny,USA,10001,2024-02-26
774751,Esperanza,Lewis,esperanza.lewis9955@outlook.com,1 (497) 061-8540,Mexico City,CM,Mexico,01000,2026-03-15
930117,Gregorio,Hidalgo,gregorio.hidalgo2760@hotmail.com,001-669-871-2595x668,Guanajuato,GJ,Mexico,36000,2025-03-06
444432,Billy,Cano,billy.cano5034@hotmail.com,1-639-772-9632,Los Angeles,CA,usa,90001,2025-08-31
952686,Luisa,Villagómez,luisa.villagómez9829@gmail.com,455-070-7511 x712,Charlotte,NC,UsA,28202,2024-10-15
234001,Jerry,Benitez,jerry.benitez9171@gmail.com,,Charlotte,Nc,USA,28202,2024-07-10
802667,Amalia,Stephenson,amalia.stephenson2999@outlook.com,,Orlando,fl,usa,32801,2025-01-08
836971,Cynthia,Nevárez,cynthia.nevárez165@yahoo.com,814.290.9659,Buffalo,nY,United States,14201,2026-03-13
969226,Dustin,Green,dustin.green3243@hotmail.com,244-995-3947,Guadalajara,Ja,Mexico,44100,2025-06-05
874661,andrew,Hunt,andrew.hunt2925@outlook.com,,Montreal,qc,CANADA,H1A0A1,2024-01-06
818709,Luis Manuel,Mata,luismanuel.mata8079@yahoo.com,(210) 253-1842 x932,Mexico City,Cm,Mexico,01000,2025-02-15
651963,Laurie,Valladares,laurie.valladares9710@yahoo.com,601-940-7300 x350,Miami,fl,usa,33101,2025-11-16
197992,Adriana,Goodwin,adriana.goodwin8377@yahoo.com,,Austin,tx,UsA,73301,2025-06-15
777406,Rebecca,Bustos,rebecca.bustos3806@outlook.com,,Montreal,QC,CANADA,H1A0A1,2025-08-20
803024,William,Zavala,william.zavala9719@yahoo.com,810.021.6369x58944,Leon,gj,MEXICO,37000,2024-01-28
543973,Linda,Johnson,linda.johnson9152@outlook.com,928-397-4112,San Diego,CA,USA,92101,2026-02-09
633188,Isaac,Jimenez,isaac.jimenez1159@yahoo.com,+1-342-369-7657x84521,Buffalo,Ny,United States,14201,2025-08-17
479404,Rosalia,Hughes,rosalia.hughes6075@outlook.com,7257630112,Halifax,NS,CANADA,B3H1Y2,2024-10-31
119116,Brandon,Jennings,brandon.jennings5807@gmail.com,,Ottawa,ON,CANADA,K1A0B1,2025-01-24
480211,Daniel,Olivera,daniel.olivera7027@yahoo.com,+1 (457) 998-7633,Guanajuato,Gj,MEXICO,36000,2024-01-01
423869,Brooke,Williams,brooke.williams2305@yahoo.com,1-894-647-7079,San Diego,Ca,United States,92101,2025-11-26
289019,Tomás,Guajardo,tomás.guajardo7232@gmail.com,,Houston,tx,usa,77001,2026-04-30
324597,joshua,Burgess,joshua.burgess5197@hotmail.com,156.486.8425,Buffalo,NY,usa,14201,2025-08-12
458332,Mitchell,Godoy,mitchell.godoy3945@gmail.com,,Houston,Tx,United States,77001,2023-12-28
903373,Sonia,Morris,sonia.morris8965@outlook.com,1-432-459-5593x2217,Charlotte,NC,USA,28202,2024-10-07
609892,Bruno,Macias,bruno.macias4290@hotmail.com,(739)457-5745,Miami,fl,USA,33101,2026-01-16
301332,Amy,Daniel,amy.daniel4590@yahoo.com,081.846.1119,Orlando,fl,usa,32801,2024-10-08
337547,tanya,simmons,tanya.simmons341@outlook.com,,Los Angeles,Ca,United States,90001,2024-06-22
244247,Erica,Rodriguez,erica.rodriguez4972@yahoo.com,+1 (396) 935-1008,Dallas,tx,USA,75201,2025-08-03
262471,Brianna,Barrios,brianna.barrios1258@hotmail.com,(153) 096-8428 x145,Guadalajara,ja,mEx,44100,2024-02-04
180913,randall,Soria,randall.soria9937@gmail.com,473-938-3223x8912,Raleigh,nc,United States,27601,2024-09-10
410160,Wanda,Jordan,wanda.jordan5228@outlook.com,+1 (797) 875-6607,Guadalajara,JA,MEXICO,44100,2025-12-24
985447,Teresa,Reynoso,teresa.reynoso8170@hotmail.com,02213048901,Monterrey,NL,mEx,64000,2025-04-10
926403,Zeferino,Morgan,zeferino.morgan8837@outlook.com,287.769.6840,Raleigh,Nc,usa,27601,2025-08-07
206053,Colleen,Green,colleen.green4124@gmail.com,,Austin,tx,UsA,73301,2023-12-09
632351,rachel,Esquivel,rachel.esquivel7515@outlook.com,913-137-3757x350,San Jose,Ca,usa,95101,2026-01-12
908320,Mark,Gonzalez,mark.gonzalez8457@hotmail.com,029.203.0293x33557,Orlando,fl,USA,32801,2026-02-26
665990,Glenn,Chen,glenn.chen150@outlook.com,383-493-5962x158,San Jose,CA,United States,95101,2026-02-09
975686,Rodney,Cantú,rodney.cantú8806@gmail.com,,Orlando,FL,usa,32801,2025-06-18
874524,Bailey,Beltrán,bailey.beltrán2441@hotmail.com,463 718 0491,Guadalajara,jA,Mexico,44100,2025-11-12
652108,Nathan,sullivan,nathan.sullivan1925@hotmail.com,8677349300,Raleigh,nc,United States,27601,2025-11-09
139581,Shawn,Serrano,shawn.serrano6164@hotmail.com,718.156.5420x3187,Miami,Fl,United States,33101,2026-01-11
794083,Jesus,Echeverría,jesus.echeverría7247@yahoo.com,644.178.6447,San Diego,Ca,United States,92101,2024-03-17
453123,Jason,Tamez,jason.tamez4016@yahoo.com,1 (703) 926-9800,Vancouver,Bc,Canada,V5K0A1,2025-05-06
903531,Heather,Carvajal,heather.carvajal932@gmail.com,+1-569-092-0340x156,Dallas,tx,USA,75201,2024-11-27
748052,Audrey,Caballero,audrey.caballero5165@gmail.com,,Guadalajara,JA,mEx,44100,2024-08-21
237414,Francisco Javier,carpenter,franciscojavier.carpenter190@hotmail.com,(329)445-7685,Los Angeles,CA,United States,90001,2024-12-04
726258,Asunción,Ellison,asunción.ellison6945@hotmail.com,(446)470-9849,Houston,tx,usa,77001,2025-10-16
495019,Kimberly,Davidson,kimberly.davidson5123@outlook.com,+1-236-482-3603x76958,Orlando,Fl,usa,32801,2024-10-18
261745,Diana,Hill,diana.hill6042@gmail.com,1 (742) 971-1244,Buffalo,Ny,United States,14201,2024-06-05
270128,Crystal,Guajardo,crystal.guajardo5699@gmail.com,+16(2)2613005184,Houston,tx,United States,77001,2024-11-09
289630,Richard,Barron,richard.barron9600@hotmail.com,,Buffalo,Ny,USA,14201,2024-12-01
971728,Lisa,Cantu,lisa.cantu4481@hotmail.com,307.430.6080x53390,Orlando,Fl,United States,32801,2024-01-19
826501,Alta  Gracia,Espinal,altagracia.espinal6393@outlook.com,682-825-1807,Coyoacan,Cm,mEx,04100,2026-03-01
908554,Mariana,White,mariana.white9216@outlook.com,,Buffalo,NY,United States,14201,2025-07-19
755087,robert,Salinas,robert.salinas5906@outlook.com,,Houston,tx,United States,77001,2024-03-04
948343,Evelio,Valdez,evelio.valdez2316@outlook.com,1-748-558-4812,Montreal,qc,canada,H1A0A1,2025-10-15
273580,Amanda,Olson,amanda.olson3566@yahoo.com,751-708-0286x154,Buffalo,Ny,USA,14201,2025-10-21
856215,Carrie,Turner,carrie.turner3978@hotmail.com,1 (767) 531-0911,Halifax,Ns,CANADA,B3H1Y2,2024-08-25
558933,María José,Gallardo,maríajosé.gallardo8308@gmail.com,1-288-932-4904,Orlando,Fl,USA,32801,2025-02-22
145814,Edward,Robinson,edward.robinson388@yahoo.com,567-735-4388x16662,Toronto,on,canada,M5H2N2,2024-12-31
530816,shawn,Laboy,shawn.laboy663@outlook.com,1-519-954-5782,Buffalo,NY,USA,14201,2025-06-18
481995,Melanie,Zamora,melanie.zamora2151@yahoo.com,1-083-450-2839,Monterrey,Nl,Mexico,64000,2026-02-20
809217,Kyle,Carr,kyle.carr3380@yahoo.com,(439) 554-1206,Monterrey,nL,Mexico,64000,2025-12-18
854540,Omar,Lawrence,omar.lawrence1308@outlook.com,(044)294-2357x1506,New York,ny,USA,10001,2024-02-08
349068,Reynaldo,Bennett,reynaldo.bennett6314@hotmail.com,,Austin,Tx,United States,73301,2024-12-04
565776,Rodney,pitts,rodney.pitts9303@yahoo.com,(484) 373-7558 x633,Guadalajara,Ja,Mexico,44100,2025-04-01
740255,Courtney,Morales,courtney.morales1728@yahoo.com,+1-712-109-3790x91303,Vancouver,BC,CANADA,V5K0A1,2024-10-14
398768,Christina,Córdova,christina.córdova6114@gmail.com,(708) 128-7550 x729,Leon,GJ,mEx,37000,2024-05-03
888939,Mariano,Olivas,mariano.olivas1987@outlook.com,(553)734-0002x797,San Jose,Ca,UsA,95101,2026-01-29
884897,Miranda,Cherry,miranda.cherry8456@hotmail.com,,Houston,TX,USA,77001,2024-05-20
921874,maría josé,Rascón,maríajosé.rascón50@outlook.com,,San Jose,Ca,United States,95101,2024-07-14
570735,Miguel,Perea,miguel.perea5728@hotmail.com,283.690.4489x08984,San Diego,CA,usa,92101,2025-07-11
345369,Karen,Hart,karen.hart7172@yahoo.com,,Ottawa,oN,Canada,K1A0B1,2025-03-01
659951,Bryan,Sullivan,bryan.sullivan2201@gmail.com,001-609-558-6717x4777,Raleigh,Nc,United States,27601,2025-10-29
350786,Jacqueline,Garcia,jacqueline.garcia3169@outlook.com,001-967-498-8875x301,Halifax,NS,canada,B3H1Y2,2026-02-10
424500,Jennifer,Meza,jennifer.meza9171@hotmail.com,00021540306,Montreal,Qc,CANADA,H1A0A1,2024-10-18
947903,Judy,Woodard,judy.woodard7156@hotmail.com,538-910-2134 x390,Leon,gj,MEXICO,37000,2024-07-29
922471,Nicole,reyes,nicole.reyes2624@outlook.com,424-051-0598,Montreal,qc,canada,H1A0A1,2024-08-09
591798,Brian,Jones,brian.jones9654@yahoo.com,303-125-3076x6885,Coyoacan,Cm,mEx,04100,2026-02-13
975679,Salvador,ramírez,salvador.ramírez3614@yahoo.com,(145)779-3834,Monterrey,NL,Mexico,64000,2024-12-07
303440,Amanda,rodgers,amanda.rodgers9054@outlook.com,(692)796-8100,Guadalajara,JA,mEx,44100,2024-07-27
485709,Michael,wilkerson,michael.wilkerson8842@gmail.com,,Miami,fl,UsA,33101,2025-09-30
811256,Michael,Sampson,michael.sampson4029@hotmail.com,762-017-5332,Mexico City,cM,MEXICO,01000,2025-06-01
698128,Mitzy,scott,mitzy.scott8165@gmail.com,7938695963,Raleigh,NC,usa,27601,2026-02-14
561999,Sandra,Brooks,sandra.brooks1300@hotmail.com,,Dallas,Tx,UsA,75201,2024-02-23
584106,Alejandro,Sandoval,alejandro.sandoval1300@outlook.com,,Montreal,QC,CANADA,H1A0A1,2024-10-28
906814,Aaron,Williams,aaron.williams8835@hotmail.com,335.803.8048,Orlando,fl,United States,32801,2024-08-13
395459,Carrie,Pugh,carrie.pugh9371@yahoo.com,5790631098,Raleigh,nc,United States,27601,2024-10-17
915922,Michelle,Flores,michelle.flores2272@gmail.com,341-242-8992 x733,Mexico City,Cm,mEx,01000,2025-03-09
500422,Micaela,Scott,micaela.scott6224@hotmail.com,(945) 028-7641 x139,Coyoacan,cm,MEXICO,04100,2024-02-25
627335,Frederick,Butler,frederick.butler7375@hotmail.com,,Buffalo,NY,UsA,14201,2026-04-30
653081,Alexa,alcala,alexa.alcala5604@yahoo.com,1 (675) 187-2139,Buffalo,ny,United States,14201,2025-04-16
538997,Gonzalo,Leiva,gonzalo.leiva2202@hotmail.com,,Coyoacan,Cm,Mexico,04100,2024-05-19
269930,José Manuél,Tamayo,josémanuél.tamayo6786@yahoo.com,1-277-625-2758,New York,nY,usa,10001,2024-01-05
956572,Michael,Jackson,michael.jackson3313@gmail.com,931-780-0805,Buffalo,NY,USA,14201,2025-07-03
309398,Jessica,King,jessica.king8329@outlook.com,(739) 889-3566,Houston,Tx,usa,77001,2025-05-19
940181,Joseph,Cardenas,joseph.cardenas6434@gmail.com,(161) 205-6928 x966,Guanajuato,Gj,mEx,36000,2025-03-10
734035,Angela,Mcdonald,angela.mcdonald3273@hotmail.com,794-156-8948,Victoria,Bc,canada,V8W1P6,2025-08-24
245121,Esparta,Collazo,esparta.collazo8802@hotmail.com,001-153-525-4083x6533,Monterrey,nl,mEx,64000,2025-10-29
362147,Ofelia,Nieto,ofelia.nieto7081@yahoo.com,106.977.7638,Mexico City,Cm,mEx,01000,2025-11-20
154714,Teresa,Anaya,teresa.anaya7072@outlook.com,,Charlotte,nc,UsA,28202,2025-04-06
772324,Jennifer,Taylor,jennifer.taylor8102@gmail.com,(589)281-9271,Mexico City,Cm,MEXICO,01000,2025-12-28
603935,Nicholas,Manzanares,nicholas.manzanares1653@yahoo.com,1-618-218-5775,Vancouver,Bc,canada,V5K0A1,2025-12-18
489244,Marisol,Walters,marisol.walters585@gmail.com,770 514 7658,Monterrey,nl,MEXICO,64000,2024-07-05
681478,Salvador,Hurst,salvador.hurst6280@yahoo.com,(885)707-0620x067,Halifax,NS,Canada,B3H1Y2,2024-01-24
207573,Robert,Rincón,robert.rincón1074@outlook.com,,Montreal,Qc,Canada,H1A0A1,2026-01-10
845957,howard,Franklin,howard.franklin9835@yahoo.com,001-505-587-8083x083,San Diego,CA,United States,92101,2024-04-22
986982,Matthew,Brooks,matthew.brooks198@hotmail.com,(058)644-5415x5805,Miami,Fl,USA,33101,2024-04-11
640970,Miguel,Cervántez,miguel.cervántez5623@outlook.com,194-023-5530x88488,Montreal,qc,Canada,H1A0A1,2024-11-10
992512,Tracy,Thomas,tracy.thomas6384@hotmail.com,1 (765) 920-2966,Miami,fl,USA,33101,2025-08-13
230734,Laura,Hill,laura.hill5665@gmail.com,,Dallas,tx,USA,75201,2025-07-06
398910,Michael,Sisneros,michael.sisneros5416@yahoo.com,,New York,ny,United States,10001,2026-03-31
187949,Brent,Velazquez,brent.velazquez1797@yahoo.com,,Charlotte,Nc,usa,28202,2025-03-18
900185,Amanda,Gutierrez,amanda.gutierrez3064@yahoo.com,(025)272-1032x2497,Ottawa,On,CANADA,K1A0B1,2024-02-29
268099,Bradley,Solis,bradley.solis3533@hotmail.com,412-093-6941 x870,San Jose,ca,United States,95101,2024-08-15
386042,Benjamín,Benitez,benjamín.benitez2462@yahoo.com,,Austin,tx,usa,73301,2024-05-09
571145,Alvaro,Lewis,alvaro.lewis9857@yahoo.com,251-890-7909,Coyoacan,CM,Mexico,04100,2025-10-12
638289,Sheryl,Salgado,sheryl.salgado7797@hotmail.com,,Monterrey,nl,Mexico,64000,2025-04-04
254506,stephanie,Guerrero,stephanie.guerrero6901@yahoo.com,617.926.5217x7409,Raleigh,nc,usa,27601,2026-03-22
971415,Carolyn,Romo,carolyn.romo1984@hotmail.com,980.125.4659,Ottawa,ON,CANADA,K1A0B1,2024-12-10
558723,Augusto,Díaz,augusto.díaz9279@outlook.com,,Buffalo,NY,United States,14201,2026-02-12
196168,Ryan,Curiel,ryan.curiel6475@outlook.com,078.147.6825x63163,Vancouver,bc,Canada,V5K0A1,2024-04-09
332823,Thomas,Allison,thomas.allison6034@yahoo.com,(555)465-1259x88831,San Jose,CA,usa,95101,2024-02-10
956375,robert,Lopez,robert.lopez7732@gmail.com,820.129.1032x0537,Dallas,tx,United States,75201,2023-12-17
573041,Aurora,Gross,aurora.gross3117@yahoo.com,(084)140-6576,Victoria,Bc,CANADA,V8W1P6,2025-01-07
466566,Valerie,Waters,valerie.waters9694@outlook.com,(727)917-1335x6509,Raleigh,nc,usa,27601,2026-01-08
127965,violeta,Terán,violeta.terán7182@yahoo.com,132-137-6536 x060,Guadalajara,Ja,MEXICO,44100,2025-06-28
535050,Cristobal,Mendoza,cristobal.mendoza6693@yahoo.com,,New York,NY,usa,10001,2024-11-08
155843,Evelio,Nash,evelio.nash3021@hotmail.com,(628)234-7148x09556,Monterrey,nl,mEx,64000,2025-03-03
515712,Ashley,Magaña,ashley.magaña6765@yahoo.com,001-452-735-8321x60509,Victoria,bc,Canada,V8W1P6,2026-02-07
626392,Luz,Huffman,luz.huffman6819@hotmail.com,106 763 7906,Victoria,bC,Canada,V8W1P6,2025-06-12
492127,Tonya,Lerma,tonya.lerma8519@hotmail.com,,Buffalo,Ny,usa,14201,2023-12-20
347231,Timothy,Villareal,timothy.villareal5309@hotmail.com,,Victoria,BC,CANADA,V8W1P6,2025-06-06
504924,Gloria,Juarez,gloria.juarez9492@yahoo.com,(868) 943-0135 x966,Houston,tx,UsA,77001,2025-04-19
185569,Michael,Reyes,michael.reyes456@gmail.com,+1-520-680-4277x1640,Monterrey,NL,Mexico,64000,2025-09-03
493124,Elizabeth,tran,elizabeth.tran3193@yahoo.com,,Austin,tx,United States,73301,2024-09-24
335445,Gabrielle,Torres,gabrielle.torres2003@hotmail.com,014.040.7758,Toronto,On,CANADA,M5H2N2,2023-12-19
129556,Angela,Nichols,angela.nichols9426@gmail.com,+1-741-093-2090x003,San Jose,CA,UsA,95101,2024-12-20
434165,Christian,Ortiz,christian.ortiz3584@hotmail.com,739-336-6618x92644,Houston,Tx,UsA,77001,2025-08-25
203896,Porfirio,Collins,porfirio.collins7409@gmail.com,(132)707-6264x27024,San Diego,CA,usa,92101,2024-01-24
979940,Reina,espinoza,reina.espinoza8935@yahoo.com,279-197-3381,Charlotte,nc,USA,28202,2024-03-25
849421,Jessica,Carrasco,jessica.carrasco4347@gmail.com,(569)789-4758,Mexico City,cm,MEXICO,01000,2025-03-06
781533,Michael,Regalado,michael.regalado1447@yahoo.com,847-624-2759 x583,Monterrey,Nl,Mexico,64000,2025-05-25
451577,Sara,Smith,sara.smith1368@hotmail.com,(384)564-6949,Vancouver,bc,CANADA,V5K0A1,2025-06-02
929822,Elizabeth,Cameron,elizabeth.cameron6505@outlook.com,+1 (663) 732-7968,Monterrey,nl,Mexico,64000,2024-01-11
253143,Marisa,Jurado,marisa.jurado3420@gmail.com,1-545-368-4447,Halifax,NS,CANADA,B3H1Y2,2025-05-18
244283,inés,Padilla,inés.padilla5239@gmail.com,(739)161-5782,Los Angeles,cA,UsA,90001,2025-03-02
140163,Camila,Parsons,camila.parsons812@gmail.com,826.949.1981x5499,Dallas,tx,UsA,75201,2024-09-05
400814,Billy,Elizondo,billy.elizondo128@gmail.com,7640103715,Halifax,ns,Canada,B3H1Y2,2025-12-12
970068,Renato,Hernandez,renato.hernandez3871@yahoo.com,659-593-8653x59174,Charlotte,nc,usa,28202,2023-12-29
595404,emiliano,Taylor,emiliano.taylor648@outlook.com,538.069.2264,Monterrey,NL,MEXICO,64000,2025-03-25
829884,Abigail,gaytán,abigail.gaytán6437@outlook.com,831-543-4891,Halifax,NS,Canada,B3H1Y2,2025-09-06
971482,Matthew,Smith,matthew.smith414@outlook.com,1-740-674-6281,Toronto,ON,CANADA,M5H2N2,2024-02-02
245534,Cynthia,Lira,cynthia.lira6589@hotmail.com,3321774089,San Diego,Ca,UsA,92101,2025-12-25
895702,Shannon,Madrid,shannon.madrid6917@outlook.com,471.327.6430,San Diego,CA,USA,92101,2024-05-05
839808,Stacy,Casárez,stacy.casárez5003@hotmail.com,001-524-678-2238,Vancouver,Bc,Canada,V5K0A1,2025-12-16
591897,Melissa,Polanco,melissa.polanco8719@outlook.com,(743)100-5911,San Jose,ca,USA,95101,2025-03-14
570392,Brian,de la Fuente,brian.delafuente261@yahoo.com,741-943-1041,Charlotte,nc,UsA,28202,2025-10-12
745239,Lawrence,Robertson,lawrence.robertson7454@yahoo.com,001-420-519-4823x86942,Monterrey,Nl,Mexico,64000,2025-11-27
105506,Concepción,Altamirano,concepción.altamirano6640@yahoo.com,,Charlotte,nc,USA,28202,2026-04-26
183074,lucas,Sullivan,lucas.sullivan6949@yahoo.com,+1-031-924-0916,San Diego,ca,United States,92101,2024-12-18
119927,Enrique,Clark,enrique.clark3470@hotmail.com,05684020438,Monterrey,nl,Mexico,64000,2024-12-08
368355,Jared,Mathews,jared.mathews1921@outlook.com,+1 (577) 684-5716,Coyoacan,CM,mEx,04100,2024-11-12
326130,Anne,Cortez,anne.cortez2732@gmail.com,112.509.6585x8026,Raleigh,Nc,UsA,27601,2024-07-31
975522,Jasmin,Leonard,jasmin.leonard6683@outlook.com,(906)877-4909,Coyoacan,CM,mEx,04100,2024-05-31
256782,Nicholas,Edwards,nicholas.edwards8656@hotmail.com,(813)514-7117,Guadalajara,ja,Mexico,44100,2024-02-01
675462,Shannon,Gray,shannon.gray8668@yahoo.com,,Leon,gj,Mexico,37000,2024-11-12
862560,Julie,páez,julie.páez8244@gmail.com,583.708.5752,Monterrey,nl,MEXICO,64000,2025-04-03
738457,Jeffery,Schaefer,jeffery.schaefer1164@outlook.com,127.352.4463,Guadalajara,jA,Mexico,44100,2025-12-12
653408,Natasha,Armenta,natasha.armenta1679@yahoo.com,,Buffalo,NY,United States,14201,2024-12-30
543814,Nancy,Jackson,nancy.jackson148@gmail.com,(194)449-9319x793,San Diego,ca,United States,92101,2025-01-29
216587,Tiffany,Lopez,tiffany.lopez9141@hotmail.com,,San Diego,ca,USA,92101,2024-03-25
913875,Kimberly,Hopkins,kimberly.hopkins8979@outlook.com,764-250-0468x6395,San Jose,CA,UsA,95101,2025-05-01
402096,christine,Nieto,christine.nieto4419@yahoo.com,001-871-805-2261x32834,Houston,Tx,USA,77001,2024-08-09
349183,Celia,Holder,celia.holder5277@outlook.com,495-947-2959 x974,Montreal,qc,canada,H1A0A1,2025-11-19
415779,Judith,Holmes,judith.holmes7688@yahoo.com,1 (930) 072-0616,Vancouver,BC,Canada,V5K0A1,2024-12-12
227767,Emiliano,Zambrano,emiliano.zambrano4600@yahoo.com,773.255.2541x58256,Monterrey,NL,Mexico,64000,2025-05-27
150068,tina,Rodarte,tina.rodarte3465@outlook.com,1 (124) 214-8224,Guadalajara,Ja,mEx,44100,2026-04-14
350021,Jim,Grant,jim.grant2707@yahoo.com,(425)724-6058x9983,Houston,TX,USA,77001,2026-04-24
540218,Steven,Berríos,steven.berríos3837@outlook.com,5582050191,Orlando,fl,UsA,32801,2026-01-30
769989,Amanda,Canales,amanda.canales5940@outlook.com,(065)049-1479x7668,Leon,Gj,MEXICO,37000,2026-01-06
932463,Margaret,Powers,margaret.powers9025@outlook.com,269.923.5834x1058,Miami,Fl,usa,33101,2026-01-30
753064,José María,Maldonado,josémaría.maldonado9218@hotmail.com,(214)893-5111x057,Dallas,tX,usa,75201,2025-10-25
579318,Joel,Spencer,joel.spencer624@hotmail.com,1-136-390-0926x29766,Mexico City,CM,Mexico,01000,2024-09-15
165858,Joseph,Ritter,joseph.ritter5583@gmail.com,476-627-2289x178,Buffalo,NY,UsA,14201,2025-11-22
216242,Timoteo,Hopkins,timoteo.hopkins7117@yahoo.com,001-232-851-5149x314,Miami,Fl,USA,33101,2024-06-27
977330,Brandon,Carbajal,brandon.carbajal3095@hotmail.com,+1-395-568-6053x658,New York,ny,USA,10001,2025-11-08
624108,Edward,tórrez,edward.tórrez1394@hotmail.com,(890)370-5751x090,Coyoacan,cm,Mexico,04100,2025-04-30
725726,Christopher,Laboy,christopher.laboy7044@gmail.com,1-403-994-8589x085,Guanajuato,gj,Mexico,36000,2024-07-15
662093,jacinto,Robinson,jacinto.robinson6808@hotmail.com,321.036.9114x8710,Mexico City,Cm,mEx,01000,2025-03-10
117233,Johnny,Roberts,johnny.roberts5421@gmail.com,1-759-075-2557,Buffalo,Ny,USA,14201,2024-12-01
762652,Teresa,Carter,teresa.carter5164@outlook.com,+1-684-229-6335x653,Toronto,on,Canada,M5H2N2,2025-11-07
640410,Russell,Williamson,russell.williamson1145@outlook.com,,Austin,TX,UsA,73301,2023-12-24
702980,Ruben,Pugh,ruben.pugh233@hotmail.com,675-940-2610x33873,Buffalo,NY,usa,14201,2024-10-09
353690,Angela,Diaz,angela.diaz6883@outlook.com,(578)984-1283x96510,Guadalajara,ja,mEx,44100,2025-11-13
853448,Brian,patterson,brian.patterson9287@outlook.com,,Guadalajara,JA,Mexico,44100,2024-07-22
250551,Jessica,Howell,jessica.howell8949@yahoo.com,(937)013-2337x0963,Halifax,NS,CANADA,B3H1Y2,2025-10-16
405420,Patrick,Johnson,patrick.johnson9542@gmail.com,(132)796-1326,Halifax,Ns,CANADA,B3H1Y2,2024-09-26
550089,Amber,Smith,amber.smith495@outlook.com,133.153.2650,Buffalo,nY,UsA,14201,2025-06-04
101640,Christine,Mccall,christine.mccall7700@hotmail.com,1-863-050-0763,Guanajuato,Gj,mEx,36000,2025-03-07
744674,Jason,Fisher,jason.fisher5632@gmail.com,+02(5)5835705228,Charlotte,Nc,United States,28202,2025-03-17
469954,Victoria,Morris,victoria.morris4067@gmail.com,(037)925-4160x1751,Coyoacan,Cm,MEXICO,04100,2025-08-24
352249,Devin,Vasquez,devin.vasquez7993@outlook.com,(425)218-1972,San Diego,ca,USA,92101,2026-01-17
698384,Gustavo,Cervantes,gustavo.cervantes5818@gmail.com,+1 (721) 970-1872,Guadalajara,Ja,mEx,44100,2025-12-30
536802,Joseph,Rodriguez,joseph.rodriguez6904@hotmail.com,+29(0)8703509494,Coyoacan,cm,mEx,04100,2026-01-03
296412,stefanie,Ojeda,stefanie.ojeda6071@outlook.com,+1 (515) 786-0706,Buffalo,ny,USA,14201,2025-07-24
796643,Paul,Harrison,paul.harrison1223@yahoo.com,+82(9)0072055442,New York,NY,USA,10001,2025-09-17
800674,Raquel,Yu,raquel.yu6355@hotmail.com,(997)682-8731,Montreal,qC,CANADA,H1A0A1,2024-06-20
189772,James,Harrington,james.harrington835@outlook.com,1 (115) 283-5357,Raleigh,nc,USA,27601,2026-01-19
648913,Rebecca,jones,rebecca.jones1975@yahoo.com,(582) 107-6901 x862,Charlotte,NC,United States,28202,2025-04-13
478120,Micaela,Joseph,micaela.joseph6968@yahoo.com,463-863-5298x703,Monterrey,Nl,MEXICO,64000,2024-11-19
170966,Sherry,hardy,sherry.hardy3090@outlook.com,241.239.2723x55578,New York,Ny,usa,10001,2025-01-04
651613,Alvaro,figueroa,alvaro.figueroa4882@gmail.com,,Halifax,ns,canada,B3H1Y2,2024-06-26
670511,Mary,Aguilera,mary.aguilera6242@yahoo.com,(154) 690-0899,Houston,Tx,UsA,77001,2024-02-21
631971,Paula,Garza,paula.garza7034@outlook.com,(724) 558-9039,Charlotte,Nc,USA,28202,2025-09-26
924613,Janice,Murillo,janice.murillo1288@hotmail.com,340-855-6541,Toronto,oN,canada,M5H2N2,2024-12-29
632280,Camilo,Guajardo,camilo.guajardo2871@gmail.com,(979)286-4868,Monterrey,Nl,mEx,64000,2023-12-11
681070,ryan,Estévez,ryan.estévez9851@outlook.com,,Austin,Tx,USA,73301,2024-11-18
121322,Delia,Fisher,delia.fisher5619@yahoo.com,,Vancouver,bC,canada,V5K0A1,2026-03-30
509420,Sandra,Sanches,sandra.sanches8214@hotmail.com,742-523-3005 x039,Raleigh,Nc,usa,27601,2024-05-04
592972,maría josé,Quezada,maríajosé.quezada9821@yahoo.com,001-955-413-1511x9425,Raleigh,NC,usa,27601,2024-04-02
145649,Scott,Melendez,scott.melendez4032@hotmail.com,+1 (552) 227-5152,Raleigh,Nc,USA,27601,2025-05-04
766549,Cindy,Padilla,cindy.padilla4406@gmail.com,,Austin,Tx,usa,73301,2024-06-12
505674,Sandra,Williams,sandra.williams6474@gmail.com,2155553368,Halifax,NS,canada,B3H1Y2,2025-09-01
491435,Donald,Alvarez,donald.alvarez6022@outlook.com,520-933-0296x669,San Jose,ca,usa,95101,2026-01-13
365971,Thomas,Leonard,thomas.leonard2527@hotmail.com,924-096-3882 x082,Monterrey,nl,mEx,64000,2024-01-05
883618,dustin,Smith,dustin.smith3662@yahoo.com,(006)769-4438x934,Montreal,QC,CANADA,H1A0A1,2025-08-24
117031,Karen,Ashley,karen.ashley3267@hotmail.com,(715) 261-0513 x780,Guadalajara,JA,mEx,44100,2025-02-03
474440,Luis,Jones,luis.jones5694@hotmail.com,1 (450) 757-8525,Coyoacan,cm,MEXICO,04100,2025-01-21
926823,Travis,Mcguire,travis.mcguire9848@yahoo.com,+1 (375) 680-8862,Guadalajara,Ja,mEx,44100,2025-02-08
170841,serafín,Lebrón,serafín.lebrón8235@hotmail.com,(773)569-2035x43239,Guadalajara,JA,Mexico,44100,2025-07-26
461551,Brian,Winters,brian.winters8330@gmail.com,1-593-927-5967x7183,Buffalo,NY,United States,14201,2026-02-06
352838,Sarah,Escobedo,sarah.escobedo213@gmail.com,195.592.0653,New York,NY,UsA,10001,2024-07-02
868544,Julia,Gardner,julia.gardner5064@hotmail.com,417-422-7172 x721,Guanajuato,GJ,MEXICO,36000,2025-08-10
789023,Alexander,Munguía,alexander.munguía6193@hotmail.com,+1-819-292-0372x325,Los Angeles,CA,usa,90001,2024-09-26
758775,Abel,Vega,abel.vega1697@gmail.com,,Raleigh,Nc,usa,27601,2026-04-29
208699,Thomas,maestas,thomas.maestas2973@outlook.com,1-804-561-5614x166,Ottawa,ON,CANADA,K1A0B1,2025-10-30
908977,Aldo,Collado,aldo.collado7672@hotmail.com,,Houston,tx,usa,77001,2026-04-06
710169,Jennifer,Gallardo,jennifer.gallardo7707@yahoo.com,202.891.2772,Dallas,tx,United States,75201,2025-05-24
870899,Latoya,Chung,latoya.chung3351@hotmail.com,+1-420-974-3238,Charlotte,nc,United States,28202,2025-03-28
893435,Clara,Willis,clara.willis3658@gmail.com,1 (614) 913-2954,Orlando,Fl,UsA,32801,2025-01-19
448671,Salvador,Griffin,salvador.griffin9154@yahoo.com,001-870-758-3610x8541,Guadalajara,ja,mEx,44100,2026-03-03
239890,Timothy,Riojas,timothy.riojas3904@gmail.com,(531)507-1527,Leon,gj,Mexico,37000,2025-07-31
146489,Bianca,Lang,bianca.lang5303@outlook.com,(325) 282-3301 x589,Victoria,Bc,CANADA,V8W1P6,2026-04-10
469412,Porfirio,Powell,porfirio.powell5184@yahoo.com,(220)972-6892,Guadalajara,Ja,MEXICO,44100,2026-03-10
672536,Timothy,Almaraz,timothy.almaraz9889@gmail.com,549.206.8420x984,Monterrey,NL,Mexico,64000,2024-10-18
454992,Jennifer,Fischer,jennifer.fischer5240@hotmail.com,1-313-320-7495,Montreal,Qc,Canada,H1A0A1,2025-10-07
953025,Carlota,mesa,carlota.mesa9551@yahoo.com,1-522-334-3863,Mexico City,Cm,mEx,01000,2025-05-05
774020,Ramiro,Warren,ramiro.warren6174@yahoo.com,719.607.2965x350,Mexico City,cm,mEx,01000,2025-08-30
283594,david,jackson,david.jackson5526@hotmail.com,,Monterrey,NL,Mexico,64000,2025-06-01
970720,Kimberly,Moore,kimberly.moore2382@hotmail.com,001.005.1635x9927,Mexico City,CM,Mexico,01000,2025-12-02
916990,Arturo,Huang,arturo.huang2947@yahoo.com,3711613838,Montreal,Qc,canada,H1A0A1,2025-06-26
817941,Benjamin,Rincón,benjamin.rincón3101@gmail.com,,Montreal,Qc,Canada,H1A0A1,2026-01-29
587192,Thomas,longoria,thomas.longoria6419@yahoo.com,895-130-4610x018,Vancouver,BC,CANADA,V5K0A1,2024-12-04
829168,Adam,Larsen,adam.larsen5215@yahoo.com,001-849-056-0876x813,Orlando,fl,USA,32801,2023-12-29
601776,Michael,Gross,michael.gross4961@gmail.com,1 (328) 367-5985,Austin,TX,usa,73301,2025-02-26
762423,Lourdes,Olson,lourdes.olson6008@gmail.com,866-247-0262,Buffalo,Ny,UsA,14201,2024-09-25
291132,anna,Miller,anna.miller8819@yahoo.com,007-540-3317,Victoria,bc,Canada,V8W1P6,2025-05-17
950916,Amber,Zaragoza,amber.zaragoza6499@yahoo.com,855-502-9615x01962,Guanajuato,gj,Mexico,36000,2026-01-01
241403,John,Wood,john.wood9973@gmail.com,405-456-4158,Monterrey,Nl,MEXICO,64000,2024-02-21
166165,Paige,Shepard,paige.shepard567@yahoo.com,,Ottawa,ON,canada,K1A0B1,2025-01-25
850827,Austin,Reyes,austin.reyes5213@outlook.com,(796)806-8668,Buffalo,Ny,USA,14201,2024-05-15
913894,david,Gutiérrez,david.gutiérrez6996@gmail.com,123.786.4002x654,Leon,GJ,MEXICO,37000,2025-10-06
579911,Tiffany,brown,tiffany.brown1703@hotmail.com,536-131-8680x738,Dallas,TX,UsA,75201,2026-03-20
138780,Stephanie,Dalton,stephanie.dalton8941@outlook.com,164-071-8174 x919,Orlando,fl,United States,32801,2025-02-13
407696,Rubén,Alexander,rubén.alexander8599@yahoo.com,987-524-9324x976,Los Angeles,cA,United States,90001,2026-02-27
311383,Karla,Moreno,karla.moreno2768@yahoo.com,3422104497,San Jose,CA,UsA,95101,2025-02-17
145934,José,Forbes,josé.forbes3264@gmail.com,930-362-2801,Coyoacan,Cm,mEx,04100,2024-08-18
929538,Ángel,Cordero,ángel.cordero9487@yahoo.com,001-335-304-2965,Toronto,ON,canada,M5H2N2,2026-02-13
309159,Irma,Vigil,irma.vigil2273@gmail.com,,Vancouver,BC,Canada,V5K0A1,2025-01-31
143941,Anthony,Fry,anthony.fry7819@yahoo.com,,Guadalajara,JA,Mexico,44100,2025-08-07
430926,Joanne,Olvera,joanne.olvera2759@hotmail.com,195.363.8512,Houston,tx,USA,77001,2025-05-01
425138,Isaac,Williams,isaac.williams4209@yahoo.com,1-779-133-2999x584,Miami,Fl,United States,33101,2024-06-13
640418,Richard,Mondragón,richard.mondragón9120@hotmail.com,317.942.6730x6638,San Jose,Ca,United States,95101,2024-11-05
517568,Camilo,rivera,camilo.rivera5161@gmail.com,808.651.4050x8048,Orlando,FL,United States,32801,2025-04-08
955015,Jennifer,Menchaca,jennifer.menchaca1176@hotmail.com,444.966.3047,Orlando,fl,usa,32801,2024-11-30
669408,Aaron,Hernandes,aaron.hernandes7846@outlook.com,,Guanajuato,GJ,mEx,36000,2024-04-17
596395,Daniela,Mason,daniela.mason7700@outlook.com,117.839.7802,Buffalo,ny,UsA,14201,2025-05-13
365618,Cindy,Santiago,cindy.santiago9595@outlook.com,321.238.0357x611,Monterrey,NL,mEx,64000,2023-12-19
138399,Michael,Reynolds,michael.reynolds7055@hotmail.com,149.333.7338x18248,Buffalo,NY,UsA,14201,2024-06-19
889882,James,Simmons,james.simmons9069@gmail.com,+1-464-808-9688,Guadalajara,ja,MEXICO,44100,2026-03-29
778324,Carmen,Long,carmen.long5864@yahoo.com,421.078.7566x82674,Monterrey,NL,Mexico,64000,2025-05-18
300386,Linda,Muñiz,linda.muñiz3879@outlook.com,+1-491-973-5555,Halifax,ns,CANADA,B3H1Y2,2024-10-07
400009,Mayte,Young,mayte.young7366@hotmail.com,1-618-807-9682x67531,Guanajuato,Gj,mEx,36000,2025-05-30
474314,Judith,Cook,judith.cook7853@hotmail.com,498 822 9705,Raleigh,nc,usa,27601,2023-12-22
918771,William,Chavarría,william.chavarría1583@gmail.com,02628315194,New York,nY,usa,10001,2025-02-12
150126,Stephanie,Howard,stephanie.howard1706@hotmail.com,001-804-699-7434x999,Halifax,NS,canada,B3H1Y2,2024-10-23
787584,Megan,Thomas,megan.thomas1946@gmail.com,+1 (579) 350-2421,Guadalajara,jA,mEx,44100,2024-03-23
448048,Jennifer,Navarro,jennifer.navarro9065@yahoo.com,,Buffalo,Ny,usa,14201,2025-09-25
386488,georgina,White,georgina.white1638@outlook.com,047.980.4447x64215,Miami,fl,UsA,33101,2025-11-30
230521,Peter,Love,peter.love2032@outlook.com,(747) 961-4249 x112,San Jose,CA,UsA,95101,2026-01-08
938171,Antonio,de la Crúz,antonio.delacrúz5005@gmail.com,753.454.4727x991,Halifax,Ns,canada,B3H1Y2,2025-01-24
485896,Matthew,Walton,matthew.walton662@hotmail.com,01632906991,Houston,tx,USA,77001,2025-12-20
558176,Derrick,Walker,derrick.walker4238@hotmail.com,653.038.2753x7578,Guanajuato,Gj,Mexico,36000,2026-02-24
519453,Amanda,Torres,amanda.torres4520@hotmail.com,(596) 243-4644 x112,Montreal,qc,CANADA,H1A0A1,2025-04-09
879414,Steven,Greene,steven.greene2341@outlook.com,+82(1)1310864612,San Jose,ca,UsA,95101,2024-04-02
561097,bernardo,Thompson,bernardo.thompson7791@outlook.com,,Leon,gj,mEx,37000,2024-12-21
505426,Sharon,Smith,sharon.smith6502@hotmail.com,(750)279-5720x75560,San Diego,cA,United States,92101,2024-05-08
455505,Kenneth,Brown,kenneth.brown152@hotmail.com,,Guadalajara,Ja,Mexico,44100,2025-07-06
295892,Stephen,Arias,stephen.arias6672@hotmail.com,931.858.4571,Ottawa,on,CANADA,K1A0B1,2024-11-21
620306,Heather,Pulido,heather.pulido1094@outlook.com,730-624-4632,Houston,Tx,UsA,77001,2024-01-25
825686,Horacio,richard,horacio.richard3346@hotmail.com,1-837-113-8060,Buffalo,Ny,United States,14201,2025-10-10
621691,andrea,Frazier,andrea.frazier7722@yahoo.com,(033)820-1130x99317,New York,NY,UsA,10001,2024-12-28
485191,Brenda,Cook,brenda.cook2929@outlook.com,827.362.8150x223,Guadalajara,Ja,Mexico,44100,2024-11-07
936020,Manuel,Barajas,manuel.barajas198@outlook.com,931.099.7062,Austin,TX,usa,73301,2025-03-08
644500,Julie,Estes,julie.estes9141@hotmail.com,+1 (257) 130-9686,Houston,TX,usa,77001,2024-04-01
379676,Camila,Wood,camila.wood138@outlook.com,,New York,NY,UsA,10001,2025-05-28
940064,Amanda,Butler,amanda.butler9613@hotmail.com,1-824-667-0006,Guanajuato,GJ,Mexico,36000,2024-10-17
186624,Trevor,Barrientos,trevor.barrientos1031@outlook.com,1-613-233-9111,Mexico City,Cm,Mexico,01000,2025-07-22
862400,Adela,Gonzales,adela.gonzales2829@hotmail.com,,Buffalo,Ny,United States,14201,2025-10-16
545120,David,Guardado,david.guardado4405@hotmail.com,1-812-735-0403,Raleigh,Nc,USA,27601,2025-11-16
182760,Laura,Wood,laura.wood4288@hotmail.com,468-163-0433x847,Leon,GJ,Mexico,37000,2024-09-02
551524,Amanda,Blanco,amanda.blanco8770@outlook.com,(319)555-9728,Mexico City,Cm,Mexico,01000,2025-03-03
731718,Katherine,Acosta,katherine.acosta9855@yahoo.com,145.090.9336,Halifax,NS,canada,B3H1Y2,2026-04-22
962287,James,Olsen,james.olsen413@outlook.com,,Toronto,ON,canada,M5H2N2,2024-12-20
289222,María Cristina,Dueñas,maríacristina.dueñas9689@gmail.com,786.670.1043x63998,Victoria,BC,canada,V8W1P6,2025-11-18
671971,Mark,anderson,mark.anderson4762@hotmail.com,,Guanajuato,gj,MEXICO,36000,2024-03-27
408036,denise,Phillips,denise.phillips4383@outlook.com,1-234-102-2407x176,Miami,fl,UsA,33101,2023-12-05
436814,scott,Howard,scott.howard7090@outlook.com,+24(4)3756471092,Monterrey,NL,mEx,64000,2025-01-04
207581,Michael,Warner,michael.warner5659@gmail.com,175.524.5449x703,Guadalajara,Ja,MEXICO,44100,2024-03-12
183958,Marissa,Montenegro,marissa.montenegro9234@outlook.com,(889)096-2940x34326,Guanajuato,GJ,mEx,36000,2024-04-30
443848,Nicholas,Bauer,nicholas.bauer1618@yahoo.com,(659)995-9712,Raleigh,Nc,UsA,27601,2024-08-14
793024,Christopher,Flórez,christopher.flórez8258@yahoo.com,300-689-2035 x741,Raleigh,nc,usa,27601,2024-09-03
410000,Humberto,Villegas,humberto.villegas9251@gmail.com,116-821-5230,Halifax,ns,CANADA,B3H1Y2,2024-06-18
421384,Jenna,Macdonald,jenna.macdonald3933@hotmail.com,907.140.1226,Orlando,fl,usa,32801,2024-04-04
567576,Robert,Vanegas,robert.vanegas537@yahoo.com,,Monterrey,nl,MEXICO,64000,2023-12-19
731894,Lauren,Ceballos,lauren.ceballos9242@outlook.com,224-454-5230x63592,Buffalo,Ny,usa,14201,2025-03-10
852524,Amy,Quinn,amy.quinn4619@yahoo.com,405.667.8251,Miami,fl,United States,33101,2026-03-26
546815,Robin,Niño,robin.niño6915@hotmail.com,,Guadalajara,ja,Mexico,44100,2025-11-29
274739,david,Washington,david.washington4102@yahoo.com,524.173.3562x663,San Jose,CA,UsA,95101,2025-03-25
823270,Gerardo,Hall,gerardo.hall4629@yahoo.com,001-874-679-2445x092,Montreal,qc,Canada,H1A0A1,2024-08-27
565471,Aaron,Jones,aaron.jones4133@outlook.com,1-424-074-1639,Orlando,Fl,USA,32801,2024-03-05
468623,Benjamin,Brown,benjamin.brown8704@yahoo.com,555.639.8175,Orlando,Fl,USA,32801,2026-03-10
568849,Jerry,Brito,jerry.brito9183@yahoo.com,991.574.4321x25084,Orlando,Fl,United States,32801,2024-12-27
144412,Ruby,Wright,ruby.wright895@yahoo.com,,Monterrey,NL,mEx,64000,2025-11-29
862120,William,Pabón,william.pabón8608@gmail.com,(165)304-2574,Montreal,Qc,CANADA,H1A0A1,2024-02-19
469685,Esmeralda,Solorio,esmeralda.solorio9598@yahoo.com,(565)079-6669,Raleigh,nC,USA,27601,2024-07-23
744718,Morgan,Ortiz,morgan.ortiz7986@hotmail.com,(258)539-6746x020,Halifax,nS,canada,B3H1Y2,2024-09-25
556068,Martín,Rodriguez,martín.rodriguez2519@yahoo.com,1-968-865-1199x6803,Montreal,QC,Canada,H1A0A1,2025-12-30
387892,Carl,iglesias,carl.iglesias2986@outlook.com,403.627.8825,Austin,Tx,United States,73301,2025-07-01
770532,Patricia,Alva,patricia.alva230@gmail.com,864-973-8108 x563,Montreal,Qc,Canada,H1A0A1,2024-09-05
929924,Elvia,Gonzales,elvia.gonzales9653@hotmail.com,(950)077-8326x3281,Dallas,tx,United States,75201,2024-11-18
160144,Wendolin,Hampton,wendolin.hampton2950@yahoo.com,,New York,ny,usa,10001,2024-07-25
178686,Claudio,Miller,claudio.miller3485@outlook.com,,Guadalajara,Ja,MEXICO,44100,2026-04-23
803787,hannah,Mercado,hannah.mercado9672@hotmail.com,1-264-231-5711,Leon,GJ,MEXICO,37000,2025-11-02
768480,Janice,Russell,janice.russell9771@gmail.com,253-393-7989,Vancouver,Bc,CANADA,V5K0A1,2026-01-20
525942,Matthew,Matías,matthew.matías2790@outlook.com,136.903.2209,Guanajuato,gj,MEXICO,36000,2024-01-21
480959,Eileen,Evans,eileen.evans9386@outlook.com,879-760-7276 x748,Dallas,tx,UsA,75201,2024-06-29
638009,Florencia,Wright,florencia.wright2882@yahoo.com,599 114 4455,San Diego,Ca,UsA,92101,2026-01-06
940010,Juan,Allen,juan.allen9954@yahoo.com,1-507-415-7338,Toronto,On,Canada,M5H2N2,2026-04-30
886325,Alonso,Mendez,alonso.mendez627@outlook.com,(883)160-2849x500,Guanajuato,Gj,Mexico,36000,2023-12-17
812413,Selena,Wilson,selena.wilson882@outlook.com,(258) 484-5728 x949,New York,ny,United States,10001,2024-10-03
267758,Ashley,Acuña,ashley.acuña3202@hotmail.com,1-655-993-7899x83570,Mexico City,Cm,Mexico,01000,2025-04-08
132653,Samuel,Cadena,samuel.cadena7682@gmail.com,(286) 242-8533 x316,Victoria,BC,canada,V8W1P6,2024-03-01
249715,Adán,Alemán,adán.alemán8997@yahoo.com,,Raleigh,nc,USA,27601,2024-07-10
989894,Kelly,Chen,kelly.chen4290@hotmail.com,660-041-7234x35939,Toronto,On,Canada,M5H2N2,2024-12-03
737086,Arcelia,Miller,arcelia.miller8623@outlook.com,1-228-273-7946,Guadalajara,Ja,mEx,44100,2026-01-09
811027,Rosalia,Fisher,rosalia.fisher2542@yahoo.com,400.383.8599,Buffalo,Ny,UsA,14201,2025-10-15
919264,Ashley,Maestas,ashley.maestas2906@yahoo.com,,New York,ny,UsA,10001,2024-03-16
559457,Marisela,Cepeda,marisela.cepeda2567@hotmail.com,947-231-6118,Monterrey,Nl,mEx,64000,2025-10-23
136489,Richard,Rolón,richard.rolón1683@gmail.com,,Leon,Gj,MEXICO,37000,2025-10-31
232361,Elisa,Harris,elisa.harris5745@gmail.com,+1 (958) 232-1609,Charlotte,Nc,United States,28202,2024-03-21
170499,Barbara,Carrera,barbara.carrera4156@hotmail.com,1-469-467-9706x347,Raleigh,nC,UsA,27601,2024-06-16
347459,Kelsey,Warner,kelsey.warner7278@hotmail.com,(924)624-9988x2418,Guanajuato,gj,MEXICO,36000,2026-04-30
916332,Erica,Reyes,erica.reyes1217@outlook.com,300.491.8228,Austin,tx,USA,73301,2024-09-21
776502,Timothy,blanchard,timothy.blanchard64@outlook.com,+1 (596) 258-5870,San Diego,ca,USA,92101,2025-08-01
484123,Martha,Carter,martha.carter6713@hotmail.com,334.805.7431,Orlando,FL,United States,32801,2025-02-22
479742,Magdalena,Randall,magdalena.randall7229@outlook.com,1-737-231-5161,Halifax,Ns,CANADA,B3H1Y2,2024-12-05
501451,Kevin,Carrión,kevin.carrión4300@outlook.com,,Mexico City,CM,mEx,01000,2024-08-05
694799,Emily,Castillo,emily.castillo4550@yahoo.com,001-649-107-4321x254,Leon,Gj,MEXICO,37000,2025-03-11
133958,Jacqueline,Núñez,jacqueline.núñez9221@hotmail.com,1 (474) 919-2829,Guanajuato,gj,Mexico,36000,2025-12-18
734487,Josefina,Mason,josefina.mason202@outlook.com,1-908-710-2058x5142,Charlotte,Nc,usa,28202,2024-09-17
260891,Araceli,Prince,araceli.prince4759@hotmail.com,04723785994,Miami,fl,USA,33101,2025-08-16
812048,Sabrina,Mitchell,sabrina.mitchell3191@outlook.com,(654) 057-4125 x765,Houston,TX,UsA,77001,2026-03-10
571778,Natalia,Gaona,natalia.gaona2@hotmail.com,(928)946-7631x9170,Charlotte,nc,UsA,28202,2024-06-12
488984,Pamela,Rubio,pamela.rubio9520@yahoo.com,,Guadalajara,Ja,MEXICO,44100,2025-07-06
490084,William,Sullivan,william.sullivan5961@gmail.com,(720)790-8002,Guanajuato,GJ,MEXICO,36000,2024-02-22
565504,Caridad,Oneill,caridad.oneill5828@yahoo.com,860-101-2634,New York,NY,usa,10001,2025-08-28
900152,Carla,williams,carla.williams7243@outlook.com,057.463.4196x11330,San Jose,CA,USA,95101,2024-09-10
180620,Blanca,Carbajal,blanca.carbajal7543@gmail.com,,Halifax,Ns,canada,B3H1Y2,2025-11-28
701800,Modesto,Blair,modesto.blair5550@hotmail.com,496.345.0890x789,Austin,Tx,United States,73301,2026-01-26
244383,Frank,Fuentes,frank.fuentes6807@hotmail.com,621.034.5618,Coyoacan,cm,MEXICO,04100,2025-03-05
655178,Ana Luisa,Browning,analuisa.browning9122@yahoo.com,03301694972,Dallas,tx,UsA,75201,2024-03-15
484774,Kevin,bétancourt,kevin.bétancourt8671@outlook.com,(083)665-8905x71778,Monterrey,nl,mEx,64000,2026-02-05
517368,Benjamin,Fernandez,benjamin.fernandez5505@hotmail.com,240-997-5432 x520,Ottawa,On,CANADA,K1A0B1,2024-11-29
429657,Robert,Brown,robert.brown7241@hotmail.com,,Monterrey,Nl,Mexico,64000,2024-06-01
781113,Morgan,Ayala,morgan.ayala5331@hotmail.com,+1 (608) 133-5669,Charlotte,Nc,UsA,28202,2025-09-05
392227,Todd,Brown,todd.brown4691@gmail.com,782.447.9905,San Jose,Ca,USA,95101,2024-03-29
361736,Martha,Soliz,martha.soliz1878@gmail.com,+1 (603) 565-7261,Guadalajara,JA,Mexico,44100,2025-09-24
218959,Jacqueline,Price,jacqueline.price690@gmail.com,,San Jose,CA,USA,95101,2024-04-12
127172,Timothy,aparicio,timothy.aparicio6299@outlook.com,1-636-731-7087,Montreal,Qc,CANADA,H1A0A1,2025-11-12
871411,María Teresa,Wright,maríateresa.wright4799@hotmail.com,612-780-6657,Toronto,ON,canada,M5H2N2,2024-01-09
295085,William,Wilson,william.wilson3015@outlook.com,573-635-0424,Monterrey,NL,mEx,64000,2025-11-19
623285,brandon,Carrera,brandon.carrera9695@gmail.com,(286)742-9248x902,Charlotte,NC,UsA,28202,2025-09-08
642895,Linda,White,linda.white7169@gmail.com,574.394.7557,Miami,Fl,United States,33101,2025-07-27
505785,Melissa,Canales,melissa.canales292@yahoo.com,,Coyoacan,CM,MEXICO,04100,2024-06-02
688956,Jerry,Walker,jerry.walker6699@hotmail.com,,Coyoacan,cm,mEx,04100,2024-07-12
223481,James,David,james.david2822@yahoo.com,,Mexico City,CM,MEXICO,01000,2025-09-15
374492,david,carlson,david.carlson9242@hotmail.com,122.940.9658x4020,Guanajuato,Gj,mEx,36000,2024-03-06
912609,Kiara,Kelly,kiara.kelly4343@outlook.com,(374) 853-2825 x560,Coyoacan,Cm,Mexico,04100,2024-12-13
372933,Todd,Logan,todd.logan2351@hotmail.com,(601) 053-1673 x960,Buffalo,NY,United States,14201,2026-04-04
838237,Sarah,Vergara,sarah.vergara2213@gmail.com,488.621.6960x983,New York,Ny,usa,10001,2025-12-23
567951,Brandi,Ortiz,brandi.ortiz7961@outlook.com,001-435-292-5567x4538,Miami,Fl,United States,33101,2026-02-23
324993,Gary,Jones,gary.jones5788@outlook.com,08520955713,New York,nY,USA,10001,2026-03-31
741599,Vicki,Smith,vicki.smith1187@gmail.com,+1 (125) 137-4839,Austin,Tx,USA,73301,2025-04-06
399449,Lisa,benítez,lisa.benítez4488@yahoo.com,(501) 830-3441,San Diego,ca,USA,92101,2024-06-28
827691,Úrsula,Huff,úrsula.huff8676@gmail.com,9493887055,San Jose,ca,USA,95101,2024-08-06
615060,Stephanie,Scott,stephanie.scott4775@hotmail.com,,New York,NY,usa,10001,2026-01-19
309902,Dana,Portillo,dana.portillo4744@outlook.com,939.802.9619,Guadalajara,Ja,mEx,44100,2025-09-13
228594,Sheryl,Arroyo,sheryl.arroyo75@outlook.com,1-574-427-5156x98871,Monterrey,nl,Mexico,64000,2024-01-02
242321,Lonnie,Ortiz,lonnie.ortiz1759@hotmail.com,001-319-231-8288,San Diego,ca,USA,92101,2024-06-11
994253,Ashley,Garza,ashley.garza8391@gmail.com,(149) 676-9495,San Jose,ca,USA,95101,2025-02-06
177649,Victoria,Solorzano,victoria.solorzano5987@yahoo.com,935.951.9136,Charlotte,nc,UsA,28202,2025-06-10
574001,Katherine,Schmitt,katherine.schmitt9500@gmail.com,825 561 5866,Orlando,Fl,USA,32801,2024-07-29
281043,Cody,Smith,cody.smith6724@yahoo.com,,Montreal,qc,Canada,H1A0A1,2024-11-09
848022,Kenneth,Armendáriz,kenneth.armendáriz4010@outlook.com,1-929-128-3223,Charlotte,Nc,United States,28202,2024-02-18
566732,Sonia,Gallagher,sonia.gallagher8577@gmail.com,615.137.8453x387,Buffalo,ny,UsA,14201,2025-02-01
192055,Robin,Trujillo,robin.trujillo2687@gmail.com,475.595.1307,Mexico City,cm,Mexico,01000,2025-05-22
949884,Natalie,Lopez,natalie.lopez165@yahoo.com,2674521280,Montreal,qC,Canada,H1A0A1,2025-01-11
815054,Olivia,White,olivia.white8069@outlook.com,188 890 1747,New York,ny,United States,10001,2024-07-24
986593,José Luis,Brooks,joséluis.brooks2502@yahoo.com,451-894-4700x09608,New York,Ny,usa,10001,2024-01-08
435112,Flavio,Cadena,flavio.cadena8017@outlook.com,1-759-732-9138x01686,Miami,Fl,usa,33101,2025-08-06
800280,Richard,Harris,richard.harris9405@yahoo.com,(857) 645-8314 x653,New York,Ny,USA,10001,2025-04-03
464301,Ana María,Robinson,anamaría.robinson8916@yahoo.com,(895) 750-7507 x631,Orlando,fL,UsA,32801,2024-01-02
844007,Angela,Long,angela.long1275@yahoo.com,083.772.3805,Toronto,on,Canada,M5H2N2,2024-07-30
168093,Antonia,Jackson,antonia.jackson1367@outlook.com,001-370-554-9861x2053,Orlando,fl,usa,32801,2024-06-08
676713,regina,Rangel,regina.rangel1266@hotmail.com,4437188491,New York,ny,USA,10001,2024-03-29
668507,Natalie,Zavala,natalie.zavala128@gmail.com,114.421.0891x4584,Coyoacan,Cm,mEx,04100,2025-03-21
404466,Mark,Smith,mark.smith5931@gmail.com,112-989-2481x716,Halifax,Ns,canada,B3H1Y2,2026-01-28
414527,Keith,Chan,keith.chan6048@gmail.com,573-726-2345,Monterrey,NL,Mexico,64000,2025-09-28
992717,Kristen,Sarabia,kristen.sarabia1603@gmail.com,150.639.9165,Austin,Tx,USA,73301,2024-06-15
265156,Christopher,Gardner,christopher.gardner719@outlook.com,+1 (514) 951-5486,Guadalajara,ja,MEXICO,44100,2025-08-31
846385,Vanessa,Williams,vanessa.williams7612@gmail.com,1-810-966-1929x39115,Montreal,Qc,Canada,H1A0A1,2024-10-20
844031,John,Villanueva,john.villanueva4797@outlook.com,,Los Angeles,CA,USA,90001,2024-02-15
834233,Nicole,Valdez,nicole.valdez4321@gmail.com,+1-648-659-1609x320,Victoria,Bc,canada,V8W1P6,2024-10-21
768676,Christina,Regalado,christina.regalado122@gmail.com,315-970-0553,Ottawa,ON,canada,K1A0B1,2023-12-30
282547,Gregorio,Fox,gregorio.fox7405@yahoo.com,9147167157,Mexico City,CM,mEx,01000,2024-05-15
932250,Deborah,Raya,deborah.raya6913@outlook.com,998-853-7391,Dallas,Tx,usa,75201,2026-04-25
479052,Lucas,Miller,lucas.miller4767@gmail.com,+1 (292) 721-7854,New York,ny,usa,10001,2025-10-07
633469,Jessica,Hughes,jessica.hughes6485@hotmail.com,(058)432-3345,Toronto,ON,CANADA,M5H2N2,2025-02-08
335134,Brian,Lawrence,brian.lawrence6560@gmail.com,082-132-2017x54005,Austin,Tx,USA,73301,2024-07-31
227257,daniel,Brown,daniel.brown4697@hotmail.com,037.903.5335,Buffalo,Ny,usa,14201,2025-07-17
310743,Daniel,Meyer,daniel.meyer1575@yahoo.com,(629)774-7754,San Diego,Ca,UsA,92101,2025-12-30
930541,Jean,Jones,jean.jones746@hotmail.com,546-124-5965x326,San Jose,CA,UsA,95101,2024-01-24
245622,Victor,Henderson,victor.henderson4560@outlook.com,(807) 327-0411 x486,Charlotte,nc,usa,28202,2025-10-01
348235,Christopher,Saldivar,christopher.saldivar6989@outlook.com,1 (792) 627-4230,Montreal,Qc,canada,H1A0A1,2024-01-19
928766,samuel,Lewis,samuel.lewis1894@outlook.com,447.653.3921,San Jose,CA,usa,95101,2024-05-22
618019,René,loya,rené.loya5737@hotmail.com,,Coyoacan,Cm,mEx,04100,2025-12-17
127560,María Elena,Ortiz,maríaelena.ortiz9935@yahoo.com,+1 (366) 642-6793,Buffalo,Ny,usa,14201,2024-01-06
478427,Isaac,Henry,isaac.henry425@gmail.com,572.214.8199x19194,Montreal,QC,canada,H1A0A1,2025-07-19
680933,José María,Mathews,josémaría.mathews3436@yahoo.com,,Charlotte,nc,USA,28202,2024-11-19
700076,Tammy,Harris,tammy.harris7545@gmail.com,,Austin,tx,UsA,73301,2025-09-29
486831,Thomas,Nunez,thomas.nunez8030@outlook.com,(933)016-4536,Montreal,qc,Canada,H1A0A1,2025-08-15
590110,Benjamin,Quiroz,benjamin.quiroz1834@outlook.com,(262) 420-8746,Houston,Tx,USA,77001,2024-11-15
942700,Óscar,Murphy,óscar.murphy36@outlook.com,732.703.1392x123,Miami,fl,UsA,33101,2024-09-28
678443,Joshua,James,joshua.james3646@gmail.com,1-231-372-2872,Victoria,bc,Canada,V8W1P6,2024-08-02
236074,maximiliano,Santiago,maximiliano.santiago832@gmail.com,344 579 3773,Los Angeles,CA,USA,90001,2024-08-23
741674,Inés,Medina,inés.medina2285@yahoo.com,(861)536-2052,Guanajuato,gj,MEXICO,36000,2026-01-09
190403,Angélica,Ávalos,angélica.ávalos1718@yahoo.com,079.003.9099x690,New York,NY,USA,10001,2025-04-05
168941,Melanie,Nelson,melanie.nelson9075@yahoo.com,(097)487-8892,Vancouver,bc,canada,V5K0A1,2024-02-08
424314,Larry,Meyer,larry.meyer9807@yahoo.com,368.727.0819,Mexico City,cm,MEXICO,01000,2026-03-03
517500,Stephanie,Perez,stephanie.perez4100@outlook.com,539.482.4559,Charlotte,NC,UsA,28202,2026-04-25
851759,Ronald,Lopez,ronald.lopez8319@yahoo.com,,Mexico City,CM,MEXICO,01000,2024-04-06
853789,Israel,Garza,israel.garza5276@gmail.com,,Toronto,On,canada,M5H2N2,2025-04-06
601916,Abraham,Johnson,abraham.johnson1150@outlook.com,(156) 790-0598,Monterrey,nl,Mexico,64000,2025-12-31
651231,Joseph,Williams,joseph.williams998@hotmail.com,601-115-2015x416,New York,NY,UsA,10001,2025-11-13
530749,Christopher,dominguez,christopher.dominguez4013@hotmail.com,(866)285-6281,San Jose,CA,USA,95101,2025-04-13
906527,Elizabeth,Cruz,elizabeth.cruz3461@gmail.com,119.355.7913,Coyoacan,CM,mEx,04100,2024-12-14
529322,Alexis,Thomas,alexis.thomas4429@hotmail.com,,Monterrey,Nl,mEx,64000,2024-08-06
963333,Samuel,Vazquez,samuel.vazquez9430@gmail.com,804-352-8281x84819,Orlando,fL,United States,32801,2024-04-11
702826,carlota,Ornelas,carlota.ornelas8991@gmail.com,,New York,Ny,United States,10001,2025-06-03
177333,Gabriela,Almaraz,gabriela.almaraz5352@hotmail.com,,Raleigh,NC,UsA,27601,2024-08-26
231414,rachel,Pena,rachel.pena5924@gmail.com,,Houston,Tx,UsA,77001,2025-04-09
432427,Bonnie,Lucas,bonnie.lucas8167@outlook.com,706.622.9375,San Jose,CA,United States,95101,2024-07-17
773540,Benjamin,Klein,benjamin.klein6351@hotmail.com,658-218-0233x849,San Diego,Ca,UsA,92101,2024-12-02
177767,william,Davis,william.davis613@gmail.com,1 (414) 107-0151,Raleigh,nc,UsA,27601,2025-05-25
571832,Ashley,brown,ashley.brown9038@yahoo.com,,Orlando,fl,UsA,32801,2024-01-31
588461,Lisa,de Anda,lisa.deanda1297@gmail.com,,Austin,TX,UsA,73301,2024-11-26
813145,Oswaldo,Franco,oswaldo.franco9858@gmail.com,771.493.0150,Miami,FL,UsA,33101,2024-08-19
642491,Barry,Boyd,barry.boyd6346@yahoo.com,,Buffalo,NY,USA,14201,2026-02-03
461249,Hugo,smith,hugo.smith5935@outlook.com,,Houston,Tx,usa,77001,2024-12-23
234568,Dawn,Lozano,dawn.lozano2950@outlook.com,+1-276-404-3822x625,Guadalajara,ja,MEXICO,44100,2026-01-30
969325,Eugene,Gastélum,eugene.gastélum4572@hotmail.com,,Los Angeles,CA,usa,90001,2025-07-11
918164,Lorena,alejandro,lorena.alejandro82@outlook.com,+58(8)5503139501,Orlando,fl,usa,32801,2025-06-26
678083,Ángel,Vargas,ángel.vargas7821@hotmail.com,,Montreal,qc,canada,H1A0A1,2025-05-27
770872,Joseph,Davis,joseph.davis8815@hotmail.com,001-129-545-0192x23349,Miami,Fl,UsA,33101,2025-02-18
716338,Luis Miguel,Dennis,luismiguel.dennis1338@gmail.com,1-628-868-0257,Guadalajara,ja,mEx,44100,2025-07-13
290802,Michelle,Walker,michelle.walker254@outlook.com,471 580 6535,Vancouver,Bc,CANADA,V5K0A1,2025-02-19
905077,Kimberly,Nelson,kimberly.nelson7297@hotmail.com,,Victoria,Bc,Canada,V8W1P6,2024-11-28
235300,Chase,Preston,chase.preston1402@outlook.com,250.939.1437,Guadalajara,Ja,mEx,44100,2026-03-11
553633,Brandy,Delgado,brandy.delgado4377@outlook.com,1-929-518-5445x5228,Dallas,tX,UsA,75201,2026-04-02
627290,Eric,Curry,eric.curry53@outlook.com,261.646.8391,Montreal,QC,CANADA,H1A0A1,2025-03-05
158104,Luis,Quezada,luis.quezada2342@hotmail.com,(339) 175-4090,Buffalo,NY,United States,14201,2025-12-04
971776,Jaime,Solano,jaime.solano375@yahoo.com,+1 (842) 989-1487,Leon,gj,mEx,37000,2025-02-18
230192,Elias,Lindsey,elias.lindsey4678@yahoo.com,096.607.4005x3237,Halifax,ns,Canada,B3H1Y2,2025-02-15
643269,Richard,Howard,richard.howard4558@hotmail.com,(808) 703-2713 x789,Monterrey,NL,mEx,64000,2024-06-15
260448,Sarah,Mota,sarah.mota9952@yahoo.com,+1-494-492-4031x8956,Montreal,qc,CANADA,H1A0A1,2025-04-01
418897,Nicolás,esparza,nicolás.esparza755@gmail.com,286-200-2808,Coyoacan,Cm,MEXICO,04100,2025-07-16
272655,Patricia,Rogers,patricia.rogers7082@yahoo.com,994-212-8606 x896,Houston,TX,United States,77001,2025-11-13
269834,Tara,Polanco,tara.polanco4924@hotmail.com,,Leon,GJ,MEXICO,37000,2024-05-08
438334,Nicole,Davis,nicole.davis1572@gmail.com,029.102.2133x14614,Guadalajara,JA,mEx,44100,2025-08-09
843788,Óliver,Espinal,óliver.espinal4753@yahoo.com,+1-058-558-4337x087,Guadalajara,Ja,Mexico,44100,2025-05-26
336422,Edward,Norton,edward.norton9010@outlook.com,199.720.5328x19250,Guanajuato,gj,mEx,36000,2025-03-31
462831,Porfirio,King,porfirio.king5862@gmail.com,,San Diego,ca,UsA,92101,2025-08-24
644103,Eloy,Alvarado,eloy.alvarado8373@yahoo.com,106.720.8478x5308,Monterrey,nL,MEXICO,64000,2025-04-13
397846,Caridad,Fuller,caridad.fuller7147@hotmail.com,366-434-2152,Monterrey,nl,MEXICO,64000,2024-02-24
987025,Christopher,Phillips,christopher.phillips2710@hotmail.com,,Miami,fl,usa,33101,2024-03-12
182690,Jamie,duncan,jamie.duncan300@outlook.com,+1-913-493-4682x8913,Halifax,NS,CANADA,B3H1Y2,2024-02-09
362778,Sheila,trujillo,sheila.trujillo2950@hotmail.com,06312621573,Raleigh,Nc,USA,27601,2026-02-27
305837,Kimberly,Alejandro,kimberly.alejandro1034@gmail.com,+1-249-019-9223x38736,Leon,Gj,mEx,37000,2025-02-26
765905,Katie,Brooks,katie.brooks1075@hotmail.com,+1-043-454-3037x656,Los Angeles,Ca,UsA,90001,2023-12-29
677599,William,Alexander,william.alexander7296@yahoo.com,(922)860-0779,Monterrey,NL,Mexico,64000,2026-04-10
387782,Nancy,Correa,nancy.correa9038@yahoo.com,,San Jose,Ca,United States,95101,2023-12-01
231250,Mayte,Crawford,mayte.crawford9725@hotmail.com,,Mexico City,Cm,Mexico,01000,2024-09-03
755383,Keith,Sawyer,keith.sawyer507@gmail.com,,Miami,Fl,USA,33101,2024-02-10
417534,Claudio,Velásquez,claudio.velásquez2476@hotmail.com,840.393.5433,Ottawa,On,canada,K1A0B1,2025-04-10
744274,John,Lynn,john.lynn5445@hotmail.com,(963) 328-6141 x687,Guadalajara,ja,Mexico,44100,2024-10-13
659392,Nicole,Muñoz,nicole.muñoz8196@hotmail.com,+75(8)8339695032,Leon,Gj,Mexico,37000,2025-12-26
197966,Patricia,Daniel,patricia.daniel9144@gmail.com,346 645 4482,Monterrey,NL,MEXICO,64000,2025-04-25
626986,Morgan,Wu,morgan.wu8986@hotmail.com,,Halifax,Ns,CANADA,B3H1Y2,2024-09-22
772124,Rosario,Rodriguez,rosario.rodriguez2375@hotmail.com,148.100.1806x07296,Orlando,Fl,United States,32801,2024-02-05
276827,Andrew,Estrada,andrew.estrada2897@hotmail.com,1-094-294-4785x08679,Los Angeles,Ca,USA,90001,2024-08-17
720556,Jason,Harris,jason.harris7296@hotmail.com,+1-754-022-9553x7652,New York,ny,United States,10001,2024-08-28
708851,José Carlos,Perez,josécarlos.perez9765@hotmail.com,484-468-2030,Buffalo,Ny,United States,14201,2025-03-15
261684,Janet,Kennedy,janet.kennedy7491@outlook.com,(805)086-5335x523,Miami,FL,United States,33101,2025-03-04
279516,Evelio,Morris,evelio.morris7157@gmail.com,544.624.7800,Leon,GJ,mEx,37000,2025-02-11
790731,Eugenio,Bueno,eugenio.bueno9065@yahoo.com,406.684.3584,Monterrey,nl,Mexico,64000,2024-12-06
754813,Mitzy,Bonilla,mitzy.bonilla3216@hotmail.com,,New York,NY,United States,10001,2024-05-23
855638,Alicia,Bustos,alicia.bustos7624@hotmail.com,(441)980-8051,Ottawa,ON,Canada,K1A0B1,2025-10-18
734534,morgan,Wood,morgan.wood1574@gmail.com,,Victoria,Bc,CANADA,V8W1P6,2024-01-09
454019,Soledad,White,soledad.white3948@hotmail.com,253-939-6658,New York,NY,usa,10001,2024-04-05
983456,Kenneth,Reyes,kenneth.reyes9381@hotmail.com,,Guadalajara,JA,MEXICO,44100,2024-06-15
690996,John,Rasmussen,john.rasmussen7999@yahoo.com,,Mexico City,cm,mEx,01000,2024-09-08
143195,Mary,Carbajal,mary.carbajal9162@hotmail.com,,Mexico City,CM,Mexico,01000,2026-03-16
965322,Bradley,Carter,bradley.carter7161@hotmail.com,1 (788) 353-5520,Monterrey,nl,MEXICO,64000,2026-01-12
129751,Nicholas,Fleming,nicholas.fleming5132@hotmail.com,1-514-383-9841x79412,Monterrey,NL,Mexico,64000,2024-12-28
185168,Patrick,hicks,patrick.hicks4631@hotmail.com,,Charlotte,Nc,USA,28202,2024-01-29
147670,Donna,Brown,donna.brown2619@hotmail.com,696.624.3081,New York,NY,usa,10001,2025-09-06
772612,Elsa,Newman,elsa.newman7901@yahoo.com,,San Jose,Ca,USA,95101,2025-04-10
908475,Diane,Córdova,diane.córdova44@hotmail.com,1 (548) 460-8693,San Diego,ca,usa,92101,2024-02-13
704788,Sherry,Valdez,sherry.valdez1321@gmail.com,,Miami,Fl,United States,33101,2025-12-06
377511,Adán,Maestas,adán.maestas4379@gmail.com,1-712-265-3004,Mexico City,CM,Mexico,01000,2023-12-23
782759,Lauren,Herrera,lauren.herrera6123@gmail.com,770-316-1265x4878,Ottawa,on,Canada,K1A0B1,2025-03-29
321048,Jaime,Miranda,jaime.miranda7342@yahoo.com,(685)835-5236x2129,Monterrey,nl,MEXICO,64000,2024-12-13
904214,Michael,Harris,michael.harris3256@hotmail.com,,Austin,TX,USA,73301,2025-04-02
699929,Agustín,Jones,agustín.jones1139@yahoo.com,,Raleigh,nc,UsA,27601,2024-09-30
536822,Martín,Sevilla,martín.sevilla5163@outlook.com,(485) 336-2555,Buffalo,NY,usa,14201,2024-03-21
748133,Silvano,Howard,silvano.howard9486@hotmail.com,,New York,NY,USA,10001,2024-06-21
770030,Patrick,Fleming,patrick.fleming8605@yahoo.com,414.057.2592,Miami,Fl,United States,33101,2025-08-17
131757,joseph,Montgomery,joseph.montgomery4017@hotmail.com,,Victoria,BC,canada,V8W1P6,2025-09-28
622230,Lourdes,Lopez,lourdes.lopez8295@hotmail.com,,New York,Ny,USA,10001,2025-04-11
757629,Laura,Nájera,laura.nájera3112@gmail.com,691.857.0762x40871,Charlotte,nc,usa,28202,2025-03-20
672079,Kenneth,Taylor,kenneth.taylor2271@gmail.com,1-297-803-2749,Coyoacan,CM,Mexico,04100,2025-01-17
403742,April,Ornelas,april.ornelas226@hotmail.com,756.833.7473,Monterrey,NL,Mexico,64000,2025-04-12
773088,Porfirio,Cummings,porfirio.cummings4363@hotmail.com,(009)496-8008x073,Coyoacan,cM,MEXICO,04100,2024-04-16
416768,Abigail,Mayorga,abigail.mayorga9905@hotmail.com,943.570.1548,Miami,fl,usa,33101,2025-06-25
606404,Adriana,Long,adriana.long7472@gmail.com,,Ottawa,on,Canada,K1A0B1,2024-08-18
356773,Caridad,Dennis,caridad.dennis6339@gmail.com,001-115-043-4653,Guanajuato,GJ,mEx,36000,2025-11-20
943776,Robert,Morrison,robert.morrison9470@hotmail.com,341-604-6518 x457,Guadalajara,ja,MEXICO,44100,2025-06-22
946567,Clemente,Parker,clemente.parker5480@yahoo.com,+1-890-623-1271x41490,Dallas,tX,United States,75201,2024-09-20
818264,Christopher,Gallegos,christopher.gallegos7203@yahoo.com,499 602 5954,Orlando,FL,UsA,32801,2025-10-15
525818,Nicole,Hernandez,nicole.hernandez4130@yahoo.com,384-839-8135x6699,New York,nY,USA,10001,2025-12-09
411882,James,Cortez,james.cortez230@hotmail.com,420-238-4382x7988,Orlando,FL,United States,32801,2024-11-05
575575,Michael,Middleton,michael.middleton7960@outlook.com,,Guadalajara,Ja,MEXICO,44100,2026-04-23
176517,Matthew,Sisneros,matthew.sisneros2860@yahoo.com,299-455-6310x691,Dallas,Tx,UsA,75201,2025-08-22
822063,Perla,James,perla.james4257@gmail.com,5349012482,San Diego,ca,UsA,92101,2025-10-18
162823,Guillermina,Singleton,guillermina.singleton9926@hotmail.com,(360) 543-7768,Monterrey,Nl,Mexico,64000,2025-06-29
265759,Justin,Miller,justin.miller4403@gmail.com,902-187-0343 x126,Guadalajara,JA,MEXICO,44100,2024-10-08
560959,Patricia,Ballard,patricia.ballard6534@gmail.com,556.902.2259x050,Victoria,Bc,canada,V8W1P6,2025-09-12
535810,Jessica,armstrong,jessica.armstrong1370@gmail.com,8869283182,Raleigh,Nc,usa,27601,2024-11-12
607774,David,Alexander,david.alexander4404@hotmail.com,744.413.3266,Houston,tx,United States,77001,2025-09-23
587002,Daniel,Murphy,daniel.murphy8298@hotmail.com,743.290.9385,Austin,tx,USA,73301,2024-03-21
313933,William,sisneros,william.sisneros7331@gmail.com,(340)290-0826,Guadalajara,JA,Mexico,44100,2026-03-13
456717,reina,Taylor,reina.taylor550@gmail.com,+1-765-486-6401x5275,Mexico City,cm,mEx,01000,2024-08-08
736129,Violeta,Clark,violeta.clark5835@gmail.com,,Raleigh,Nc,usa,27601,2024-02-20
250647,Kenneth,Garibay,kenneth.garibay5774@yahoo.com,(927)531-7381,New York,Ny,UsA,10001,2024-10-20
427766,natalie,Lebrón,natalie.lebrón5295@yahoo.com,,Monterrey,nl,Mexico,64000,2024-01-20
853258,natividad,Lewis,natividad.lewis2194@hotmail.com,143.263.6260,Buffalo,ny,USA,14201,2026-02-02
434827,Mark,Casárez,mark.casárez8174@outlook.com,,Victoria,bC,canada,V8W1P6,2024-04-11
869864,Aurelio,Bailey,aurelio.bailey8355@yahoo.com,1 (792) 032-3206,Buffalo,nY,UsA,14201,2025-09-03
462147,Tracy,Granados,tracy.granados4778@yahoo.com,300.748.4551,Toronto,On,CANADA,M5H2N2,2024-08-22
518084,Gilberto,Bell,gilberto.bell9904@hotmail.com,,Los Angeles,ca,usa,90001,2025-05-12
237118,Timothy,Villanueva,timothy.villanueva9305@gmail.com,00574772612,Mexico City,Cm,mEx,01000,2024-11-23
897615,Rachel,Hamilton,rachel.hamilton7658@gmail.com,752.886.2251x9242,Houston,TX,USA,77001,2025-07-28
488539,Annette,Soto,annette.soto4416@outlook.com,+60(8)2666487038,Raleigh,NC,USA,27601,2025-05-19
639995,Angela,Warren,angela.warren2494@gmail.com,,San Jose,Ca,UsA,95101,2025-06-19
688933,cristobal,freeman,cristobal.freeman464@hotmail.com,(866) 679-1772 x889,Monterrey,NL,Mexico,64000,2024-12-29
211341,Danielle,Larsen,danielle.larsen3313@yahoo.com,1-345-234-2069,Vancouver,bC,CANADA,V5K0A1,2025-05-21
434617,Mark,Kennedy,mark.kennedy3959@hotmail.com,+45(2)8016156323,Orlando,fl,USA,32801,2025-08-27
353480,Debra,Acosta,debra.acosta4925@outlook.com,001-407-610-8101x77947,Guadalajara,ja,MEXICO,44100,2024-12-06
589131,Nicholas,martinez,nicholas.martinez6872@outlook.com,(247)951-2796,Monterrey,Nl,mEx,64000,2025-03-02
228473,Rachel,Borrego,rachel.borrego3356@gmail.com,,Guadalajara,ja,Mexico,44100,2026-02-20
380464,Robert,Hood,robert.hood6931@gmail.com,,Victoria,bc,Canada,V8W1P6,2026-03-01
571435,Jennifer,Buckley,jennifer.buckley9226@outlook.com,,Los Angeles,CA,United States,90001,2026-01-25
359961,Débora,Casey,débora.casey876@hotmail.com,+03(8)4658388018,Miami,fl,UsA,33101,2026-04-03
247720,Berta,Rangel,berta.rangel2749@hotmail.com,1-295-988-9820,Monterrey,Nl,mEx,64000,2024-06-17
201514,Derek,Rodriguez,derek.rodriguez3382@hotmail.com,809.471.0234,San Jose,ca,United States,95101,2024-10-13
153063,Zoé,Alcala,zoé.alcala1885@hotmail.com,1 (269) 311-0128,Halifax,NS,Canada,B3H1Y2,2025-09-09
404309,William,Smith,william.smith2312@hotmail.com,1-072-076-2583,Austin,tx,UsA,73301,2025-05-24
502810,Daniel,Pierce,daniel.pierce8875@yahoo.com,977.618.4081,San Jose,ca,United States,95101,2025-09-29
745270,Samuel,Brady,samuel.brady4488@outlook.com,,Guadalajara,JA,MEXICO,44100,2025-01-21
538446,Theresa,hill,theresa.hill4429@yahoo.com,+1-831-813-6017,Guadalajara,ja,mEx,44100,2025-09-30
360330,Yolanda,Solorio,yolanda.solorio6469@outlook.com,170-089-1194,Guanajuato,GJ,mEx,36000,2024-10-04
267457,Erin,Pena,erin.pena2489@yahoo.com,1-315-030-3134,San Diego,CA,USA,92101,2024-03-30
952993,Russell,Warner,russell.warner5480@yahoo.com,,New York,NY,usa,10001,2024-06-26
443341,mauricio,Peña,mauricio.peña8654@gmail.com,376-246-7368 x308,Halifax,ns,Canada,B3H1Y2,2024-11-25
705748,Eric,Martinez,eric.martinez895@yahoo.com,559-886-4915 x843,New York,Ny,United States,10001,2024-04-01
856157,Blanca,Pratt,blanca.pratt9425@outlook.com,3526352732,Guadalajara,JA,MEXICO,44100,2025-03-17
427905,Amanda,Pittman,amanda.pittman8377@yahoo.com,263.666.9199,Raleigh,Nc,UsA,27601,2025-03-08
299055,Chad,Cooper,chad.cooper8701@hotmail.com,(976) 361-5385 x456,Monterrey,Nl,MEXICO,64000,2024-06-09
900190,Katrina,archuleta,katrina.archuleta5316@outlook.com,+1 (778) 246-8944,Vancouver,BC,Canada,V5K0A1,2026-04-21
267082,Adam,Garcia,adam.garcia5367@hotmail.com,(255)664-8063x5789,Victoria,BC,CANADA,V8W1P6,2024-05-12
622469,Renee,Glover,renee.glover1951@yahoo.com,(916) 500-6428,Monterrey,Nl,MEXICO,64000,2025-09-16
639728,Shelly,Brown,shelly.brown3864@hotmail.com,,Austin,TX,usa,73301,2024-03-18
589491,Michelle,caballero,michelle.caballero7211@gmail.com,1-027-140-0463,Mexico City,CM,mEx,01000,2025-10-29
622987,Aaron,Fuentes,aaron.fuentes2552@hotmail.com,881.372.7211x014,Coyoacan,CM,MEXICO,04100,2025-11-02
423528,Donald,Espino,donald.espino819@hotmail.com,,New York,Ny,usa,10001,2026-04-29
621530,Modesto,Jordan,modesto.jordan7645@yahoo.com,,Buffalo,nY,UsA,14201,2024-01-21
124302,Jos,Perea,jos.perea2517@outlook.com,,Coyoacan,cM,mEx,04100,2025-11-28
194423,Brian,miles,brian.miles963@yahoo.com,+1-783-979-4416x1358,Halifax,NS,Canada,B3H1Y2,2025-03-03
512344,Travis,Johnson,travis.johnson7672@hotmail.com,493.336.2102,Raleigh,Nc,USA,27601,2024-06-03
629996,Michael,Baker,michael.baker6612@yahoo.com,490-252-2185x463,Mexico City,CM,mEx,01000,2025-11-14
579441,Genaro,Brown,genaro.brown2711@hotmail.com,(968)421-7765x59728,Montreal,Qc,canada,H1A0A1,2024-06-21
352422,Josefina,West,josefina.west69@gmail.com,326-871-2701x3494,Halifax,Ns,Canada,B3H1Y2,2025-10-19
325595,Camila,Tirado,camila.tirado6037@yahoo.com,(906)091-9236,Mexico City,cm,MEXICO,01000,2025-04-20
711680,Larry,Cooper,larry.cooper3611@yahoo.com,(917) 484-3223 x550,San Diego,ca,usa,92101,2026-02-24
470037,Lorraine,neal,lorraine.neal3233@yahoo.com,(282)004-9636x6941,Montreal,Qc,canada,H1A0A1,2025-12-07
151021,Noemí,Padilla,noemí.padilla7797@yahoo.com,838.137.2009x847,Coyoacan,cm,MEXICO,04100,2024-06-02
152995,Jacqueline,Fowler,jacqueline.fowler5918@hotmail.com,1-268-814-5915,Monterrey,Nl,MEXICO,64000,2024-04-15
395023,Jenna,Olson,jenna.olson6698@hotmail.com,001-850-580-9261,Victoria,bc,CANADA,V8W1P6,2025-03-05
618934,Tony,Mason,tony.mason7272@hotmail.com,,Toronto,ON,Canada,M5H2N2,2025-12-23
726543,Joseph,Cotto,joseph.cotto8602@gmail.com,,Mexico City,cm,MEXICO,01000,2024-06-06
983791,Amador,Roman,amador.roman6396@outlook.com,002.233.0517,Mexico City,cm,mEx,01000,2024-09-02
786041,Devin,Gastélum,devin.gastélum2770@yahoo.com,1-583-930-4824,Miami,fl,usa,33101,2025-10-23
805188,Beatriz,Badillo,beatriz.badillo8484@gmail.com,1-969-035-1257,Austin,TX,UsA,73301,2025-07-06
593446,kenneth,Stewart,kenneth.stewart8672@yahoo.com,667-394-6678,Monterrey,nl,MEXICO,64000,2025-05-12
399628,Kimberly,Robledo,kimberly.robledo8117@gmail.com,001-247-724-9662x200,Montreal,QC,canada,H1A0A1,2024-12-20
662761,Robert,Page,robert.page6281@outlook.com,153-731-3014x464,Guanajuato,GJ,MEXICO,36000,2025-06-14
108574,Patricio,Cruz,patricio.cruz7544@gmail.com,+74(6)2327686020,Guadalajara,jA,Mexico,44100,2024-08-07
988324,Bruno,Acevedo,bruno.acevedo8284@outlook.com,(581) 978-5553,Montreal,qc,Canada,H1A0A1,2026-04-09
212718,Claudio,Garibay,claudio.garibay6827@yahoo.com,,Dallas,TX,United States,75201,2025-10-31
551860,Caitlin,Casares,caitlin.casares765@hotmail.com,(543) 726-4659 x600,Coyoacan,Cm,Mexico,04100,2024-03-30
240440,Anthony,de la Fuente,anthony.delafuente7581@yahoo.com,(033)768-0103x302,Mexico City,CM,Mexico,01000,2024-05-12
377319,robert,woods,robert.woods3482@gmail.com,519-498-1304,Guanajuato,GJ,mEx,36000,2024-05-30
862847,David,Hubbard,david.hubbard1301@outlook.com,(560)078-4165,Vancouver,Bc,Canada,V5K0A1,2024-12-25
483545,Ariel,Reed,ariel.reed1687@gmail.com,(775)215-1481x56266,Dallas,TX,UsA,75201,2025-08-08
900961,David,Parker,david.parker2558@yahoo.com,(167)200-6220x806,Victoria,BC,Canada,V8W1P6,2023-12-31
522842,Walter,Johnson,walter.johnson6360@hotmail.com,1-624-061-2808x0004,Coyoacan,cm,mEx,04100,2024-04-25
483713,Gabriel,ibarra,gabriel.ibarra9362@gmail.com,013-010-6394,Monterrey,Nl,Mexico,64000,2024-08-03
147440,Rebecca,Gonzalez,rebecca.gonzalez5333@gmail.com,(767)152-6853,Miami,fL,USA,33101,2024-01-06
520040,Corey,Sanchez,corey.sanchez9695@hotmail.com,661-130-3478,Coyoacan,cm,mEx,04100,2023-12-01
153642,Clara,Knight,clara.knight6875@hotmail.com,013.902.2219x5620,Leon,Gj,Mexico,37000,2025-10-07
697983,Troy,Rocha,troy.rocha5245@gmail.com,(546)641-9662x652,Guanajuato,Gj,Mexico,36000,2025-10-29
689107,Bianca,Landry,bianca.landry3952@gmail.com,397-972-6019,Guadalajara,JA,Mexico,44100,2025-07-14
304110,Lucas,Gamez,lucas.gamez4759@hotmail.com,,Orlando,FL,United States,32801,2026-01-20
480133,leslie,Miller,leslie.miller5703@gmail.com,+87(3)3711703049,Toronto,ON,CANADA,M5H2N2,2024-03-24
680096,Robert,Mathis,robert.mathis9477@yahoo.com,282.320.8095,Leon,GJ,mEx,37000,2025-01-14
402620,Clara,King,clara.king4650@yahoo.com,723.212.5667x75505,New York,ny,USA,10001,2023-12-11
177103,Augusto,singleton,augusto.singleton3726@hotmail.com,,San Diego,ca,usa,92101,2024-02-29
505116,Bruno,Apodaca,bruno.apodaca9537@hotmail.com,,Miami,Fl,usa,33101,2025-07-17
628750,zacarías,Hood,zacarías.hood303@hotmail.com,1-834-186-6403,Leon,Gj,mEx,37000,2024-08-17
572230,Leonel,Smith,leonel.smith623@gmail.com,129.523.8558x71728,New York,NY,usa,10001,2025-11-26
901535,Karen,Brown,karen.brown7204@outlook.com,7718982822,Guanajuato,gj,mEx,36000,2024-05-22
676566,Nancy,Adame,nancy.adame1529@hotmail.com,231.441.6360,Miami,Fl,usa,33101,2024-02-09
393308,Ana,Martinez,ana.martinez7359@gmail.com,1-483-773-2944x74195,Guanajuato,GJ,mEx,36000,2024-06-10
965401,Reina,Casas,reina.casas1693@gmail.com,1-595-964-5324x5137,Vancouver,Bc,canada,V5K0A1,2024-03-21
753516,Angela,Downs,angela.downs7857@hotmail.com,1-739-717-5419x9567,San Diego,Ca,United States,92101,2025-06-21
813449,yuridia,Luevano,yuridia.luevano5009@yahoo.com,,Miami,fl,usa,33101,2025-03-24
740725,María Luisa,Lindsey,maríaluisa.lindsey5642@outlook.com,547-719-4495x8578,Charlotte,nc,usa,28202,2025-10-30
224582,Heidi,Miller,heidi.miller8873@hotmail.com,368.277.8602x75415,Houston,TX,United States,77001,2026-02-05
234913,Daniel,Muñiz,daniel.muñiz5552@yahoo.com,1 (535) 731-0208,Austin,tx,United States,73301,2024-07-20
201377,David,Aguilera,david.aguilera6584@yahoo.com,(858)914-0615x4799,Leon,GJ,mEx,37000,2023-12-14
513037,Caroline,Flórez,caroline.flórez5023@outlook.com,,Coyoacan,CM,mEx,04100,2024-08-10
491326,Ashley,Martin,ashley.martin1908@outlook.com,(410) 405-6068 x964,Guadalajara,Ja,MEXICO,44100,2025-03-17
933510,Peter,Raya,peter.raya7797@yahoo.com,1-293-774-4119,Victoria,BC,Canada,V8W1P6,2025-10-23
455556,Madison,Austin,madison.austin1790@outlook.com,+1-369-441-1888x381,Toronto,on,canada,M5H2N2,2025-05-14
684929,Celia,Alba,celia.alba8968@gmail.com,(091)666-6860x6989,Vancouver,BC,CANADA,V5K0A1,2024-03-15
483366,Elias,Randolph,elias.randolph3938@hotmail.com,1-904-615-5580,Mexico City,CM,Mexico,01000,2024-07-11
891638,tina,Trevino,tina.trevino7890@gmail.com,,Raleigh,NC,United States,27601,2024-03-21
251275,richard,Escobar,richard.escobar7558@hotmail.com,,Halifax,Ns,Canada,B3H1Y2,2024-09-13
308727,Courtney,Russell,courtney.russell1053@gmail.com,1-251-750-5701,Orlando,FL,UsA,32801,2024-07-24
731728,Cynthia,Carvajal,cynthia.carvajal3664@yahoo.com,275.432.2452,Mexico City,CM,mEx,01000,2024-12-17
633853,Alta  Gracia,Kramer,altagracia.kramer619@yahoo.com,+1 (696) 964-3123,Mexico City,cm,mEx,01000,2024-02-06
520884,esther,Hernandez,esther.hernandez8932@hotmail.com,+1 (983) 713-8911,Monterrey,nl,MEXICO,64000,2024-03-05
624369,Amy,Flores,amy.flores3301@gmail.com,717-027-7945x29559,Mexico City,cm,mEx,01000,2025-07-04
142210,Mary,Andrews,mary.andrews7820@yahoo.com,269-823-2340,San Diego,ca,UsA,92101,2025-09-25
147504,Gregory,Valencia,gregory.valencia1232@outlook.com,015.765.8402x57335,Austin,tx,United States,73301,2024-05-28
140804,Alyssa,Clark,alyssa.clark4004@outlook.com,(039)421-1888x45761,Dallas,tX,United States,75201,2024-05-07
243693,Francisco Javier,Thomas,franciscojavier.thomas4111@gmail.com,+24(8)8528218777,Guadalajara,jA,mEx,44100,2025-06-02
848255,Alma,Grijalva,alma.grijalva3628@outlook.com,,Austin,TX,USA,73301,2026-02-19
449218,Brittany,Flores,brittany.flores5189@yahoo.com,,New York,ny,USA,10001,2026-02-02
943019,Seth,Cortés,seth.cortés1625@gmail.com,1-308-048-5649x24836,San Diego,ca,USA,92101,2024-01-23
596756,daniel,Davis,daniel.davis6320@hotmail.com,(467)698-3034x703,Montreal,qc,CANADA,H1A0A1,2023-12-01
644559,kristen,Martinez,kristen.martinez6879@yahoo.com,595-452-3567 x712,Orlando,fl,USA,32801,2026-03-15
579187,Thomas,Garcia,thomas.garcia7408@hotmail.com,,Guadalajara,ja,MEXICO,44100,2025-09-26
256175,Adela,Bailey,adela.bailey9538@gmail.com,182 741 5269,Halifax,Ns,CANADA,B3H1Y2,2024-07-12
735710,Amelia,Graham,amelia.graham6088@hotmail.com,,Guadalajara,Ja,Mexico,44100,2024-11-15
640546,Rufino,Martinez,rufino.martinez2263@outlook.com,,Guadalajara,ja,mEx,44100,2024-09-24
246570,Kelly,Marroquín,kelly.marroquín4622@yahoo.com,1 (974) 014-6275,Charlotte,nc,UsA,28202,2025-09-16
443897,Christopher,Santacruz,christopher.santacruz9630@gmail.com,,Houston,tx,UsA,77001,2025-12-08
742848,felipe,Blackwell,felipe.blackwell8322@gmail.com,1-804-092-1900,Monterrey,nL,MEXICO,64000,2026-03-21
434002,Scott,pham,scott.pham6770@gmail.com,1-392-537-9063x673,Coyoacan,cM,MEXICO,04100,2026-01-03
512042,Estela,Fernandez,estela.fernandez529@yahoo.com,(523) 945-0879,Monterrey,NL,Mexico,64000,2025-01-17
746447,Melissa,Martinez,melissa.martinez3477@yahoo.com,+1-436-494-6048,Guadalajara,JA,mEx,44100,2025-01-07
875232,Amanda,Gonzalez,amanda.gonzalez4651@gmail.com,+1 (119) 933-5936,Orlando,fl,UsA,32801,2026-03-27
983532,Ricardo,hudson,ricardo.hudson6201@hotmail.com,1-669-265-6878,New York,Ny,UsA,10001,2025-08-07
413769,David,Gomez,david.gomez6342@hotmail.com,+1 (300) 987-9068,Mexico City,Cm,Mexico,01000,2024-12-28
722565,lori,Lucero,lori.lucero8600@yahoo.com,,Monterrey,nL,MEXICO,64000,2025-01-13
452713,José Carlos,Webb,josécarlos.webb594@outlook.com,1-078-353-0583,Mexico City,cm,mEx,01000,2025-05-23
631958,Michael,Conner,michael.conner9237@yahoo.com,,Guanajuato,gj,MEXICO,36000,2025-12-30
968524,Ignacio,Padrón,ignacio.padrón1150@yahoo.com,309.054.6573x2675,Monterrey,Nl,mEx,64000,2026-03-31
634473,John,Wong,john.wong9127@hotmail.com,4603415206,Mexico City,cM,mEx,01000,2025-03-02
658198,Noemí,Nelson,noemí.nelson862@outlook.com,(877) 140-0958 x011,Monterrey,nl,mEx,64000,2025-08-12
613641,Uriel,Cole,uriel.cole7856@yahoo.com,1-320-863-5800,Monterrey,nl,MEXICO,64000,2024-03-31
843167,Jacqueline,dickerson,jacqueline.dickerson2675@outlook.com,,San Jose,ca,UsA,95101,2026-04-09
690268,María Elena,Velazquez,maríaelena.velazquez6368@hotmail.com,+78(9)3906050149,Guadalajara,JA,MEXICO,44100,2023-12-09
414353,Timothy,Partida,timothy.partida4867@gmail.com,617-648-4262x3482,Guadalajara,Ja,MEXICO,44100,2024-01-24
597960,Elizabeth,Collins,elizabeth.collins7418@yahoo.com,1-352-364-2264,Halifax,ns,Canada,B3H1Y2,2024-02-01
955374,Erika,Méndez,erika.méndez899@hotmail.com,435.420.1479x230,Guanajuato,GJ,mEx,36000,2024-12-25
117445,Victoria,Haynes,victoria.haynes508@yahoo.com,951.639.1027x0373,Dallas,TX,United States,75201,2025-06-26
486251,brittney,Frank,brittney.frank5870@gmail.com,(237)836-6855x5095,Halifax,ns,canada,B3H1Y2,2025-01-07
447329,Marisela,Diaz,marisela.diaz7852@hotmail.com,1 (955) 873-0723,Guadalajara,ja,MEXICO,44100,2026-01-22
806537,Joy,Lucas,joy.lucas6428@yahoo.com,,Guadalajara,ja,Mexico,44100,2026-01-01
214928,Federico,Bermúdez,federico.bermúdez9995@outlook.com,247-414-7374 x633,Monterrey,Nl,mEx,64000,2024-01-01
536774,Debra,Holmes,debra.holmes4071@outlook.com,,Halifax,ns,Canada,B3H1Y2,2025-09-29
712056,Roberto,Porras,roberto.porras2894@yahoo.com,,Guadalajara,JA,Mexico,44100,2026-02-16
422623,Tammy,Castillo,tammy.castillo4733@outlook.com,1 (741) 496-0699,Vancouver,BC,Canada,V5K0A1,2025-08-07
935457,Sandra,Moreno,sandra.moreno4463@gmail.com,,Houston,Tx,USA,77001,2025-03-18
860557,Caridad,Middleton,caridad.middleton9350@yahoo.com,,Guadalajara,jA,MEXICO,44100,2024-10-14
821466,Leonel,Randolph,leonel.randolph6452@hotmail.com,1-769-381-8692x5342,Los Angeles,Ca,United States,90001,2025-12-18
759827,lauren,Young,lauren.young7977@yahoo.com,02774214926,Leon,gj,mEx,37000,2025-09-10
127941,Angela,Mcdonald,angela.mcdonald1009@yahoo.com,803-199-0832x70976,Guanajuato,gJ,MEXICO,36000,2024-05-26
725905,ana maría,Tran,anamaría.tran8406@yahoo.com,871.068.0513x19021,Guanajuato,Gj,MEXICO,36000,2024-07-03
597643,Blanca,Davis,blanca.davis7042@yahoo.com,,Dallas,TX,UsA,75201,2025-11-10
378428,Clemente,Hughes,clemente.hughes5458@gmail.com,1 (281) 287-0513,Mexico City,Cm,MEXICO,01000,2024-02-29
787436,Nicole,Urrutia,nicole.urrutia2271@outlook.com,472 265 7071,Leon,Gj,mEx,37000,2025-11-29
920934,John,Williams,john.williams7058@gmail.com,343.007.6599,Los Angeles,ca,UsA,90001,2024-05-08
913864,Carolyn,Hughes,carolyn.hughes5069@yahoo.com,,Houston,tx,United States,77001,2025-11-04
706574,Ryan,Pacheco,ryan.pacheco3453@gmail.com,+1-256-349-1957x8700,Miami,fl,United States,33101,2026-04-21
705693,James,Welch,james.welch3428@yahoo.com,(622)061-5549,Austin,Tx,usa,73301,2026-01-26
338596,Adalberto,Adams,adalberto.adams4941@hotmail.com,(640) 963-0834 x549,Halifax,ns,Canada,B3H1Y2,2025-07-31
856442,valerie,Tran,valerie.tran1302@outlook.com,(315)645-0353,Raleigh,NC,usa,27601,2025-04-07
153849,Ramón,young,ramón.young1167@hotmail.com,,Charlotte,Nc,UsA,28202,2026-01-13
711868,Patricia,Collins,patricia.collins5233@hotmail.com,+1-122-951-9102,Ottawa,ON,Canada,K1A0B1,2025-05-31
603787,Carolina,boyd,carolina.boyd9499@gmail.com,515-872-4568x11298,Montreal,qc,Canada,H1A0A1,2024-08-15
278794,Brian,Combs,brian.combs4255@outlook.com,+1 (626) 946-5181,Coyoacan,cm,mEx,04100,2025-09-05
649697,Nelly,Perkins,nelly.perkins7927@gmail.com,,Miami,FL,United States,33101,2024-02-08
759580,Glenda,Carter,glenda.carter1180@hotmail.com,(479)050-3707,Los Angeles,ca,United States,90001,2025-09-14
749840,Noelia,chen,noelia.chen479@hotmail.com,+1-375-048-0295,Montreal,qc,canada,H1A0A1,2024-04-17
912233,Susan,Almaraz,susan.almaraz3159@gmail.com,873-075-5396x5896,Toronto,on,Canada,M5H2N2,2024-03-02
982027,Michael,Reynolds,michael.reynolds1139@hotmail.com,,Austin,TX,UsA,73301,2023-12-25
498658,Ivonne,Davis,ivonne.davis3478@yahoo.com,,Austin,Tx,usa,73301,2025-03-30
254954,renee,Simon,renee.simon3882@hotmail.com,,San Diego,ca,United States,92101,2024-08-18
961574,Mary,Sanchez,mary.sanchez417@outlook.com,1-746-521-7584x2290,Charlotte,NC,UsA,28202,2024-02-01
813793,Tony,Simmons,tony.simmons5424@outlook.com,805.273.9234,Halifax,ns,CANADA,B3H1Y2,2024-07-18
353961,Indira,Maldonado,indira.maldonado8016@gmail.com,,Guadalajara,ja,MEXICO,44100,2026-03-24
133104,Rodney,west,rodney.west74@outlook.com,001-817-883-3701x197,Guanajuato,GJ,mEx,36000,2025-08-18
700383,alexandria,Kennedy,alexandria.kennedy7678@outlook.com,1 (576) 558-7206,Monterrey,nL,mEx,64000,2026-02-16
834549,Christopher,Benavides,christopher.benavides7719@yahoo.com,,Ottawa,On,CANADA,K1A0B1,2024-05-16
215233,Hannah,Mosley,hannah.mosley8915@gmail.com,,New York,NY,UsA,10001,2025-11-11
300051,joshua,Zamudio,joshua.zamudio3796@gmail.com,1 (995) 523-9778,Los Angeles,CA,USA,90001,2024-03-04
119857,Krystal,Sandoval,krystal.sandoval9252@gmail.com,,Dallas,TX,UsA,75201,2024-07-26
562462,Nicole,Gilbert,nicole.gilbert7400@gmail.com,140-018-0642,Monterrey,NL,MEXICO,64000,2025-09-21
428930,Rodolfo,Alvarez,rodolfo.alvarez3854@outlook.com,,Guanajuato,Gj,Mexico,36000,2025-09-12
539122,Kaitlin,Jenkins,kaitlin.jenkins6224@hotmail.com,706.819.2623x517,Leon,GJ,mEx,37000,2025-09-02
258787,Lourdes,Guzman,lourdes.guzman7872@gmail.com,(434)660-9026x991,Mexico City,Cm,MEXICO,01000,2025-09-22
533020,Marisa,Rentería,marisa.rentería9993@hotmail.com,914.284.7176,New York,NY,usa,10001,2025-04-13
824042,Federico,Nieves,federico.nieves5922@outlook.com,241-421-8112,Monterrey,Nl,Mexico,64000,2025-01-06
313795,Rhonda,Barajas,rhonda.barajas1427@outlook.com,498.599.1683x7599,Charlotte,nc,United States,28202,2025-07-12
530311,Kayla,Cruz,kayla.cruz3278@outlook.com,,Coyoacan,cm,MEXICO,04100,2024-02-01
626195,Inés,Rosales,inés.rosales4077@outlook.com,787-991-4324,Montreal,Qc,canada,H1A0A1,2024-12-31
912617,Jared,arriaga,jared.arriaga6670@outlook.com,(139)272-1798,San Jose,Ca,USA,95101,2025-12-16
