order_id,product_id,quantity,unit_price_usd
1003124,72692,6,46.69
1003124,63985,4,78.79
1003124,75767,2,243.99
1003124,18476,1,11.09
1003124,20074,10,1064.09
1004106,33606,3,285.99
1004106,58241,1,203.99
1008045,63493,1,215.09
1025145,16086,9,36.99
1025145,58650,21,11.09
1025145,81641,18,228.09
1028547,15578,1,78.69
1033452,48510,1,68.99
1033452,64388,19,290.09
1033452,85973,8,177.59
1033452,10023,1,181.29
1034968,66578,1,268.19
1046907,72692,13,46.69
1048228,48996,10,64.79
1049683,80625,1,690.09
1049683,85076,19,893.99
1049683,47437,10,898.99
1049683,64388,24,290.09
1058188,61093,3,240.99
1058188,10621,16,165.19
1066321,66578,1,268.19
1075856,16353,20,105.99
1076222,41515,23,1273.69
1076222,87426,23,180.29
1083956,35273,5,213.19
1083956,64388,20,290.09
1083956,77670,1,244.59
1088137,26740,3,216.59
1088137,80625,10,690.09
1088137,94514,2,254.99
1095901,11575,4,233.29
1095901,35798,10,82.99
1108921,64388,1,290.09
1115997,82664,17,269.69
1116318,20430,2,198.89
1130498,19409,17,67.99
1139714,35273,16,213.19
1139714,98451,18,1292.09
1139714,33606,16,285.99
1145399,46421,23,185.89
1147432,24242,1,116.99
1147432,33935,17,201.99
1147432,80625,10,690.09
1147432,34871,21,6.59
1152297,48996,1,64.79
1166109,36591,18,162.99
1166109,97210,5,241.29
1166109,64279,13,126.39
1166109,86809,22,71.29
1166109,14979,15,582.09
1168862,48289,14,85.59
1181817,21230,13,90.79
1181817,76830,1,210.09
1181817,20430,6,198.89
1181817,66820,16,221.99
1193789,69218,7,184.09
1193789,95646,8,323.09
1195071,78649,3,1059.49
1195071,94612,20,266.79
1195071,35798,13,82.99
1195071,32938,13,1148.89
1219874,39417,1,192.59
1219874,19409,12,67.99
1223455,15578,18,78.69
1251371,37490,17,159.99
1256567,33606,21,285.99
1256567,20054,22,196.99
1256567,35273,1,213.19
1262995,54586,8,98.49
1262995,99654,18,265.39
1287702,52648,2,195.89
1287702,11313,2,78.49
1289868,36224,6,56.09
1295463,48869,9,901.09
1295463,95523,15,82.19
1295992,61311,25,160.19
1297676,53392,6,112.99
1313704,27057,3,353.39
1313704,41515,3,1273.69
1321952,94612,4,266.79
1332610,98451,18,1292.09
1340157,48289,15,85.59
1340157,47437,21,898.99
1346424,13185,5,205.29
1346424,48606,5,391.49
1346424,66452,6,169.99
1350760,97298,4,29.99
1350760,66452,1,169.99
1350760,92839,1,84.09
1354373,11313,1,78.49
1354414,16749,11,231.39
1379567,98451,1,1292.09
1379567,99613,1,287.89
1379567,79564,6,34.99
1379567,47174,19,390.69
1379567,99654,12,265.39
1386701,90808,3,77.19
1387221,76830,6,210.09
1388431,86809,4,71.29
1388431,36591,14,162.99
1388431,33606,7,285.99
1388431,14979,2,582.09
1392742,26740,1,216.59
1398310,26740,20,216.59
1398310,17582,20,83.39
1405685,11313,1,78.49
1405685,68080,24,141.29
1405685,75767,5,243.99
1405943,15578,1,78.69
1412389,16805,1,279.49
1424465,14109,1,225.49
1428958,95646,11,323.09
1428958,58650,22,11.09
1428958,26245,14,107.79
1432334,33935,1,201.99
1432334,68080,6,141.29
1432334,85973,2,177.59
1436664,68080,1,141.29
1450064,85459,3,239.79
1450064,92839,5,84.09
1450064,27849,22,123.59
1450064,15918,18,32.99
1450064,86809,24,71.29
1450064,58650,3,11.09
1450064,32457,1,550.79
1450715,58241,8,203.99
1450715,50462,2,174.99
1450715,15918,7,32.99
1450715,10621,1,165.19
1450715,48510,14,68.99
1450715,20043,1,165.99
1450715,85459,8,239.79
1453898,47174,5,390.69
1453898,46935,17,118.99
1461275,68723,1,96.89
1461275,69991,1,1268.79
1461275,48289,19,85.59
1472586,87148,10,4.99
1472586,36591,2,162.99
1496319,99654,20,265.39
1500385,50462,8,174.99
1502109,90808,8,77.19
1502109,20054,12,196.99
1502109,36224,4,56.09
1502109,48996,2,64.79
1502109,58241,2,203.99
1502109,21230,1,90.79
1502109,77670,18,244.59
1517479,47437,19,898.99
1517479,71645,6,403.99
1517479,96141,24,909.49
1553333,32457,14,550.79
1554830,68080,11,141.29
1554830,86809,4,71.29
1554830,85973,16,177.59
1554830,75767,4,243.99
1557402,32091,1,81.39
1557402,85973,16,177.59
1565845,63748,19,91.19
1565845,48869,4,901.09
1565898,26270,9,749.99
1568388,15578,22,78.69
1568388,94514,1,254.99
1586856,26270,16,749.99
1598984,27600,1,1470.79
1598984,44513,15,53.19
1598984,25536,21,208.09
1645019,64279,5,126.39
1646237,82067,8,40.79
1646237,33209,17,384.69
1646237,33606,21,285.99
1646237,22393,23,1060.09
1646237,20430,2,198.89
1646237,32091,20,81.39
1646237,95339,14,58.89
1646237,10621,7,165.19
1647288,11453,5,1304.19
1647288,25536,7,208.09
1647288,11575,21,233.29
1650795,26740,1,216.59
1650795,97210,21,241.29
1650795,32511,1,62.59
1675268,81834,11,186.89
1676379,54586,6,98.49
1676379,11313,8,78.49
1683120,27849,14,123.59
1683120,46420,5,41.59
1683120,48289,18,85.59
1723906,77617,19,226.99
1723906,44115,5,1320.79
1750887,36262,7,233.99
1750887,15578,2,78.69
1778132,64388,15,290.09
1786224,35273,13,213.19
1786224,79564,1,34.99
1786224,11575,8,233.29
1786224,90808,12,77.19
1786224,68723,18,96.89
1786704,81834,7,186.89
1786704,32511,18,62.59
1801110,80625,10,690.09
1801110,15626,12,429.09
1801110,44513,16,53.19
1803759,63985,18,78.79
1803759,32511,1,62.59
1803759,48869,16,901.09
1803759,77670,1,244.59
1817616,53078,1,293.39
1817616,15918,1,32.99
1824641,37489,13,17.69
1824641,86854,1,207.99
1828089,22393,9,1060.09
1842643,68080,3,141.29
1842643,20430,6,198.89
1842643,85459,15,239.79
1842643,26270,8,749.99
1869192,58241,1,203.99
1869192,26270,1,749.99
1876365,17582,1,83.39
1876365,68080,25,141.29
1876365,95646,11,323.09
1876449,78853,21,26.29
1876449,84547,1,205.49
1880412,86809,11,71.29
1883457,14979,10,582.09
1883457,47437,16,898.99
1885978,80351,4,194.99
1906778,48289,8,85.59
1907245,75721,8,174.59
1907245,20430,11,198.89
1907245,20054,7,196.99
1916230,48289,1,85.59
1916230,81641,12,228.09
1926816,54586,1,98.49
1926816,32091,1,81.39
1926816,35273,7,213.19
1926816,66185,18,659.99
1926816,57874,5,234.09
1926816,83295,22,123.99
1927939,15918,19,32.99
1934969,26270,9,749.99
1934969,32457,15,550.79
1934969,41039,17,218.69
1935573,95646,14,323.09
1936660,64388,9,290.09
1936660,48996,16,64.79
1936660,37489,22,17.69
1936660,87809,7,436.79
1936660,14979,4,582.09
1965450,80625,16,690.09
1965450,56178,1,1474.59
1986776,44513,11,53.19
1986776,47437,21,898.99
1994417,79564,12,34.99
2002578,76061,1,229.99
2009023,87148,3,4.99
2028967,56178,21,1474.59
2033243,15578,21,78.69
2054792,20430,1,198.89
2054792,10621,12,165.19
2054792,46421,24,185.89
2054792,41345,6,812.29
2054792,37489,16,17.69
2054792,32938,6,1148.89
2056207,78853,1,26.29
2060393,64388,3,290.09
2061231,32091,19,81.39
2061231,25536,8,208.09
2061231,33606,4,285.99
2066533,81834,18,186.89
2066533,20430,21,198.89
2070189,14979,17,582.09
2072178,16353,3,105.99
2081891,84547,3,205.49
2091392,89968,1,206.49
2093308,90808,4,77.19
2105710,53392,4,112.99
2111562,64388,25,290.09
2111562,26740,5,216.59
2111562,77670,21,244.59
2135599,52648,6,195.89
2137614,44331,4,121.79
2141996,22393,17,1060.09
2144216,87809,12,436.79
2144216,48606,18,391.49
2148768,32457,23,550.79
2148768,92839,1,84.09
2152548,39417,8,192.59
2156522,57224,12,54.99
2156522,22057,2,294.89
2156522,33606,1,285.99
2159996,85459,13,239.79
2170683,79163,7,738.99
2170683,56178,7,1474.59
2170683,11453,25,1304.19
2170683,33606,1,285.99
2170683,77617,13,226.99
2170683,63748,10,91.19
2170683,57224,10,54.99
2171698,35273,25,213.19
2171698,66452,14,169.99
2171698,35798,22,82.99
2171698,87426,5,180.29
2175440,10621,22,165.19
2175440,61911,1,279.89
2175440,63493,1,215.09
2182952,11811,4,250.49
2182952,41820,4,21.99
2182952,89968,1,206.49
2182952,39417,19,192.59
2184823,47632,4,168.29
2184823,46421,8,185.89
2201471,85973,8,177.59
2207732,75767,3,243.99
2208735,54586,12,98.49
2208735,36224,1,56.09
2223171,41515,20,1273.69
2228930,11575,9,233.29
2229206,35273,14,213.19
2230706,66452,2,169.99
2231585,78853,15,26.29
2231585,36496,2,5.69
2231585,89968,24,206.49
2248523,23323,3,293.99
2248523,19021,7,253.09
2248523,80978,15,280.69
2248523,80625,14,690.09
2270172,19021,2,253.09
2270172,68080,1,141.29
2274283,57051,3,58.39
2274283,20430,3,198.89
2274283,35273,25,213.19
2274283,15918,22,32.99
2274283,84547,1,205.49
2274283,37489,5,17.69
2284771,58241,2,203.99
2284771,57224,6,54.99
2284771,75721,4,174.59
2311495,87809,17,436.79
2311495,26270,1,749.99
2313566,20054,1,196.99
2313566,15081,3,108.99
2313566,57801,5,63.79
2313566,52648,22,195.89
2315297,35273,11,213.19
2338395,46421,4,185.89
2338395,61311,1,160.19
2356359,68080,1,141.29
2356359,64388,4,290.09
2356359,11575,15,233.29
2356359,32457,8,550.79
2373492,27849,1,123.59
2373525,10023,20,181.29
2373525,95646,9,323.09
2373525,37489,1,17.69
2373525,16257,18,154.99
2376595,57874,13,234.09
2376595,21230,4,90.79
2376595,80351,4,194.99
2376595,57051,1,58.39
2389770,91580,23,262.59
2389770,66452,4,169.99
2389770,47632,1,168.29
2389770,95339,10,58.89
2402804,39417,22,192.59
2402804,66578,14,268.19
2402804,69218,6,184.09
2455737,52648,1,195.89
2455737,53078,22,293.39
2455737,22393,6,1060.09
2455737,90808,16,77.19
2455737,69037,3,35.99
2455737,36224,24,56.09
2471318,11313,16,78.49
2477252,66452,23,169.99
2477252,52126,6,326.99
2486639,35273,25,213.19
2486639,62011,1,72.79
2486639,86286,1,261.59
2486639,19409,1,67.99
2507260,64388,1,290.09
2531484,61311,25,160.19
2531484,68080,1,141.29
2532920,95646,4,323.09
2534837,37489,24,17.69
2534837,44115,1,1320.79
2534837,10023,13,181.29
2534837,52648,2,195.89
2534837,16353,1,105.99
2534837,46421,24,185.89
2534837,20054,13,196.99
2534837,85973,5,177.59
2544498,15578,8,78.69
2544498,36224,1,56.09
2544498,75721,4,174.59
2544498,95339,24,58.89
2544498,85973,13,177.59
2544498,68479,1,46.29
2555440,53392,1,112.99
2555440,32091,20,81.39
2573956,41515,21,1273.69
2573956,26740,23,216.59
2573956,77670,24,244.59
2573956,26245,2,107.79
2573956,92839,1,84.09
2621162,89968,1,206.49
2621162,44115,23,1320.79
2630340,15578,18,78.69
2630340,19409,14,67.99
2630340,86809,22,71.29
2638104,81834,7,186.89
2638104,66578,13,268.19
2638104,39417,12,192.59
2638104,21230,2,90.79
2638104,54586,5,98.49
2638104,71227,7,166.29
2639352,11575,2,233.29
2663031,87426,2,180.29
2675234,57545,6,12.49
2681438,37490,19,159.99
2682654,86725,4,260.79
2682654,58241,6,203.99
2684963,47437,3,898.99
2684963,36591,1,162.99
2684963,47174,1,390.69
2684963,14109,7,225.49
2684963,54586,2,98.49
2705118,32511,10,62.59
2705118,26270,21,749.99
2705118,10023,18,181.29
2705118,76830,12,210.09
2718646,75438,16,59.19
2731540,58241,5,203.99
2731540,37742,3,193.59
2731540,94514,11,254.99
2732005,83295,14,123.99
2732005,46421,5,185.89
2738328,14920,21,249.99
2740746,83295,13,123.99
2743779,19021,24,253.09
2743779,36209,1,189.99
2743779,39417,9,192.59
2743779,72692,5,46.69
2748157,26750,16,78.79
2748157,37489,10,17.69
2748157,69991,2,1268.79
2748157,83295,14,123.99
2762210,14109,1,225.49
2784717,47174,4,390.69
2791049,85459,16,239.79
2791049,58241,6,203.99
2796228,95646,17,323.09
2796228,39417,2,192.59
2801568,25536,16,208.09
2809678,80625,1,690.09
2809678,33606,7,285.99
2809678,69037,1,35.99
2818873,92046,2,166.49
2826660,58241,3,203.99
2831966,77670,3,244.59
2831966,22393,17,1060.09
2831966,61311,1,160.19
2847827,11453,5,1304.19
2847827,98451,2,1292.09
2847827,20430,1,198.89
2847827,10023,17,181.29
2847827,14979,1,582.09
2852748,69218,4,184.09
2852748,98451,1,1292.09
2859136,57224,20,54.99
2859136,77617,15,226.99
2873761,85076,12,893.99
2880005,87148,3,4.99
2882940,15578,1,78.69
2882940,75767,1,243.99
2882940,57224,1,54.99
2882940,19021,2,253.09
2882940,46421,1,185.89
2885895,61311,19,160.19
2885895,76830,12,210.09
2885895,41515,1,1273.69
2885895,33209,20,384.69
2891845,41515,10,1273.69
2891845,32511,13,62.59
2891845,35798,1,82.99
2902957,47174,6,390.69
2904614,53392,23,112.99
2904614,84547,13,205.49
2904614,97210,3,241.29
2904614,92839,14,84.09
2908400,92839,9,84.09
2908400,48869,7,901.09
2913021,87809,14,436.79
2913021,35273,19,213.19
2913021,57224,1,54.99
2917344,84547,9,205.49
2917344,19021,2,253.09
2917344,32091,12,81.39
2917682,26245,24,107.79
2917682,58241,1,203.99
2926890,96141,11,909.49
2926890,10023,3,181.29
2934111,78853,5,26.29
2934111,85459,9,239.79
2934111,62011,6,72.79
2934111,80349,22,203.59
2934111,92898,1,1162.99
2934111,63748,4,91.19
2934111,72692,10,46.69
2934928,71645,21,403.99
2934928,26270,1,749.99
2941163,11313,3,78.49
2941163,46421,13,185.89
2941163,80978,6,280.69
2941163,21508,20,97.89
2941163,26740,19,216.59
2941163,63748,13,91.19
2941163,86725,5,260.79
2941914,75721,3,174.59
2941914,46935,20,118.99
2948426,32457,19,550.79
2951791,75438,4,59.19
2951791,53392,2,112.99
2951791,58241,19,203.99
2951791,14979,18,582.09
2951791,22393,2,1060.09
2951791,26740,8,216.59
2951791,36209,13,189.99
2956179,15578,2,78.69
2956179,35273,5,213.19
2956179,22057,19,294.89
2958456,33606,21,285.99
2962729,46421,18,185.89
2982650,68080,2,141.29
2982650,37489,1,17.69
2982650,52648,7,195.89
2982650,92839,1,84.09
2990000,51181,8,184.29
2990000,72692,5,46.69
3017173,26270,19,749.99
3023089,39417,14,192.59
3023089,22393,1,1060.09
3023089,23045,5,713.69
3030544,87809,7,436.79
3030668,62011,3,72.79
3030668,68723,21,96.89
3034485,59301,8,43.99
3034485,61311,6,160.19
3054977,26750,18,78.79
3061351,78649,1,1059.49
3061351,20430,2,198.89
3061351,10621,8,165.19
3061351,14109,8,225.49
3062354,59301,5,43.99
3062354,71227,2,166.29
3062354,89968,1,206.49
3062354,20054,7,196.99
3073133,57874,1,234.09
3073133,29892,1,44.09
3073133,94652,20,32.39
3073133,50462,10,174.99
3078630,61311,6,160.19
3089238,15578,5,78.69
3092764,26740,3,216.59
3145438,47632,13,168.29
3145438,58241,2,203.99
3145438,35798,9,82.99
3145438,53392,1,112.99
3145438,34871,4,6.59
3145438,41226,8,288.09
3191377,79834,1,151.19
3193355,89968,5,206.49
3193355,95339,3,58.89
3193355,97298,3,29.99
3204823,33935,21,201.99
3208386,98451,5,1292.09
3208386,78853,5,26.29
3233860,87789,1,294.99
3242847,35273,1,213.19
3242847,52111,1,173.99
3242847,95646,21,323.09
3250894,80351,3,194.99
3288738,48869,12,901.09
3288738,77617,4,226.99
3288738,87148,4,4.99
3288738,14920,1,249.99
3345697,54586,24,98.49
3345697,68080,20,141.29
3345697,32457,15,550.79
3345697,95339,1,58.89
3345697,80978,2,280.69
3345697,86854,21,207.99
3346098,64388,13,290.09
3365226,10621,1,165.19
3365226,37742,1,193.59
3377236,44513,1,53.19
3377236,78649,24,1059.49
3377236,25979,10,215.99
3377236,90808,1,77.19
3386525,14979,1,582.09
3386525,95646,5,323.09
3400107,98451,5,1292.09
3400107,53392,3,112.99
3402730,15918,11,32.99
3408788,63985,2,78.79
3408788,89968,10,206.49
3414265,81834,22,186.89
3414265,46420,1,41.59
3414265,13185,16,205.29
3414265,54586,25,98.49
3422028,19403,19,228.99
3435667,57224,23,54.99
3438025,26740,17,216.59
3439826,15578,10,78.69
3439826,77670,15,244.59
3439826,41515,18,1273.69
3445277,19403,4,228.99
3445304,15578,22,78.69
3451753,63985,2,78.79
3451753,37490,1,159.99
3451753,47437,6,898.99
3451753,23045,23,713.69
3463020,92839,21,84.09
3463020,21230,1,90.79
3463020,87148,5,4.99
3464116,20054,3,196.99
3464116,83295,2,123.99
3464116,48869,13,901.09
3467882,87148,25,4.99
3467882,24242,5,116.99
3469608,16805,7,279.49
3469608,82638,23,22.99
3469608,14042,7,77.29
3475233,54586,24,98.49
3499619,36224,1,56.09
3506079,89133,10,292.19
3521908,21230,4,90.79
3528708,80978,1,280.69
3528708,84547,25,205.49
3528708,52648,15,195.89
3528708,26740,25,216.59
3528708,58241,2,203.99
3528708,75721,1,174.59
3530916,95646,4,323.09
3530916,10023,1,181.29
3530916,25979,1,215.99
3530916,48869,4,901.09
3542220,25979,13,215.99
3542220,58241,12,203.99
3542220,41515,17,1273.69
3542220,16749,5,231.39
3542220,61677,13,192.69
3542220,11426,5,1071.19
3542220,78649,1,1059.49
3542220,50462,13,174.99
3546561,63985,4,78.79
3552032,66452,4,169.99
3552032,97298,11,29.99
3552032,75721,7,174.59
3552272,14979,5,582.09
3572832,87148,9,4.99
3572832,32457,13,550.79
3592166,84547,6,205.49
3592166,45172,21,205.99
3598668,69729,24,209.19
3604682,26740,25,216.59
3604682,20430,15,198.89
3604682,50150,3,390.59
3605085,98451,10,1292.09
3605085,30919,20,135.79
3610403,79564,11,34.99
3610403,44513,23,53.19
3612358,75438,2,59.19
3612358,26270,19,749.99
3618453,64388,12,290.09
3618453,80349,24,203.59
3621468,90808,6,77.19
3621468,10023,25,181.29
3621468,32091,1,81.39
3621468,12576,5,134.49
3621468,13185,1,205.29
3643794,25979,25,215.99
3643794,26270,3,749.99
3643794,32457,4,550.79
3643794,47437,5,898.99
3643794,61311,1,160.19
3644970,81834,22,186.89
3644970,64388,8,290.09
3644970,92046,1,166.49
3644970,52648,2,195.89
3675019,60647,13,264.09
3675019,80349,1,203.59
3675019,48606,1,391.49
3675019,66452,9,169.99
3675019,76830,7,210.09
3675019,14979,5,582.09
3686031,75721,5,174.59
3686031,73489,21,251.09
3688704,19021,11,253.09
3688704,26270,14,749.99
3689114,75721,1,174.59
3689114,99654,1,265.39
3699542,27460,15,968.99
3713749,85076,15,893.99
3713749,46421,5,185.89
3722544,17582,24,83.39
3722544,16353,5,105.99
3723415,26740,8,216.59
3723415,13185,3,205.29
3726506,15578,25,78.69
3726506,35273,1,213.19
3726506,27600,4,1470.79
3726506,20430,5,198.89
3726506,57224,25,54.99
3726506,10621,7,165.19
3735369,29892,1,44.09
3735369,86854,12,207.99
3735369,87809,1,436.79
3736113,16805,18,279.49
3746643,79647,1,91.09
3746643,35798,23,82.99
3746643,12576,21,134.49
3746643,77617,3,226.99
3746643,90808,1,77.19
3746643,19403,23,228.99
3752763,15578,23,78.69
3756601,20054,3,196.99
3756601,98451,11,1292.09
3756601,57051,5,58.39
3759555,22057,9,294.89
3761970,62011,3,72.79
3776410,58241,2,203.99
3776410,78853,7,26.29
3776410,90808,3,77.19
3776410,85973,12,177.59
3786807,10621,1,165.19
3786807,71645,2,403.99
3786807,77617,3,226.99
3786807,81641,7,228.09
3796762,26740,3,216.59
3796762,54586,10,98.49
3796762,27849,10,123.59
3801112,36224,10,56.09
3801112,37489,25,17.69
3807015,46420,1,41.59
3810171,56178,18,1474.59
3810171,66452,15,169.99
3810171,36591,12,162.99
3819617,47632,18,168.29
3831220,48996,2,64.79
3831242,61311,18,160.19
3831242,27849,20,123.59
3837730,66578,18,268.19
3856553,87809,22,436.79
3856553,97298,11,29.99
3856553,37490,21,159.99
3856553,61311,3,160.19
3856553,32457,1,550.79
3860266,20054,1,196.99
3866055,86809,10,71.29
3866055,12576,6,134.49
3878126,54586,25,98.49
3878126,58241,23,203.99
3878126,57545,13,12.49
3893190,10023,10,181.29
3911039,32511,18,62.59
3914085,48335,1,111.49
3914085,85076,2,893.99
3914085,16086,2,36.99
3914085,80625,1,690.09
3914335,76061,22,229.99
3914335,32457,15,550.79
3914335,10621,2,165.19
3925019,76830,24,210.09
3925019,52111,1,173.99
3925019,85973,15,177.59
3929535,36224,1,56.09
3930451,76830,14,210.09
3931209,40999,2,120.99
3931209,92839,2,84.09
3931209,75767,18,243.99
3931209,23045,5,713.69
3931209,33606,1,285.99
3933156,10621,10,165.19
3933156,25979,15,215.99
3933156,92046,8,166.49
3938535,64388,16,290.09
3952072,73115,3,172.99
3952072,77670,9,244.59
3979264,50462,14,174.99
3979264,22057,7,294.89
4000431,46421,13,185.89
4000431,95646,18,323.09
4007382,10023,4,181.29
4007382,20074,2,1064.09
4068305,64388,21,290.09
4068305,58650,6,11.09
4072026,50462,16,174.99
4072026,20888,15,65.99
4074222,48606,2,391.49
4074807,41515,2,1273.69
4096497,80349,6,203.59
4098037,26245,6,107.79
4098037,70780,12,122.19
4114977,68080,24,141.29
4117254,26270,7,749.99
4117254,17582,3,83.39
4118951,77670,1,244.59
4118951,75767,6,243.99
4118951,35273,4,213.19
4133412,23045,2,713.69
4139923,57545,25,12.49
4141210,89968,5,206.49
4149054,75721,21,174.59
4149054,86809,6,71.29
4173090,58241,13,203.99
4173090,20074,2,1064.09
4173090,57051,2,58.39
4185594,68080,1,141.29
4185594,15081,8,108.99
4196761,26270,1,749.99
4203043,22393,3,1060.09
4203043,15626,8,429.09
4203043,17582,11,83.39
4225423,99654,1,265.39
4225423,23323,3,293.99
4232164,21508,1,97.89
4232164,52648,1,195.89
4232164,77617,1,226.99
4276119,29892,11,44.09
4287794,61311,9,160.19
4287794,86809,4,71.29
4309624,39417,18,192.59
4312443,11453,22,1304.19
4312443,20430,2,198.89
4312443,58241,14,203.99
4313918,37489,20,17.69
4323858,61311,13,160.19
4323858,85459,20,239.79
4323858,52648,25,195.89
4323858,21508,5,97.89
4330771,33209,1,384.69
4330771,10621,19,165.19
4330771,59301,7,43.99
4330771,63985,2,78.79
4342295,19021,1,253.09
4342295,16086,17,36.99
4354585,46421,5,185.89
4354585,80625,1,690.09
4389201,96141,11,909.49
4389285,37742,11,193.59
4389285,17582,2,83.39
4389285,26270,16,749.99
4389285,78853,10,26.29
4389285,48289,13,85.59
4389285,64388,5,290.09
4389285,46935,10,118.99
4402083,47437,14,898.99
4402808,54586,1,98.49
4424626,87148,3,4.99
4424661,15918,2,32.99
4424661,53392,2,112.99
4429985,64388,21,290.09
4429985,10023,1,181.29
4438407,26750,1,78.79
4443290,82638,6,22.99
4443290,35273,2,213.19
4443290,68723,17,96.89
4448918,69218,3,184.09
4456144,20054,1,196.99
4456144,48289,18,85.59
4472457,11575,1,233.29
4472457,76830,1,210.09
4473191,15918,1,32.99
4473191,72692,15,46.69
4473191,26740,5,216.59
4473692,16353,23,105.99
4473692,86809,8,71.29
4477961,97298,12,29.99
4477961,20430,25,198.89
4477961,85076,6,893.99
4477961,64388,16,290.09
4487631,94514,4,254.99
4496481,54586,1,98.49
4496481,37489,10,17.69
4496481,86809,23,71.29
4496481,20054,9,196.99
4502564,35273,1,213.19
4502564,57874,5,234.09
4502564,85076,24,893.99
4505452,42020,14,49.99
4505452,16257,4,154.99
4506456,58650,16,11.09
4506456,82638,14,22.99
4506456,79647,2,91.09
4517652,32511,5,62.59
4527901,11313,11,78.49
4527901,37742,1,193.59
4545397,10023,1,181.29
4545397,50462,4,174.99
4545397,35798,2,82.99
4545397,37489,1,17.69
4545397,14042,15,77.29
4548476,22393,5,1060.09
4548476,99654,15,265.39
4548476,87148,7,4.99
4558293,94612,1,266.79
4566135,33606,2,285.99
4566135,26750,4,78.79
4568429,58241,17,203.99
4574192,45172,1,205.99
4591041,57545,21,12.49
4606474,46421,4,185.89
4606474,54586,2,98.49
4606474,10023,12,181.29
4606474,47174,21,390.69
4606474,11453,1,1304.19
4612229,80978,1,280.69
4612229,68080,1,141.29
4612229,57874,6,234.09
4612229,45172,8,205.99
4612449,47174,22,390.69
4612449,47437,2,898.99
4612552,68080,25,141.29
4613327,81641,12,228.09
4613327,69991,17,1268.79
4615032,64388,5,290.09
4615643,64388,3,290.09
4630270,36209,2,189.99
4630270,16749,13,231.39
4638312,50150,4,390.59
4638312,57874,23,234.09
4638312,14979,4,582.09
4652340,19021,11,253.09
4682330,14979,6,582.09
4682330,63748,16,91.19
4684466,53392,18,112.99
4684466,11575,2,233.29
4684466,54586,1,98.49
4684466,15578,24,78.69
4691614,97298,12,29.99
4691614,89968,14,206.49
4691614,39417,8,192.59
4691614,92839,4,84.09
4696353,90808,3,77.19
4696353,75767,7,243.99
4709543,64279,2,126.39
4710720,16086,1,36.99
4710720,20054,3,196.99
4710720,58781,16,290.99
4712072,57874,8,234.09
4712179,41345,10,812.29
4713947,48510,1,68.99
4713947,87809,1,436.79
4715051,46421,9,185.89
4715051,11313,4,78.49
4715938,26399,8,179.19
4723496,64388,1,290.09
4723496,25979,1,215.99
4723496,86809,21,71.29
4723496,68080,7,141.29
4723496,57051,3,58.39
4723496,14920,23,249.99
4739782,19177,7,100.79
4744053,61311,12,160.19
4768147,35273,19,213.19
4768147,11313,2,78.49
4768147,48869,1,901.09
4768147,78649,9,1059.49
4768147,32457,3,550.79
4768147,57545,2,12.49
4768147,95646,21,323.09
4768147,85973,21,177.59
4770647,19409,10,67.99
4774649,86809,1,71.29
4774649,33606,11,285.99
4777802,33606,6,285.99
4777802,11575,1,233.29
4777802,80625,20,690.09
4791276,26270,2,749.99
4791276,82410,5,171.99
4791276,10023,14,181.29
4791276,78853,2,26.29
4814539,89968,12,206.49
4814539,10621,2,165.19
4814539,16749,20,231.39
4814539,75767,5,243.99
4814539,17838,13,85.99
4814539,16086,6,36.99
4814539,16353,18,105.99
4822017,10023,6,181.29
4834715,48996,18,64.79
4834715,26740,6,216.59
4837905,22057,24,294.89
4837905,20054,2,196.99
4839697,15578,2,78.69
4847692,52648,23,195.89
4854957,14109,1,225.49
4854957,14920,2,249.99
4854957,15578,11,78.69
4865452,68723,1,96.89
4889575,85076,2,893.99
4889575,16353,1,105.99
4889575,80625,1,690.09
4889575,84547,20,205.49
4889575,78853,13,26.29
4895689,97298,1,29.99
4910978,61311,1,160.19
4910978,46935,1,118.99
4928213,35273,8,213.19
4928213,25979,13,215.99
4939943,46421,18,185.89
4939943,36224,6,56.09
4939943,85076,4,893.99
4939943,16236,1,4.99
4939943,16749,7,231.39
4956431,61677,21,192.69
4964597,19021,21,253.09
4964597,92839,10,84.09
4964597,76830,3,210.09
4964974,83295,1,123.99
4964974,22057,20,294.89
4964974,36496,1,5.69
4964974,77670,25,244.59
4964974,37489,4,17.69
4965198,96141,18,909.49
4967596,87426,2,180.29
4969241,61311,8,160.19
4969241,32457,24,550.79
4969241,81641,22,228.09
4969241,78853,1,26.29
4969241,66578,3,268.19
4982803,58241,5,203.99
4982803,20430,7,198.89
4982803,77617,9,226.99
4982803,78649,6,1059.49
4982803,26740,10,216.59
4988030,61311,1,160.19
5009250,36262,8,233.99
5009250,33606,1,285.99
5009741,47632,4,168.29
5050388,69729,3,209.19
5050388,27849,12,123.59
5050388,46421,22,185.89
5055955,86809,12,71.29
5055955,89968,8,206.49
5070197,92839,20,84.09
5074691,48335,20,111.49
5091285,15081,1,108.99
5091285,58241,1,203.99
5091378,46935,2,118.99
5105799,56751,1,27.29
5105799,87426,5,180.29
5105799,27600,21,1470.79
5117313,37681,12,185.69
5117313,26740,10,216.59
5124894,20054,9,196.99
5124894,20430,12,198.89
5145982,41039,12,218.69
5145982,47174,1,390.69
5145982,41345,2,812.29
5145982,57874,1,234.09
5145982,27849,17,123.59
5150405,39417,2,192.59
5150405,84482,11,223.49
5150405,61311,10,160.19
5150405,35273,24,213.19
5150405,77670,2,244.59
5150405,58241,6,203.99
5150405,85076,1,893.99
5174930,20430,12,198.89
5174930,25536,9,208.09
5175823,73115,4,172.99
5175823,25979,24,215.99
5198693,95646,6,323.09
5198693,58650,1,11.09
5202053,87789,1,294.99
5202053,99654,2,265.39
5202101,20430,1,198.89
5206912,19021,4,253.09
5209159,80349,8,203.59
5261954,22393,7,1060.09
5261954,71227,17,166.29
5262935,15578,11,78.69
5263182,16236,2,4.99
5296888,26270,1,749.99
5296888,10621,25,165.19
5296888,62011,14,72.79
5305960,69991,1,1268.79
5306528,32640,18,234.89
5306528,47632,1,168.29
5311991,54586,6,98.49
5311991,77617,2,226.99
5311991,64388,7,290.09
5314466,35273,3,213.19
5314466,52648,4,195.89
5314466,37489,25,17.69
5314466,58650,1,11.09
5323516,33935,5,201.99
5323516,15918,22,32.99
5323516,57545,1,12.49
5323516,26740,6,216.59
5324283,79564,8,34.99
5334566,20430,1,198.89
5334566,36496,10,5.69
5334566,26740,15,216.59
5334566,73115,3,172.99
5334566,48510,6,68.99
5367107,99654,6,265.39
5367107,66578,12,268.19
5367107,46421,21,185.89
5367107,73489,9,251.09
5367107,21230,4,90.79
5374322,84547,1,205.49
5374322,48869,12,901.09
5374322,90808,1,77.19
5374322,94612,1,266.79
5380307,85973,1,177.59
5380307,77617,1,226.99
5380307,86809,5,71.29
5400429,20054,12,196.99
5400429,61911,9,279.89
5400429,66578,8,268.19
5400429,77617,1,226.99
5400429,16749,2,231.39
5400429,36224,2,56.09
5407278,97298,6,29.99
5409251,75767,6,243.99
5409251,28650,20,96.69
5409251,69037,3,35.99
5409251,64279,18,126.39
5409251,20430,12,198.89
5433075,44115,2,1320.79
5433075,16353,12,105.99
5433075,26245,25,107.79
5433075,57874,3,234.09
5433075,57051,5,58.39
5436510,64388,17,290.09
5436510,36224,18,56.09
5436510,99654,2,265.39
5450649,75721,1,174.59
5455019,98451,3,1292.09
5455019,35798,1,82.99
5455019,87809,11,436.79
5455019,17582,23,83.39
5455432,22393,6,1060.09
5463931,98451,2,1292.09
5463931,11313,1,78.49
5463931,75721,3,174.59
5466920,19409,7,67.99
5466920,37490,19,159.99
5466920,37742,9,193.59
5479822,11575,2,233.29
5502276,32511,19,62.59
5510694,46421,5,185.89
5510694,86286,17,261.59
5517408,20430,2,198.89
5517408,26750,1,78.79
5517408,94612,6,266.79
5522855,46421,6,185.89
5522855,32511,25,62.59
5522855,14109,1,225.49
5522855,48996,19,64.79
5522855,24242,1,116.99
5522855,78853,1,26.29
5522855,22393,3,1060.09
5522855,86809,2,71.29
5523751,56178,2,1474.59
5523751,11453,17,1304.19
5523751,75721,22,174.59
5523751,16086,10,36.99
5523751,44513,15,53.19
5525728,37489,10,17.69
5525728,41039,11,218.69
5547264,37489,13,17.69
5547264,92839,1,84.09
5547264,16749,1,231.39
5554446,96141,2,909.49
5557316,28650,1,96.69
5569556,37742,15,193.59
5587193,11453,1,1304.19
5587193,58241,2,203.99
5587193,57874,24,234.09
5587193,94514,13,254.99
5592278,57874,5,234.09
5592278,11453,6,1304.19
5592278,20054,5,196.99
5592278,27600,1,1470.79
5597798,20430,9,198.89
5597798,80978,7,280.69
5605439,95523,11,82.19
5627704,37489,4,17.69
5629283,14109,1,225.49
5631416,10621,2,165.19
5642079,25536,5,208.09
5645757,47632,17,168.29
5651954,41515,1,1273.69
5651954,32511,1,62.59
5651954,26740,6,216.59
5651954,20430,1,198.89
5651954,37489,18,17.69
5655968,87809,20,436.79
5655968,70801,1,215.99
5655968,97210,7,241.29
5667551,32511,17,62.59
5667551,48349,6,51.69
5683084,47174,13,390.69
5683084,90808,1,77.19
5698761,52648,5,195.89
5698761,71645,12,403.99
5698761,58241,6,203.99
5698761,22393,3,1060.09
5698761,35273,7,213.19
5698761,95646,3,323.09
5701542,95339,11,58.89
5702461,32091,6,81.39
5702461,33606,10,285.99
5717233,52648,3,195.89
5738920,24242,2,116.99
5755855,92046,5,166.49
5755855,36224,6,56.09
5755855,20054,22,196.99
5756941,22393,2,1060.09
5756941,15081,7,108.99
5756941,56178,1,1474.59
5756941,44513,7,53.19
5758839,66578,15,268.19
5762912,92839,9,84.09
5762912,73115,18,172.99
5762912,32091,3,81.39
5762912,33209,2,384.69
5766816,96141,1,909.49
5773601,64388,3,290.09
5773601,52648,15,195.89
5773601,25979,17,215.99
5773601,18398,2,283.19
5773601,44513,14,53.19
5774890,50462,2,174.99
5774890,13185,4,205.29
5774890,86809,2,71.29
5774890,37490,19,159.99
5774890,61311,25,160.19
5779992,52648,2,195.89
5779992,47632,9,168.29
5779992,10023,5,181.29
5779992,81834,21,186.89
5789618,47437,13,898.99
5789618,32457,3,550.79
5789618,87574,6,130.19
5793480,14979,10,582.09
5793480,64873,1,77.99
5793480,47437,7,898.99
5804915,10621,14,165.19
5804915,35798,21,82.99
5804915,25536,2,208.09
5804915,21230,1,90.79
5806860,17582,11,83.39
5807458,95646,4,323.09
5808756,32457,21,550.79
5808756,24242,1,116.99
5821708,15578,2,78.69
5821708,78649,1,1059.49
5821708,46935,3,118.99
5821708,80625,9,690.09
5821708,86809,1,71.29
5829302,37490,16,159.99
5829302,39417,18,192.59
5829302,44513,1,53.19
5829302,83295,20,123.99
5829302,33606,1,285.99
5836077,68723,14,96.89
5837570,85973,9,177.59
5837570,84547,1,205.49
5837570,41515,6,1273.69
5837570,85459,8,239.79
5837570,48510,5,68.99
5858108,71227,11,166.29
5858108,11575,1,233.29
5860257,35798,21,82.99
5861132,58241,1,203.99
5861132,46421,3,185.89
5869755,14042,8,77.29
5869755,57051,20,58.39
5869755,23045,22,713.69
5869755,46421,17,185.89
5869755,78649,1,1059.49
5876332,64279,20,126.39
5883688,75721,22,174.59
5887297,80978,5,280.69
5887297,71227,18,166.29
5887297,11575,1,233.29
5887297,60647,20,264.09
5891927,35798,21,82.99
5891927,66578,18,268.19
5893368,58241,4,203.99
5893368,77617,7,226.99
5904668,94612,3,266.79
5910294,19177,1,100.79
5922890,41515,3,1273.69
5922890,11575,6,233.29
5922890,32640,1,234.89
5935040,97210,17,241.29
5972653,77617,24,226.99
5972653,12576,1,134.49
5972653,66452,5,169.99
5994264,34871,1,6.59
5998042,76830,6,210.09
5998042,80351,6,194.99
5998042,35273,7,213.19
5998760,63985,12,78.79
5998760,47174,5,390.69
5998760,85459,1,239.79
5998760,20430,1,198.89
5998760,16353,1,105.99
5998760,29892,4,44.09
6003929,68080,20,141.29
6003929,92839,1,84.09
6003929,69218,17,184.09
6009163,97298,16,29.99
6009163,11575,1,233.29
6009163,16805,1,279.49
6019259,76830,1,210.09
6023670,44331,3,121.79
6023670,52648,20,195.89
6031455,99654,1,265.39
6046430,57224,9,54.99
6046430,58241,3,203.99
6046430,64833,2,418.99
6046430,47174,2,390.69
6055728,85973,5,177.59
6055728,12576,6,134.49
6055728,95339,1,58.89
6057333,23045,2,713.69
6057333,53392,16,112.99
6057333,80625,12,690.09
6057333,78853,1,26.29
6067634,85459,2,239.79
6067634,36224,14,56.09
6067634,62011,5,72.79
6082030,95646,2,323.09
6082030,26270,1,749.99
6087497,25979,2,215.99
6090103,77617,5,226.99
6090103,64388,2,290.09
6092824,64388,1,290.09
6092824,62011,5,72.79
6148297,52111,3,173.99
6156009,17576,1,214.09
6156009,68080,6,141.29
6156009,92839,1,84.09
6157598,85076,18,893.99
6163888,33209,10,384.69
6163888,16353,18,105.99
6168802,71227,1,166.29
6168802,19409,1,67.99
6175256,54586,5,98.49
6184974,64388,2,290.09
6185460,87809,12,436.79
6185460,80625,11,690.09
6185460,68723,10,96.89
6190354,20054,1,196.99
6204317,54586,3,98.49
6224869,14979,16,582.09
6224869,87426,8,180.29
6233947,64388,25,290.09
6237370,26270,2,749.99
6240172,15918,7,32.99
6240172,79564,2,34.99
6240172,14920,13,249.99
6242208,36224,13,56.09
6242208,32511,4,62.59
6242208,57874,6,234.09
6242208,41515,22,1273.69
6242208,66578,1,268.19
6242208,77617,11,226.99
6242208,15578,4,78.69
6249145,14979,24,582.09
6249145,52661,1,797.29
6249145,36209,8,189.99
6250849,23045,1,713.69
6265461,37489,3,17.69
6265461,90808,1,77.19
6270635,20430,2,198.89
6270635,39417,15,192.59
6270635,57224,9,54.99
6277036,37489,12,17.69
6277036,57224,11,54.99
6292815,57545,5,12.49
6292815,66452,17,169.99
6298374,71227,14,166.29
6315458,87809,16,436.79
6318161,41345,2,812.29
6318161,22057,19,294.89
6325933,77617,5,226.99
6326180,64388,1,290.09
6326180,46421,5,185.89
6341760,85076,1,893.99
6341760,27460,18,968.99
6358084,58241,15,203.99
6358084,94612,1,266.79
6358084,47437,1,898.99
6358084,96141,2,909.49
6378828,80625,2,690.09
6378828,11811,18,250.49
6378828,41515,5,1273.69
6395271,11575,8,233.29
6395271,77670,17,244.59
6395271,90808,3,77.19
6395271,80625,18,690.09
6397624,59301,22,43.99
6397624,16805,1,279.49
6411348,25536,1,208.09
6411348,11313,7,78.49
6411348,63985,4,78.79
6411348,90808,9,77.19
6418516,92839,7,84.09
6432299,32091,21,81.39
6432299,97298,6,29.99
6432299,52648,6,195.89
6432453,76830,2,210.09
6432453,87789,1,294.99
6441250,32511,7,62.59
6441250,87809,1,436.79
6441250,36496,2,5.69
6441250,44513,23,53.19
6441250,57224,19,54.99
6448603,52648,1,195.89
6448603,32457,4,550.79
6448603,52661,18,797.29
6448603,12576,8,134.49
6456385,80625,25,690.09
6487781,52648,4,195.89
6487798,33209,1,384.69
6487798,22057,1,294.89
6493055,91580,2,262.59
6494715,95523,1,82.19
6494715,95646,22,323.09
6499264,57224,7,54.99
6499264,36224,2,56.09
6503317,17582,1,83.39
6505134,80349,11,203.59
6522979,33935,19,201.99
6522979,47632,15,168.29
6522979,87148,20,4.99
6522979,25979,24,215.99
6522979,69991,6,1268.79
6530104,11313,17,78.49
6530104,15578,5,78.69
6530104,77617,2,226.99
6530104,90808,8,77.19
6530104,20054,3,196.99
6532493,87148,1,4.99
6532493,26740,10,216.59
6532493,39417,5,192.59
6541846,85973,2,177.59
6542508,58241,4,203.99
6542508,11453,24,1304.19
6542508,95646,12,323.09
6542508,78853,6,26.29
6542508,37490,4,159.99
6542508,56178,23,1474.59
6542508,19409,1,67.99
6564534,12576,2,134.49
6564534,26270,15,749.99
6573012,85973,12,177.59
6573012,77617,1,226.99
6578547,57224,24,54.99
6578547,69037,8,35.99
6581774,85459,1,239.79
6603230,86854,8,207.99
6606155,36224,10,56.09
6606155,12576,1,134.49
6606155,15918,24,32.99
6606155,32640,1,234.89
6606155,78853,19,26.29
6606155,69037,7,35.99
6612079,48289,13,85.59
6613924,39417,3,192.59
6613924,26750,5,78.79
6636821,25979,4,215.99
6636821,15626,1,429.09
6636821,10621,2,165.19
6636821,69037,4,35.99
6636821,80625,11,690.09
6636821,78853,1,26.29
6642750,15578,1,78.69
6642750,70801,20,215.99
6645178,46421,16,185.89
6645178,79564,1,34.99
6645178,78853,9,26.29
6646996,85973,20,177.59
6646996,15578,1,78.69
6646996,68080,15,141.29
6646996,85076,6,893.99
6647426,44513,15,53.19
6647426,29892,1,44.09
6647426,46421,20,185.89
6657930,41515,1,1273.69
6657930,28650,2,96.69
6657930,85076,15,893.99
6658610,53392,1,112.99
6670710,80625,23,690.09
6670710,46421,23,185.89
6671081,78853,14,26.29
6691520,33606,2,285.99
6691520,10621,4,165.19
6691520,37490,6,159.99
6691520,19403,9,228.99
6691520,35273,5,213.19
6691520,80625,7,690.09
6691520,63748,2,91.19
6691520,77617,3,226.99
6696719,32457,1,550.79
6727273,16805,1,279.49
6727273,85459,24,239.79
6727273,10023,1,181.29
6727507,15918,20,32.99
6727507,75721,15,174.59
6739000,54586,10,98.49
6739000,57051,3,58.39
6739000,68479,19,46.29
6739000,15918,1,32.99
6739000,26270,1,749.99
6740911,68723,8,96.89
6740911,66452,1,169.99
6740911,20054,5,196.99
6749504,51181,20,184.29
6749504,32457,11,550.79
6749504,45172,24,205.99
6749504,81834,1,186.89
6784576,54586,20,98.49
6784576,22393,14,1060.09
6784576,66452,23,169.99
6784576,52648,3,195.89
6802676,59301,9,43.99
6802676,37489,8,17.69
6802676,41515,1,1273.69
6802676,97210,5,241.29
6802676,94612,9,266.79
6809029,10621,1,165.19
6809029,26270,3,749.99
6809185,32091,1,81.39
6814286,22057,6,294.89
6815192,92046,7,166.49
6815641,20430,24,198.89
6815641,80349,1,203.59
6818730,17582,4,83.39
6818730,69991,5,1268.79
6819055,39417,17,192.59
6819055,26270,15,749.99
6819055,85459,2,239.79
6819055,32457,21,550.79
6824677,22393,17,1060.09
6824677,87148,8,4.99
6824677,57224,14,54.99
6826163,79647,18,91.09
6826163,27849,23,123.59
6843896,90808,1,77.19
6843896,19409,2,67.99
6843896,80978,9,280.69
6843896,84547,6,205.49
6843896,11575,1,233.29
6863257,48996,22,64.79
6863257,52661,10,797.29
6863257,95646,9,323.09
6877481,35798,6,82.99
6878927,85459,12,239.79
6900261,89968,17,206.49
6910447,44115,2,1320.79
6910447,33606,1,285.99
6915570,37490,15,159.99
6925925,77617,4,226.99
6925925,85076,13,893.99
6939454,26740,9,216.59
6940499,71645,21,403.99
6944039,14979,11,582.09
6944039,94612,6,266.79
6944424,82067,2,40.79
6944424,22057,9,294.89
7001676,53392,1,112.99
7001676,44513,1,53.19
7001676,94514,7,254.99
7001676,78853,9,26.29
7001676,32640,19,234.89
7001676,85076,2,893.99
7006330,62011,5,72.79
7006330,86286,1,261.59
7009584,64388,13,290.09
7009584,87426,2,180.29
7014598,22057,24,294.89
7014598,63748,1,91.19
7014598,46935,25,118.99
7018301,20054,15,196.99
7018301,69037,1,35.99
7018538,57051,6,58.39
7018538,36224,5,56.09
7018538,94077,12,185.09
7018538,27600,2,1470.79
7030623,71487,11,1086.99
7030623,47174,2,390.69
7040842,25979,16,215.99
7040842,58650,16,11.09
7042620,16749,1,231.39
7045305,10153,9,602.09
7045305,23045,9,713.69
7046148,37489,12,17.69
7046148,69037,9,35.99
7048461,95646,16,323.09
7048461,86809,19,71.29
7048461,48996,12,64.79
7048461,41226,1,288.09
7048971,83295,11,123.99
7049709,66578,6,268.19
7052152,87426,25,180.29
7052152,35273,23,213.19
7076509,56751,25,27.29
7076509,45172,17,205.99
7076509,68080,12,141.29
7076509,35798,9,82.99
7076509,92839,16,84.09
7097059,95646,15,323.09
7104139,15081,1,108.99
7104139,26270,4,749.99
7104139,50462,19,174.99
7104139,37742,11,193.59
7104139,41515,4,1273.69
7104139,14979,7,582.09
7105015,48510,11,68.99
7105015,20430,5,198.89
7133154,22393,13,1060.09
7135637,85973,2,177.59
7135637,76830,7,210.09
7135637,50150,2,390.59
7135637,11313,3,78.49
7135637,57874,7,234.09
7136745,22057,3,294.89
7149369,68080,17,141.29
7149667,66578,5,268.19
7158278,14979,20,582.09
7158278,35273,8,213.19
7158278,11313,2,78.49
7160785,81834,19,186.89
7170867,34871,2,6.59
7170867,42020,10,49.99
7185620,58241,4,203.99
7185620,22393,17,1060.09
7238015,52648,1,195.89
7238015,35273,3,213.19
7238015,17582,1,83.39
7238015,57224,18,54.99
7248922,61311,2,160.19
7248922,57545,15,12.49
7248922,22057,16,294.89
7250410,95646,8,323.09
7259184,16086,13,36.99
7260906,78853,1,26.29
7260906,68479,17,46.29
7262168,17582,11,83.39
7262168,47174,1,390.69
7262168,86809,2,71.29
7262168,71227,3,166.29
7292087,46421,1,185.89
7297380,35798,2,82.99
7297380,85459,7,239.79
7311264,36209,3,189.99
7311264,64279,9,126.39
7314768,57545,3,12.49
7324559,36224,1,56.09
7331918,85076,22,893.99
7332024,69729,2,209.19
7332024,20430,1,198.89
7348054,61677,1,192.69
7348054,87148,1,4.99
7348054,76830,6,210.09
7358788,85076,1,893.99
7363436,25979,4,215.99
7364610,80349,14,203.59
7364610,54586,2,98.49
7364610,76830,9,210.09
7365891,97210,19,241.29
7365891,37490,8,159.99
7365891,61677,1,192.69
7367452,16086,16,36.99
7368735,14979,10,582.09
7370963,22393,6,1060.09
7371142,22057,10,294.89
7373796,26245,2,107.79
7377924,20430,1,198.89
7394715,26740,22,216.59
7394715,14979,24,582.09
7403751,87809,23,436.79
7403751,44115,19,1320.79
7403751,71227,20,166.29
7404834,47437,16,898.99
7404834,32511,1,62.59
7404834,48289,16,85.59
7404834,47632,1,168.29
7404834,20430,1,198.89
7415433,71645,1,403.99
7415433,16749,3,231.39
7415433,32511,10,62.59
7415433,25979,11,215.99
7421644,41515,3,1273.69
7421644,75767,14,243.99
7421644,46935,1,118.99
7421644,26740,24,216.59
7437158,68723,13,96.89
7439633,55048,1,186.19
7439633,70780,2,122.19
7440605,66578,24,268.19
7442028,85973,16,177.59
7442028,36224,15,56.09
7442028,94514,20,254.99
7442028,66578,21,268.19
7445224,17582,5,83.39
7459595,57224,12,54.99
7459595,66452,4,169.99
7459595,16353,1,105.99
7475678,16086,5,36.99
7475678,10571,1,84.99
7475678,75721,6,174.59
7475678,47632,1,168.29
7475678,84547,22,205.49
7523508,26270,24,749.99
7523508,54586,5,98.49
7523508,35798,15,82.99
7523508,63748,11,91.19
7523508,77617,10,226.99
7534931,14042,19,77.29
7539856,75721,1,174.59
7539856,15918,3,32.99
7539856,89968,17,206.49
7539856,66452,10,169.99
7540742,20054,24,196.99
7540742,33606,1,285.99
7547692,26270,1,749.99
7563461,86286,18,261.59
7572725,28650,3,96.69
7572725,77617,15,226.99
7575079,86809,1,71.29
7575079,97298,1,29.99
7575079,81834,12,186.89
7575079,57224,5,54.99
7575079,92839,17,84.09
7575079,85459,14,239.79
7575079,19011,15,198.89
7579232,83295,11,123.99
7579232,36591,4,162.99
7579232,48510,10,68.99
7592513,48289,20,85.59
7592513,77670,19,244.59
7602296,33209,1,384.69
7615843,10023,2,181.29
7619459,97298,13,29.99
7619459,87426,22,180.29
7620761,80978,12,280.69
7620761,52126,2,326.99
7621006,57874,1,234.09
7621006,85973,11,177.59
7621006,29305,4,210.19
7621006,16805,1,279.49
7621523,35273,1,213.19
7621523,39417,16,192.59
7621523,45172,1,205.99
7621523,27849,20,123.59
7633435,36209,4,189.99
7633435,61311,11,160.19
7633435,80349,1,203.59
7633435,87148,19,4.99
7633435,57224,2,54.99
7633435,20430,1,198.89
7635447,84547,1,205.49
7637860,78853,12,26.29
7637860,26270,3,749.99
7655399,12377,13,175.59
7655399,87789,1,294.99
7655399,66452,7,169.99
7656297,48510,14,68.99
7679837,27600,7,1470.79
7720071,30919,1,135.79
7727880,75721,8,174.59
7727880,46935,2,118.99
7740980,26270,1,749.99
7740980,77617,15,226.99
7740980,36224,8,56.09
7740980,31675,5,41.49
7759455,19021,16,253.09
7759455,63748,1,91.19
7759455,87148,2,4.99
7759455,37489,7,17.69
7762941,66452,2,169.99
7776652,54586,4,98.49
7776652,52648,6,195.89
7776652,32091,7,81.39
7776652,57874,8,234.09
7777850,33209,12,384.69
7779175,32511,8,62.59
7792689,41345,1,812.29
7792689,64388,23,290.09
7792689,36496,9,5.69
7792689,47174,10,390.69
7794974,32457,4,550.79
7794974,79564,1,34.99
7794974,19011,2,198.89
7794974,26740,3,216.59
7794974,50462,6,174.99
7795743,10023,10,181.29
7795743,57224,9,54.99
7795743,10621,1,165.19
7795743,57874,17,234.09
7825160,68723,6,96.89
7837869,75438,13,59.19
7837869,66578,8,268.19
7885415,69037,1,35.99
7894961,61311,25,160.19
7894961,10621,7,165.19
7894961,98451,22,1292.09
7894961,64279,13,126.39
7907757,20054,2,196.99
7907757,86809,6,71.29
7907757,99654,10,265.39
7907757,34871,4,6.59
7907757,54586,3,98.49
7907757,78853,8,26.29
7919124,32640,1,234.89
7919124,85459,4,239.79
7923944,33606,1,285.99
7930120,92839,3,84.09
7930120,68723,24,96.89
7930233,22057,1,294.89
7930233,90808,5,77.19
7930233,10023,7,181.29
7930233,35798,1,82.99
7930233,50462,1,174.99
7930795,68080,8,141.29
7934438,61311,10,160.19
7934438,85076,17,893.99
7935593,27849,5,123.59
7935593,86809,3,71.29
7969082,14979,5,582.09
7973143,86809,1,71.29
8012428,66578,9,268.19
8012428,20430,1,198.89
8012428,57224,1,54.99
8013019,15578,23,78.69
8013019,87148,4,4.99
8013019,46421,5,185.89
8013019,94514,10,254.99
8025477,21230,7,90.79
8025477,80625,1,690.09
8027472,82664,20,269.69
8027472,26270,8,749.99
8027472,16749,3,231.39
8027472,44115,2,1320.79
8027472,10621,18,165.19
8027472,75767,11,243.99
8027472,20430,4,198.89
8027472,57224,2,54.99
8054187,37742,2,193.59
8054187,36591,4,162.99
8054187,26740,1,216.59
8054187,32511,1,62.59
8054187,19177,17,100.79
8054187,47174,2,390.69
8054187,12576,9,134.49
8054187,11313,6,78.49
8055094,19409,9,67.99
8055094,85076,16,893.99
8059403,96141,1,909.49
8059403,36224,1,56.09
8077802,15626,20,429.09
8077802,46421,1,185.89
8077802,20054,13,196.99
8083009,76061,18,229.99
8087063,41345,6,812.29
8087063,26270,4,749.99
8130002,54586,1,98.49
8130002,44513,1,53.19
8130002,66452,18,169.99
8130002,94612,1,266.79
8130002,97298,9,29.99
8130002,23364,4,143.99
8137668,73489,1,251.09
8137668,36224,12,56.09
8137668,26740,1,216.59
8137668,14979,21,582.09
8137668,48510,2,68.99
8143762,11453,1,1304.19
8143762,89968,2,206.49
8143762,17582,25,83.39
8151968,26245,1,107.79
8152380,85973,1,177.59
8152380,37489,12,17.69
8152380,90808,1,77.19
8159313,61311,13,160.19
8159313,94612,2,266.79
8175839,22057,4,294.89
8175839,20430,2,198.89
8177112,11575,6,233.29
8177684,78649,19,1059.49
8178403,63748,9,91.19
8179007,98451,3,1292.09
8179007,85459,17,239.79
8179007,97210,1,241.29
8179007,35273,5,213.19
8204249,95523,10,82.19
8204249,48869,15,901.09
8216862,22393,1,1060.09
8232075,58241,1,203.99
8232075,32640,2,234.89
8246139,97298,2,29.99
8262210,54586,13,98.49
8262210,47632,3,168.29
8263837,48869,1,901.09
8279859,48510,14,68.99
8279859,58781,7,290.99
8286239,37742,10,193.59
8286239,15578,3,78.69
8286239,57545,15,12.49
8286239,11453,1,1304.19
8286239,61311,18,160.19
8291189,99654,6,265.39
8291189,26740,1,216.59
8291189,89968,17,206.49
8317591,86286,19,261.59
8317591,90808,20,77.19
8317591,84482,21,223.49
8317591,52661,6,797.29
8321912,66452,3,169.99
8321912,36591,1,162.99
8321912,77670,16,244.59
8340381,85973,22,177.59
8342114,85459,22,239.79
8342114,97298,2,29.99
8342114,89968,1,206.49
8342114,17582,6,83.39
8342114,37489,5,17.69
8351231,63748,20,91.19
8351231,87148,1,4.99
8351231,36209,1,189.99
8351231,26245,23,107.79
8351304,85973,6,177.59
8351304,87148,11,4.99
8351304,21508,23,97.89
8384201,76830,23,210.09
8385598,68080,22,141.29
8385598,84547,5,205.49
8385598,77617,17,226.99
8385598,25536,5,208.09
8399644,40676,2,899.09
8399644,81641,6,228.09
8399644,37489,1,17.69
8425950,86809,11,71.29
8425950,70801,9,215.99
8433786,85459,3,239.79
8433786,85973,6,177.59
8433786,71227,7,166.29
8433786,97210,6,241.29
8433786,48510,16,68.99
8433786,15918,14,32.99
8433786,16749,23,231.39
8435914,20430,10,198.89
8437375,75767,17,243.99
8447939,16353,1,105.99
8464977,46421,1,185.89
8464977,26270,15,749.99
8464977,58650,2,11.09
8470749,79564,2,34.99
8470749,68080,9,141.29
8477383,76830,15,210.09
8477383,94612,5,266.79
8479494,78853,3,26.29
8507039,68080,16,141.29
8507039,20430,15,198.89
8507488,95646,3,323.09
8507488,32640,5,234.89
8507488,94514,17,254.99
8507488,85459,6,239.79
8507488,61311,1,160.19
8507488,44115,1,1320.79
8514334,71645,19,403.99
8542610,82067,2,40.79
8542816,53078,3,293.39
8556503,58241,14,203.99
8566919,14109,9,225.49
8566919,77617,6,226.99
8574741,18398,15,283.19
8574741,19409,14,67.99
8574741,57224,7,54.99
8598067,86809,2,71.29
8598067,25979,4,215.99
8598067,37490,1,159.99
8601987,86725,6,260.79
8601987,16353,9,105.99
8608728,36591,14,162.99
8612465,15918,16,32.99
8612465,27600,12,1470.79
8616282,85076,1,893.99
8616282,85459,23,239.79
8616282,35798,1,82.99
8616282,33606,5,285.99
8619180,33606,4,285.99
8623046,32640,14,234.89
8623046,57224,3,54.99
8623046,19403,5,228.99
8628706,37490,18,159.99
8631823,66578,1,268.19
8631823,47632,1,168.29
8632396,37489,1,17.69
8632396,86854,15,207.99
8632396,20430,14,198.89
8632396,69218,9,184.09
8632396,36224,22,56.09
8654900,96141,11,909.49
8654900,35273,2,213.19
8654900,95523,2,82.19
8687492,16236,3,4.99
8709280,32640,10,234.89
8709280,78853,1,26.29
8716486,61677,16,192.69
8716486,25979,8,215.99
8723657,10621,2,165.19
8723657,11575,14,233.29
8726674,98451,4,1292.09
8726674,33606,16,285.99
8737698,87426,7,180.29
8755233,39417,9,192.59
8763191,25979,6,215.99
8763191,19409,17,67.99
8763191,47437,1,898.99
8771500,36591,11,162.99
8771675,46835,25,112.29
8771675,95339,17,58.89
8772692,47632,8,168.29
8776287,92839,1,84.09
8776287,19177,12,100.79
8776287,37742,1,193.59
8776287,25979,24,215.99
8778364,78649,3,1059.49
8778364,52648,8,195.89
8778364,46420,9,41.59
8778364,97298,15,29.99
8778364,12224,1,734.79
8778364,40676,1,899.09
8783229,46421,7,185.89
8783229,19021,6,253.09
8785289,95646,10,323.09
8791382,48996,10,64.79
8802541,57224,24,54.99
8804921,15081,20,108.99
8822256,26994,1,84.39
8822256,61911,18,279.89
8822256,25536,13,208.09
8828353,64388,1,290.09
8828353,85459,8,239.79
8828353,68479,14,46.29
8828353,25979,9,215.99
8828353,86286,14,261.59
8828353,21230,6,90.79
8828353,41515,12,1273.69
8834543,45172,16,205.99
8859765,64873,9,77.99
8859765,84547,5,205.49
8859765,15626,19,429.09
8862069,94612,22,266.79
8862069,32091,3,81.39
8862069,47437,1,898.99
8896217,14920,15,249.99
8896217,23045,13,713.69
8896217,80978,1,280.69
8896217,47174,8,390.69
8896217,75721,23,174.59
8896792,35273,1,213.19
8897932,61311,1,160.19
8897932,33209,1,384.69
8901016,46935,12,118.99
8904182,75767,2,243.99
8904182,39417,20,192.59
8920277,89968,2,206.49
8920277,39417,12,192.59
8920277,20074,6,1064.09
8920277,33606,2,285.99
8976398,39417,22,192.59
8976398,41515,20,1273.69
8988441,11575,24,233.29
9023764,19409,3,67.99
9023764,22393,10,1060.09
9023764,57874,9,234.09
9027566,47174,13,390.69
9027566,32457,1,550.79
9027566,37742,22,193.59
9027566,46421,18,185.89
9029230,27849,17,123.59
9041950,37489,17,17.69
9041950,46935,1,118.99
9041950,35273,14,213.19
9057730,22393,10,1060.09
9057730,87789,1,294.99
9061442,32457,8,550.79
9061442,10023,19,181.29
9061442,41345,1,812.29
9061442,47174,11,390.69
9069865,86809,16,71.29
9069865,71227,4,166.29
9091898,59301,2,43.99
9102543,79564,2,34.99
9122863,10621,23,165.19
9122863,68080,14,141.29
9122863,94514,1,254.99
9122863,80349,1,203.59
9157384,51181,19,184.29
9171223,54586,14,98.49
9171223,26245,17,107.79
9193049,26245,8,107.79
9193063,77617,2,226.99
9193063,98451,12,1292.09
9193063,54586,8,98.49
9193063,39417,3,192.59
9193063,34871,1,6.59
9211172,36209,8,189.99
9211172,71227,5,166.29
9216958,10621,20,165.19
9216958,87574,24,130.19
9216958,25536,7,208.09
9217619,68080,17,141.29
9217619,57051,8,58.39
9226119,19021,1,253.09
9226119,33935,14,201.99
9226119,47632,2,168.29
9226119,58241,4,203.99
9226119,32640,1,234.89
9231963,80349,2,203.59
9231963,64279,1,126.39
9263419,75721,8,174.59
9263419,46421,11,185.89
9263419,57224,23,54.99
9263419,35273,1,213.19
9263419,23045,11,713.69
9263419,63748,20,91.19
9283113,20430,15,198.89
9283113,16749,10,231.39
9283113,80625,5,690.09
9283113,17582,1,83.39
9283113,69991,1,1268.79
9288971,36224,19,56.09
9288971,37490,6,159.99
9293877,10023,3,181.29
9293877,78853,17,26.29
9293877,61093,10,240.99
9293877,63985,8,78.79
9293877,77617,2,226.99
9305073,77617,15,226.99
9315468,23045,24,713.69
9315468,78853,3,26.29
9328174,14109,11,225.49
9328174,22057,25,294.89
9328174,17582,2,83.39
9328174,25979,4,215.99
9341017,17582,5,83.39
9341017,20430,1,198.89
9341017,16805,10,279.49
9341017,75721,11,174.59
9341017,52126,10,326.99
9343787,52648,1,195.89
9350289,85076,2,893.99
9350289,21230,7,90.79
9350289,15918,19,32.99
9350289,87789,19,294.99
9350289,82664,1,269.69
9350289,22057,7,294.89
9370694,16353,25,105.99
9370694,84547,2,205.49
9370803,64388,4,290.09
9370803,57545,18,12.49
9370803,20430,3,198.89
9379664,32457,20,550.79
9380850,82664,7,269.69
9380850,14979,22,582.09
9385570,15081,16,108.99
9385570,80978,1,280.69
9385570,11575,9,233.29
9385570,90808,6,77.19
9385570,64388,14,290.09
9385570,87809,15,436.79
9385570,94390,1,43.79
9385570,33606,1,285.99
9385696,69037,1,35.99
9385696,35273,12,213.19
9385696,11575,20,233.29
9417264,66578,6,268.19
9424889,15918,12,32.99
9424889,95646,12,323.09
9461057,25536,1,208.09
9461057,26270,1,749.99
9461057,46935,6,118.99
9463497,20430,14,198.89
9463497,36496,17,5.69
9463497,37742,8,193.59
9467554,25979,1,215.99
9467554,57224,10,54.99
9468863,16749,6,231.39
9468863,85572,1,30.99
9468863,69037,2,35.99
9469088,15918,1,32.99
9469088,22393,17,1060.09
9469088,57545,2,12.49
9469088,58241,1,203.99
9469088,56178,6,1474.59
9469088,85076,9,893.99
9479657,57874,1,234.09
9479657,48996,6,64.79
9483877,21508,2,97.89
9483877,22393,21,1060.09
9496721,20054,10,196.99
9497139,26245,24,107.79
9497139,37489,19,17.69
9497139,14920,1,249.99
9497139,77617,5,226.99
9530664,63748,5,91.19
9530664,89968,10,206.49
9533440,47632,2,168.29
9533440,75721,8,174.59
9536339,68080,2,141.29
9536339,77617,20,226.99
9536339,22393,1,1060.09
9536339,20054,4,196.99
9536339,86854,22,207.99
9536339,48996,9,64.79
9536339,61311,2,160.19
9536339,26245,24,107.79
9546000,44331,1,121.79
9546000,58241,21,203.99
9546000,36224,20,56.09
9546000,21230,2,90.79
9546000,20430,3,198.89
9548279,36496,1,5.69
9550705,12377,11,175.59
9552124,46835,1,112.29
9552380,10621,5,165.19
9552395,68080,3,141.29
9552395,77617,2,226.99
9555197,58241,22,203.99
9561910,69729,9,209.19
9565816,63748,6,91.19
9572531,58241,2,203.99
9572531,36496,24,5.69
9578329,79564,17,34.99
9578329,95523,24,82.19
9578607,20054,3,196.99
9578607,80625,18,690.09
9581114,39417,13,192.59
9601956,12576,3,134.49
9601956,36496,3,5.69
9607355,89968,1,206.49
9616174,81641,23,228.09
9623858,37742,5,193.59
9623858,34871,9,6.59
9623858,23045,2,713.69
9629033,61093,5,240.99
9629033,58781,9,290.99
9635083,68080,12,141.29
9635083,37489,22,17.69
9635083,32640,1,234.89
9648453,36224,1,56.09
9648453,85973,2,177.59
9648453,15578,11,78.69
9648453,48289,20,85.59
9648453,47437,3,898.99
9661260,75767,7,243.99
9661260,46835,9,112.29
9664470,15081,1,108.99
9664470,86809,5,71.29
9664470,32091,1,81.39
9666081,11811,13,250.49
9670219,15578,1,78.69
9670219,80349,13,203.59
9693552,37742,17,193.59
9693552,41039,4,218.69
9693552,69991,1,1268.79
9693765,87148,19,4.99
9693765,39417,18,192.59
9693765,22393,4,1060.09
9693765,20054,8,196.99
9711522,36209,6,189.99
9721760,80349,18,203.59
9721760,46421,5,185.89
9740194,71227,3,166.29
9740194,75721,22,174.59
9740194,58241,1,203.99
9740194,77617,1,226.99
9740194,36224,1,56.09
9740194,80349,1,203.59
9740194,19021,7,253.09
9742903,85973,6,177.59
9745486,57224,18,54.99
9745486,10621,8,165.19
9745486,15918,2,32.99
9748026,45172,1,205.99
9748026,77617,9,226.99
9748026,24242,2,116.99
9748026,16353,1,105.99
9748026,46499,6,299.49
9749025,54586,14,98.49
9749025,69729,4,209.19
9770028,59301,1,43.99
9781456,37742,5,193.59
9781456,75721,7,174.59
9781456,20430,4,198.89
9781456,32511,3,62.59
9781456,86809,23,71.29
9782989,85076,12,893.99
9785778,63748,13,91.19
9800159,61311,6,160.19
9800159,21230,3,90.79
9803499,11313,1,78.49
9803885,25979,1,215.99
9832835,27849,22,123.59
9832835,26750,8,78.79
9832835,35798,16,82.99
9837544,16353,15,105.99
9837544,77670,13,244.59
9837544,15578,6,78.69
9837544,64388,7,290.09
9838059,69218,1,184.09
9838059,22393,10,1060.09
9838059,46835,1,112.29
9838059,10023,5,181.29
9858164,48335,25,111.49
9858164,85973,20,177.59
9880316,95339,1,58.89
9884910,11453,1,1304.19
9884910,35798,7,82.99
9884910,26270,12,749.99
9884910,94612,2,266.79
9891877,45172,1,205.99
9891877,81834,13,186.89
9891877,12377,1,175.59
9906500,46421,14,185.89
9906500,20430,21,198.89
9907932,64388,1,290.09
9912183,32457,4,550.79
9912183,17582,1,83.39
9912183,16353,1,105.99
9912183,45172,15,205.99
9912183,39417,21,192.59
9912183,75721,22,174.59
9922905,85973,1,177.59
9922905,15578,1,78.69
9922905,75721,1,174.59
9922905,20054,3,196.99
9922905,57224,4,54.99
9922905,99654,2,265.39
9936287,68723,24,96.89
9936287,84547,8,205.49
9936287,51181,2,184.29
9936287,16353,1,105.99
9936287,57051,13,58.39
9936404,54586,13,98.49
9936404,80349,3,203.59
9936404,44513,1,53.19
9936404,86809,6,71.29
9946485,66578,24,268.19
9947323,32640,3,234.89
9947323,16749,23,231.39
9947323,76830,3,210.09
9948755,63985,3,78.79
9948755,85973,9,177.59
9951562,26740,14,216.59
9951562,47174,2,390.69
9951562,92898,3,1162.99
9968817,35798,11,82.99
9982144,48606,21,391.49
9992422,16086,5,36.99
9992422,71645,4,403.99
9992422,48869,18,901.09
10004982,36224,2,56.09
10005017,45172,6,205.99
10005017,41515,21,1273.69
10005017,17582,4,83.39
10005017,15578,13,78.69
10005017,63748,1,91.19
10011727,57545,9,12.49
10011727,77670,23,244.59
10011727,47632,1,168.29
10011727,26740,7,216.59
10013044,66452,7,169.99
10028607,14920,9,249.99
10030630,33606,1,285.99
10035215,68080,17,141.29
10036471,15578,16,78.69
10036471,26270,24,749.99
10036471,18476,8,11.09
10036471,48510,20,68.99
10036741,79163,1,738.99
10036741,11575,7,233.29
10036741,20888,1,65.99
10036741,15918,1,32.99
10036741,26270,10,749.99
10036741,32457,1,550.79
10036741,87809,2,436.79
10036741,36224,1,56.09
10063932,47174,6,390.69
10066544,79834,1,151.19
10066544,87809,1,436.79
10066544,92839,16,84.09
10066544,80625,22,690.09
10066544,13185,3,205.29
10118613,27849,1,123.59
10118613,90808,9,77.19
10141446,25979,17,215.99
10141446,90808,1,77.19
10141446,64279,1,126.39
10141446,58241,1,203.99
10141518,32511,14,62.59
10141518,97210,11,241.29
10145645,75721,3,174.59
10145645,75438,1,59.19
10145645,78853,2,26.29
10145645,20074,4,1064.09
10145645,94612,3,266.79
10145645,64388,1,290.09
10145645,19403,20,228.99
10165719,39417,5,192.59
10165719,71645,5,403.99
10180887,46421,5,185.89
10180887,32457,20,550.79
10205932,22393,15,1060.09
10205932,75767,7,243.99
10256961,29892,1,44.09
10256961,32457,1,550.79
10256961,77617,20,226.99
10256961,57874,1,234.09
10256961,48289,2,85.59
10256961,96141,3,909.49
10256961,10023,17,181.29
10256961,32640,5,234.89
10287929,56178,4,1474.59
10287929,20430,17,198.89
10287929,52648,16,195.89
10293069,17582,9,83.39
10293069,63985,4,78.79
10313128,66578,1,268.19
10313128,78853,10,26.29
10327265,16353,6,105.99
10327265,59301,14,43.99
10327265,86854,20,207.99
10327265,20054,21,196.99
10327265,46835,1,112.29
10328460,64388,18,290.09
10328460,95523,19,82.19
10330557,75721,23,174.59
10332461,20430,12,198.89
10333662,96141,21,909.49
10333662,48510,7,68.99
10333662,78649,7,1059.49
10336795,92046,3,166.49
10336795,33606,16,285.99
10336795,37490,5,159.99
10336795,64279,1,126.39
10336795,97298,1,29.99
10350905,46935,2,118.99
10358617,52648,1,195.89
10376033,48289,25,85.59
10376033,68080,17,141.29
10376033,41345,25,812.29
10376033,27460,2,968.99
10376033,85076,1,893.99
10376033,36224,6,56.09
10376394,15626,25,429.09
10378494,15918,12,32.99
10378494,13185,3,205.29
10378494,47437,15,898.99
10378494,47174,2,390.69
10383970,57224,3,54.99
10384918,22057,2,294.89
10394051,46835,9,112.29
10394051,15918,2,32.99
10394051,90808,21,77.19
10394051,57545,3,12.49
10394051,23045,9,713.69
10394051,15578,7,78.69
10394051,77617,10,226.99
10394051,24242,12,116.99
10400188,47632,19,168.29
10400188,22393,5,1060.09
10400188,89968,2,206.49
10400188,57545,12,12.49
10400188,37489,12,17.69
10428195,66452,17,169.99
10428195,87148,1,4.99
10428195,10023,19,181.29
10428195,71227,23,166.29
10429608,61311,1,160.19
10429608,76830,13,210.09
10429608,47437,12,898.99
10430810,36262,16,233.99
10435914,41345,7,812.29
10435914,15918,6,32.99
10435914,51181,1,184.29
10453175,21230,10,90.79
10453412,23045,9,713.69
10453412,32511,25,62.59
10454226,39417,1,192.59
10458405,27460,5,968.99
10461410,77670,4,244.59
10474254,26245,2,107.79
10483971,54586,9,98.49
10483971,77617,23,226.99
10483971,61093,25,240.99
10515465,80625,8,690.09
10515465,29892,3,44.09
10515465,20430,18,198.89
10515465,14979,1,582.09
10521425,10621,25,165.19
10521425,57874,1,234.09
10521425,15578,18,78.69
10521425,37490,1,159.99
10543468,57545,1,12.49
10562664,85973,5,177.59
10562664,52648,5,195.89
10562664,39417,2,192.59
10562664,16086,13,36.99
10573522,85459,1,239.79
10577154,47174,6,390.69
10578049,32511,1,62.59
10578049,85973,3,177.59
10578049,39417,2,192.59
10578049,42020,3,49.99
10578049,20430,16,198.89
10584381,78853,20,26.29
10604397,94612,21,266.79
10620300,95523,4,82.19
10621389,92898,11,1162.99
10621389,26740,4,216.59
10621389,75721,2,174.59
10630919,66452,25,169.99
10647690,34871,2,6.59
10659827,68080,7,141.29
10668046,68723,5,96.89
10671527,14109,25,225.49
10681782,36591,9,162.99
10681782,15578,11,78.69
10681782,14979,1,582.09
10681782,78853,1,26.29
10719742,11453,20,1304.19
10719742,52648,5,195.89
10719742,16805,2,279.49
10719742,48510,6,68.99
10720552,80625,1,690.09
10720552,69991,1,1268.79
10720552,46499,5,299.49
10720552,27849,19,123.59
10720552,84547,1,205.49
10731616,61311,1,160.19
10733877,58241,14,203.99
10733877,48510,7,68.99
10733877,32457,13,550.79
10733877,90808,5,77.19
10733877,54586,1,98.49
10737374,96141,19,909.49
10738851,18398,7,283.19
10753653,32640,3,234.89
10753653,62011,5,72.79
10759223,58241,8,203.99
10759223,80625,17,690.09
10759223,41039,16,218.69
10759223,68479,4,46.29
10791328,26740,7,216.59
10808827,27849,2,123.59
10812277,85459,25,239.79
10821487,68080,1,141.29
10830240,75767,19,243.99
10830240,46935,12,118.99
10830240,16353,1,105.99
10830240,22393,1,1060.09
10830240,58241,1,203.99
10849890,77617,10,226.99
10849890,95339,5,58.89
10893933,15578,3,78.69
10893933,47632,15,168.29
10893933,63748,8,91.19
10893933,85076,2,893.99
10893933,36224,1,56.09
10893933,58650,1,11.09
10895712,71227,17,166.29
10895712,23045,1,713.69
10895712,57545,4,12.49
10895712,59301,1,43.99
10895712,96141,25,909.49
10915560,37489,2,17.69
10924429,44513,2,53.19
10932291,54586,5,98.49
10932291,37489,12,17.69
10940090,39417,1,192.59
10940090,97298,1,29.99
10940090,87426,3,180.29
10940090,75721,23,174.59
10940090,32640,2,234.89
10940090,82067,20,40.79
10940090,98451,3,1292.09
10944987,27849,10,123.59
10944987,32457,4,550.79
10949306,87426,11,180.29
10956789,19403,20,228.99
10956789,87148,9,4.99
10956789,16086,15,36.99
10956789,36224,24,56.09
10956789,39417,16,192.59
10956789,57224,3,54.99
10956789,92839,1,84.09
10962148,69991,10,1268.79
10962148,26740,4,216.59
10962148,15626,21,429.09
10962148,77617,9,226.99
10962148,57224,9,54.99
10962148,97298,6,29.99
10962148,48510,19,68.99
10973629,98451,17,1292.09
10983600,37490,1,159.99
10986637,64279,16,126.39
10986637,89968,18,206.49
10986637,66578,1,268.19
10986637,48510,4,68.99
10990065,54586,3,98.49
10990065,86809,3,71.29
10990065,47437,19,898.99
10990065,81834,19,186.89
10990065,97210,1,241.29
10990065,64388,25,290.09
10990065,85076,7,893.99
10990065,87809,6,436.79
10999165,63493,14,215.09
10999165,52648,6,195.89
11002999,33935,7,201.99
11002999,50462,17,174.99
11002999,87426,1,180.29
11002999,10023,3,181.29
11015179,52648,18,195.89
11024822,22393,16,1060.09
11024822,23045,1,713.69
11024822,90808,16,77.19
11034697,27536,3,216.99
11034697,35798,1,82.99
11034697,27600,1,1470.79
11034697,54586,4,98.49
11034697,26270,6,749.99
11092222,21230,7,90.79
11092222,58650,6,11.09
11093567,90808,23,77.19
11093567,81641,21,228.09
11093567,52648,1,195.89
11128720,86809,5,71.29
11131805,48996,5,64.79
11131805,92898,14,1162.99
11131805,16353,17,105.99
11131805,54586,5,98.49
11132744,78853,5,26.29
11132744,96141,2,909.49
11132744,72911,13,382.29
11132744,81834,12,186.89
11132744,75721,1,174.59
11132744,86809,15,71.29
11139041,71645,2,403.99
11146745,20074,5,1064.09
11146745,78649,17,1059.49
11146745,57874,6,234.09
11146745,77670,14,244.59
11146745,29892,4,44.09
11146745,57224,3,54.99
11146745,99654,1,265.39
11146745,40676,22,899.09
11153456,51061,23,192.39
11155840,71645,17,403.99
11161933,10621,4,165.19
11161933,81641,1,228.09
11161933,50462,11,174.99
11161933,80625,21,690.09
11161933,11575,9,233.29
11161933,16353,15,105.99
11163513,77617,22,226.99
11183401,37489,1,17.69
11194745,48996,2,64.79
11197242,37489,16,17.69
11197242,47174,1,390.69
11197242,20054,14,196.99
11198058,58241,1,203.99
11229067,75767,3,243.99
11239510,25979,25,215.99
11246194,23045,1,713.69
11248293,37489,2,17.69
11248293,85973,10,177.59
11248293,60647,2,264.09
11248418,19011,6,198.89
11254574,80625,2,690.09
11263219,58241,1,203.99
11271610,87426,2,180.29
11271610,32091,2,81.39
11281218,87789,1,294.99
11284830,15578,2,78.69
11284830,11575,3,233.29
11284830,20430,2,198.89
11284830,16353,9,105.99
11285142,41515,8,1273.69
11314454,69991,24,1268.79
11315459,27849,8,123.59
11315459,35273,11,213.19
11315459,15578,20,78.69
11315459,47437,9,898.99
11315459,92046,1,166.49
11348975,80349,25,203.59
11348975,26270,14,749.99
11351667,47437,7,898.99
11351667,35273,22,213.19
11356295,19409,12,67.99
11368096,68080,8,141.29
11368096,46421,21,185.89
11384434,37742,23,193.59
11385994,11313,1,78.49
11385994,11453,19,1304.19
11385994,17576,9,214.09
11385994,45172,19,205.99
11386862,85459,9,239.79
11392537,64388,1,290.09
11392537,46421,3,185.89
11392537,57224,2,54.99
11392537,11575,1,233.29
11393674,52111,6,173.99
11393674,29892,7,44.09
11393674,75438,1,59.19
11393674,63985,11,78.79
11393674,52648,5,195.89
11393674,47632,3,168.29
11401343,77670,9,244.59
11401343,26740,23,216.59
11401343,11453,1,1304.19
11401343,39417,5,192.59
11401343,46935,1,118.99
11406313,97298,15,29.99
11406313,58241,19,203.99
11417188,35273,4,213.19
11419629,97298,5,29.99
11419629,78853,8,26.29
11419629,28650,1,96.69
11420674,37490,2,159.99
11420674,73489,23,251.09
11420674,89968,12,206.49
11423544,32511,22,62.59
11425857,46935,2,118.99
11429914,45172,1,205.99
11429914,46421,13,185.89
11458700,32511,6,62.59
11469801,58241,5,203.99
11500651,20054,1,196.99
11510168,78853,7,26.29
11510168,89968,17,206.49
11510168,10621,16,165.19
11510168,47632,7,168.29
11511682,10621,1,165.19
11511907,66578,12,268.19
11511907,22393,11,1060.09
11514656,69991,3,1268.79
11521154,80625,4,690.09
11521154,95646,6,323.09
11535931,10621,9,165.19
11535931,32457,1,550.79
11537759,95646,9,323.09
11537759,42020,23,49.99
11537759,26740,1,216.59
11545703,80625,3,690.09
11545703,20430,21,198.89
11545703,87809,25,436.79
11546049,61311,2,160.19
11546049,15918,5,32.99
11546049,80978,20,280.69
11552425,41515,7,1273.69
11613297,32511,10,62.59
11617150,99654,22,265.39
11637462,86809,10,71.29
11643068,32938,6,1148.89
11643068,26740,12,216.59
11643838,19409,3,67.99
11643838,25979,18,215.99
11643838,14979,1,582.09
11643838,96141,12,909.49
11643838,47437,1,898.99
11674626,11575,16,233.29
11674626,37681,2,185.69
11683708,14042,1,77.29
11683708,20054,12,196.99
11683708,37489,8,17.69
11683708,78853,1,26.29
11692860,20430,14,198.89
11692860,23045,7,713.69
11698832,22393,20,1060.09
11698832,37489,1,17.69
11698832,10023,9,181.29
11698832,75438,7,59.19
11726309,58241,1,203.99
11737322,27600,2,1470.79
11737322,95646,1,323.09
11737322,82638,11,22.99
11737322,90808,4,77.19
11737322,98451,2,1292.09
11737322,47632,1,168.29
11753711,78853,10,26.29
11753711,68080,2,141.29
11764555,59301,9,43.99
11764555,57224,1,54.99
11764555,17582,4,83.39
11764810,37489,21,17.69
11770899,37489,7,17.69
11773286,11313,2,78.49
11773286,14979,13,582.09
11773286,77617,13,226.99
11773286,47632,11,168.29
11776718,99654,17,265.39
11783492,32457,14,550.79
11783492,86809,2,71.29
11783492,10023,2,181.29
11783492,22393,6,1060.09
11787082,68080,21,141.29
11787082,19409,8,67.99
11787082,26270,4,749.99
11815959,27600,1,1470.79
11815959,69991,4,1268.79
11817820,23364,6,143.99
11817820,36224,1,56.09
11817820,37742,4,193.59
11817820,15578,4,78.69
11840827,40999,6,120.99
11896278,87809,1,436.79
11898081,94514,24,254.99
11898081,69991,1,1268.79
11898081,33606,10,285.99
11906619,78853,1,26.29
11926670,58650,20,11.09
11926670,50462,2,174.99
11928523,18398,14,283.19
11930649,51181,14,184.29
11930649,53392,1,112.99
11930649,35273,1,213.19
11933348,59301,2,43.99
11933348,97210,1,241.29
11933481,32091,3,81.39
11937822,52648,7,195.89
11937822,39417,20,192.59
11937822,26270,15,749.99
11949176,24242,1,116.99
11949176,61911,1,279.89
11957701,32457,13,550.79
11978487,89968,5,206.49
11978487,95339,25,58.89
11985514,68723,2,96.89
11985514,92046,4,166.49
12012294,27849,5,123.59
12012460,12852,2,262.49
12016056,26270,7,749.99
12016056,15626,1,429.09
12016056,46935,7,118.99
12031200,20054,1,196.99
12031200,78853,1,26.29
12037207,63985,1,78.79
12037207,85973,3,177.59
12047798,54586,1,98.49
12048842,81834,3,186.89
12048842,27600,19,1470.79
12048842,68723,2,96.89
12048842,86809,17,71.29
12048842,71645,12,403.99
12048842,22057,1,294.89
12049175,66578,3,268.19
12049175,26740,6,216.59
12049175,80349,19,203.59
12049175,14042,6,77.29
12054021,77617,15,226.99
12054021,80625,11,690.09
12054021,61311,5,160.19
12054021,39417,22,192.59
12058387,10621,13,165.19
12058387,92046,3,166.49
12063854,27849,22,123.59
12063854,66578,20,268.19
12065759,36262,12,233.99
12065759,32938,6,1148.89
12067443,27849,16,123.59
12074532,11313,3,78.49
12074532,45172,1,205.99
12074532,35798,4,82.99
12091052,71227,22,166.29
12091052,11453,18,1304.19
12091052,98451,3,1292.09
12091052,27849,21,123.59
12091052,86809,23,71.29
12130895,85459,9,239.79
12130895,87809,15,436.79
12135753,14979,11,582.09
12137042,37490,10,159.99
12137042,97210,24,241.29
12137042,14109,1,225.49
12137042,18476,9,11.09
12143406,86809,2,71.29
12143406,80625,18,690.09
12143406,11313,19,78.49
12143406,52661,2,797.29
12176576,36496,2,5.69
12185936,10621,6,165.19
12188144,87809,2,436.79
12188144,41515,7,1273.69
12199150,90808,23,77.19
12199150,57545,1,12.49
12199150,37490,11,159.99
12221352,41515,3,1273.69
12221352,85973,10,177.59
12223615,48869,6,901.09
12223615,19403,1,228.99
12237225,16749,8,231.39
12245614,28650,16,96.69
12245614,10621,15,165.19
12245614,21230,8,90.79
12245614,44513,1,53.19
12245614,47632,18,168.29
12245614,58241,21,203.99
12247040,46499,14,299.49
12247040,21230,10,90.79
12247040,95646,1,323.09
12247040,63748,23,91.19
12247040,57224,4,54.99
12247040,54586,17,98.49
12249712,86286,1,261.59
12249712,57874,15,234.09
12250013,37742,11,193.59
12263941,47632,8,168.29
12263941,22393,16,1060.09
12263941,32457,2,550.79
12263941,35798,4,82.99
12263941,32938,19,1148.89
12268578,27600,2,1470.79
12292173,57545,6,12.49
12292173,58241,1,203.99
12292388,29892,6,44.09
12292388,96141,7,909.49
12292388,90808,1,77.19
12292388,52111,11,173.99
12294665,66578,13,268.19
12294665,52648,4,195.89
12294665,37489,8,17.69
12294665,26740,1,216.59
12294665,89133,24,292.19
12294665,15578,6,78.69
12296846,32511,10,62.59
12296846,78853,21,26.29
12296846,85973,8,177.59
12302964,87148,1,4.99
12338552,20054,1,196.99
12340087,36496,16,5.69
12340087,54586,10,98.49
12345666,52648,25,195.89
12345666,86725,7,260.79
12345666,96141,8,909.49
12351371,95646,4,323.09
12386274,36496,4,5.69
12386274,47174,1,390.69
12386274,25536,24,208.09
12386504,85076,6,893.99
12386504,32511,15,62.59
12386504,95646,23,323.09
12386504,85459,13,239.79
12386504,19021,13,253.09
12386504,81834,5,186.89
12386504,11575,17,233.29
12394313,48996,1,64.79
12394313,10023,3,181.29
12394313,36591,11,162.99
12394313,92839,12,84.09
12394869,22393,2,1060.09
12394869,66578,2,268.19
12396874,46421,4,185.89
12396874,54586,19,98.49
12404183,36224,10,56.09
12404593,73115,8,172.99
12404593,92046,13,166.49
12408275,92839,22,84.09
12408275,21230,1,90.79
12414390,45172,25,205.99
12426396,22393,1,1060.09
12426396,35273,4,213.19
12432568,25979,1,215.99
12434292,76061,3,229.99
12434292,84547,11,205.49
12435225,22393,2,1060.09
12435225,92046,18,166.49
12435225,16236,25,4.99
12435746,26245,3,107.79
12435746,32091,25,81.39
12435746,10621,21,165.19
12435746,57224,5,54.99
12451321,68080,1,141.29
12451321,13185,25,205.29
12462850,75721,4,174.59
12463438,57224,25,54.99
12463438,58241,1,203.99
12466158,57224,4,54.99
12466158,68723,15,96.89
12480252,36496,1,5.69
12480252,15918,2,32.99
12498935,22393,1,1060.09
12504291,21230,22,90.79
12510017,48996,6,64.79
12519813,36496,15,5.69
12519813,68479,3,46.29
12535798,20430,4,198.89
12553181,57545,4,12.49
12560133,78853,1,26.29
12560133,52661,5,797.29
12578188,66452,10,169.99
12578188,57545,18,12.49
12582607,50462,8,174.99
12588977,58241,4,203.99
12588977,36496,1,5.69
12594617,37489,1,17.69
12606908,80625,12,690.09
12606908,35273,1,213.19
12606908,19021,1,253.09
12621115,79564,9,34.99
12623731,11575,1,233.29
12642993,22393,16,1060.09
12642993,85076,7,893.99
12644881,19409,4,67.99
12644881,78649,12,1059.49
12648160,57224,2,54.99
12648160,25536,23,208.09
12648160,41515,8,1273.69
12648160,35273,1,213.19
12648160,66452,11,169.99
12648160,22393,7,1060.09
12648282,16805,6,279.49
12663413,92839,1,84.09
12672043,66578,1,268.19
12676592,20430,17,198.89
12676592,89968,9,206.49
12676592,17582,19,83.39
12676592,63748,1,91.19
12676592,68479,2,46.29
12685913,99654,2,265.39
12707398,81641,2,228.09
12723839,32457,19,550.79
12723839,97210,2,241.29
12732658,35798,4,82.99
12741000,17582,8,83.39
12741000,81834,17,186.89
12741000,84547,14,205.49
12741000,11575,1,233.29
12742601,85973,23,177.59
12744702,20430,19,198.89
12744702,32511,1,62.59
12744702,26740,12,216.59
12744702,37489,22,17.69
12745453,80625,13,690.09
12745453,14920,9,249.99
12745453,26740,4,216.59
12745453,58241,24,203.99
12745453,96141,25,909.49
12745453,16805,1,279.49
12745453,16086,1,36.99
12745453,78649,2,1059.49
12757904,16749,11,231.39
12758821,97298,6,29.99
12778951,47632,8,168.29
12778951,86809,20,71.29
12778951,35273,3,213.19
12778951,11575,7,233.29
12787965,97298,16,29.99
12787965,26270,23,749.99
12794840,85973,1,177.59
12794840,57224,5,54.99
12801408,87809,18,436.79
12801408,78649,19,1059.49
12813548,51098,2,30.89
12814679,15578,1,78.69
12814679,11575,20,233.29
12817560,57801,5,63.79
12825630,41820,6,21.99
12829458,27849,11,123.59
12829458,68479,20,46.29
12829458,69729,6,209.19
12829458,58241,2,203.99
12829458,20430,12,198.89
12829458,14109,1,225.49
12841502,68479,2,46.29
12843944,12377,4,175.59
12849120,86809,3,71.29
12849120,46421,23,185.89
12849120,85973,1,177.59
12849120,33606,5,285.99
12857376,56751,7,27.29
12857376,22057,24,294.89
12857376,26245,8,107.79
12878102,35798,16,82.99
12878102,77617,9,226.99
12878102,72911,11,382.29
12878102,63748,22,91.19
12881106,46835,19,112.29
12887470,16805,1,279.49
12892443,54586,14,98.49
12895164,26270,2,749.99
12895164,45172,20,205.99
12895164,41345,4,812.29
12895164,22057,2,294.89
12895164,16749,12,231.39
12900807,58241,11,203.99
12900807,57874,19,234.09
12900807,25536,2,208.09
12904659,57545,1,12.49
12904659,61911,17,279.89
12905446,36496,5,5.69
12905446,58241,25,203.99
12905446,10023,7,181.29
12905446,29892,20,44.09
12930848,41515,18,1273.69
12930848,84547,4,205.49
12951458,48996,20,64.79
12959305,23045,2,713.69
12959305,50462,13,174.99
12963521,85076,4,893.99
12963521,37742,2,193.59
12986513,15918,9,32.99
12993377,64388,15,290.09
12993377,75721,11,174.59
12993377,37490,8,159.99
12993377,16236,10,4.99
12996635,66578,5,268.19
12998467,16086,21,36.99
13015174,69991,2,1268.79
13018132,15578,4,78.69
13018132,50462,1,174.99
13024815,75721,1,174.59
13033886,86725,17,260.79
13033886,21508,6,97.89
13033886,57224,1,54.99
13039463,57051,1,58.39
13039463,46935,2,118.99
13073109,48510,21,68.99
13073109,24242,10,116.99
13077438,98451,23,1292.09
13077438,32091,13,81.39
13078194,77617,12,226.99
13078194,57224,4,54.99
13078194,10023,1,181.29
13086763,64388,14,290.09
13091006,57224,3,54.99
13091926,85973,10,177.59
13091926,78853,1,26.29
13118138,66452,22,169.99
13129820,57874,5,234.09
13137015,20054,4,196.99
13143770,21508,8,97.89
13143770,69729,3,209.19
13165125,36262,3,233.99
13165125,20054,3,196.99
13165125,32938,3,1148.89
13165627,57801,22,63.79
13168647,86809,22,71.29
13168647,87809,21,436.79
13168647,80349,4,203.59
13176382,54586,3,98.49
13176382,80625,1,690.09
13176382,66452,8,169.99
13176382,39417,7,192.59
13176382,86809,1,71.29
13176382,45172,23,205.99
13176382,64279,13,126.39
13198315,84547,3,205.49
13198315,39417,25,192.59
13205198,53392,2,112.99
13234332,61311,1,160.19
13234332,58763,8,134.49
13234332,23045,4,713.69
13234332,96141,2,909.49
13234332,44513,5,53.19
13234332,75721,10,174.59
13248363,87809,12,436.79
13248754,54586,1,98.49
13257164,75767,21,243.99
13257164,13185,23,205.29
13257164,20430,4,198.89
13257164,81641,1,228.09
13257164,22393,13,1060.09
13257164,36224,5,56.09
13257164,57545,12,12.49
13262875,35273,15,213.19
13262875,58763,1,134.49
13269144,41515,1,1273.69
13269144,86809,1,71.29
13269395,61311,22,160.19
13270120,48996,15,64.79
13272099,81834,1,186.89
13272099,26740,25,216.59
13272099,40676,14,899.09
13272099,44331,8,121.79
13272798,22057,2,294.89
13285496,37489,2,17.69
13285496,54586,9,98.49
13285496,59301,1,43.99
13285592,81834,19,186.89
13285592,45172,1,205.99
13285592,32457,10,550.79
13285592,61311,10,160.19
13285592,35273,2,213.19
13285592,20074,1,1064.09
13285592,46935,4,118.99
13285592,92839,9,84.09
13293769,53392,9,112.99
13293769,33935,12,201.99
13293769,86139,12,289.19
13302968,81641,17,228.09
13302968,46935,23,118.99
13302968,36591,12,162.99
13306684,47632,3,168.29
13320554,54586,2,98.49
13320554,48510,6,68.99
13320554,19021,15,253.09
13320554,64388,17,290.09
13321959,32457,1,550.79
13322718,47174,20,390.69
13323160,39417,5,192.59
13323160,24242,10,116.99
13324976,19409,2,67.99
13335961,86809,1,71.29
13355717,10023,1,181.29
13355717,11313,10,78.49
13355717,68080,13,141.29
13355717,15578,3,78.69
13355717,20430,5,198.89
13374510,75721,16,174.59
13381703,22393,2,1060.09
13383487,14979,2,582.09
13388647,41345,4,812.29
13389120,27849,1,123.59
13389120,19409,4,67.99
13393675,46935,20,118.99
13393675,84547,10,205.49
13393675,35273,6,213.19
13393675,14979,1,582.09
13393675,37490,13,159.99
13407630,78853,4,26.29
13407630,20430,11,198.89
13407630,87809,1,436.79
13407630,46935,8,118.99
13412530,37489,2,17.69
13413084,80349,10,203.59
13418317,87809,25,436.79
13418317,95646,3,323.09
13467930,87809,1,436.79
13467930,58650,6,11.09
13467930,26740,14,216.59
13469049,66578,6,268.19
13474533,26270,5,749.99
13474533,47437,7,898.99
13474533,44513,22,53.19
13477303,26270,22,749.99
13477303,87809,19,436.79
13477314,27849,3,123.59
13477314,85076,8,893.99
13481065,46421,20,185.89
13481065,12576,12,134.49
13481065,58650,2,11.09
13481065,27600,5,1470.79
13492632,87809,21,436.79
13492632,86286,3,261.59
13492632,95339,13,58.89
13497558,57051,5,58.39
13500385,15578,25,78.69
13500385,50462,2,174.99
13504271,50150,3,390.59
13504271,11313,10,78.49
13521283,26245,1,107.79
13521283,85459,11,239.79
13521283,37489,3,17.69
13521283,94612,1,266.79
13525371,32640,1,234.89
13525371,47174,1,390.69
13525371,89968,4,206.49
13563233,78853,14,26.29
13563233,54586,1,98.49
13563233,82638,24,22.99
13563233,68080,14,141.29
13563233,64388,1,290.09
13567539,44115,12,1320.79
13572790,97210,1,241.29
13572790,66185,14,659.99
13572790,61311,3,160.19
13572790,76830,1,210.09
13572790,16353,13,105.99
13572790,41515,1,1273.69
13572790,26740,1,216.59
13572790,86809,9,71.29
13576975,27849,5,123.59
13578830,53392,24,112.99
13591086,87148,2,4.99
13591086,92046,1,166.49
13598703,37489,3,17.69
13598703,89968,14,206.49
13608313,57545,10,12.49
13608313,87809,4,436.79
13608313,66452,10,169.99
13633864,89968,13,206.49
13636735,80349,18,203.59
13660574,60647,13,264.09
13709886,26270,13,749.99
13709886,57224,17,54.99
13709886,27849,10,123.59
13712184,16805,2,279.49
13714343,98451,10,1292.09
13714343,23045,15,713.69
13714343,26740,1,216.59
13714343,33606,6,285.99
13722520,33606,6,285.99
13722520,34871,15,6.59
13722520,19177,11,100.79
13722520,87148,23,4.99
13722520,48996,1,64.79
13722520,78853,1,26.29
13722520,11575,1,233.29
13729457,25536,1,208.09
13751690,86809,15,71.29
13751690,90808,12,77.19
13751690,26270,21,749.99
13751690,64388,1,290.09
13779683,14042,8,77.29
13779683,66452,9,169.99
13779683,69037,1,35.99
13779683,54586,1,98.49
13779683,81834,11,186.89
13779683,22393,5,1060.09
13779683,66578,1,268.19
13781472,57801,19,63.79
13781472,16805,5,279.49
13781748,87809,2,436.79
13781748,20054,20,196.99
13782195,85076,17,893.99
13788235,26740,4,216.59
13794336,26270,5,749.99
13794336,36591,3,162.99
13794336,83295,10,123.99
13829427,87809,9,436.79
13829427,19409,5,67.99
13829427,32511,15,62.59
13837158,92839,3,84.09
13837158,20430,3,198.89
13869478,52648,7,195.89
13869478,46421,5,185.89
13874480,92839,19,84.09
13874807,68723,2,96.89
13876734,20430,4,198.89
13876734,87809,4,436.79
13876734,46935,4,118.99
13876734,11453,11,1304.19
13879296,44513,15,53.19
13883449,39417,12,192.59
13883449,96141,12,909.49
13886167,26270,24,749.99
13886167,92839,4,84.09
13886167,32511,1,62.59
13886167,16353,4,105.99
13887161,52648,4,195.89
13891402,85076,16,893.99
13891402,81834,15,186.89
13894708,36496,12,5.69
13896076,25536,19,208.09
13896076,63985,2,78.79
13912851,66452,1,169.99
13912851,89968,16,206.49
13934887,32091,8,81.39
13945788,54586,1,98.49
13945788,58241,1,203.99
13945788,87148,13,4.99
13945788,87809,5,436.79
13969241,53392,12,112.99
13969241,68080,5,141.29
13969241,98451,1,1292.09
13969241,72692,4,46.69
13969241,36209,4,189.99
13972280,85076,3,893.99
13972610,15081,15,108.99
13972610,32640,1,234.89
13972610,33606,1,285.99
13972610,80625,9,690.09
13972610,87809,6,436.79
13994558,32511,4,62.59
13994558,64388,7,290.09
13997033,57860,1,198.49
14016786,78853,24,26.29
14016786,46835,5,112.29
14043854,87809,13,436.79
14066218,77670,9,244.59
14066218,10621,24,165.19
14080407,47437,19,898.99
14080407,54586,7,98.49
14082414,75721,1,174.59
14082414,32457,1,550.79
14095831,69729,10,209.19
14112677,17582,22,83.39
14112677,30919,13,135.79
14112677,89968,3,206.49
14112677,22057,16,294.89
14130049,20430,13,198.89
14133083,45172,2,205.99
14139880,37490,1,159.99
14148522,95646,3,323.09
14148522,20430,1,198.89
14148522,64388,3,290.09
14148522,58241,20,203.99
14174116,39417,4,192.59
14174116,68080,7,141.29
14174116,46421,1,185.89
14176369,16086,21,36.99
14176369,46421,23,185.89
14176369,85973,1,177.59
14176369,98451,2,1292.09
14176369,85459,8,239.79
14176369,40676,8,899.09
14182691,20054,5,196.99
14195921,75721,4,174.59
14195921,92839,14,84.09
14195921,85076,14,893.99
14195921,58241,17,203.99
14195921,22393,20,1060.09
14199624,10023,2,181.29
14199765,20054,5,196.99
14199765,71227,13,166.29
14200935,54586,10,98.49
14202856,68080,5,141.29
14202856,15578,13,78.69
14215397,20430,25,198.89
14215397,15918,17,32.99
14215397,69729,2,209.19
14219472,26270,11,749.99
14230268,59301,7,43.99
14238811,41515,5,1273.69
14243775,47632,1,168.29
14243775,41820,25,21.99
14245398,89968,1,206.49
14245398,99654,2,265.39
14245398,35798,1,82.99
14245398,15918,20,32.99
14245398,94514,2,254.99
14245398,47437,10,898.99
14245398,75438,2,59.19
14245398,20054,9,196.99
14255486,85973,14,177.59
14259209,73115,25,172.99
14259209,78853,25,26.29
14259209,15578,8,78.69
14259209,57224,9,54.99
14259209,35273,14,213.19
14259209,75438,9,59.19
14259209,25979,5,215.99
14271979,16086,22,36.99
14271979,52661,16,797.29
14271979,84547,1,205.49
14271979,26245,9,107.79
14271979,23045,4,713.69
14271979,77617,2,226.99
14271979,52648,20,195.89
14271979,85973,6,177.59
14275379,14920,5,249.99
14275379,80978,1,280.69
14277431,61311,12,160.19
14277431,36224,2,56.09
14277431,90808,12,77.19
14317300,32091,1,81.39
14317300,52648,1,195.89
14317300,86809,20,71.29
14319283,46421,4,185.89
14319283,80625,14,690.09
14319283,28650,2,96.69
14330456,78853,23,26.29
14330456,37489,21,17.69
14330456,75767,12,243.99
14330456,90808,4,77.19
14340173,62011,24,72.79
14341741,83295,5,123.99
14341741,97298,2,29.99
14342364,46935,9,118.99
14342364,95646,2,323.09
14350441,47437,2,898.99
14350441,39417,17,192.59
14350441,61311,17,160.19
14350441,41515,2,1273.69
14351358,98451,4,1292.09
14351358,10621,7,165.19
14351358,87809,3,436.79
14351358,14979,4,582.09
14351358,51098,2,30.89
14356337,26399,9,179.19
14356337,81834,1,186.89
14356337,92839,22,84.09
14356337,26270,1,749.99
14356337,16749,2,231.39
14356337,77617,21,226.99
14356337,36496,2,5.69
14357283,32457,1,550.79
14362303,22057,9,294.89
14365121,44115,3,1320.79
14404940,75721,12,174.59
14404969,46835,2,112.29
14407372,33209,24,384.69
14407372,15578,1,78.69
14407372,19409,7,67.99
14408479,80349,9,203.59
14424746,20430,11,198.89
14424746,37742,5,193.59
14426233,77617,20,226.99
14436574,47437,11,898.99
14436574,90808,8,77.19
14436574,10621,22,165.19
14436574,50150,2,390.59
14436574,68723,8,96.89
14439801,15918,1,32.99
14439801,97298,1,29.99
14439801,26399,17,179.19
14449810,63493,10,215.09
14449810,52648,1,195.89
14449810,58650,4,11.09
14449810,59301,3,43.99
14449810,37489,9,17.69
14449810,39417,5,192.59
14449810,57545,7,12.49
14450994,47437,9,898.99
14462133,48996,5,64.79
14462133,92839,14,84.09
14462133,25979,1,215.99
14462133,30041,3,112.09
14470109,80625,7,690.09
14470109,89968,1,206.49
14484637,69218,17,184.09
14484637,15578,25,78.69
14484637,94077,25,185.09
14484637,16805,9,279.49
14484637,79564,7,34.99
14488759,32511,1,62.59
14513354,37489,12,17.69
14513354,87809,16,436.79
14515214,41515,2,1273.69
14515214,68723,4,96.89
14517163,20074,1,1064.09
14517163,16086,17,36.99
14517163,68080,25,141.29
14528340,32511,3,62.59
14528340,32457,15,550.79
14538207,36209,1,189.99
14540084,64279,9,126.39
14540084,26270,18,749.99
14540084,68080,6,141.29
14540084,47632,17,168.29
14541365,32511,10,62.59
14553750,26740,14,216.59
14553750,75767,7,243.99
14553750,64388,1,290.09
14556157,68080,6,141.29
14556157,15918,12,32.99
14556157,80349,22,203.59
14556157,18398,8,283.19
14556157,57224,4,54.99
14558589,36224,17,56.09
14558589,62011,17,72.79
14572486,52648,6,195.89
14572486,32511,10,62.59
14580029,22393,11,1060.09
14580029,26270,2,749.99
14587355,94514,15,254.99
14587355,71227,1,166.29
14594070,47437,14,898.99
14604181,97210,1,241.29
14607011,39417,1,192.59
14620450,85459,4,239.79
14620450,11453,15,1304.19
14620450,54586,18,98.49
14633058,28650,13,96.69
14672264,86809,7,71.29
14672264,41515,4,1273.69
14684677,53392,1,112.99
14694654,14109,2,225.49
14694654,25979,1,215.99
14708008,46499,1,299.49
14708008,11313,18,78.49
14710079,15578,7,78.69
14710079,92046,25,166.49
14717368,37742,5,193.59
14728115,46421,21,185.89
14728115,75721,2,174.59
14728115,16353,14,105.99
14728115,95523,11,82.19
14746183,86809,4,71.29
14746183,26270,3,749.99
14746183,61311,21,160.19
14751387,57545,1,12.49
14751387,20054,8,196.99
14757873,46421,22,185.89
14757873,47632,2,168.29
14757873,66185,1,659.99
14757873,33606,1,285.99
14757873,86809,13,71.29
14757873,15578,6,78.69
14757873,21508,1,97.89
14757873,97298,12,29.99
14763281,87426,11,180.29
14763281,15918,3,32.99
14763281,23045,10,713.69
14763281,86809,5,71.29
14769545,19011,25,198.89
14769545,20043,21,165.99
14786580,97298,19,29.99
14798548,46421,11,185.89
14798548,69991,2,1268.79
14798548,44513,22,53.19
14798548,37490,1,159.99
14798548,75767,25,243.99
14798548,52648,18,195.89
14798548,57051,17,58.39
14799581,26750,21,78.79
14799581,64388,7,290.09
14799581,61911,1,279.89
14801900,52111,6,173.99
14801900,16749,1,231.39
14801900,35273,9,213.19
14801900,85076,16,893.99
14802355,76830,17,210.09
14819082,92839,1,84.09
14819082,85973,7,177.59
14819082,86809,12,71.29
14819082,57874,1,234.09
14819082,68723,15,96.89
14819082,20430,1,198.89
14819082,77617,1,226.99
14831543,47632,21,168.29
14831543,32457,4,550.79
14831543,15918,1,32.99
14832551,66452,11,169.99
14836967,52648,1,195.89
14836967,20054,2,196.99
14836967,64388,1,290.09
14836967,22393,2,1060.09
14843344,26245,16,107.79
14859252,57224,14,54.99
14859252,19409,10,67.99
14859252,77617,1,226.99
14859545,89133,1,292.19
14859545,79564,12,34.99
14877833,79564,8,34.99
14877833,27849,6,123.59
14877833,83295,20,123.99
14877833,85572,9,30.99
14890983,90808,1,77.19
14890983,25979,3,215.99
14899363,86286,5,261.59
14900105,20074,1,1064.09
14923731,97210,2,241.29
14923731,85973,18,177.59
14923731,68723,4,96.89
14923731,87148,7,4.99
14926605,86809,1,71.29
14928553,15626,23,429.09
14930915,46421,2,185.89
14934576,80625,3,690.09
14934576,37490,5,159.99
14934576,68723,3,96.89
14940322,34871,1,6.59
14940322,10023,4,181.29
14941881,16353,9,105.99
14953533,41515,5,1273.69
14972874,39417,6,192.59
14972874,59301,12,43.99
14972874,61311,1,160.19
14980255,57224,1,54.99
14981503,90808,21,77.19
14981503,52648,2,195.89
14981503,11313,5,78.49
14986638,47174,17,390.69
14991005,16086,1,36.99
14996899,57874,6,234.09
14996899,81834,10,186.89
15002367,22393,3,1060.09
15002367,78649,2,1059.49
15002367,64388,19,290.09
15003973,85973,1,177.59
15003973,57874,7,234.09
15003973,11575,4,233.29
15004295,87809,1,436.79
15004295,47632,21,168.29
15004295,57224,23,54.99
15026635,52648,17,195.89
15035281,52648,2,195.89
15035666,71645,3,403.99
15049442,85459,20,239.79
15049442,78853,20,26.29
15069951,85076,9,893.99
15069951,90808,10,77.19
15081546,48606,9,391.49
15088468,14979,3,582.09
15091068,41515,22,1273.69
15094320,15578,4,78.69
15094320,25979,19,215.99
15098223,22393,2,1060.09
15098223,44513,1,53.19
15101485,85459,10,239.79
15101685,97298,5,29.99
15101685,81834,1,186.89
15102128,54586,7,98.49
15102128,16353,6,105.99
15102128,75438,2,59.19
15102128,47437,3,898.99
15111583,46835,18,112.29
15113062,86809,8,71.29
15121042,24242,6,116.99
15121042,94612,1,266.79
15123269,26740,1,216.59
15133891,15918,6,32.99
15133891,80978,17,280.69
15135861,16805,3,279.49
15138344,87148,11,4.99
15138344,85973,2,177.59
15138344,25979,2,215.99
15138344,32091,20,81.39
15173452,22057,17,294.89
15173452,15918,21,32.99
15173452,97210,14,241.29
15173452,36496,23,5.69
15173452,16805,1,279.49
15180311,75721,1,174.59
15180311,14979,3,582.09
15180311,57874,2,234.09
15181224,84547,6,205.49
15181224,59301,25,43.99
15181224,25979,23,215.99
15181224,15626,3,429.09
15181224,81641,2,228.09
15224884,87809,14,436.79
15224884,46420,1,41.59
15224884,49147,11,352.19
15225210,57224,5,54.99
15225210,68723,1,96.89
15225210,20430,9,198.89
15225210,19021,3,253.09
15237369,89968,1,206.49
15237369,46420,4,41.59
15237369,33935,14,201.99
15247438,97210,10,241.29
15247438,19409,4,67.99
15256810,73489,6,251.09
15256810,47437,19,898.99
15267544,75767,10,243.99
15271547,35273,9,213.19
15271547,56178,5,1474.59
15271547,22393,7,1060.09
15282231,32091,3,81.39
15302765,87148,10,4.99
15309992,16353,4,105.99
15309992,57874,21,234.09
15309992,32511,25,62.59
15309992,90808,1,77.19
15319211,44513,13,53.19
15319839,45172,14,205.99
15337967,40999,21,120.99
15339264,25536,1,208.09
15339264,78853,8,26.29
15339264,48869,4,901.09
15359416,32511,21,62.59
15359416,25979,1,215.99
15371426,58241,1,203.99
15371426,27600,17,1470.79
15371426,21230,9,90.79
15371426,69991,7,1268.79
15371426,21508,13,97.89
15371426,16353,19,105.99
15374963,64388,6,290.09
15374963,87574,3,130.19
15374963,48996,6,64.79
15374963,22057,2,294.89
15374963,15578,1,78.69
15374963,14109,19,225.49
15374963,98451,1,1292.09
15400555,16353,1,105.99
15400555,77670,11,244.59
15408228,22393,1,1060.09
15408228,26245,6,107.79
15408228,10621,17,165.19
15408228,79564,6,34.99
15412063,34871,1,6.59
15412304,16749,2,231.39
15412304,57545,12,12.49
15412304,20054,3,196.99
15412304,58241,15,203.99
15424141,77617,8,226.99
15435219,59301,8,43.99
15438614,66452,14,169.99
15438614,26270,1,749.99
15438925,95646,2,323.09
15475307,79564,2,34.99
15476690,99654,6,265.39
15476690,90808,7,77.19
15479580,64388,15,290.09
15479580,28650,15,96.69
15479580,22393,15,1060.09
15479580,95646,1,323.09
15479580,14979,1,582.09
15479580,54586,2,98.49
15479580,11313,7,78.49
15486714,20430,5,198.89
15486714,47174,13,390.69
15486714,32457,10,550.79
15486714,78853,3,26.29
15486714,81834,13,186.89
15486714,73115,20,172.99
15498561,32457,2,550.79
15508637,79834,19,151.19
15508637,32457,1,550.79
15508637,44115,1,1320.79
15508637,58650,5,11.09
15515660,87809,17,436.79
15515660,26740,14,216.59
15520555,16805,8,279.49
15520555,14920,2,249.99
15520555,81834,14,186.89
15521084,41515,3,1273.69
15521084,39417,2,192.59
15527570,75767,5,243.99
15527570,79564,6,34.99
15529210,41515,10,1273.69
15530926,14920,6,249.99
15530926,95646,23,323.09
15534909,45172,1,205.99
15536688,56178,1,1474.59
15539209,18398,10,283.19
15554851,61311,7,160.19
15554851,63985,4,78.79
15569396,68080,18,141.29
15576536,68723,10,96.89
15578639,90808,14,77.19
15578639,20054,1,196.99
15585424,64279,22,126.39
15591413,15578,7,78.69
15591413,15918,19,32.99
15591413,11313,13,78.49
15591413,87809,14,436.79
15591413,48996,5,64.79
15591413,16749,2,231.39
15591413,19021,4,253.09
15591413,86809,11,71.29
15612509,14109,11,225.49
15612509,13169,2,1030.09
15638827,63985,10,78.79
15641179,15578,12,78.69
15641179,36496,18,5.69
15644957,46421,8,185.89
15644957,94514,7,254.99
15661852,71227,17,166.29
15678204,26245,2,107.79
15678204,57874,10,234.09
15678204,90808,9,77.19
15678204,15578,19,78.69
15691316,80349,1,203.59
15691316,83295,1,123.99
15692109,26270,8,749.99
15692109,48510,15,68.99
15692109,98451,1,1292.09
15692109,36224,11,56.09
15721917,85459,11,239.79
15733871,77670,2,244.59
15733871,36591,14,162.99
15741928,58650,13,11.09
15755307,48869,7,901.09
15755455,78649,12,1059.49
15755455,76830,16,210.09
15755569,33344,4,1109.59
15755569,15578,7,78.69
15755569,11453,1,1304.19
15755569,27849,10,123.59
15755569,81834,3,186.89
15756353,68479,10,46.29
15762532,89968,2,206.49
15762532,47437,6,898.99
15766821,16353,22,105.99
15766821,27849,7,123.59
15771051,36224,2,56.09
15771051,15578,5,78.69
15771051,18476,24,11.09
15771051,59301,5,43.99
15771051,92839,2,84.09
15771051,78649,11,1059.49
15771051,15081,15,108.99
15772303,75767,6,243.99
15772303,16086,1,36.99
15772303,72692,7,46.69
15799398,33209,1,384.69
15803113,64388,20,290.09
15818072,47437,9,898.99
15820656,24242,3,116.99
15820656,53392,1,112.99
15820656,64388,16,290.09
15820656,71645,9,403.99
15824680,46421,13,185.89
15824680,57860,7,198.49
15831268,16749,17,231.39
15831268,32511,1,62.59
15833326,13185,1,205.29
15840665,46499,1,299.49
15840665,48335,3,111.49
15840665,52648,10,195.89
15840665,48510,1,68.99
15848355,58241,1,203.99
15848355,50462,1,174.99
15850610,15626,12,429.09
15850610,80349,16,203.59
15850610,37489,19,17.69
15850610,78649,17,1059.49
15851711,64388,4,290.09
15851711,48996,4,64.79
15859015,57051,20,58.39
15859015,54586,16,98.49
15859015,45172,2,205.99
15859015,20054,1,196.99
15863086,32091,11,81.39
15863086,23045,13,713.69
15863086,61311,8,160.19
15863086,75721,2,174.59
15863086,12576,3,134.49
15863086,45172,1,205.99
15864133,16236,1,4.99
15864133,85076,1,893.99
15870205,71487,7,1086.99
15895258,15578,23,78.69
15895258,32457,3,550.79
15895258,35273,2,213.19
15896129,25536,2,208.09
15902842,57224,3,54.99
15902842,27057,5,353.39
15915179,57874,2,234.09
15915179,16749,10,231.39
15915179,81834,4,186.89
15915179,75721,9,174.59
15918394,68080,15,141.29
15918394,92839,17,84.09
15918394,46421,25,185.89
15918394,75767,12,243.99
15919105,32091,8,81.39
15919105,41345,2,812.29
15919105,19403,24,228.99
15919105,47632,15,168.29
15919105,33606,6,285.99
15919105,57224,25,54.99
15919105,85459,3,239.79
15920720,14979,25,582.09
15920720,39417,9,192.59
15949759,75767,17,243.99
15949759,19409,2,67.99
15949759,16805,2,279.49
15949759,97298,21,29.99
15949759,87426,5,180.29
15949759,80349,13,203.59
15963866,10023,2,181.29
15963866,78853,18,26.29
15968043,32511,8,62.59
15968043,20043,1,165.99
15968043,64388,12,290.09
16006411,57874,3,234.09
16021062,17576,2,214.09
16037922,15578,16,78.69
16037922,77617,14,226.99
16037922,27460,2,968.99
16037922,23045,17,713.69
16037922,66452,13,169.99
16037922,63985,1,78.79
16037922,24242,3,116.99
16037922,37489,4,17.69
16055725,48606,9,391.49
16055725,10023,3,181.29
16055725,15918,22,32.99
16065262,37742,4,193.59
16065262,89133,2,292.19
16065262,77670,2,244.59
16069548,33606,2,285.99
16069548,57224,3,54.99
16072820,86809,8,71.29
16072820,25979,8,215.99
16072820,36496,25,5.69
16072820,11575,1,233.29
16091368,75767,4,243.99
16091368,81834,3,186.89
16101491,57051,6,58.39
16101491,26270,1,749.99
16101491,25979,18,215.99
16101491,28650,23,96.69
16114098,44513,4,53.19
16114098,48510,25,68.99
16114098,57051,23,58.39
16114098,35798,1,82.99
16123678,71227,2,166.29
16133661,37489,10,17.69
16149035,22057,16,294.89
16165767,27849,4,123.59
16165767,86286,8,261.59
16165767,47174,1,390.69
16166973,85973,5,177.59
16166973,85459,11,239.79
16166973,18398,16,283.19
16168276,20430,1,198.89
16185297,14979,13,582.09
16191140,72692,7,46.69
16191140,33209,16,384.69
16205127,22393,23,1060.09
16205127,57545,1,12.49
16205127,27849,18,123.59
16211339,80349,2,203.59
16211339,16086,4,36.99
16211339,19021,10,253.09
16211339,94612,23,266.79
16215941,84547,1,205.49
16215941,19011,1,198.89
16215941,57874,2,234.09
16215941,94612,7,266.79
16215941,39417,2,192.59
16220086,68080,2,141.29
16251621,46421,10,185.89
16251621,36496,11,5.69
16265343,11313,1,78.49
16265343,89968,2,206.49
16265343,24242,20,116.99
16269161,92898,5,1162.99
16269161,47174,1,390.69
16295116,14979,17,582.09
16303733,57224,12,54.99
16303733,97298,1,29.99
16303733,47632,1,168.29
16303733,87148,1,4.99
16307915,23045,8,713.69
16307915,15626,3,429.09
16307915,48996,5,64.79
16315016,24242,2,116.99
16316272,81834,16,186.89
16316272,76061,3,229.99
16323360,94514,1,254.99
16333988,78649,11,1059.49
16341339,13185,8,205.29
16373129,53392,5,112.99
16373129,36496,1,5.69
16375702,22393,15,1060.09
16375702,78853,7,26.29
16381776,32457,9,550.79
16381776,52648,3,195.89
16381776,19409,5,67.99
16404711,41345,20,812.29
16404711,89968,1,206.49
16404711,16749,1,231.39
16407370,75767,3,243.99
16407370,85973,2,177.59
16407370,36224,3,56.09
16407370,27849,12,123.59
16407370,10621,8,165.19
16416335,35273,1,213.19
16416410,15081,23,108.99
16416410,87809,24,436.79
16416410,46421,12,185.89
16416410,10621,17,165.19
16416410,44115,8,1320.79
16433554,76830,5,210.09
16433554,39417,21,192.59
16433554,28650,12,96.69
16433554,10621,4,165.19
16438183,85076,3,893.99
16438183,82067,2,40.79
16438183,97210,6,241.29
16442451,47632,2,168.29
16442451,39417,2,192.59
16445662,98451,12,1292.09
16445662,13185,2,205.29
16468193,11453,24,1304.19
16469913,32511,21,62.59
16469913,54586,4,98.49
16472009,80625,8,690.09
16472009,36224,1,56.09
16472009,35273,10,213.19
16472009,87148,4,4.99
16472009,32511,9,62.59
16482152,78853,2,26.29
16482152,36209,2,189.99
16482152,19177,9,100.79
16482152,42020,7,49.99
16482152,75721,1,174.59
16482152,37490,1,159.99
16486925,82638,14,22.99
16486925,66452,1,169.99
16486925,45172,14,205.99
16513309,29892,23,44.09
16515435,47632,1,168.29
16528028,80625,6,690.09
16528351,89968,11,206.49
16528351,26245,15,107.79
16551594,20430,22,198.89
16551594,27849,2,123.59
16554178,80625,8,690.09
16554178,94514,21,254.99
16554178,10023,11,181.29
16568634,79163,4,738.99
16568634,95339,15,58.89
16568634,34871,20,6.59
16573955,77670,1,244.59
16573955,64279,14,126.39
16581995,48996,3,64.79
16581995,39417,15,192.59
16613099,10023,13,181.29
16613099,26245,7,107.79
16613099,16749,9,231.39
16619601,39417,6,192.59
16637842,92839,14,84.09
16637842,22057,2,294.89
16637842,26750,10,78.79
16637842,80978,2,280.69
16637842,15918,20,32.99
16637842,57224,2,54.99
16640174,87426,9,180.29
16640174,54586,12,98.49
16640174,15578,12,78.69
16640174,97298,3,29.99
16640174,19021,8,253.09
16640330,71645,1,403.99
16640330,37742,2,193.59
16640330,10023,1,181.29
16640330,58241,19,203.99
16640330,98451,24,1292.09
16640330,11575,10,233.29
16640330,68723,5,96.89
16641204,83295,1,123.99
16643243,57874,10,234.09
16643243,68080,13,141.29
16643243,61311,5,160.19
16643945,69991,24,1268.79
16643945,17582,2,83.39
16650086,95646,20,323.09
16650086,33209,4,384.69
16650086,16353,7,105.99
16650086,32457,4,550.79
16650414,94514,8,254.99
16650414,20430,2,198.89
16658616,36224,1,56.09
16662235,14109,1,225.49
16676920,61311,10,160.19
16678501,86854,2,207.99
16678501,29305,2,210.19
16678501,15918,4,32.99
16703076,41515,23,1273.69
16707496,37489,25,17.69
16720065,35798,3,82.99
16720065,62011,4,72.79
16720065,75721,2,174.59
16720065,17582,14,83.39
16724943,57051,12,58.39
16724943,26270,7,749.99
16728702,52648,4,195.89
16728702,45172,17,205.99
16728702,46421,1,185.89
16729388,32091,20,81.39
16730156,75721,6,174.59
16730156,11575,7,233.29
16730156,78649,4,1059.49
16738081,76830,15,210.09
16738081,68479,2,46.29
16738742,10023,16,181.29
16738742,97210,11,241.29
16740341,26245,3,107.79
16740341,66452,22,169.99
16752465,22393,17,1060.09
16764046,77617,5,226.99
16764046,84547,5,205.49
16765710,35798,5,82.99
16765710,39417,5,192.59
16765710,73115,1,172.99
16772175,69218,1,184.09
16772175,32457,1,550.79
16772175,77617,12,226.99
16778258,15918,25,32.99
16778258,18476,3,11.09
16778258,87426,14,180.29
16820436,27849,1,123.59
16820436,16236,8,4.99
16829791,78853,8,26.29
16829791,47174,1,390.69
16829791,61311,2,160.19
16829791,20054,11,196.99
16829791,32091,18,81.39
16830684,79564,1,34.99
16830684,27057,3,353.39
16830684,20482,22,592.49
16842466,44513,19,53.19
16842466,61311,6,160.19
16842466,98451,24,1292.09
16842466,32511,5,62.59
16842466,10023,25,181.29
16842466,47437,1,898.99
16851627,15626,4,429.09
16851627,33935,2,201.99
16856554,25536,21,208.09
16904695,39417,23,192.59
16904695,44115,11,1320.79
16904695,40676,1,899.09
16904695,27849,1,123.59
16905529,32938,4,1148.89
16905529,22393,2,1060.09
16905529,46421,8,185.89
16905529,87148,1,4.99
16905529,32511,4,62.59
16908432,47437,1,898.99
16908432,46835,22,112.29
16908432,37489,2,17.69
16929135,29892,23,44.09
16929135,87148,18,4.99
16929135,37742,4,193.59
16929135,46421,1,185.89
16936738,20054,14,196.99
16936738,54586,16,98.49
16936738,40999,8,120.99
16936738,80625,16,690.09
16936738,11453,1,1304.19
16936738,32511,13,62.59
16936738,86286,25,261.59
16936738,14920,12,249.99
16944984,22393,1,1060.09
16989428,46935,5,118.99
16992079,11575,5,233.29
16993322,57224,15,54.99
16993322,36496,17,5.69
16993322,21230,5,90.79
16999032,11575,3,233.29
16999032,64279,13,126.39
16999032,72692,14,46.69
16999032,54586,1,98.49
16999032,62011,11,72.79
17000364,69037,1,35.99
17000364,47437,5,898.99
17000364,77617,3,226.99
17000364,35273,22,213.19
17013889,47632,11,168.29
17013889,15918,19,32.99
17022032,56178,21,1474.59
17022182,32640,7,234.89
17022182,92839,17,84.09
17022182,12576,3,134.49
17022182,69991,14,1268.79
17022182,77617,1,226.99
17022182,35798,17,82.99
17027557,26270,4,749.99
17028192,27849,2,123.59
17028385,39417,1,192.59
17028443,48335,9,111.49
17028443,79564,10,34.99
17028443,68080,6,141.29
17051629,24242,11,116.99
17052165,26270,1,749.99
17052165,20054,15,196.99
17052165,26740,15,216.59
17056924,15918,9,32.99
17056924,86809,1,71.29
17056924,36209,7,189.99
17059437,57051,8,58.39
17061855,58241,4,203.99
17061855,87809,11,436.79
17061855,97210,25,241.29
17061855,32091,14,81.39
17061855,22393,10,1060.09
17063886,72692,20,46.69
17063886,33209,1,384.69
17068638,57224,10,54.99
17068638,20430,11,198.89
17070793,68080,1,141.29
17096670,87789,8,294.99
17096670,62011,5,72.79
17096670,64279,16,126.39
17096670,37489,1,17.69
17097083,71645,1,403.99
17130443,57874,17,234.09
17130443,58650,24,11.09
17147690,68479,2,46.29
17163227,33606,1,285.99
17163227,26270,19,749.99
17170093,78853,1,26.29
17178183,27849,4,123.59
17180296,78853,5,26.29
17183046,57874,2,234.09
17183046,78853,12,26.29
17184733,37490,18,159.99
17197154,58241,1,203.99
17197154,27849,6,123.59
17197154,54586,3,98.49
17197154,26740,3,216.59
17197154,86809,12,71.29
17197154,11575,1,233.29
17197154,89133,22,292.19
17218374,52648,6,195.89
17235288,20430,5,198.89
17235288,71645,5,403.99
17239586,14109,4,225.49
17239586,26270,5,749.99
17239586,47632,1,168.29
17252448,52111,21,173.99
17252448,78853,2,26.29
17252448,10023,4,181.29
17267190,21230,3,90.79
17267190,32457,23,550.79
17275525,41515,13,1273.69
17280608,47174,6,390.69
17282240,58241,6,203.99
17285888,46421,9,185.89
17285888,85076,19,893.99
17287538,47632,3,168.29
17291598,54586,15,98.49
17291598,97298,5,29.99
17292218,77617,10,226.99
17292218,97210,24,241.29
17292218,95646,1,323.09
17292218,25979,3,215.99
17292218,46421,19,185.89
17306711,89968,5,206.49
17306711,51061,15,192.39
17306711,69218,11,184.09
17306711,19409,21,67.99
17306711,99654,7,265.39
17306711,14979,3,582.09
17322113,13185,23,205.29
17322113,27849,13,123.59
17332691,47437,1,898.99
17332691,64388,1,290.09
17335717,33209,16,384.69
17335717,56178,7,1474.59
17348131,37489,1,17.69
17348131,20430,3,198.89
17348131,83295,20,123.99
17348131,39417,1,192.59
17348131,36262,9,233.99
17348131,46421,7,185.89
17358649,52648,11,195.89
17358649,57801,17,63.79
17358649,75438,25,59.19
17358649,61093,25,240.99
17376842,61311,16,160.19
17379868,26245,1,107.79
17379868,12576,13,134.49
17379868,14109,8,225.49
17379868,66452,1,169.99
17379868,36224,21,56.09
17379868,81834,7,186.89
17386611,47174,5,390.69
17399473,44331,13,121.79
17401739,98451,5,1292.09
17401739,41515,3,1273.69
17401739,66452,13,169.99
17404523,20430,20,198.89
17404523,17582,1,83.39
17404523,36224,19,56.09
17404523,45172,1,205.99
17404523,75721,14,174.59
17405878,46421,1,185.89
17422831,64388,2,290.09
17422831,46421,23,185.89
17422831,26270,3,749.99
17422831,66452,3,169.99
17433771,75767,4,243.99
17433771,26740,9,216.59
17439775,57545,13,12.49
17465758,59301,2,43.99
17465758,94514,1,254.99
17465758,41515,1,1273.69
17480636,57224,21,54.99
17480636,76830,4,210.09
17480636,77617,13,226.99
17481703,86854,2,207.99
17488505,54586,1,98.49
17492859,54586,2,98.49
17492859,81641,19,228.09
17500233,16749,10,231.39
17502023,69037,3,35.99
17502023,53392,23,112.99
17505242,50462,18,174.99
17505242,11313,7,78.49
17505242,14920,13,249.99
17513083,27849,3,123.59
17513083,87148,8,4.99
17520889,84547,22,205.49
17520889,89968,7,206.49
17526153,57051,9,58.39
17526153,81834,14,186.89
17546299,35798,13,82.99
17558847,56751,9,27.29
17558847,15626,7,429.09
17558847,78649,17,1059.49
17578056,47437,11,898.99
17578487,41515,6,1273.69
17578487,32457,16,550.79
17598432,75721,7,174.59
17602479,26740,3,216.59
17613735,27849,7,123.59
17613735,26270,10,749.99
17613735,47437,3,898.99
17632434,11313,1,78.49
17639734,75721,1,174.59
17648638,73489,1,251.09
17648638,80625,6,690.09
17648638,57874,15,234.09
17650157,10023,3,181.29
17650157,11313,20,78.49
17650157,17582,17,83.39
17650157,95646,1,323.09
17650157,19021,3,253.09
17650157,54586,1,98.49
17650157,66578,20,268.19
17669044,75721,16,174.59
17679819,95339,8,58.89
17682631,25536,2,208.09
17682631,41515,25,1273.69
17690361,13185,1,205.29
17690361,26245,1,107.79
17690361,16353,21,105.99
17691472,92839,14,84.09
17692682,64388,19,290.09
17692682,48869,6,901.09
17692682,11313,1,78.49
17692682,12576,2,134.49
17692682,44115,1,1320.79
17692682,32457,22,550.79
17692682,80349,13,203.59
17692682,54586,7,98.49
17702693,17582,9,83.39
17714062,46421,1,185.89
17726271,86809,20,71.29
17726271,77617,1,226.99
17733708,10621,14,165.19
17733708,92839,4,84.09
17753014,33935,1,201.99
17779304,89133,5,292.19
17780949,85459,15,239.79
17800270,47632,2,168.29
17800270,89968,20,206.49
17812836,16805,17,279.49
17812836,61311,1,160.19
17820686,32457,4,550.79
17822591,32511,7,62.59
17843646,90808,1,77.19
17843646,20054,16,196.99
17843646,25979,1,215.99
17843646,68723,1,96.89
17846342,32511,12,62.59
17846342,19021,25,253.09
17848476,64388,21,290.09
17857942,15918,9,32.99
17872513,86809,21,71.29
17872513,46421,4,185.89
17872513,11453,12,1304.19
17873882,71227,22,166.29
17873882,11313,7,78.49
17873882,80625,1,690.09
17873882,79564,13,34.99
17879437,64388,1,290.09
17882874,85076,19,893.99
17882874,64388,14,290.09
17892360,57224,4,54.99
17894428,32511,12,62.59
17898695,46421,20,185.89
17913394,21508,1,97.89
17913444,16086,1,36.99
17913444,32457,12,550.79
17913444,75721,7,174.59
17914526,52648,2,195.89
17914526,53392,8,112.99
17914526,81641,5,228.09
17919045,10023,16,181.29
17919045,68723,1,96.89
17921475,87809,24,436.79
17928453,26270,3,749.99
17948338,16749,1,231.39
17948338,85076,3,893.99
17948338,47174,1,390.69
17948338,59301,2,43.99
17948338,94612,9,266.79
17948338,64279,4,126.39
17948338,66578,10,268.19
17957543,56751,17,27.29
17957947,35273,5,213.19
17962246,53078,3,293.39
17962246,23045,13,713.69
17962246,66578,9,268.19
17962246,41515,15,1273.69
17962246,10621,1,165.19
17965467,64388,7,290.09
17965467,58781,6,290.99
17969679,35798,17,82.99
17969679,68723,23,96.89
17969679,57224,22,54.99
17969679,82664,15,269.69
17969679,16749,6,231.39
17969679,57874,11,234.09
17969679,37742,3,193.59
17969679,26270,2,749.99
17980082,57874,1,234.09
17980082,81834,22,186.89
17980082,24242,1,116.99
17980082,10621,2,165.19
17980082,75721,22,174.59
17983560,68080,18,141.29
17987119,52648,4,195.89
17987119,21230,3,90.79
17988221,48510,21,68.99
17997248,85973,1,177.59
17998044,37742,3,193.59
18001566,54586,11,98.49
18001566,22393,9,1060.09
18001566,87809,25,436.79
18001566,25979,8,215.99
18006386,80351,5,194.99
18013925,20054,21,196.99
18013925,95339,20,58.89
18013925,78649,2,1059.49
18032934,82664,2,269.69
18032934,32511,18,62.59
18044125,87148,1,4.99
18044125,57545,9,12.49
18044125,74326,10,212.99
18044125,68723,19,96.89
18048603,90808,1,77.19
18068810,37489,23,17.69
18068810,57545,4,12.49
18095956,10621,20,165.19
18095956,37742,15,193.59
18095956,71645,19,403.99
18104200,11453,1,1304.19
18104200,36496,2,5.69
18114143,16749,3,231.39
18114143,46421,21,185.89
18114143,19021,9,253.09
18117244,36224,2,56.09
18117244,15918,7,32.99
18124596,77617,6,226.99
18138941,66578,12,268.19
18138941,42020,1,49.99
18138941,85076,22,893.99
18139313,39417,13,192.59
18139931,92839,5,84.09
18165061,32511,1,62.59
18165061,80625,22,690.09
18166994,56178,2,1474.59
18204776,26740,5,216.59
18204776,71645,23,403.99
18204776,57224,1,54.99
18204776,95523,2,82.19
18212371,14109,19,225.49
18212371,80625,3,690.09
18212371,81834,1,186.89
18212371,11575,13,233.29
18218213,32511,2,62.59
18218213,32457,8,550.79
18218213,25536,25,208.09
18222799,68479,7,46.29
18222799,81641,7,228.09
18222799,37490,1,159.99
18222799,47437,1,898.99
18228874,57224,5,54.99
18237875,25979,19,215.99
18237875,35273,20,213.19
18246470,54586,19,98.49
18254179,84547,10,205.49
18276028,36224,4,56.09
18276028,48996,1,64.79
18276028,94612,25,266.79
18276028,75767,7,243.99
18276028,11575,2,233.29
18280194,37489,7,17.69
18284569,44115,1,1320.79
18284569,20054,18,196.99
18287288,15918,6,32.99
18291045,66452,10,169.99
18291045,21230,12,90.79
18291045,15578,4,78.69
18299211,80349,11,203.59
18299211,36591,11,162.99
18299211,95646,24,323.09
18299211,41515,2,1273.69
18300788,19409,4,67.99
18300788,64388,15,290.09
18300788,32511,24,62.59
18300788,15918,4,32.99
18309525,73115,22,172.99
18309525,15578,2,78.69
18309525,46421,7,185.89
18318971,25979,5,215.99
18318971,58241,20,203.99
18318971,68080,1,141.29
18318971,17582,1,83.39
18321417,39417,17,192.59
18321417,33606,1,285.99
18321417,36224,14,56.09
18321417,46935,17,118.99
18321417,95339,2,58.89
18322204,63985,1,78.79
18322204,16236,3,4.99
18322204,87789,3,294.99
18327957,77670,1,244.59
18327957,80349,8,203.59
18327957,37490,2,159.99
18327957,80625,10,690.09
18328445,37490,3,159.99
18328445,32511,9,62.59
18328445,85973,20,177.59
18330851,59301,2,43.99
18334016,15578,16,78.69
18334016,33606,12,285.99
18337013,46835,8,112.29
18337013,52648,23,195.89
18337013,64388,19,290.09
18337013,33606,14,285.99
18337013,85076,24,893.99
18338227,47437,22,898.99
18338227,48869,7,901.09
18340105,48510,24,68.99
18340105,64279,5,126.39
18340105,81641,1,228.09
18340105,68723,2,96.89
18342554,26245,2,107.79
18342554,87148,1,4.99
18342554,89968,1,206.49
18342554,71227,2,166.29
18342554,68080,7,141.29
18343945,37490,1,159.99
18343945,11313,14,78.49
18343945,47632,1,168.29
18348198,64388,19,290.09
18348198,94612,1,266.79
18348198,48510,2,68.99
18348198,77617,11,226.99
18379146,47174,1,390.69
18379146,95523,16,82.19
18379146,16353,5,105.99
18384665,22393,14,1060.09
18384665,27849,12,123.59
18384665,25979,1,215.99
18384665,35798,9,82.99
18390154,37681,7,185.69
18390154,69991,20,1268.79
18390154,32091,23,81.39
18398505,58241,24,203.99
18398505,36591,5,162.99
18398505,80351,23,194.99
18398505,80349,2,203.59
18421644,33606,1,285.99
18421644,69729,1,209.19
18421644,20430,4,198.89
18421644,82638,12,22.99
18421644,35273,21,213.19
18425144,61311,10,160.19
18425144,52648,2,195.89
18425144,64388,10,290.09
18425144,57874,11,234.09
18425144,11575,16,233.29
18434956,37742,1,193.59
18434956,73489,2,251.09
18434956,33606,9,285.99
18434956,12576,9,134.49
18434956,41515,4,1273.69
18434956,96141,7,909.49
18434956,68080,2,141.29
18437147,10023,2,181.29
18452897,75767,25,243.99
18458243,94612,8,266.79
18458243,66452,8,169.99
18458243,37742,2,193.59
18458243,66578,12,268.19
18458243,10621,14,165.19
18460747,95339,2,58.89
18460747,63985,16,78.79
18471717,59301,2,43.99
18471717,45172,1,205.99
18471717,39417,1,192.59
18471717,20430,5,198.89
18471717,47437,11,898.99
18471717,35798,20,82.99
18471717,60647,1,264.09
18471717,69991,1,1268.79
18481447,57224,2,54.99
18491555,86854,6,207.99
18491555,77617,1,226.99
18491555,87148,1,4.99
18491555,89968,5,206.49
18491555,26270,18,749.99
18491555,26740,10,216.59
18512416,15626,3,429.09
18518358,26740,5,216.59
18518358,20054,18,196.99
18518358,85973,3,177.59
18518358,26270,1,749.99
18518358,71645,3,403.99
18518358,21508,20,97.89
18524873,52111,10,173.99
18524873,16353,10,105.99
18524873,27849,18,123.59
18524873,77670,1,244.59
18535040,36496,25,5.69
18540848,16086,15,36.99
18540848,32511,4,62.59
18544373,69729,1,209.19
18544373,57545,6,12.49
18544373,80625,12,690.09
18546555,47437,22,898.99
18546555,78853,17,26.29
18552816,48996,17,64.79
18552816,15918,25,32.99
18552816,66452,9,169.99
18552816,61311,11,160.19
18552816,61911,21,279.89
18552816,48510,16,68.99
18552816,77670,1,244.59
18559907,16749,5,231.39
18559907,16086,20,36.99
18559907,87809,5,436.79
18559907,20430,20,198.89
18575044,75767,6,243.99
18575044,78853,2,26.29
18575044,32457,1,550.79
18575044,80978,3,280.69
18578861,25979,1,215.99
18578992,47174,4,390.69
18597758,75767,11,243.99
18597758,17582,2,83.39
18612853,66578,1,268.19
18614440,85076,25,893.99
18614440,68080,15,141.29
18614440,75767,4,243.99
18614566,27600,8,1470.79
18619818,41515,23,1273.69
18619818,85076,13,893.99
18643272,77617,1,226.99
18644091,99654,1,265.39
18644091,80349,1,203.59
18644091,21508,9,97.89
18644091,37742,10,193.59
18644091,10023,7,181.29
18644091,48510,11,68.99
18644091,77670,3,244.59
18648677,16086,6,36.99
18648677,24242,11,116.99
18648677,20054,5,196.99
18650665,85459,17,239.79
18650665,90808,2,77.19
18650665,48510,11,68.99
18650939,20054,17,196.99
18650939,47437,5,898.99
18664297,57224,22,54.99
18687594,20054,2,196.99
18687594,26740,10,216.59
18687786,85076,4,893.99
18687786,20054,3,196.99
18695619,15578,6,78.69
18710375,35273,2,213.19
18715819,75721,2,174.59
18715819,14979,1,582.09
18719076,24242,17,116.99
18719076,32457,1,550.79
18719076,79564,9,34.99
18719076,33606,21,285.99
18719076,57224,4,54.99
18719076,77617,6,226.99
18719425,69729,16,209.19
18719425,11575,4,233.29
18719425,21508,13,97.89
18720269,92046,23,166.49
18720269,20054,5,196.99
18722999,58241,14,203.99
18731618,32457,13,550.79
18735553,80349,13,203.59
18737325,64388,1,290.09
18738695,41515,9,1273.69
18738695,48349,20,51.69
18738695,52648,6,195.89
18748980,66452,1,169.99
18754949,25536,16,208.09
18767937,92839,18,84.09
18771201,53392,5,112.99
18771201,32938,23,1148.89
18783027,80349,16,203.59
18783027,94514,23,254.99
18787843,32457,20,550.79
18787843,33606,24,285.99
18790695,57224,25,54.99
18790695,69991,15,1268.79
18790695,37489,4,17.69
18790695,25536,9,208.09
18790695,75767,2,243.99
18790695,19021,1,253.09
18795405,35798,1,82.99
18795405,39417,6,192.59
18817142,58241,2,203.99
18818472,24242,1,116.99
18818472,85076,1,893.99
18818472,32457,10,550.79
18836713,63985,24,78.79
18836713,66578,22,268.19
18836713,85459,9,239.79
18840226,26245,5,107.79
18863626,46421,2,185.89
18863626,94612,11,266.79
18863626,19409,3,67.99
18890178,35273,1,213.19
18890178,87148,14,4.99
18890178,48510,1,68.99
18890178,17582,1,83.39
18890178,78853,1,26.29
18892303,52648,20,195.89
18892303,58241,21,203.99
18900294,20054,1,196.99
18907803,32457,5,550.79
18909196,89968,1,206.49
18909196,99654,1,265.39
18909196,19021,18,253.09
18909196,20430,8,198.89
18909196,50150,11,390.59
18909196,14979,10,582.09
18909196,87809,4,436.79
18909196,96141,3,909.49
18917684,97298,1,29.99
18918025,78853,3,26.29
18934843,14109,4,225.49
18935205,87426,14,180.29
18955345,46421,16,185.89
18955345,19409,22,67.99
18964756,16236,19,4.99
18964756,39417,2,192.59
18979718,22393,4,1060.09
18979718,86809,15,71.29
18979718,36224,11,56.09
18979718,57545,6,12.49
18985768,14109,1,225.49
18986688,33606,13,285.99
18986688,26270,1,749.99
18986688,92898,18,1162.99
18986688,54586,1,98.49
18986688,97298,19,29.99
18986688,26740,1,216.59
18986688,58241,1,203.99
18996098,57224,6,54.99
18996098,84482,2,223.49
18996098,47437,1,898.99
19012639,27849,1,123.59
19012639,68723,1,96.89
19012639,75767,25,243.99
19012639,24242,2,116.99
19018542,32457,2,550.79
19029215,32091,8,81.39
19029215,32511,1,62.59
19029215,25979,19,215.99
19029215,58241,4,203.99
19029215,26270,1,749.99
19029215,37489,5,17.69
19029215,64388,25,290.09
19030481,15578,2,78.69
19030481,39417,5,192.59
19030481,36496,5,5.69
19030481,87809,2,436.79
19037820,15081,5,108.99
19047664,77617,1,226.99
19047664,48996,25,64.79
19047664,56178,1,1474.59
19047664,87789,1,294.99
19060508,77617,1,226.99
19065034,25536,1,208.09
19065034,34871,23,6.59
19065034,66452,2,169.99
19066675,54586,3,98.49
19066675,81641,9,228.09
19070934,41515,1,1273.69
19070934,87426,2,180.29
19070934,16353,25,105.99
19070934,90808,2,77.19
19081751,36591,13,162.99
19088131,90808,24,77.19
19088131,80625,11,690.09
19096932,52111,2,173.99
19096932,12852,16,262.49
19096932,16805,24,279.49
19113299,85459,3,239.79
19124876,80625,8,690.09
19124876,32457,17,550.79
19124876,86809,1,71.29
19124876,19409,19,67.99
19124876,10621,10,165.19
19124876,85459,4,239.79
19133252,16353,1,105.99
19144718,69991,22,1268.79
19144718,23323,2,293.99
19144718,11453,4,1304.19
19148433,86809,3,71.29
19174044,64279,3,126.39
19175449,15918,9,32.99
19197537,57224,14,54.99
19216382,14109,21,225.49
19216382,35798,13,82.99
19231526,64388,1,290.09
19231526,77670,17,244.59
19231526,18476,21,11.09
19231526,14109,2,225.49
19251672,69729,7,209.19
19251672,58241,1,203.99
19271404,20074,9,1064.09
19271404,81834,1,186.89
19271404,95523,1,82.19
19271404,57545,1,12.49
19299377,48996,7,64.79
19299377,86809,2,71.29
19302270,11575,11,233.29
19303321,15578,22,78.69
19303505,45172,18,205.99
19311419,90808,2,77.19
19329111,35798,13,82.99
19329111,20074,6,1064.09
19329799,77670,3,244.59
19329799,89968,2,206.49
19330819,86809,19,71.29
19330819,84547,4,205.49
19357582,10023,1,181.29
19357582,46935,13,118.99
19357582,82664,2,269.69
19357582,77617,13,226.99
19369075,48869,17,901.09
19369075,46835,17,112.29
19369075,54586,1,98.49
19369075,11453,2,1304.19
19377908,26270,17,749.99
19377908,51181,2,184.29
19377908,36224,3,56.09
19377908,49147,13,352.19
19383099,14979,8,582.09
19383099,85076,13,893.99
19383099,75767,5,243.99
19383099,62011,2,72.79
19399301,66578,2,268.19
19431987,34871,25,6.59
19456618,15578,1,78.69
19463587,16749,24,231.39
19463587,94612,1,266.79
19470820,86286,16,261.59
19470820,85459,23,239.79
19470820,48510,2,68.99
19473670,46421,4,185.89
19473670,71227,12,166.29
19473670,11575,8,233.29
19484771,57224,1,54.99
19494916,11313,6,78.49
19496787,47632,3,168.29
19496787,26740,14,216.59
19496787,57051,2,58.39
19496787,19409,17,67.99
19496787,87148,20,4.99
19496787,45172,4,205.99
19497524,20054,14,196.99
19497524,16086,1,36.99
19516387,35798,2,82.99
19516387,77617,11,226.99
19516387,50462,1,174.99
19524781,12224,9,734.79
19573884,78853,14,26.29
19573884,84547,10,205.49
19573884,41515,4,1273.69
19573884,63748,12,91.19
19573884,85973,1,177.59
19573884,47437,21,898.99
19579637,75767,5,243.99
19579637,23045,5,713.69
19582837,78649,5,1059.49
19588556,61311,3,160.19
19588556,28650,1,96.69
19588556,19021,15,253.09
19588556,15578,14,78.69
19597053,57224,3,54.99
19597053,26270,1,749.99
19597053,61311,11,160.19
19600289,15918,4,32.99
19622174,37489,6,17.69
19632659,32640,5,234.89
19632659,71227,14,166.29
19632659,82067,9,40.79
19640748,32457,21,550.79
19643267,85973,1,177.59
19643267,52648,1,195.89
19644478,66578,9,268.19
19644478,41515,4,1273.69
19644478,15578,1,78.69
19648680,86809,2,71.29
19648680,85459,4,239.79
19648680,11575,1,233.29
19648680,10023,3,181.29
19658784,19409,2,67.99
19658784,15578,1,78.69
19664571,15578,3,78.69
19665382,61311,13,160.19
19665382,75721,1,174.59
19670120,29892,7,44.09
19670120,77670,2,244.59
19670120,47174,11,390.69
19670120,90808,12,77.19
19670120,19011,1,198.89
19673101,23045,8,713.69
19673101,68080,20,141.29
19673101,26740,10,216.59
19673101,22393,13,1060.09
19673210,63748,12,91.19
19685564,35273,3,213.19
19685564,62011,5,72.79
19702053,80978,21,280.69
19704337,85076,1,893.99
19704337,15578,6,78.69
19704337,87809,15,436.79
19704337,58650,18,11.09
19704337,15626,1,429.09
19704337,90808,19,77.19
19711327,80625,15,690.09
19711327,53392,22,112.99
19711327,90808,8,77.19
19711327,15578,13,78.69
19711327,52648,25,195.89
19713151,37490,11,159.99
19724693,23045,18,713.69
19724693,32640,1,234.89
19729117,62011,25,72.79
19735232,23045,6,713.69
19735232,39417,16,192.59
19748498,37742,22,193.59
19748498,68723,4,96.89
19749984,85076,1,893.99
19749984,19403,14,228.99
19749984,78649,2,1059.49
19749984,28650,1,96.69
19749984,89968,24,206.49
19755151,95646,8,323.09
19755151,46835,20,112.29
19763274,32091,13,81.39
19763274,57874,23,234.09
19793214,42020,6,49.99
19793214,33606,15,285.99
19793214,75767,2,243.99
19793214,46421,2,185.89
19793214,12576,5,134.49
19793214,48510,11,68.99
19804304,57224,1,54.99
19810464,77670,17,244.59
19816570,58650,1,11.09
19827946,61311,6,160.19
19827946,78853,13,26.29
19830947,39417,6,192.59
19830947,63985,1,78.79
19843510,16805,7,279.49
19843510,47174,23,390.69
19854312,25979,25,215.99
19854312,71227,2,166.29
19857613,36224,19,56.09
19857613,85076,8,893.99
19857613,29305,7,210.19
19857613,25979,15,215.99
19857613,37742,1,193.59
19857613,23045,8,713.69
19862154,10621,5,165.19
19862154,97210,1,241.29
19884668,45172,1,205.99
19884668,72692,17,46.69
19900739,85973,4,177.59
19900739,21230,1,90.79
19900739,92046,16,166.49
19900739,90808,16,77.19
19903428,17576,21,214.09
19908307,78853,21,26.29
19908307,71227,2,166.29
19914208,37742,1,193.59
19923710,48510,6,68.99
19923710,22393,18,1060.09
19923710,37489,18,17.69
19924823,36496,23,5.69
19924823,85459,18,239.79
19924823,73115,21,172.99
19924823,71487,19,1086.99
19924823,85076,16,893.99
19924823,29892,17,44.09
19924823,57545,14,12.49
19924823,44513,1,53.19
19929721,37742,1,193.59
19929721,46499,4,299.49
19929721,97210,1,241.29
19931485,84547,7,205.49
19931485,40999,2,120.99
19931485,21508,21,97.89
19934711,80349,8,203.59
19937203,37742,6,193.59
19937203,32640,1,234.89
19937203,68479,12,46.29
19955699,10023,1,181.29
19955699,94514,11,254.99
19956633,39417,6,192.59
19959658,46420,9,41.59
19959658,37742,1,193.59
19965170,85973,17,177.59
19965170,62011,14,72.79
19967358,37742,9,193.59
19970782,26740,12,216.59
19970782,80625,13,690.09
19970782,78853,1,26.29
19985015,20054,14,196.99
19986109,57874,2,234.09
19986109,85973,18,177.59
19994252,13185,23,205.29
19995348,66578,22,268.19
19995348,66452,2,169.99
20004439,16805,18,279.49
20004439,90808,5,77.19
20025616,36209,2,189.99
20025616,70801,10,215.99
20035221,32457,14,550.79
20035221,33606,8,285.99
20036186,32511,3,62.59
20036186,89968,2,206.49
20036186,22393,15,1060.09
20036186,15918,13,32.99
20036186,21230,6,90.79
20036186,77617,1,226.99
20036186,69991,17,1268.79
20036186,47437,1,898.99
20052002,95646,4,323.09
20052002,11313,15,78.49
20067481,22057,12,294.89
20067847,48289,3,85.59
20069469,32511,10,62.59
20069469,85459,15,239.79
20069469,15626,12,429.09
20076010,46935,4,118.99
20076010,20054,18,196.99
20088777,52111,23,173.99
20090726,10621,3,165.19
20090726,35273,5,213.19
20090726,20430,2,198.89
20096591,75721,13,174.59
20102474,20430,9,198.89
20102474,25979,22,215.99
20110657,32457,7,550.79
20111106,68479,25,46.29
20111106,15626,2,429.09
20111106,52648,17,195.89
20111106,56751,22,27.29
20111106,87809,24,436.79
20112359,35273,9,213.19
20116717,85973,1,177.59
20131212,35798,4,82.99
20134627,68723,1,96.89
20156784,87809,25,436.79
20158735,20054,12,196.99
20173231,16805,18,279.49
20173231,58650,11,11.09
20173231,54586,1,98.49
20173231,87809,13,436.79
20173231,94652,1,32.39
20173231,46835,2,112.29
20177507,21230,3,90.79
20177507,95646,19,323.09
20185800,26740,5,216.59
20195767,12576,2,134.49
20197336,75767,1,243.99
20223775,87809,10,436.79
20223775,89968,1,206.49
20223775,58650,1,11.09
20223775,75438,17,59.19
20223775,15626,6,429.09
20223775,20054,16,196.99
20223775,47632,9,168.29
20223775,77617,20,226.99
20229746,16749,1,231.39
20229746,58241,11,203.99
20229746,24242,12,116.99
20229746,48510,1,68.99
20250126,25979,17,215.99
20251160,14042,4,77.29
20261398,26270,7,749.99
20261398,77617,17,226.99
20261398,66185,2,659.99
20261398,58241,21,203.99
20261398,57545,2,12.49
20282578,48869,2,901.09
20282578,16805,6,279.49
20282578,20430,4,198.89
20282578,89968,1,206.49
20282578,35273,14,213.19
20286651,68723,6,96.89
20286651,48510,8,68.99
20291849,36224,3,56.09
20296058,41345,8,812.29
20296058,78853,9,26.29
20296058,95646,5,323.09
20308216,22393,3,1060.09
20308216,60647,10,264.09
20308216,47437,22,898.99
20308216,97210,20,241.29
20308216,26270,24,749.99
20308216,10621,18,165.19
20308216,80978,19,280.69
20326563,57051,1,58.39
20326563,86286,11,261.59
20326563,72692,7,46.69
20331889,64279,2,126.39
20331889,48510,13,68.99
20331889,48606,18,391.49
20331889,15578,22,78.69
20331889,32511,10,62.59
20331889,78853,5,26.29
20331889,87809,2,436.79
20351484,36224,3,56.09
20351484,81834,25,186.89
20351484,78649,1,1059.49
20361571,22057,5,294.89
20361571,64388,5,290.09
20384400,35273,4,213.19
20384400,59301,2,43.99
20384400,20430,6,198.89
20384400,69729,12,209.19
20395404,32457,6,550.79
20406679,14979,1,582.09
20406679,95646,2,323.09
20406679,21230,8,90.79
20410913,57051,13,58.39
20414369,52648,20,195.89
20429054,87809,2,436.79
20434366,37489,2,17.69
20445968,87148,1,4.99
20460290,87809,9,436.79
20460290,92046,3,166.49
20460290,51181,1,184.29
20460290,16086,21,36.99
20460290,20430,3,198.89
20460290,36262,24,233.99
20469076,58241,7,203.99
20469076,39417,5,192.59
20469076,45172,10,205.99
20493060,75767,17,243.99
20493060,92839,25,84.09
20498279,10621,20,165.19
20498279,21508,1,97.89
20498279,58241,17,203.99
20498279,96141,11,909.49
20515836,61311,5,160.19
20516960,17582,7,83.39
20531149,15918,11,32.99
20531149,81834,20,186.89
20549723,32511,12,62.59
20549723,80349,17,203.59
20561680,68723,15,96.89
20575948,84547,10,205.49
20575948,32511,23,62.59
20575948,82664,1,269.69
20575948,87148,5,4.99
20575948,26270,14,749.99
20575948,87809,10,436.79
20589678,26750,1,78.79
20589862,32457,4,550.79
20589862,57545,3,12.49
20589862,22393,1,1060.09
20593571,23045,3,713.69
20615510,36224,16,56.09
20615510,86809,8,71.29
20615510,75767,24,243.99
20615510,33209,11,384.69
20615510,34871,15,6.59
20619978,17582,2,83.39
20641372,11575,18,233.29
20641372,79564,20,34.99
20641372,76830,1,210.09
20644711,27849,18,123.59
20644711,52126,25,326.99
20655216,22393,1,1060.09
20655216,63748,8,91.19
20655293,75721,7,174.59
20655293,35273,2,213.19
20655293,14979,25,582.09
20655293,32511,4,62.59
20656567,50462,5,174.99
20656567,20430,4,198.89
20656567,46421,2,185.89
20656567,97298,1,29.99
20679244,20054,11,196.99
20679244,82067,9,40.79
20679244,15626,17,429.09
20679244,58763,1,134.49
20685845,16749,19,231.39
20702532,78853,4,26.29
20702532,26740,8,216.59
20702532,22057,21,294.89
20702532,20054,14,196.99
20707828,56178,1,1474.59
20717433,73489,10,251.09
20717433,15578,16,78.69
20742185,44513,17,53.19
20742185,24242,5,116.99
20742185,80351,11,194.99
20746115,22393,1,1060.09
20746115,36224,7,56.09
20752601,47437,1,898.99
20752601,86809,13,71.29
20752601,77617,19,226.99
20752601,20430,1,198.89
20753698,97298,7,29.99
20753698,80625,1,690.09
20768867,36591,11,162.99
20778254,75721,1,174.59
20778254,68080,1,141.29
20778254,80978,1,280.69
20779851,86809,25,71.29
20781113,54586,11,98.49
20781113,33935,22,201.99
20812323,57051,24,58.39
20812323,26740,3,216.59
20812323,80978,8,280.69
20812323,37742,2,193.59
20812323,47632,8,168.29
20818367,16086,24,36.99
20818367,80625,19,690.09
20818367,22057,1,294.89
20818367,37490,21,159.99
20818367,48869,8,901.09
20818367,54586,22,98.49
20842339,81641,1,228.09
20842339,78853,1,26.29
20866694,85076,13,893.99
20866694,32511,2,62.59
20871488,86286,1,261.59
20871488,51181,1,184.29
20871488,22393,2,1060.09
20881633,10621,8,165.19
20881633,35798,6,82.99
20922433,36496,3,5.69
20922433,48510,10,68.99
20922433,87148,15,4.99
20927883,32511,2,62.59
20927883,16749,3,231.39
20930946,36496,11,5.69
20930946,80625,15,690.09
20930946,58650,5,11.09
20941129,47174,11,390.69
20945718,26740,2,216.59
20948430,95339,17,58.89
20965661,41226,9,288.09
20965661,37490,1,159.99
20966356,35273,1,213.19
20966356,73115,1,172.99
20966356,46421,6,185.89
20966356,48510,10,68.99
20966356,61311,1,160.19
20966356,25979,1,215.99
20966356,19021,5,253.09
20966356,16353,4,105.99
20969601,35798,13,82.99
20969601,95646,1,323.09
20969601,27600,1,1470.79
20969601,61311,9,160.19
20972557,97210,21,241.29
20972557,14979,15,582.09
20972557,61311,11,160.19
20972591,47632,2,168.29
20973258,87809,2,436.79
20973258,64873,13,77.99
20973258,96141,10,909.49
20977527,85459,24,239.79
20985130,41345,8,812.29
20985130,16805,12,279.49
20985130,11313,3,78.49
20985130,10621,1,165.19
20992073,87148,13,4.99
20993795,85459,18,239.79
20993795,95339,15,58.89
20993795,20054,23,196.99
20993795,15626,2,429.09
20997355,26740,4,216.59
20997355,62011,24,72.79
20997355,12576,1,134.49
20997355,75767,3,243.99
21008600,81834,1,186.89
21010987,48510,4,68.99
21010987,77617,21,226.99
21017905,37489,1,17.69
21017905,87148,12,4.99
21024953,32511,22,62.59
21039644,82067,18,40.79
21061799,14979,1,582.09
21061799,66578,3,268.19
21061799,46935,15,118.99
21068051,81834,21,186.89
21068051,37489,8,17.69
21068051,85572,21,30.99
21068051,79564,1,34.99
21068862,57051,9,58.39
21071234,33209,1,384.69
21080668,24242,24,116.99
21103088,89968,1,206.49
21103088,69991,22,1268.79
21103088,92839,8,84.09
21103088,22393,15,1060.09
21103088,96141,2,909.49
21103088,86854,5,207.99
21103088,81834,5,186.89
21115191,18398,7,283.19
21115191,13185,11,205.29
21119359,78853,1,26.29
21119359,26270,5,749.99
21125327,87809,12,436.79
21129702,33209,1,384.69
21129702,37490,5,159.99
21129702,22393,6,1060.09
21136109,19177,15,100.79
21136109,16236,1,4.99
21139591,16353,13,105.99
21139591,94612,24,266.79
21139591,63985,19,78.79
21139591,52648,15,195.89
21139591,79564,1,34.99
21174797,19011,1,198.89
21183004,32091,2,81.39
21183004,78853,7,26.29
21184545,61311,24,160.19
21184545,81834,2,186.89
21185626,57051,5,58.39
21185626,32938,9,1148.89
21185626,80349,2,203.59
21203116,32457,1,550.79
21208655,35798,11,82.99
21208655,16749,1,231.39
21227402,63985,8,78.79
21227402,32511,14,62.59
21234532,36209,1,189.99
21234532,25979,4,215.99
21234532,26740,2,216.59
21234532,30041,10,112.09
21234532,77617,5,226.99
21234532,37742,24,193.59
21235721,57224,6,54.99
21235721,14979,5,582.09
21235721,78853,13,26.29
21235721,81834,1,186.89
21239708,27600,9,1470.79
21272582,32091,5,81.39
21272582,41515,4,1273.69
21275154,78853,2,26.29
21275154,58241,1,203.99
21277819,20430,13,198.89
21279100,66452,6,169.99
21279100,57860,2,198.49
21279100,80978,1,280.69
21279100,68723,1,96.89
21279184,46499,1,299.49
21279184,24242,16,116.99
21279184,10571,2,84.99
21288797,58241,1,203.99
21288797,52648,12,195.89
21292911,52648,7,195.89
21301167,69991,7,1268.79
21305797,90808,1,77.19
21305797,95646,1,323.09
21310032,47632,10,168.29
21310032,54586,25,98.49
21310032,92839,10,84.09
21310032,69729,16,209.19
21310032,57051,15,58.39
21310032,15626,21,429.09
21310032,81641,1,228.09
21311559,32511,16,62.59
21311559,14979,1,582.09
21311559,57051,6,58.39
21317916,26740,12,216.59
21333691,35798,9,82.99
21333691,20054,1,196.99
21333691,26270,4,749.99
21338835,92839,12,84.09
21359245,15578,10,78.69
21359245,26270,4,749.99
21359707,22393,24,1060.09
21364146,76830,5,210.09
21370495,32457,1,550.79
21370495,73115,2,172.99
21370495,66452,18,169.99
21370495,35798,15,82.99
21378637,24242,7,116.99
21378637,92046,1,166.49
21378637,85459,1,239.79
21378637,16353,7,105.99
21378637,86854,12,207.99
21412518,58241,9,203.99
21413014,32511,22,62.59
21453453,26740,2,216.59
21453453,35798,1,82.99
21453453,10621,24,165.19
21453789,32640,9,234.89
21462549,46935,9,118.99
21462549,32457,1,550.79
21462549,57860,1,198.49
21476077,14920,12,249.99
21476077,32457,17,550.79
21476077,21508,20,97.89
21476077,87809,8,436.79
21476077,52648,5,195.89
21476077,53078,12,293.39
21476077,35273,16,213.19
21476077,39417,2,192.59
21484201,92898,1,1162.99
21489989,26270,14,749.99
21489989,11575,1,233.29
21489989,78853,1,26.29
21490131,78853,10,26.29
21497010,95523,8,82.19
21497010,16086,3,36.99
21510151,32457,6,550.79
21510151,77670,13,244.59
21510151,17838,22,85.99
21510648,26270,5,749.99
21512243,90808,11,77.19
21512243,69218,2,184.09
21514074,52648,1,195.89
21541257,47632,7,168.29
21541257,95339,7,58.89
21557456,35273,8,213.19
21557456,46421,1,185.89
21574465,71645,9,403.99
21574465,35273,5,213.19
21574465,89968,1,206.49
21574465,81834,10,186.89
21574465,20054,6,196.99
21574465,84547,4,205.49
21574465,36262,13,233.99
21577896,39417,3,192.59
21581819,29892,23,44.09
21581819,15578,1,78.69
21581819,36209,7,189.99
21581819,32457,3,550.79
21581819,83295,6,123.99
21587483,37490,21,159.99
21587483,64388,11,290.09
21587483,92839,16,84.09
21587483,69218,15,184.09
21589712,46835,1,112.29
21589712,14979,18,582.09
21599015,46935,1,118.99
21599015,33606,11,285.99
21599015,86809,24,71.29
21599015,64388,1,290.09
21599015,15918,1,32.99
21611049,17582,12,83.39
21626219,92839,3,84.09
21632504,37489,21,17.69
21632504,46935,3,118.99
21632504,36224,24,56.09
21632504,64388,1,290.09
21632504,36209,4,189.99
21632504,25979,7,215.99
21638696,15578,9,78.69
21643275,57860,8,198.49
21643275,77617,7,226.99
21643275,20054,17,196.99
21643275,75767,6,243.99
21643275,69218,21,184.09
21646834,44513,1,53.19
21646834,23045,2,713.69
21650983,50462,20,174.99
21661464,58781,7,290.99
21661464,36224,7,56.09
21661464,10023,1,181.29
21661464,48996,2,64.79
21661464,37489,9,17.69
21663080,25536,1,208.09
21663080,16353,16,105.99
21663080,64388,1,290.09
21686984,64388,14,290.09
21689454,11453,4,1304.19
21697895,64279,6,126.39
21697895,57874,3,234.09
21701075,36224,8,56.09
21708351,75721,15,174.59
21715854,64388,9,290.09
21736821,22393,6,1060.09
21737638,71645,14,403.99
21740890,39417,13,192.59
21740890,41515,4,1273.69
21751829,87426,9,180.29
21751829,90808,21,77.19
21751829,48510,2,68.99
21751829,95523,1,82.19
21765720,92046,12,166.49
21771356,26270,24,749.99
21771356,80625,16,690.09
21778593,37489,1,17.69
21778593,20054,6,196.99
21780921,36224,1,56.09
21780921,85076,19,893.99
21790240,80349,6,203.59
21790240,44115,13,1320.79
21790240,10023,12,181.29
21790671,17582,5,83.39
21790671,32511,10,62.59
21790671,53392,6,112.99
21790671,22057,3,294.89
21798823,10023,8,181.29
21801128,87574,2,130.19
21805391,26740,10,216.59
21805391,54586,1,98.49
21805391,36496,7,5.69
21805391,58241,1,203.99
21807796,95339,11,58.89
21808186,48510,19,68.99
21811701,14979,5,582.09
21811701,75721,2,174.59
21811701,66452,25,169.99
21811701,92839,11,84.09
21811701,20074,8,1064.09
21812095,17582,14,83.39
21841280,32457,25,550.79
21841280,80349,12,203.59
21841280,92046,2,166.49
21841280,22057,1,294.89
21841280,26270,22,749.99
21856718,32511,19,62.59
21856718,51181,4,184.29
21856718,92839,21,84.09
21856718,87789,3,294.99
21856718,73489,16,251.09
21866985,50150,1,390.59
21866985,99654,1,265.39
21875351,76061,2,229.99
21875351,71227,6,166.29
21883359,95646,1,323.09
21883359,21508,4,97.89
21883359,16353,1,105.99
21897438,32457,4,550.79
21897438,80625,6,690.09
21902565,57545,1,12.49
21904532,85076,2,893.99
21904532,33209,2,384.69
21904532,47437,21,898.99
21904532,25536,23,208.09
21913690,24242,7,116.99
21913690,47437,2,898.99
21913690,57545,20,12.49
21914368,54586,15,98.49
21914368,58241,5,203.99
21917187,11453,3,1304.19
21917187,89968,6,206.49
21917187,75721,7,174.59
21917187,36224,2,56.09
21921002,61311,1,160.19
21921002,32511,1,62.59
21939678,25536,5,208.09
21939678,66452,12,169.99
21939678,75721,4,174.59
21939678,47437,2,898.99
21939678,48510,25,68.99
21939678,73115,8,172.99
21948721,69729,2,209.19
21948721,66452,20,169.99
21950206,37489,4,17.69
21950206,54586,13,98.49
21950206,95646,8,323.09
21950206,92839,1,84.09
21958819,61311,14,160.19
21962441,14979,5,582.09
21962441,61311,1,160.19
21962441,52111,25,173.99
21962441,32511,6,62.59
21963021,25979,12,215.99
21970582,48996,4,64.79
21972673,36496,8,5.69
21972673,63985,14,78.79
21996313,97298,5,29.99
22006389,46421,11,185.89
22006389,68080,3,141.29
22008069,32091,8,81.39
22008069,90808,2,77.19
22008069,45172,23,205.99
22008069,52648,12,195.89
22008069,11575,2,233.29
22008069,58241,3,203.99
22019932,80349,1,203.59
22019932,66452,2,169.99
22024172,75438,5,59.19
22024172,85076,13,893.99
22024172,44331,8,121.79
22024172,26740,3,216.59
22024172,11313,5,78.49
22029653,66578,4,268.19
22029653,72692,24,46.69
22029653,47632,8,168.29
22029653,15918,17,32.99
22029653,17582,18,83.39
22030031,78853,19,26.29
22030031,26750,10,78.79
22030031,87809,1,436.79
22030031,39417,5,192.59
22030031,46499,2,299.49
22043522,58650,6,11.09
22043522,23045,4,713.69
22060030,11575,2,233.29
22074720,11313,22,78.49
22074720,75721,2,174.59
22074720,26750,23,78.79
22074918,23045,2,713.69
22100744,36224,1,56.09
22100744,95646,2,323.09
22100744,45172,20,205.99
22100744,15626,6,429.09
22100744,57874,1,234.09
22115287,68080,3,141.29
22115287,41515,18,1273.69
22118989,16805,6,279.49
22118989,86809,10,71.29
22118989,16086,12,36.99
22131602,46935,6,118.99
22135059,53392,24,112.99
22135059,87148,2,4.99
22135059,52111,1,173.99
22137699,22057,1,294.89
22137699,32511,1,62.59
22146116,32091,2,81.39
22146116,78853,12,26.29
22146116,15578,7,78.69
22146116,66452,1,169.99
22146116,37489,5,17.69
22146116,52648,9,195.89
22146116,69037,6,35.99
22146116,96141,2,909.49
22147614,23045,13,713.69
22147614,76830,15,210.09
22147614,85076,16,893.99
22147614,80349,1,203.59
22152001,16805,6,279.49
22152001,11811,5,250.49
22152001,57224,6,54.99
22161566,25979,2,215.99
22161566,48510,10,68.99
22161736,41515,24,1273.69
22161736,46421,3,185.89
22175513,64388,22,290.09
22175513,39417,2,192.59
22182664,27849,10,123.59
22182664,37742,2,193.59
22190530,94612,1,266.79
22193346,99654,10,265.39
22193346,47174,1,390.69
22194904,32457,3,550.79
22206962,26740,8,216.59
22206962,33209,25,384.69
22206962,84547,10,205.49
22206962,20430,16,198.89
22206962,57801,2,63.79
22206962,57874,2,234.09
22223102,33606,4,285.99
22225061,68080,18,141.29
22225061,63985,2,78.79
22226467,57545,1,12.49
22226467,29892,15,44.09
22226467,36496,13,5.69
22226467,85973,3,177.59
22226467,20043,13,165.99
22226467,66452,1,169.99
22226467,16749,1,231.39
22234422,85973,6,177.59
22234422,71645,7,403.99
22234422,14979,1,582.09
22234422,29892,4,44.09
22234422,10621,4,165.19
22234422,96141,23,909.49
22234422,39417,5,192.59
22234422,75721,14,174.59
22239698,76830,1,210.09
22239698,80625,1,690.09
22239698,23045,21,713.69
22267916,84547,17,205.49
22280901,26270,3,749.99
22280901,20054,2,196.99
22280901,14109,9,225.49
22286158,52648,18,195.89
22286158,25536,24,208.09
22301779,95523,1,82.19
22301779,95339,1,58.89
22301779,95646,1,323.09
22315135,23045,3,713.69
22315135,57545,19,12.49
22315135,56178,1,1474.59
22318567,36224,7,56.09
22318567,15626,12,429.09
22318567,46420,2,41.59
22318567,37742,4,193.59
22318567,44115,25,1320.79
22318567,68080,8,141.29
22318567,85973,17,177.59
22326890,21230,1,90.79
22329849,58241,1,203.99
22330329,35273,22,213.19
22342862,97210,6,241.29
22342862,68080,1,141.29
22342862,80349,13,203.59
22342862,57874,8,234.09
22352905,85973,10,177.59
22360934,26750,5,78.79
22360934,57874,8,234.09
22393469,10023,5,181.29
22393469,32457,14,550.79
22393469,68723,7,96.89
22401026,26270,7,749.99
22401026,80978,5,280.69
22401026,71227,1,166.29
22401026,87426,1,180.29
22407042,15918,22,32.99
22407537,20054,3,196.99
22407537,75721,7,174.59
22407537,11313,1,78.49
22407537,48289,3,85.59
22407537,26270,2,749.99
22411502,47632,11,168.29
22411844,48510,20,68.99
22411844,83295,1,123.99
22413989,71645,2,403.99
22426480,75721,1,174.59
22426480,16086,25,36.99
22431218,15918,22,32.99
22431218,85973,1,177.59
22436524,57874,2,234.09
22436524,35273,10,213.19
22436524,77617,19,226.99
22443154,48289,5,85.59
22459224,41039,6,218.69
22459224,37489,1,17.69
22459224,26270,11,749.99
22464011,26270,7,749.99
22464011,26399,12,179.19
22478191,85973,3,177.59
22478191,84547,18,205.49
22478191,16353,14,105.99
22478191,26270,14,749.99
22478191,32511,15,62.59
22478191,89968,3,206.49
22478191,78649,6,1059.49
22499273,85973,9,177.59
22504550,23364,1,143.99
22504550,57874,12,234.09
22504550,32511,5,62.59
22504550,87148,1,4.99
22504550,26270,3,749.99
22511080,99654,14,265.39
22511432,98451,14,1292.09
22511432,22393,2,1060.09
22511432,97298,16,29.99
22511917,95523,25,82.19
22518054,66452,23,169.99
22518054,52648,3,195.89
22518054,75721,1,174.59
22523312,26245,21,107.79
22523312,68080,3,141.29
22523312,83295,1,123.99
22532432,20054,11,196.99
22559792,87426,12,180.29
22559792,32511,11,62.59
22559792,35273,4,213.19
22559792,24242,20,116.99
22559792,87789,6,294.99
22559792,61311,1,160.19
22559792,99654,12,265.39
22560283,57545,18,12.49
22560283,56178,6,1474.59
22560283,32457,8,550.79
22573703,85459,6,239.79
22578638,37490,1,159.99
22578638,36496,4,5.69
22578638,83295,2,123.99
22586546,16805,2,279.49
22588318,57224,15,54.99
22588318,15918,11,32.99
22592413,64833,3,418.99
22599962,15578,5,78.69
22599962,57545,6,12.49
22599962,26245,17,107.79
22599962,47174,1,390.69
22599962,24242,13,116.99
22611869,26740,21,216.59
22618074,10023,7,181.29
22618074,95523,1,82.19
22618591,14979,2,582.09
22618591,23045,21,713.69
22618591,85076,9,893.99
22623175,25536,2,208.09
22623175,36224,14,56.09
22623236,16805,3,279.49
22623236,57224,10,54.99
22647101,78649,12,1059.49
22647101,58241,6,203.99
22651668,51181,1,184.29
22651668,39417,2,192.59
22654588,39417,20,192.59
22679754,98451,3,1292.09
22685531,36496,9,5.69
22685531,20430,6,198.89
22686549,50462,4,174.99
22686549,85459,2,239.79
22686549,20074,6,1064.09
22686549,76061,25,229.99
22688508,32640,13,234.89
22688644,26740,4,216.59
22688644,87574,12,130.19
22688644,78649,10,1059.49
22688644,61311,1,160.19
22702412,32511,1,62.59
22702412,35273,19,213.19
22713418,20430,1,198.89
22713418,87148,1,4.99
22715474,22057,21,294.89
22720188,81834,5,186.89
22735144,47174,6,390.69
22747949,89968,5,206.49
22747949,47437,17,898.99
22747949,45172,4,205.99
22747949,61311,17,160.19
22747949,46420,17,41.59
22751769,12576,7,134.49
22751769,26740,21,216.59
22751769,27600,25,1470.79
22751769,84547,16,205.49
22758938,58241,1,203.99
22760607,97298,2,29.99
22761887,63748,1,91.19
22761887,57874,4,234.09
22761887,36224,4,56.09
22761887,92046,3,166.49
22762562,84547,5,205.49
22762562,56178,14,1474.59
22762562,99654,3,265.39
22763961,26245,10,107.79
22763961,39417,1,192.59
22763961,98451,5,1292.09
22763961,95339,1,58.89
22763961,46499,1,299.49
22767691,69991,4,1268.79
22767691,80349,22,203.59
22779734,57051,18,58.39
22779734,81641,4,228.09
22779734,46421,6,185.89
22779734,57545,8,12.49
22779915,20430,11,198.89
22779915,36224,6,56.09
22779915,14979,14,582.09
22779915,48510,14,68.99
22779915,85076,20,893.99
22781045,10023,1,181.29
22781045,15578,22,78.69
22786714,59301,1,43.99
22790788,64279,1,126.39
22796592,34871,15,6.59
22796592,22393,3,1060.09
22796592,78853,2,26.29
22796592,87809,19,436.79
22796592,37489,4,17.69
22796592,47632,25,168.29
22796592,16086,20,36.99
22800446,10023,9,181.29
22800446,95646,25,323.09
22800446,57545,4,12.49
22800446,66578,6,268.19
22800446,85076,18,893.99
22800705,27849,5,123.59
22800705,15918,24,32.99
22800705,44513,20,53.19
22800705,79564,4,34.99
22800705,64279,6,126.39
22807194,46421,22,185.89
22807194,26740,4,216.59
22807194,12852,3,262.49
22807194,50462,16,174.99
22807194,17582,1,83.39
22817876,11575,2,233.29
22817876,61911,22,279.89
22818695,85076,20,893.99
22818695,78649,6,1059.49
22818695,16353,9,105.99
22824060,86809,13,71.29
22828028,53392,7,112.99
22828028,96141,2,909.49
22828028,19409,19,67.99
22828028,89968,19,206.49
22828028,77617,6,226.99
22831270,22057,3,294.89
22831270,85973,9,177.59
22831270,25979,1,215.99
22848658,37489,22,17.69
22852385,11575,6,233.29
22860955,58241,13,203.99
22860955,23323,10,293.99
22860955,32640,1,234.89
22860955,79564,22,34.99
22860955,52648,10,195.89
22874546,54586,25,98.49
22874546,44513,16,53.19
22874546,11453,11,1304.19
22874546,68080,17,141.29
22874546,64388,8,290.09
22874546,33209,13,384.69
22874546,22393,1,1060.09
22883069,33606,1,285.99
22885479,33209,1,384.69
22885479,16353,13,105.99
22920148,35798,12,82.99
22921899,85973,1,177.59
22925738,35273,12,213.19
22925738,26750,18,78.79
22925738,95339,3,58.89
22926860,35798,17,82.99
22932446,80978,3,280.69
22932446,32511,2,62.59
22940271,59301,22,43.99
22940398,87148,11,4.99
22940398,68479,8,46.29
22940398,25979,2,215.99
22946509,61311,4,160.19
22946509,47632,8,168.29
22961964,57545,19,12.49
22961964,66578,9,268.19
22965571,48996,19,64.79
22965571,32640,6,234.89
22976990,26245,7,107.79
22976990,36496,1,5.69
22976990,61311,6,160.19
22976990,44513,21,53.19
22976990,20054,1,196.99
22977127,75438,17,59.19
22977127,66452,3,169.99
22977127,68723,20,96.89
22984831,78853,7,26.29
23001046,77617,2,226.99
23005140,69218,18,184.09
23005140,35798,15,82.99
23005140,60647,15,264.09
23005140,11313,1,78.49
23006443,19409,5,67.99
23006443,86286,2,261.59
23009551,48510,12,68.99
23009551,37489,1,17.69
23016223,16749,2,231.39
23016223,68080,2,141.29
23027512,86286,2,261.59
23027512,10023,2,181.29
23027512,36591,7,162.99
23027512,26270,11,749.99
23027512,20043,19,165.99
23034260,35798,3,82.99
23034260,99654,1,265.39
23034260,46935,16,118.99
23055632,34871,1,6.59
23055632,90808,6,77.19
23065261,57224,2,54.99
23065261,57545,5,12.49
23065261,83295,21,123.99
23065261,87809,4,436.79
23082541,94612,13,266.79
23082541,14920,6,249.99
23082541,45172,1,205.99
23082541,92839,4,84.09
23082541,14979,4,582.09
23082541,54586,1,98.49
23087761,75721,1,174.59
23087761,95646,4,323.09
23105716,47632,15,168.29
23118173,86809,2,71.29
23118173,26270,1,749.99
23118173,14109,10,225.49
23118173,36224,1,56.09
23137059,20054,13,196.99
23160209,57224,2,54.99
23160209,26740,25,216.59
23160209,41820,9,21.99
23165984,90808,1,77.19
23173905,35273,1,213.19
23173905,68723,6,96.89
23173905,71645,16,403.99
23173905,26740,1,216.59
23173905,97210,1,241.29
23174713,15918,5,32.99
23214631,47437,8,898.99
23218168,76061,3,229.99
23218168,37490,3,159.99
23228630,57224,21,54.99
23246951,86809,1,71.29
23250165,66452,13,169.99
23250165,81834,16,186.89
23250165,20430,4,198.89
23250165,57874,16,234.09
23250165,87148,5,4.99
23253145,86809,8,71.29
23253145,47437,7,898.99
23253145,64388,17,290.09
23253145,35798,17,82.99
23253145,41515,3,1273.69
23253145,36224,16,56.09
23253145,58241,13,203.99
23261539,83295,4,123.99
23261539,57051,14,58.39
23261539,87809,7,436.79
23261539,95646,11,323.09
23261539,87148,24,4.99
23266128,16086,21,36.99
23283382,62011,4,72.79
23283382,95339,1,58.89
23283382,48996,9,64.79
23283382,64388,7,290.09
23284211,36224,16,56.09
23284211,22393,18,1060.09
23284211,46421,16,185.89
23289795,57860,10,198.49
23329128,16805,13,279.49
23335450,14979,7,582.09
23335450,41515,2,1273.69
23368229,25979,16,215.99
23368229,58241,14,203.99
23368229,81834,16,186.89
23368229,81641,3,228.09
23368229,68080,15,141.29
23368229,84547,1,205.49
23368229,36591,2,162.99
23384719,97210,2,241.29
23384719,64388,5,290.09
23384719,47174,9,390.69
23388969,95646,22,323.09
23391020,22393,1,1060.09
23391020,36262,18,233.99
23391020,61677,20,192.69
23391020,75721,17,174.59
23394866,16086,4,36.99
23394866,36591,1,162.99
23405559,85459,2,239.79
23405559,32457,5,550.79
23405559,23045,4,713.69
23406853,52648,7,195.89
23406853,28650,15,96.69
23406853,77617,2,226.99
23406853,37489,4,17.69
23431406,84547,2,205.49
23436110,10621,2,165.19
23436110,47632,12,168.29
23436110,44331,10,121.79
23436110,36496,3,5.69
23436110,20430,16,198.89
23436110,86809,6,71.29
23436110,57801,20,63.79
23436110,80625,7,690.09
23444434,82067,17,40.79
23444434,26245,19,107.79
23450545,78853,25,26.29
23450545,97298,2,29.99
23450545,46835,1,112.29
23450545,14979,11,582.09
23450545,23045,4,713.69
23473905,45172,22,205.99
23473905,68080,5,141.29
23473905,26270,1,749.99
23473905,22393,16,1060.09
23473905,84547,10,205.49
23477498,22057,3,294.89
23477498,25979,4,215.99
23482380,24242,6,116.99
23488201,37490,17,159.99
23488201,68080,2,141.29
23488480,23045,4,713.69
23488480,48869,13,901.09
23488480,52111,8,173.99
23490315,32511,1,62.59
23490315,77670,9,244.59
23490315,26750,24,78.79
23502144,11453,11,1304.19
23502144,35798,12,82.99
23516100,85459,8,239.79
23516100,78853,2,26.29
23516100,24242,17,116.99
23516100,25536,1,208.09
23516100,26245,20,107.79
23523788,27460,1,968.99
23539287,63748,13,91.19
23539287,58241,3,203.99
23539287,64388,6,290.09
23539287,79564,1,34.99
23539287,87148,9,4.99
23539287,27849,20,123.59
23545843,10023,16,181.29
23552254,17582,3,83.39
23552254,76061,1,229.99
23558089,32640,3,234.89
23564727,82410,1,171.99
23564727,11575,2,233.29
23568992,86809,8,71.29
23568992,10023,12,181.29
23568992,37742,7,193.59
23568992,27849,1,123.59
23568992,11313,1,78.49
23568992,47174,17,390.69
23569996,44331,2,121.79
23585809,58241,9,203.99
23585809,32457,22,550.79
23595061,98451,9,1292.09
23595061,45172,10,205.99
23595061,57224,15,54.99
23595061,68479,2,46.29
23613984,32457,23,550.79
23613984,66578,1,268.19
23613984,13185,1,205.29
23638056,36496,6,5.69
23642812,98451,4,1292.09
23659727,26270,1,749.99
23659727,80625,4,690.09
23668765,25536,2,208.09
23668765,16257,18,154.99
23669010,48996,1,64.79
23673885,80349,8,203.59
23673885,58241,6,203.99
23673885,48606,2,391.49
23673885,20430,1,198.89
23677022,95339,10,58.89
23677022,52648,14,195.89
23703326,77617,1,226.99
23730691,97298,5,29.99
23730691,35273,7,213.19
23730691,85459,6,239.79
23735761,77617,1,226.99
23735761,13185,4,205.29
23747567,57874,1,234.09
23747567,35273,10,213.19
23747567,64873,1,77.99
23747567,37490,18,159.99
23747567,33935,1,201.99
23747567,34871,8,6.59
23747567,20430,10,198.89
23749002,61311,2,160.19
23749002,36209,15,189.99
23756101,16353,6,105.99
23756101,81834,3,186.89
23756101,23364,4,143.99
23756101,22057,5,294.89
23756101,85973,3,177.59
23764119,86809,12,71.29
23777849,46421,7,185.89
23777849,16086,1,36.99
23831202,92839,1,84.09
23831202,81834,13,186.89
23837131,19011,1,198.89
23837131,76830,3,210.09
23838457,57545,8,12.49
23838457,32457,1,550.79
23838457,57224,24,54.99
23840476,14979,1,582.09
23847003,37742,14,193.59
23847003,26740,23,216.59
23847003,58241,16,203.99
23847003,48996,1,64.79
23859538,64279,8,126.39
23867249,75767,2,243.99
23867249,25979,1,215.99
23867249,78853,2,26.29
23868242,58781,1,290.99
23868242,64388,6,290.09
23868242,78853,2,26.29
23868242,87809,2,436.79
23868242,69991,6,1268.79
23868242,35798,7,82.99
23871155,26270,10,749.99
23876169,15578,20,78.69
23876169,45172,10,205.99
23876169,21230,25,90.79
23876169,46420,4,41.59
23887017,57874,6,234.09
23887017,48510,2,68.99
23887017,50462,16,174.99
23887017,95339,3,58.89
23887017,44331,6,121.79
23888813,52661,17,797.29
23888813,69991,23,1268.79
23903919,61311,7,160.19
23913470,84547,10,205.49
23918936,77617,1,226.99
23919881,15918,6,32.99
23919881,36496,17,5.69
23924161,57545,8,12.49
23924413,48510,3,68.99
23924413,26740,7,216.59
23925321,20430,9,198.89
23925321,76830,1,210.09
23927604,86809,5,71.29
23927604,41515,1,1273.69
23930961,32091,6,81.39
23930961,75767,3,243.99
23930961,80978,1,280.69
23930961,97298,3,29.99
23944639,61311,2,160.19
23944639,32640,1,234.89
23944639,36591,1,162.99
23944639,46935,1,118.99
23944639,58241,1,203.99
23944639,26270,5,749.99
23961769,25979,7,215.99
23961769,10621,1,165.19
23961769,19403,1,228.99
23969947,87809,17,436.79
23974142,25979,10,215.99
23974142,50150,1,390.59
23974142,84547,3,205.49
23974142,63985,4,78.79
23974142,20074,7,1064.09
23974142,21230,8,90.79
23976979,32511,1,62.59
23979094,36262,7,233.99
23979094,87809,19,436.79
23979397,58650,16,11.09
23983419,30919,1,135.79
24004915,26750,1,78.79
24004915,57545,18,12.49
24004915,35798,9,82.99
24005733,36224,1,56.09
24023597,26740,4,216.59
24023597,57224,4,54.99
24023597,64279,13,126.39
24031522,23045,11,713.69
24042006,48869,2,901.09
24042006,20430,13,198.89
24042006,32457,18,550.79
24042006,46421,1,185.89
24044927,68723,13,96.89
24046330,39417,14,192.59
24050908,85076,6,893.99
24050908,57224,20,54.99
24050908,19409,15,67.99
24054531,58781,20,290.99
24058056,19177,8,100.79
24062147,19021,2,253.09
24062147,23045,16,713.69
24062147,85076,6,893.99
24065292,11313,3,78.49
24075872,59301,10,43.99
24075872,46499,1,299.49
24075903,54586,1,98.49
24075903,32457,9,550.79
24100359,26750,25,78.79
24102093,76830,2,210.09
24109373,37489,25,17.69
24122749,48996,4,64.79
24122749,32511,16,62.59
24122749,62011,1,72.79
24132809,42020,12,49.99
24132809,16749,16,231.39
24154350,37489,6,17.69
24154350,26750,10,78.79
24157188,48996,13,64.79
24169961,10621,7,165.19
24169961,57860,1,198.49
24169961,61311,4,160.19
24179696,35798,13,82.99
24179696,85973,1,177.59
24179696,36496,1,5.69
24179696,41820,1,21.99
24181624,19021,2,253.09
24181624,87148,14,4.99
24187329,71227,10,166.29
24187329,97298,10,29.99
24189165,75721,12,174.59
24189165,47174,1,390.69
24196952,20430,1,198.89
24210304,47174,1,390.69
24210304,47437,2,898.99
24210304,32457,9,550.79
24223252,85973,8,177.59
24223252,41345,3,812.29
24223252,64279,1,126.39
24223252,57051,5,58.39
24223252,87148,1,4.99
24223252,92046,1,166.49
24238812,80978,13,280.69
24238812,15578,10,78.69
24238812,84547,11,205.49
24238812,44115,4,1320.79
24238812,78853,1,26.29
24238812,46421,12,185.89
24239576,57051,2,58.39
24239576,63493,20,215.09
24239576,36224,1,56.09
24239576,17582,25,83.39
24239576,45172,2,205.99
24251250,36496,18,5.69
24251250,26245,9,107.79
24251250,86854,1,207.99
24252070,98451,17,1292.09
24252638,34871,2,6.59
24252638,85076,7,893.99
24253645,54586,1,98.49
24253645,35273,3,213.19
24253645,22057,1,294.89
24253645,68080,1,141.29
24253645,21230,3,90.79
24259156,59301,1,43.99
24265216,22057,6,294.89
24271322,48510,2,68.99
24278938,86854,13,207.99
24302840,35798,14,82.99
24311862,33209,19,384.69
24319163,62011,10,72.79
24319588,39417,4,192.59
24324612,87148,16,4.99
24331066,15578,1,78.69
24331066,87574,3,130.19
24331066,12224,1,734.79
24331099,92046,13,166.49
24331099,15578,3,78.69
24331099,57545,11,12.49
24341169,33606,10,285.99
24362892,64388,2,290.09
24362892,22057,8,294.89
24367769,28650,19,96.69
24367769,36496,1,5.69
24367769,81641,4,228.09
24374054,60647,25,264.09
24386900,20054,20,196.99
24386900,11453,4,1304.19
24388295,33606,2,285.99
24388829,87148,2,4.99
24394724,37742,15,193.59
24394724,57545,4,12.49
24394724,52111,14,173.99
24394724,75767,22,243.99
24394724,54586,5,98.49
24394724,83295,22,123.99
24401761,25536,3,208.09
24405151,85076,7,893.99
24405151,22393,2,1060.09
24410084,78853,5,26.29
24410084,57224,1,54.99
24410834,36496,1,5.69
24410834,95646,4,323.09
24410834,16353,2,105.99
24410834,64388,2,290.09
24415629,39417,13,192.59
24415629,95646,2,323.09
24415629,35798,1,82.99
24415629,46935,4,118.99
24420208,85459,2,239.79
24429894,14979,12,582.09
24455572,96141,1,909.49
24455572,26740,17,216.59
24455572,76830,23,210.09
24456719,87148,24,4.99
24476675,17582,3,83.39
24476675,37489,15,17.69
24476675,46835,16,112.29
24476675,47437,7,898.99
24476675,16086,1,36.99
24476675,20430,1,198.89
24477233,16353,2,105.99
24477362,12576,1,134.49
24499672,22393,5,1060.09
24499672,59301,9,43.99
24499672,47437,12,898.99
24500278,77670,14,244.59
24500278,85076,1,893.99
24500278,11313,20,78.49
24500278,10023,11,181.29
24500278,35273,1,213.19
24504382,68723,7,96.89
24504382,72692,13,46.69
24504523,80625,13,690.09
24516792,33606,8,285.99
24516792,64388,1,290.09
24522975,85459,15,239.79
24522975,37490,16,159.99
24524042,36591,3,162.99
24524042,54586,18,98.49
24524042,95339,6,58.89
24524042,46835,4,112.29
24532499,18398,12,283.19
24532499,10621,11,165.19
24540160,59301,23,43.99
24549637,20430,1,198.89
24549637,84547,7,205.49
24555523,35798,23,82.99
24555523,26270,18,749.99
24555523,85973,1,177.59
24557263,41039,21,218.69
24567157,11313,8,78.49
24569410,15918,7,32.99
24569410,11313,16,78.49
24573840,85973,8,177.59
24573840,95339,1,58.89
24573840,32457,2,550.79
24573840,48869,6,901.09
24574724,26750,4,78.79
24574724,35273,23,213.19
24575291,18398,5,283.19
24575291,44115,4,1320.79
24575291,20430,1,198.89
24582777,16749,10,231.39
24582777,35273,12,213.19
24582777,14109,2,225.49
24583400,89133,1,292.19
24592853,18070,19,277.99
24592853,57545,3,12.49
24592853,71227,10,166.29
24592853,20074,5,1064.09
24594686,37489,10,17.69
24596754,11313,20,78.49
24608291,69218,2,184.09
24621233,52648,6,195.89
24632160,57545,8,12.49
24632160,25979,23,215.99
24632160,41515,4,1273.69
24632160,14042,24,77.29
24632160,71227,9,166.29
24658631,85076,16,893.99
24658631,87809,3,436.79
24665638,87148,1,4.99
24673662,62011,19,72.79
24677158,22393,2,1060.09
24681814,66452,3,169.99
24683462,36591,3,162.99
24683462,11575,13,233.29
24683462,26740,1,216.59
24685621,52661,13,797.29
24689851,57874,9,234.09
24689851,85076,1,893.99
24689851,95646,14,323.09
24689851,15918,15,32.99
24689851,53392,7,112.99
24689851,37742,3,193.59
24689851,48510,6,68.99
24691293,77670,17,244.59
24691293,75721,2,174.59
24696038,11575,1,233.29
24696038,49147,14,352.19
24700373,57224,1,54.99
24700373,41515,1,1273.69
24700373,32457,1,550.79
24700373,59301,14,43.99
24725952,35798,1,82.99
24732641,46421,2,185.89
24745559,87809,10,436.79
24745559,22393,20,1060.09
24745559,80625,11,690.09
24745559,53392,17,112.99
24745559,81834,7,186.89
24745559,57874,12,234.09
24745559,13185,8,205.29
24752054,26740,8,216.59
24752054,45172,10,205.99
24752054,22057,22,294.89
24752054,95646,13,323.09
24752054,61311,1,160.19
24754623,78853,8,26.29
24782967,14979,4,582.09
24782967,57874,2,234.09
24810163,69991,19,1268.79
24810163,54586,3,98.49
24810163,25536,3,208.09
24810163,22393,10,1060.09
24810163,10571,23,84.99
24810163,64279,2,126.39
24810163,63748,18,91.19
24810163,29892,2,44.09
24824178,37489,11,17.69
24824178,23045,18,713.69
24856250,76830,2,210.09
24856250,15626,25,429.09
24863579,66578,21,268.19
24863579,97210,7,241.29
24864394,94612,1,266.79
24867482,33209,16,384.69
24874741,26740,1,216.59
24874741,37742,2,193.59
24881867,41515,9,1273.69
24881867,57051,10,58.39
24909334,33209,1,384.69
24915257,47437,12,898.99
24915257,42020,5,49.99
24915476,64388,1,290.09
24921612,19409,24,67.99
24929525,22393,3,1060.09
24942129,59301,5,43.99
24967409,87809,2,436.79
24967409,44513,9,53.19
24967409,26740,11,216.59
24967409,77617,18,226.99
24968466,47437,13,898.99
24975192,18476,1,11.09
24975192,26740,24,216.59
24984855,19403,3,228.99
24984855,48996,1,64.79
24984855,85076,14,893.99
24984855,71645,13,403.99
24984855,57224,14,54.99
24984855,61311,7,160.19
24998755,54586,22,98.49
24998755,86809,1,71.29
25015459,34871,9,6.59
25015459,11575,1,233.29
25015459,29305,1,210.19
25021796,15578,23,78.69
25047381,32640,13,234.89
25047381,22393,11,1060.09
25047381,54586,1,98.49
25050292,95523,10,82.19
25085481,11313,10,78.49
25108816,36591,9,162.99
25108816,61311,12,160.19
25108816,14979,4,582.09
25121394,33344,10,1109.59
25127252,12852,22,262.49
25127252,94612,4,266.79
25133218,46421,2,185.89
25133218,33606,5,285.99
25133218,97210,2,241.29
25133218,82664,2,269.69
25135986,54586,21,98.49
25135986,32640,19,234.89
25135986,68479,6,46.29
25178077,46421,1,185.89
25178077,57051,1,58.39
25190034,78649,4,1059.49
25190034,29892,1,44.09
25190034,47174,21,390.69
25190034,10023,23,181.29
25190034,16353,25,105.99
25190034,10621,1,165.19
25190034,64388,1,290.09
25190754,77617,24,226.99
25206926,36496,2,5.69
25206926,35798,1,82.99
25220121,81834,24,186.89
25223180,75767,5,243.99
25223180,82664,6,269.69
25253282,20054,7,196.99
25260451,86809,4,71.29
25260451,91580,1,262.59
25260451,32457,2,550.79
25260451,80978,1,280.69
25260451,30041,5,112.09
25266940,35798,4,82.99
25266940,48869,1,901.09
25268624,69991,16,1268.79
25270918,75438,1,59.19
25270918,47632,3,168.29
25279894,52648,10,195.89
25279894,85076,11,893.99
25283629,66578,6,268.19
25283629,25979,2,215.99
25283629,91580,6,262.59
25298592,64388,2,290.09
25298592,85973,6,177.59
25303763,97210,15,241.29
25309585,44513,1,53.19
25310978,57224,13,54.99
25311421,26270,1,749.99
25311421,15918,3,32.99
25311421,66452,3,169.99
25315555,47437,6,898.99
25315555,86809,17,71.29
25315555,57224,7,54.99
25332059,57874,2,234.09
25332059,75721,25,174.59
25351277,87148,2,4.99
25351277,48869,3,901.09
25351277,97298,9,29.99
25354912,57224,2,54.99
25354912,56178,12,1474.59
25354912,57051,20,58.39
25362822,61311,7,160.19
25362822,26270,1,749.99
25362822,90808,16,77.19
25362822,54586,7,98.49
25362822,11313,3,78.49
25363844,87426,1,180.29
25363844,57874,2,234.09
25363844,98451,7,1292.09
25364855,79647,21,91.09
25364855,85973,23,177.59
25364855,19409,4,67.99
25364855,16353,1,105.99
25364855,77670,22,244.59
25378333,47174,24,390.69
25386516,58241,23,203.99
25386516,80349,1,203.59
25386516,85076,10,893.99
25386516,45172,1,205.99
25386516,47437,2,898.99
25386516,26270,20,749.99
25386516,33606,2,285.99
25392792,57051,1,58.39
25392792,48996,9,64.79
25411838,66452,12,169.99
25414417,18476,18,11.09
25419558,77617,3,226.99
25419558,12576,19,134.49
25419558,26740,22,216.59
25425847,14979,6,582.09
25425847,84547,1,205.49
25446231,82410,2,171.99
25450040,46421,1,185.89
25450040,69729,1,209.19
25456981,57224,13,54.99
25456981,52111,19,173.99
25464138,52111,20,173.99
25468288,60647,1,264.09
25471923,54586,2,98.49
25471923,36496,15,5.69
25471923,35798,5,82.99
25471923,86854,13,207.99
25471923,14979,1,582.09
25471923,19409,15,67.99
25474119,36224,1,56.09
25474119,46935,4,118.99
25482116,32457,20,550.79
25491920,20430,25,198.89
25491920,19409,20,67.99
25491920,22057,14,294.89
25491920,49147,4,352.19
25506691,75721,12,174.59
25524864,10023,15,181.29
25524864,39417,25,192.59
25540539,45172,8,205.99
25544895,11313,15,78.49
25544895,95646,1,323.09
25544895,17582,13,83.39
25546818,19409,2,67.99
25546818,64388,7,290.09
25569632,23045,2,713.69
25571505,20430,6,198.89
25571505,15626,8,429.09
25571505,23045,7,713.69
25574151,36224,3,56.09
25575084,94514,1,254.99
25577798,23364,1,143.99
25577798,57860,2,198.49
25592151,26740,19,216.59
25592151,16353,2,105.99
25592151,54586,11,98.49
25592151,47437,3,898.99
25596271,75767,2,243.99
25602741,75721,19,174.59
25602741,81834,1,186.89
25602741,45172,5,205.99
25602741,14042,19,77.29
25602741,97210,2,241.29
25602741,84547,1,205.49
25602741,27849,24,123.59
25604869,32457,19,550.79
25604869,36224,25,56.09
25606622,19403,25,228.99
25607374,58241,12,203.99
25621352,89968,1,206.49
25621352,46421,3,185.89
25624002,23045,4,713.69
25630444,48289,3,85.59
25630444,90808,3,77.19
25632338,85459,1,239.79
25633698,48289,15,85.59
25636434,16086,23,36.99
25636434,63748,7,91.19
25636434,95646,21,323.09
25638564,57860,5,198.49
25638564,46421,17,185.89
25638564,27600,1,1470.79
25641071,63985,23,78.79
25655036,16353,25,105.99
25655036,39417,11,192.59
25664752,64388,18,290.09
25664752,36496,2,5.69
25664752,57224,13,54.99
25696039,11426,2,1071.19
25696039,92898,13,1162.99
25696110,41515,3,1273.69
25696110,87148,4,4.99
25711457,32457,7,550.79
25711457,32938,5,1148.89
25741979,45172,6,205.99
25741979,47632,17,168.29
25750293,11575,17,233.29
25750293,57224,5,54.99
25750293,52648,11,195.89
25750696,97298,7,29.99
25750696,98451,25,1292.09
25752833,77617,1,226.99
25753741,77617,7,226.99
25758639,11313,1,78.49
25758639,66452,9,169.99
25758639,34871,14,6.59
25758639,75721,13,174.59
25759351,25979,8,215.99
25762154,15081,5,108.99
25762619,20054,4,196.99
25765595,16805,1,279.49
25765595,20430,2,198.89
25765595,41515,15,1273.69
25765595,15578,6,78.69
25765595,77670,2,244.59
25769312,32457,17,550.79
25769312,80625,20,690.09
25769312,71227,1,166.29
25769312,16749,2,231.39
25769312,57545,24,12.49
25769690,26245,5,107.79
25769690,35798,24,82.99
25769690,36224,12,56.09
25778368,96141,1,909.49
25778368,26270,16,749.99
25779036,87789,21,294.99
25782983,44513,6,53.19
25782983,87809,7,436.79
25801829,58241,2,203.99
25801829,35273,13,213.19
25803101,48510,15,68.99
25830234,15578,6,78.69
25830234,35798,9,82.99
25851874,75767,1,243.99
25856132,68723,4,96.89
25856132,46421,20,185.89
25882788,48996,1,64.79
25882788,20430,2,198.89
25882788,26740,5,216.59
25891578,92839,6,84.09
25891578,11811,20,250.49
25891578,66452,1,169.99
25891578,15578,7,78.69
25891578,78649,1,1059.49
25896383,68723,4,96.89
25900103,66452,2,169.99
25900103,98451,1,1292.09
25900103,21508,6,97.89
25900103,66578,1,268.19
25903338,85973,1,177.59
25903348,11313,1,78.49
25903348,46421,4,185.89
25903348,18398,8,283.19
25903348,21230,7,90.79
25903843,26740,14,216.59
25926087,23045,6,713.69
25926087,68080,8,141.29
25932738,78853,14,26.29
25932738,46935,7,118.99
25932738,26740,25,216.59
25933997,82067,9,40.79
25933997,35273,19,213.19
25944334,32457,5,550.79
25944334,25979,1,215.99
25944334,71227,1,166.29
25948000,17582,1,83.39
25951106,92046,4,166.49
25951106,57545,7,12.49
25951123,46421,16,185.89
25951123,90808,24,77.19
25951123,92898,2,1162.99
25951123,77670,12,244.59
25954543,85459,3,239.79
25964749,36496,16,5.69
25964778,71227,9,166.29
25964778,85076,13,893.99
25980827,16805,16,279.49
25980827,98451,12,1292.09
25980827,46835,7,112.29
25985896,57051,5,58.39
25985896,35273,3,213.19
26006440,46935,18,118.99
26006440,77670,4,244.59
26006440,52111,2,173.99
26013268,77617,7,226.99
26013268,39417,9,192.59
26013268,15918,2,32.99
26035897,26245,25,107.79
26035897,69037,16,35.99
26035897,61311,3,160.19
26035897,75767,5,243.99
26035897,11313,15,78.49
26035897,32091,17,81.39
26035897,14920,7,249.99
26035897,34871,12,6.59
26046804,64388,1,290.09
26053801,82638,13,22.99
26053839,80349,3,203.59
26055781,16749,16,231.39
26083324,32640,21,234.89
26083324,46935,13,118.99
26083324,72692,6,46.69
26086410,33606,10,285.99
26086410,57545,3,12.49
26094707,63748,3,91.19
26094707,22057,1,294.89
26094707,44513,2,53.19
26094707,58650,9,11.09
26094707,16236,4,4.99
26105523,48996,22,64.79
26105523,25979,7,215.99
26123188,71487,6,1086.99
26123188,27600,1,1470.79
26123188,32511,3,62.59
26128361,16353,13,105.99
26128361,27849,4,123.59
26128361,68080,1,141.29
26128361,75767,6,243.99
26131565,24242,4,116.99
26131565,11453,14,1304.19
26146578,10023,14,181.29
26146578,84547,3,205.49
26146578,35798,1,82.99
26149174,56751,7,27.29
26149174,63748,17,91.19
26149174,97298,7,29.99
26164868,36496,20,5.69
26165936,25979,1,215.99
26165936,25536,18,208.09
26165936,52648,12,195.89
26165936,76830,25,210.09
26165936,11453,9,1304.19
26179008,36224,1,56.09
26179008,26750,12,78.79
26179008,89968,1,206.49
26179008,90808,3,77.19
26179008,17838,11,85.99
26192460,11426,5,1071.19
26192460,37489,11,17.69
26192460,85973,18,177.59
26192460,77617,1,226.99
26192460,26750,9,78.79
26204664,26270,1,749.99
26218540,37489,10,17.69
26221015,20430,2,198.89
26221015,58241,20,203.99
26225420,58650,8,11.09
26225420,45172,1,205.99
26228075,27849,1,123.59
26245665,90808,20,77.19
26253418,37490,9,159.99
26262782,33209,7,384.69
26262782,16353,18,105.99
26262782,97298,9,29.99
26262782,48510,9,68.99
26264459,82638,1,22.99
26264459,57874,2,234.09
26265360,69729,1,209.19
26265360,32457,2,550.79
26265360,84547,1,205.49
26265360,85076,1,893.99
26268650,16353,23,105.99
26270132,21230,2,90.79
26270132,14979,5,582.09
26271316,77617,8,226.99
26308979,11313,1,78.49
26308979,32511,18,62.59
26308979,21230,5,90.79
26308979,64388,2,290.09
26332006,75721,3,174.59
26332006,20054,6,196.99
26338440,82664,9,269.69
26338440,46421,15,185.89
26338440,47437,10,898.99
26338440,35273,7,213.19
26339533,19409,2,67.99
26345154,97210,9,241.29
26345154,13185,3,205.29
26351635,34871,3,6.59
26351635,22393,1,1060.09
26351635,10621,1,165.19
26351635,47174,4,390.69
26351635,71227,1,166.29
26351635,98451,1,1292.09
26351635,64388,1,290.09
26351635,14979,1,582.09
26364593,32511,18,62.59
26376653,26270,15,749.99
26376653,61311,3,160.19
26376653,25536,18,208.09
26376653,23364,1,143.99
26376653,75767,12,243.99
26407766,10621,6,165.19
26407766,78853,5,26.29
26407766,87426,3,180.29
26412686,57224,2,54.99
26412686,37490,6,159.99
26412686,82664,11,269.69
26412686,37489,1,17.69
26412686,68080,1,141.29
26431748,99654,22,265.39
26431748,78853,15,26.29
26431748,57224,1,54.99
26443013,26740,5,216.59
26449908,58241,23,203.99
26456486,19011,25,198.89
26456486,16353,2,105.99
26456486,15626,12,429.09
26456486,10621,17,165.19
26456486,53392,3,112.99
26456486,47632,7,168.29
26456486,47437,2,898.99
26456486,46835,23,112.29
26489786,32511,17,62.59
26497469,47437,6,898.99
26497469,58241,19,203.99
26504997,66452,25,169.99
26504997,81834,2,186.89
26506800,87148,1,4.99
26506800,21508,9,97.89
26510938,77617,1,226.99
26512685,85459,2,239.79
26530806,78853,23,26.29
26530806,85459,9,239.79
26538009,26740,8,216.59
26538009,52648,1,195.89
26538009,19021,6,253.09
26538009,15626,1,429.09
26548047,16353,2,105.99
26548047,61311,2,160.19
26548047,37742,20,193.59
26548047,75767,23,243.99
26548047,26270,2,749.99
26548047,78853,18,26.29
26548047,47437,12,898.99
26548047,57874,7,234.09
26559979,41820,3,21.99
26559979,90808,9,77.19
26559979,32511,5,62.59
26559979,85076,25,893.99
26559979,57860,2,198.49
26559979,22393,21,1060.09
26570957,36224,5,56.09
26581749,24242,17,116.99
26581749,79564,7,34.99
26583503,32457,1,550.79
26583503,92839,1,84.09
26601245,11575,9,233.29
26605856,48510,25,68.99
26618869,36224,10,56.09
26618869,37489,14,17.69
26618869,27849,1,123.59
26623524,75438,7,59.19
26623524,57874,1,234.09
26623524,11575,1,233.29
26623524,14979,13,582.09
26641231,32457,6,550.79
26641231,41039,1,218.69
26641231,32511,11,62.59
26649652,66578,4,268.19
26665845,16353,25,105.99
26665845,58241,24,203.99
26668539,61311,8,160.19
26674063,11313,21,78.49
26682002,27849,1,123.59
26682002,57874,6,234.09
26684032,26750,1,78.79
26684032,56751,13,27.29
26684032,10621,12,165.19
26684032,87148,1,4.99
26684032,63748,22,91.19
26684032,22057,24,294.89
26684032,57874,5,234.09
26684032,78853,7,26.29
26686470,44331,9,121.79
26713590,83295,11,123.99
26730786,75721,10,174.59
26730786,69729,3,209.19
26730786,71227,9,166.29
26734837,75438,9,59.19
26734837,14979,16,582.09
26738320,90808,7,77.19
26738320,84547,7,205.49
26738320,68080,23,141.29
26739802,26270,21,749.99
26739802,48510,5,68.99
26744266,16353,12,105.99
26779195,84547,16,205.49
26779195,68080,1,141.29
26779195,92898,23,1162.99
26816167,51098,6,30.89
26819941,48510,9,68.99
26836644,71227,8,166.29
26853982,33606,17,285.99
26853982,27057,4,353.39
26870116,81641,1,228.09
26870116,58241,1,203.99
26878159,12576,5,134.49
26888947,80625,6,690.09
26896389,14109,4,225.49
26896389,85973,12,177.59
26906282,46835,14,112.29
26906282,36209,1,189.99
26914859,16257,6,154.99
26914859,69729,1,209.19
26914859,41226,2,288.09
26926145,54586,2,98.49
26938664,10023,16,181.29
26941797,61311,17,160.19
26946898,39417,2,192.59
26961456,14979,21,582.09
26961456,41515,21,1273.69
26982201,36209,3,189.99
26982201,52648,3,195.89
26982201,33935,22,201.99
27002603,46421,16,185.89
27002603,48606,25,391.49
27002603,35798,4,82.99
27002603,27600,4,1470.79
27002603,25536,20,208.09
27002603,84547,23,205.49
27005368,85076,5,893.99
27022122,46421,13,185.89
27022122,53392,1,112.99
27022122,16353,17,105.99
27023117,57545,6,12.49
27023117,19409,22,67.99
27036821,15081,11,108.99
27051441,32938,2,1148.89
27051441,64388,2,290.09
27063560,42028,5,198.69
27066644,20054,10,196.99
27066644,78649,2,1059.49
27066644,63985,16,78.79
27082665,24242,4,116.99
27096131,58241,7,203.99
27096131,71645,16,403.99
27096131,78853,4,26.29
27101778,64388,12,290.09
27101778,36496,9,5.69
27113882,52648,1,195.89
27116066,80349,6,203.59
27129764,32511,2,62.59
27129764,80349,15,203.59
27129764,50462,1,174.99
27175284,66452,15,169.99
27177523,10023,7,181.29
27177523,92839,4,84.09
27177523,26750,7,78.79
27177523,80625,8,690.09
27181133,66452,23,169.99
27197425,34871,6,6.59
27212199,80625,6,690.09
27212199,76830,3,210.09
27212199,16749,1,231.39
27263469,75721,2,174.59
27263469,77617,18,226.99
27263469,47632,22,168.29
27263469,32457,7,550.79
27263469,66578,1,268.19
27263469,58781,2,290.99
27263469,15918,1,32.99
27263719,86809,3,71.29
27263719,20430,24,198.89
27266450,90808,4,77.19
27266450,26270,5,749.99
27266450,73115,8,172.99
27275533,19409,12,67.99
27275533,21230,21,90.79
27302651,47437,9,898.99
27305306,42020,12,49.99
27305306,35273,9,213.19
27318032,21230,11,90.79
27318032,47632,1,168.29
27318032,35798,2,82.99
27318032,36224,3,56.09
27325632,21508,24,97.89
27325632,26270,7,749.99
27325632,41345,1,812.29
27331369,58241,5,203.99
27338852,48869,16,901.09
27338852,19409,2,67.99
27338852,76061,2,229.99
27338852,80625,8,690.09
27338852,15918,13,32.99
27338852,25536,7,208.09
27346201,86809,1,71.29
27346236,22393,1,1060.09
27347557,46935,1,118.99
27361096,66452,6,169.99
27361096,46420,1,41.59
27361096,35798,9,82.99
27361096,68723,5,96.89
27362712,27849,25,123.59
27362712,27600,11,1470.79
27362712,52648,17,195.89
27362712,48349,2,51.69
27366363,37489,1,17.69
27368296,94612,11,266.79
27417253,36224,3,56.09
27417253,97298,13,29.99
27432862,26270,23,749.99
27432862,82067,5,40.79
27432862,47632,6,168.29
27437371,24242,7,116.99
27437371,26270,13,749.99
27447034,19021,3,253.09
27452357,94612,1,266.79
27452357,32457,7,550.79
27455975,94077,10,185.09
27455975,16086,18,36.99
27456107,75767,3,243.99
27456107,37742,7,193.59
27456107,78853,3,26.29
27456107,48289,3,85.59
27456107,57874,11,234.09
27456107,64279,23,126.39
27465418,27849,1,123.59
27465418,33606,1,285.99
27465418,15578,18,78.69
27467636,46421,3,185.89
27479583,47174,1,390.69
27479583,46935,15,118.99
27485547,86809,2,71.29
27485547,15578,13,78.69
27489799,14042,19,77.29
27505408,85973,6,177.59
27505408,29892,9,44.09
27505408,32640,14,234.89
27505408,79564,3,34.99
27505820,24242,14,116.99
27527288,66452,14,169.99
27527288,98451,4,1292.09
27527288,33606,8,285.99
27542504,81834,8,186.89
27549071,63985,1,78.79
27564033,84547,9,205.49
27588608,95646,2,323.09
27588608,98451,10,1292.09
27597527,15578,1,78.69
27610643,34871,1,6.59
27619601,85973,5,177.59
27619601,80349,3,203.59
27619601,86809,23,71.29
27631375,64388,3,290.09
27636166,87148,14,4.99
27636775,26270,1,749.99
27636775,40676,1,899.09
27636775,80978,9,280.69
27640294,22057,7,294.89
27640294,12576,2,134.49
27657197,14109,1,225.49
27657197,36496,5,5.69
27693304,86286,3,261.59
27697766,33606,3,285.99
27697766,27600,14,1470.79
27697766,47632,17,168.29
27698763,66452,3,169.99
27698763,64388,2,290.09
27698763,81834,14,186.89
27716781,80625,1,690.09
27716781,90808,19,77.19
27744589,58241,2,203.99
27744589,57874,15,234.09
27752817,54586,1,98.49
27756684,10023,13,181.29
27762485,81834,5,186.89
27773794,36591,8,162.99
27773794,97210,19,241.29
27773794,36224,1,56.09
27778220,47437,4,898.99
27782997,14979,8,582.09
27784233,16353,2,105.99
27784233,37489,11,17.69
27784233,87148,9,4.99
27789066,15918,10,32.99
27799538,53078,21,293.39
27799538,11575,14,233.29
27799960,83295,1,123.99
27813744,87809,2,436.79
27813744,64388,1,290.09
27817872,81834,1,186.89
27817872,78649,2,1059.49
27819623,10621,1,165.19
27820238,95646,9,323.09
27820238,53392,8,112.99
27820238,87809,2,436.79
27820238,32457,1,550.79
27820238,10023,11,181.29
27820238,37742,2,193.59
27827725,58241,16,203.99
27834759,15918,17,32.99
27834759,64279,6,126.39
27837933,48996,1,64.79
27837933,37489,3,17.69
27837933,16749,17,231.39
27839648,47174,12,390.69
27858789,26740,2,216.59
27858789,57224,1,54.99
27885765,17582,2,83.39
27885765,10621,4,165.19
27896008,76830,4,210.09
27896008,33935,8,201.99
27896008,61311,3,160.19
27920245,58241,14,203.99
27930098,57545,14,12.49
27930514,61911,12,279.89
27942285,19409,14,67.99
27982090,20430,3,198.89
27982090,21230,23,90.79
27982090,85459,4,239.79
27984299,35798,18,82.99
27984299,64279,2,126.39
27989947,76830,7,210.09
28010863,23364,18,143.99
28015018,36496,18,5.69
28015018,16353,2,105.99
28015018,99654,22,265.39
28025934,15918,1,32.99
28032979,64388,1,290.09
28032979,20054,2,196.99
28032979,69218,4,184.09
28032979,19409,2,67.99
28032979,20430,15,198.89
28044353,23045,23,713.69
28055811,85076,24,893.99
28055811,47174,12,390.69
28055811,15918,12,32.99
28055811,89968,16,206.49
28055811,54586,2,98.49
28055811,25536,4,208.09
28088446,11313,1,78.49
28088446,76061,15,229.99
28088446,48996,1,64.79
28088731,47437,5,898.99
28092610,56178,4,1474.59
28092610,14042,9,77.29
28092610,48869,1,901.09
28092610,83295,5,123.99
28092610,54586,4,98.49
28105061,48510,3,68.99
28105061,78853,2,26.29
28105061,16086,13,36.99
28105061,42020,24,49.99
28105061,47174,1,390.69
28122329,10023,3,181.29
28122329,11575,18,233.29
28122329,54586,7,98.49
28122329,16086,3,36.99
28122329,35273,1,213.19
28136226,35798,9,82.99
28136226,16805,2,279.49
28136226,26740,8,216.59
28174407,15918,12,32.99
28197249,97298,15,29.99
28197249,85973,5,177.59
28200443,11426,6,1071.19
28200443,97210,22,241.29
28213629,54586,12,98.49
28213629,76830,2,210.09
28213629,47632,6,168.29
28226019,32091,24,81.39
28226019,20430,1,198.89
28234649,84547,4,205.49
28238119,81834,9,186.89
28238119,22393,9,1060.09
28239866,68080,4,141.29
28239866,35798,20,82.99
28239866,49147,6,352.19
28239866,69218,2,184.09
28241748,90808,2,77.19
28243555,32457,1,550.79
28243555,47437,1,898.99
28243555,86809,21,71.29
28254459,85459,1,239.79
28264819,24242,16,116.99
28279482,48510,6,68.99
28279482,24242,5,116.99
28279482,20430,20,198.89
28279482,75767,9,243.99
28279482,52648,15,195.89
28295718,59301,22,43.99
28295718,48510,8,68.99
28295718,57224,6,54.99
28295718,16353,1,105.99
28295932,10023,4,181.29
28295932,14109,1,225.49
28300792,81834,13,186.89
28300792,40999,1,120.99
28302998,84547,1,205.49
28322632,78649,21,1059.49
28325014,11575,2,233.29
28325014,89968,4,206.49
28325014,26750,7,78.79
28328984,78853,20,26.29
28328984,25536,1,208.09
28351308,77617,3,226.99
28351308,10621,4,165.19
28351308,57801,1,63.79
28351308,79564,13,34.99
28351308,90808,19,77.19
28353266,12576,10,134.49
28353266,59301,3,43.99
28359607,64279,13,126.39
28366227,69991,1,1268.79
28366227,14979,11,582.09
28366227,57224,3,54.99
28366478,46421,5,185.89
28366478,87809,6,436.79
28368956,57224,5,54.99
28368956,45172,17,205.99
28368956,25979,18,215.99
28377759,46835,21,112.29
28380470,89968,11,206.49
28380470,79564,20,34.99
28381221,46935,3,118.99
28381221,84547,1,205.49
28395572,95339,1,58.89
28395572,35273,12,213.19
28395572,32640,20,234.89
28395572,90808,12,77.19
28395572,82638,22,22.99
28395572,28650,14,96.69
28400789,50462,18,174.99
28400789,13185,1,205.29
28407638,97210,6,241.29
28407638,11575,15,233.29
28412723,71645,16,403.99
28412723,23045,22,713.69
28412723,48869,5,901.09
28412723,36496,5,5.69
28412723,36209,1,189.99
28412723,18398,4,283.19
28413579,57860,5,198.49
28416096,66820,10,221.99
28416096,66452,16,169.99
28416096,64388,4,290.09
28416096,20054,10,196.99
28418865,66452,11,169.99
28418865,58241,2,203.99
28426410,64388,11,290.09
28426410,61311,1,160.19
28437814,80625,3,690.09
28437814,95646,4,323.09
28437814,10621,10,165.19
28437814,26270,1,749.99
28454799,94612,3,266.79
28456462,75438,2,59.19
28456462,52648,15,195.89
28485786,36224,9,56.09
28485786,78853,21,26.29
28485786,14979,23,582.09
28493251,19409,7,67.99
28498732,54586,10,98.49
28498732,80625,1,690.09
28498732,61311,10,160.19
28498732,57860,3,198.49
28509669,32938,3,1148.89
28509669,54586,15,98.49
28525911,54586,2,98.49
28525911,66578,8,268.19
28525911,86809,4,71.29
28525911,35273,2,213.19
28525911,89968,6,206.49
28525911,14979,22,582.09
28538359,57545,2,12.49
28538359,32457,16,550.79
28538359,75767,12,243.99
28538359,12576,1,134.49
28538359,97298,7,29.99
28538359,11453,2,1304.19
28538359,73115,1,172.99
28539810,48349,13,51.69
28539810,25979,9,215.99
28540413,25979,1,215.99
28550458,64388,3,290.09
28550458,39417,5,192.59
28554407,85076,22,893.99
28562439,32457,20,550.79
28562439,39417,14,192.59
28562439,16353,8,105.99
28562439,15918,13,32.99
28562439,95646,17,323.09
28562439,32091,18,81.39
28578630,47174,21,390.69
28579702,37489,12,17.69
28579702,41039,1,218.69
28579702,15578,2,78.69
28579702,68080,8,141.29
28579702,19177,16,100.79
28579702,36224,14,56.09
28593769,69729,11,209.19
28593769,68080,14,141.29
28598517,17582,2,83.39
28598517,26270,2,749.99
28636307,16353,3,105.99
28636307,85973,18,177.59
28636307,47437,22,898.99
28636307,15578,3,78.69
28636307,54586,2,98.49
28654581,97298,17,29.99
28656377,20430,22,198.89
28656377,98451,12,1292.09
28656377,27849,10,123.59
28661706,85459,19,239.79
28661706,37490,13,159.99
28661706,58650,21,11.09
28661706,30041,1,112.09
28688469,92898,1,1162.99
28688469,85076,2,893.99
28688469,45172,12,205.99
28688469,39417,1,192.59
28688469,26740,10,216.59
28701141,92046,1,166.49
28701141,33209,17,384.69
28702137,23045,7,713.69
28702137,36496,7,5.69
28702137,98451,3,1292.09
28706740,85076,6,893.99
28744618,10023,2,181.29
28744618,34871,15,6.59
28744618,97298,2,29.99
28744618,58241,1,203.99
28749917,15081,2,108.99
28749917,90808,1,77.19
28749917,53392,7,112.99
28760434,86809,15,71.29
28760434,19021,1,253.09
28760434,48996,5,64.79
28760434,99654,11,265.39
28776242,92839,1,84.09
28776242,37490,3,159.99
28776242,94612,16,266.79
28776242,80625,3,690.09
28797125,75767,1,243.99
28797125,94612,5,266.79
28797125,47174,8,390.69
28797125,78853,11,26.29
28797125,77670,1,244.59
28797125,35273,1,213.19
28797125,23045,12,713.69
28807767,85572,15,30.99
28807767,10621,24,165.19
28809552,14979,14,582.09
28809552,46835,14,112.29
28809552,15578,1,78.69
28809552,57874,12,234.09
28809552,41515,2,1273.69
28809552,45172,6,205.99
28809912,95646,1,323.09
28809912,22393,2,1060.09
28809912,95339,17,58.89
28810869,82664,1,269.69
28812219,32640,13,234.89
28819254,64388,6,290.09
28835318,19177,3,100.79
28835318,68080,4,141.29
28840026,45172,1,205.99
28840026,64388,24,290.09
28840026,19403,16,228.99
28840026,26740,1,216.59
28840918,77617,5,226.99
28850272,37489,5,17.69
28865567,26270,1,749.99
28865567,95339,12,58.89
28865567,69037,1,35.99
28868716,85076,6,893.99
28874367,14979,14,582.09
28874367,34871,1,6.59
28877345,32457,6,550.79
28893436,69991,4,1268.79
28926738,37489,7,17.69
28926745,32640,3,234.89
28926745,16805,3,279.49
28926745,14979,2,582.09
28927122,64388,24,290.09
28929767,81641,13,228.09
28929767,61311,8,160.19
28929767,22393,10,1060.09
28931842,76830,4,210.09
28931842,89968,21,206.49
28931842,83295,10,123.99
28931842,54586,2,98.49
28946081,64279,25,126.39
28956257,57545,23,12.49
28956257,32511,1,62.59
28956257,85459,1,239.79
28964433,80625,5,690.09
28965237,37489,20,17.69
28966456,58650,1,11.09
28966456,39417,2,192.59
28966456,85973,3,177.59
28966456,47632,18,168.29
28973828,52648,11,195.89
28973828,78853,1,26.29
28986688,46420,23,41.59
28986688,14979,9,582.09
28986688,32511,1,62.59
28986688,32457,1,550.79
28986688,46421,16,185.89
28996117,64388,15,290.09
28996117,44513,2,53.19
28997049,61311,23,160.19
28997049,97298,14,29.99
28997049,14979,3,582.09
28997049,87574,1,130.19
28997049,54586,4,98.49
28997049,68723,23,96.89
28997049,35273,6,213.19
29023423,37489,20,17.69
29023423,66578,3,268.19
29023423,47437,14,898.99
29027948,58781,24,290.99
29027948,26750,1,78.79
29038956,98451,1,1292.09
29048060,15918,6,32.99
29048060,68479,3,46.29
29048060,16749,20,231.39
29055834,48289,23,85.59
29055834,32640,21,234.89
29055834,78649,1,1059.49
29055834,61911,8,279.89
29079828,52648,4,195.89
29079828,89968,23,206.49
29079828,20074,3,1064.09
29079828,22057,1,294.89
29079828,27057,8,353.39
29079828,94652,21,32.39
29094314,40999,22,120.99
29094314,17582,16,83.39
29094314,10621,7,165.19
29104099,80349,1,203.59
29104099,57224,16,54.99
29114261,87426,25,180.29
29114261,57874,2,234.09
29114261,75721,12,174.59
29114935,75438,14,59.19
29115806,51181,6,184.29
29116866,19409,13,67.99
29116866,62011,1,72.79
29116866,89968,7,206.49
29116866,23364,9,143.99
29128905,89968,13,206.49
29128905,10621,2,165.19
29130393,68080,6,141.29
29130393,14979,14,582.09
29130393,11313,16,78.49
29137870,32640,7,234.89
29146030,52661,16,797.29
29146030,85973,2,177.59
29154477,87574,6,130.19
29154477,62011,9,72.79
29182801,77617,16,226.99
29182801,80349,1,203.59
29184859,87574,3,130.19
29196565,98451,21,1292.09
29196565,26740,8,216.59
29196565,68080,17,141.29
29196565,75767,23,243.99
29196565,16749,5,231.39
29229931,13169,2,1030.09
29252612,85076,1,893.99
29260157,57051,1,58.39
29260157,21230,10,90.79
29263568,73489,4,251.09
29281639,76061,13,229.99
29289678,95646,12,323.09
29289678,37742,17,193.59
29292115,80349,8,203.59
29292115,20430,25,198.89
29294138,92839,1,84.09
29294138,81834,5,186.89
29314861,47632,6,168.29
29314861,58241,1,203.99
29314861,15918,3,32.99
29314861,36224,21,56.09
29314861,57874,6,234.09
29314861,45172,3,205.99
29314861,66452,5,169.99
29332898,61311,3,160.19
29332898,20054,8,196.99
29332898,55048,17,186.19
29332898,99654,6,265.39
29354519,68080,15,141.29
29354519,32457,20,550.79
29354519,84547,1,205.49
29354519,82067,3,40.79
29354519,79834,6,151.19
29354519,85973,10,177.59
29354519,63985,11,78.79
29362746,87426,3,180.29
29362746,64388,25,290.09
29362746,25979,1,215.99
29362746,15578,11,78.69
29362746,66452,18,169.99
29362746,21230,1,90.79
29362746,26740,6,216.59
29362746,10621,2,165.19
29388888,14920,9,249.99
29395508,69037,7,35.99
29395508,53392,14,112.99
29400890,79564,12,34.99
29407748,19409,7,67.99
29414844,86809,13,71.29
29428874,71227,1,166.29
29428874,92898,2,1162.99
29428874,87789,1,294.99
29428874,47174,1,390.69
29436783,25536,6,208.09
29436783,10621,1,165.19
29436783,27600,12,1470.79
29482785,87809,9,436.79
29485118,47632,6,168.29
29488250,25979,1,215.99
29488250,36224,16,56.09
29488250,26740,4,216.59
29503326,51181,1,184.29
29504411,37490,6,159.99
29519572,32511,2,62.59
29519572,46935,25,118.99
29519572,58241,5,203.99
29520562,57545,2,12.49
29536198,20430,21,198.89
29555671,80625,1,690.09
29555671,45172,8,205.99
29567616,52648,5,195.89
29567616,77670,4,244.59
29567616,37489,1,17.69
29567616,95646,19,323.09
29567616,39417,4,192.59
29567616,26740,24,216.59
29567616,90808,22,77.19
29571633,87574,16,130.19
29577615,45172,16,205.99
29577615,52648,5,195.89
29577615,89968,4,206.49
29577615,35798,6,82.99
29577615,35273,3,213.19
29579975,95339,2,58.89
29596194,75767,20,243.99
29598484,35273,5,213.19
29598484,78853,1,26.29
29598484,10023,11,181.29
29599758,85076,3,893.99
29599758,37489,20,17.69
29606706,75721,17,174.59
29606706,68723,16,96.89
29606706,57545,1,12.49
29613880,11313,3,78.49
29613880,69218,4,184.09
29613880,95646,10,323.09
29613880,50462,18,174.99
29613880,83295,8,123.99
29613880,60647,18,264.09
29622399,85973,1,177.59
29656489,95523,2,82.19
29684818,57545,13,12.49
29686215,22393,18,1060.09
29686215,14920,24,249.99
29686215,10621,15,165.19
29686215,53392,10,112.99
29686215,32457,18,550.79
29686215,32640,11,234.89
29686215,20430,1,198.89
29686215,33606,20,285.99
29699248,16353,6,105.99
29713195,16353,2,105.99
29715628,94514,12,254.99
29715628,39417,19,192.59
29715628,13185,16,205.29
29716634,87809,1,436.79
29717291,68479,7,46.29
29717291,87809,4,436.79
29723940,26740,1,216.59
29723940,37489,1,17.69
29734855,99654,9,265.39
29738950,64388,25,290.09
29742640,81834,2,186.89
29742640,36209,23,189.99
29750514,26270,25,749.99
29750514,78649,6,1059.49
29753776,48349,14,51.69
29753776,68479,6,46.29
29757702,58241,3,203.99
29765153,80349,2,203.59
29768360,82664,22,269.69
29768360,14920,22,249.99
29768360,58241,1,203.99
29768360,14109,19,225.49
29770609,32457,4,550.79
29770609,58241,2,203.99
29770609,66578,15,268.19
29770609,85973,1,177.59
29788266,16353,18,105.99
29788266,95339,17,58.89
29788266,47437,1,898.99
29788266,68479,13,46.29
29788266,85459,10,239.79
29788266,26750,3,78.79
29788266,15918,9,32.99
29789343,95646,1,323.09
29789343,19409,2,67.99
29796159,37489,8,17.69
29804715,95646,18,323.09
29804715,26245,9,107.79
29804715,37490,1,159.99
29804715,52648,14,195.89
29804715,57874,2,234.09
29804715,46835,11,112.29
29812266,87809,5,436.79
29812266,46935,1,118.99
29812266,87148,1,4.99
29812266,26740,7,216.59
29830470,75767,10,243.99
29832686,90808,1,77.19
29844836,39417,18,192.59
29847737,36224,5,56.09
29847737,20054,17,196.99
29847737,47174,7,390.69
29890790,32457,9,550.79
29890790,39417,1,192.59
29891961,16749,8,231.39
29891961,35798,6,82.99
29891961,68723,6,96.89
29891961,85459,1,239.79
29903576,87809,24,436.79
29912064,45172,16,205.99
29912064,26245,8,107.79
29916826,16805,2,279.49
29916826,68080,8,141.29
29916826,47632,24,168.29
29924444,10023,7,181.29
29929032,84547,23,205.49
29932608,47174,9,390.69
29932608,47437,17,898.99
29932608,19409,7,67.99
29938031,86725,1,260.79
29938031,81834,20,186.89
29938031,59301,3,43.99
29938031,35798,20,82.99
29938031,32511,9,62.59
29938031,69991,5,1268.79
29938856,20430,17,198.89
29938856,85459,1,239.79
29938856,47437,11,898.99
29947722,14109,6,225.49
29953487,68723,2,96.89
29953487,34871,18,6.59
29953487,20054,16,196.99
29956319,68080,11,141.29
29965685,57545,16,12.49
29965685,86725,2,260.79
29965685,86809,23,71.29
29965685,33209,25,384.69
29968419,15578,17,78.69
29978683,58241,1,203.99
29978683,76830,2,210.09
29978683,16353,7,105.99
29978683,23364,1,143.99
29981283,21230,13,90.79
29981283,33209,11,384.69
29981283,75721,11,174.59
29981283,57545,7,12.49
29981283,97298,6,29.99
29981283,59301,22,43.99
29999408,97210,12,241.29
29999408,64388,2,290.09
30009605,77617,20,226.99
30009605,20054,4,196.99
30009605,46420,3,41.59
30009605,58241,18,203.99
30012693,46935,1,118.99
30013156,36224,1,56.09
30013156,10023,5,181.29
30013156,80625,20,690.09
30013156,26740,19,216.59
30015633,47632,1,168.29
30015633,36591,4,162.99
30015633,16805,8,279.49
30022091,56178,4,1474.59
30022091,86809,9,71.29
30042164,98451,22,1292.09
30042164,44115,1,1320.79
30042164,80625,24,690.09
30055729,12576,8,134.49
30055729,77670,1,244.59
30055729,87809,20,436.79
30055729,58241,11,203.99
30060174,58241,13,203.99
30060174,15578,2,78.69
30070369,47632,6,168.29
30073547,66452,2,169.99
30073547,69991,19,1268.79
30081169,60647,1,264.09
30081169,57224,21,54.99
30081169,94612,4,266.79
30100991,14042,20,77.29
30105733,37490,7,159.99
30126916,95646,24,323.09
30130427,22057,1,294.89
30130969,27600,2,1470.79
30142698,71227,10,166.29
30142698,80978,14,280.69
30142698,26270,1,749.99
30153506,52648,12,195.89
30153506,66578,7,268.19
30153506,36496,15,5.69
30159620,37489,8,17.69
30159620,26270,23,749.99
30159620,52111,4,173.99
30159620,58241,6,203.99
30168744,17582,15,83.39
30168744,98451,2,1292.09
30187007,82664,1,269.69
30187007,47437,1,898.99
30196042,47174,3,390.69
30197016,47632,2,168.29
30235910,81834,23,186.89
30250065,25979,1,215.99
30250065,36496,1,5.69
30256960,32457,6,550.79
30256960,66452,1,169.99
30256960,46935,10,118.99
30274797,24242,2,116.99
30274797,61311,15,160.19
30274797,84547,18,205.49
30301032,95646,20,323.09
30302737,37490,1,159.99
30302737,36209,16,189.99
30312787,54586,19,98.49
30313414,90808,20,77.19
30315216,20430,12,198.89
30315216,26270,12,749.99
30322041,58241,16,203.99
30323035,19021,5,253.09
30323701,69037,14,35.99
30328274,45172,3,205.99
30328274,10621,19,165.19
30328274,69218,1,184.09
30328274,46421,2,185.89
30328274,20430,7,198.89
30328351,94612,1,266.79
30328351,85076,25,893.99
30331285,58241,4,203.99
30342038,14979,1,582.09
30342038,15918,15,32.99
30383694,66452,11,169.99
30383694,47437,19,898.99
30383694,15918,3,32.99
30383694,15626,2,429.09
30383694,59301,5,43.99
30403080,99654,1,265.39
30410666,10621,14,165.19
30410666,25979,17,215.99
30469984,78853,23,26.29
30469984,46421,13,185.89
30471214,46421,22,185.89
30471214,48869,1,901.09
30471214,26740,23,216.59
30512219,35273,14,213.19
30521828,87789,24,294.99
30521828,32511,25,62.59
30537696,26750,4,78.79
30540067,52648,6,195.89
30540067,64388,24,290.09
30555845,57874,20,234.09
30555845,26270,1,749.99
30555845,64873,1,77.99
30559728,85973,7,177.59
30559728,20054,25,196.99
30559728,50150,6,390.59
30559728,14979,1,582.09
30559728,57874,23,234.09
30559728,46421,6,185.89
30559728,47437,15,898.99
30563180,26740,4,216.59
30571571,75721,23,174.59
30571571,15918,19,32.99
30571571,85076,3,893.99
30571571,32091,21,81.39
30571571,27849,16,123.59
30575723,13185,1,205.29
30575723,87426,19,180.29
30585742,86809,4,71.29
30585742,26270,13,749.99
30589144,75721,2,174.59
30589144,64873,24,77.99
30589144,47174,5,390.69
30592653,97210,16,241.29
30592653,66452,24,169.99
30592653,32457,4,550.79
30600711,12576,7,134.49
30601468,10621,1,165.19
30601468,26270,8,749.99
30601468,61311,1,160.19
30601468,82664,17,269.69
30603139,56178,1,1474.59
30609005,87574,9,130.19
30609005,57874,2,234.09
30609005,15626,10,429.09
30609005,31675,8,41.49
30610700,22393,1,1060.09
30615422,64388,5,290.09
30624526,68080,4,141.29
30624526,20430,20,198.89
30629639,33209,5,384.69
30629639,75721,13,174.59
30631349,39417,5,192.59
30631349,14979,1,582.09
30631349,63493,24,215.09
30636070,71645,2,403.99
30636070,86809,20,71.29
30644964,95339,1,58.89
30644964,46421,14,185.89
30644964,29892,1,44.09
30651071,52111,23,173.99
30651071,98451,2,1292.09
30660231,57051,4,58.39
30673401,54586,12,98.49
30673401,48606,8,391.49
30697765,46421,11,185.89
30729723,27460,11,968.99
30729723,54586,9,98.49
30738312,20430,17,198.89
30738312,26270,3,749.99
30738312,35798,21,82.99
30738312,48510,1,68.99
30738312,26740,1,216.59
30738312,76830,21,210.09
30738312,18476,1,11.09
30752697,58781,1,290.99
30768634,46421,1,185.89
30768634,92046,14,166.49
30768950,99654,9,265.39
30774411,44115,1,1320.79
30778208,97298,1,29.99
30788556,46835,2,112.29
30788556,58241,19,203.99
30788556,83295,1,123.99
30801144,47174,17,390.69
30804613,19021,23,253.09
30804613,16353,12,105.99
30804613,92898,21,1162.99
30804613,22057,2,294.89
30804613,44513,1,53.19
30804613,71487,9,1086.99
30804613,26798,4,18.59
30804613,57545,19,12.49
30809751,85459,1,239.79
30832931,14979,4,582.09
30833695,90808,10,77.19
30833695,26740,2,216.59
30835466,50150,6,390.59
30841681,34871,5,6.59
30841681,17582,15,83.39
30841681,26740,1,216.59
30841681,57224,1,54.99
30863023,78853,3,26.29
30863023,25536,4,208.09
30863023,90808,12,77.19
30863023,24242,16,116.99
30864186,36224,7,56.09
30864186,66578,10,268.19
30864186,68080,1,141.29
30869579,75767,3,243.99
30869579,35273,18,213.19
30869579,47437,22,898.99
30869579,95339,14,58.89
30883114,71227,4,166.29
30883114,80625,14,690.09
30886519,22393,6,1060.09
30886519,57051,3,58.39
30886519,18476,4,11.09
30893347,80349,10,203.59
30903875,62011,6,72.79
30904494,35798,5,82.99
30915616,85973,11,177.59
30922005,66452,1,169.99
30922005,11453,8,1304.19
30922170,86286,23,261.59
30929826,89968,10,206.49
30929826,15578,3,78.69
30929826,66578,9,268.19
30943212,37742,5,193.59
30943212,90808,18,77.19
30943212,94612,6,266.79
30943212,15626,21,429.09
30956840,95339,6,58.89
30956840,21230,24,90.79
30956840,95646,20,323.09
30958512,71645,1,403.99
30958512,16353,11,105.99
30962142,32457,2,550.79
30973286,10023,1,181.29
30973286,95646,1,323.09
30973286,32511,2,62.59
30975557,69729,1,209.19
30990086,54586,2,98.49
30990086,33606,20,285.99
30990086,77617,6,226.99
30990086,94514,8,254.99
31004600,25536,7,208.09
31007968,90808,10,77.19
31017153,97298,2,29.99
31017153,16749,2,231.39
31017153,85076,19,893.99
31017153,36224,4,56.09
31018818,25979,13,215.99
31018818,26994,3,84.39
31018818,46421,2,185.89
31018818,68479,25,46.29
31018818,48510,1,68.99
31019052,63748,1,91.19
31019052,84547,10,205.49
31019052,81834,6,186.89
31021598,46421,20,185.89
31021598,87809,17,436.79
31021598,76830,24,210.09
31021598,59301,3,43.99
31034435,77670,1,244.59
31078798,76830,20,210.09
31078798,37489,1,17.69
31078798,32511,12,62.59
31078798,46421,16,185.89
31089533,41515,1,1273.69
31089533,57224,6,54.99
31089533,10621,9,165.19
31089533,48510,15,68.99
31099339,54586,12,98.49
31116583,78853,15,26.29
31116583,47174,2,390.69
31116583,86809,19,71.29
31116583,63985,1,78.79
31116583,46420,4,41.59
31116583,32457,16,550.79
31116583,14979,23,582.09
31116583,79564,1,34.99
31119692,52648,17,195.89
31125309,62011,2,72.79
31133144,58241,1,203.99
31133144,27600,4,1470.79
31145702,22393,3,1060.09
31145702,14979,14,582.09
31162011,87148,3,4.99
31162011,24242,1,116.99
31162011,35798,24,82.99
31162011,20054,1,196.99
31162754,71645,4,403.99
31162754,46499,7,299.49
31165432,37489,9,17.69
31184106,11313,1,78.49
31185228,58241,4,203.99
31185228,78649,21,1059.49
31194374,20054,1,196.99
31194374,57051,7,58.39
31194374,57224,15,54.99
31199470,85459,11,239.79
31199470,27849,2,123.59
31199990,26245,1,107.79
31199990,75438,7,59.19
31199990,75721,5,174.59
31199990,20074,5,1064.09
31209079,71227,6,166.29
31209079,32511,16,62.59
31209079,20054,2,196.99
31209079,87148,3,4.99
31209079,19021,6,253.09
31217682,12852,23,262.49
31217682,46421,1,185.89
31231703,94612,2,266.79
31231703,57874,1,234.09
31258252,69729,9,209.19
31258252,16236,7,4.99
31258252,97210,17,241.29
31258252,11313,16,78.49
31258252,36496,2,5.69
31258252,95646,20,323.09
31265252,85973,1,177.59
31265252,68080,15,141.29
31265252,77617,22,226.99
31287665,97298,3,29.99
31287665,21230,1,90.79
31287665,26740,22,216.59
31292855,44115,1,1320.79
31292855,68723,19,96.89
31292855,37489,24,17.69
31292855,25979,1,215.99
31292855,17582,20,83.39
31292855,80625,1,690.09
31292855,54586,1,98.49
31329591,79647,1,91.09
31329591,97298,24,29.99
31329591,36224,5,56.09
31330686,96141,13,909.49
31330686,37742,1,193.59
31330686,64388,18,290.09
31330686,98451,4,1292.09
31330686,66452,13,169.99
31330686,22057,1,294.89
31330686,37490,22,159.99
31330686,12377,19,175.59
31332637,33935,16,201.99
31334211,87148,14,4.99
31334211,77617,1,226.99
31362158,20074,1,1064.09
31362158,15918,13,32.99
31368249,33606,16,285.99
31369164,68080,1,141.29
31369164,48510,16,68.99
31374261,68080,25,141.29
31392308,81834,2,186.89
31397598,14920,3,249.99
31397598,68080,1,141.29
31397598,85973,6,177.59
31397598,66452,15,169.99
31397598,10621,12,165.19
31397598,97210,6,241.29
31397598,15578,1,78.69
31404155,80349,1,203.59
31404155,16257,1,154.99
31408972,80349,1,203.59
31408972,95523,1,82.19
31417583,63748,20,91.19
31417583,32457,23,550.79
31417583,85973,6,177.59
31419371,99613,1,287.89
31419371,54586,7,98.49
31427927,32457,17,550.79
31427927,64388,9,290.09
31427927,82067,7,40.79
31427927,80625,6,690.09
31435650,17576,24,214.09
31471275,84547,2,205.49
31472344,10621,14,165.19
31478534,36591,23,162.99
31483329,39417,3,192.59
31483329,47632,8,168.29
31483329,87148,2,4.99
31485082,90808,1,77.19
31485082,37490,7,159.99
31485082,61911,2,279.89
31485082,32511,12,62.59
31487292,54586,3,98.49
31487292,26270,9,749.99
31495689,79564,17,34.99
31501765,58650,6,11.09
31501765,84547,1,205.49
31501765,57051,15,58.39
31501765,36224,3,56.09
31501765,11575,5,233.29
31502296,26740,3,216.59
31502296,58241,1,203.99
31502296,41345,10,812.29
31502296,86809,1,71.29
31502296,36591,13,162.99
31502296,74326,13,212.99
31522499,64873,8,77.99
31553417,75721,14,174.59
31553417,56178,1,1474.59
31559431,66452,5,169.99
31564919,25979,8,215.99
31564919,32511,2,62.59
31564919,52648,3,195.89
31564919,48996,25,64.79
31564919,58241,16,203.99
31573214,28650,9,96.69
31573214,79163,11,738.99
31573409,47632,10,168.29
31573409,36224,1,56.09
31573409,10023,5,181.29
31590323,11575,4,233.29
31594536,37742,20,193.59
31594536,57224,22,54.99
31594536,75721,10,174.59
31594536,58241,4,203.99
31594536,94514,1,254.99
31601377,21508,24,97.89
31601377,48996,2,64.79
31607233,12377,3,175.59
31607233,75767,13,243.99
31608524,77617,1,226.99
31608635,50462,14,174.99
31613793,94514,2,254.99
31613793,39417,1,192.59
31633029,92839,14,84.09
31633029,89968,1,206.49
31643152,14920,19,249.99
31654085,37489,7,17.69
31654085,52648,16,195.89
31667559,19409,24,67.99
31693211,86809,12,71.29
31700397,12576,4,134.49
31701540,77617,14,226.99
31701540,11453,4,1304.19
31703773,22393,16,1060.09
31703773,25536,6,208.09
31703773,35798,19,82.99
31703773,33606,22,285.99
31703773,54586,24,98.49
31703773,15578,14,78.69
31728926,98451,13,1292.09
31728926,90808,21,77.19
31728926,66452,21,169.99
31728926,87426,12,180.29
31728926,68723,20,96.89
31728926,22057,3,294.89
31730857,61311,6,160.19
31730857,26740,12,216.59
31732570,87148,11,4.99
31732570,18476,16,11.09
31732570,16353,1,105.99
31732570,20430,14,198.89
31732570,49147,7,352.19
31736422,86725,11,260.79
31736422,52648,14,195.89
31736422,46421,5,185.89
31736422,20043,7,165.99
31736422,26270,11,749.99
31738907,78853,1,26.29
31742221,46420,3,41.59
31742221,32938,23,1148.89
31742221,95523,1,82.19
31742221,35273,2,213.19
31748112,28650,1,96.69
31748112,87148,1,4.99
31748882,50462,1,174.99
31748882,52648,4,195.89
31756331,22057,3,294.89
31756331,25536,3,208.09
31756331,80625,2,690.09
31756331,95339,4,58.89
31756331,81834,2,186.89
31756331,48510,2,68.99
31756331,32457,22,550.79
31756331,60647,14,264.09
31766117,16749,2,231.39
31773825,66452,3,169.99
31773825,66578,23,268.19
31780082,39417,1,192.59
31780082,68080,1,141.29
31780082,20074,17,1064.09
31780082,26270,23,749.99
31782508,22057,1,294.89
31782508,46835,1,112.29
31782633,86809,13,71.29
31782633,71645,18,403.99
31789123,33606,1,285.99
31789123,47437,13,898.99
31789123,54586,1,98.49
31789123,83295,5,123.99
31789123,78853,1,26.29
31789383,33606,12,285.99
31789383,78853,23,26.29
31789383,97210,3,241.29
31790927,58650,4,11.09
31792173,11313,1,78.49
31792173,10621,1,165.19
31792173,77670,3,244.59
31798141,36496,5,5.69
31803826,48289,7,85.59
31803826,26270,1,749.99
31806850,56178,9,1474.59
31817679,32511,12,62.59
31821708,35273,3,213.19
31835628,77617,14,226.99
31835628,14920,1,249.99
31835628,22393,21,1060.09
31835628,32091,4,81.39
31842640,16236,12,4.99
31842640,35798,18,82.99
31845705,87148,4,4.99
31871784,24242,1,116.99
31874440,81834,3,186.89
31874440,94514,5,254.99
31874440,85076,1,893.99
31874440,19177,3,100.79
31877307,47632,1,168.29
31884053,85459,25,239.79
31884805,79564,12,34.99
31884805,47174,3,390.69
31909630,48869,10,901.09
31909630,26245,2,107.79
31909630,76830,3,210.09
31909630,47174,6,390.69
31909630,37489,2,17.69
31909630,11313,1,78.49
31913884,35798,17,82.99
31921213,78649,3,1059.49
31921213,10023,1,181.29
31921213,61311,23,160.19
31921213,36224,22,56.09
31921213,26270,1,749.99
31921213,14979,2,582.09
31924084,16236,2,4.99
31927734,47174,1,390.69
31927734,16353,1,105.99
31927734,48996,6,64.79
31927734,75767,1,243.99
31927734,11575,8,233.29
31927734,35273,1,213.19
31927734,58781,2,290.99
31934840,94390,4,43.79
31937689,46935,7,118.99
31937689,27600,3,1470.79
31940706,71645,8,403.99
31972558,53392,9,112.99
31972558,71227,1,166.29
32003831,15626,18,429.09
32003831,26740,4,216.59
32011449,57545,1,12.49
32011449,54586,7,98.49
32011449,48510,16,68.99
32011449,27849,19,123.59
32011449,61311,13,160.19
32011449,41226,8,288.09
32011449,61093,8,240.99
32014106,46499,12,299.49
32014106,52648,8,195.89
32014106,15918,9,32.99
32025294,16805,12,279.49
32025294,85076,10,893.99
32025294,20054,3,196.99
32025294,47174,7,390.69
32025294,26245,2,107.79
32025294,45172,1,205.99
32042397,32457,3,550.79
32042397,81834,1,186.89
32055628,96141,12,909.49
32059179,51061,17,192.39
32059179,16236,1,4.99
32059179,47174,2,390.69
32060285,18398,2,283.19
32068457,54586,18,98.49
32072388,32511,23,62.59
32072388,20430,1,198.89
32083344,21508,5,97.89
32083344,23045,3,713.69
32083344,15578,1,78.69
32083344,86809,8,71.29
32083344,68723,19,96.89
32083344,20482,16,592.49
32083344,63748,3,91.19
32084530,48996,1,64.79
32088108,48869,14,901.09
32088108,22393,12,1060.09
32088108,15918,2,32.99
32088108,48510,8,68.99
32094783,92839,11,84.09
32102058,62011,3,72.79
32102058,51181,1,184.29
32102792,21230,8,90.79
32118441,22393,15,1060.09
32118441,95646,18,323.09
32118441,84547,1,205.49
32118441,26270,1,749.99
32118441,87148,11,4.99
32118441,85076,8,893.99
32118441,75767,6,243.99
32118441,80625,19,690.09
32118990,12576,3,134.49
32118990,22393,3,1060.09
32130767,16236,11,4.99
32130767,48606,2,391.49
32130767,98451,25,1292.09
32130767,12576,2,134.49
32137042,40999,23,120.99
32137042,16353,16,105.99
32137042,87809,1,436.79
32137042,19409,13,67.99
32161195,96141,1,909.49
32161195,75721,9,174.59
32161195,97298,4,29.99
32161651,26270,1,749.99
32164450,99654,10,265.39
32164450,83295,24,123.99
32164450,25979,18,215.99
32170308,48996,20,64.79
32172961,10621,11,165.19
32172961,41515,14,1273.69
32172961,57224,8,54.99
32172961,46421,20,185.89
32184129,63985,13,78.79
32184129,26245,1,107.79
32184129,57051,9,58.39
32184129,53392,24,112.99
32184129,54586,1,98.49
32186427,85459,1,239.79
32186427,25536,19,208.09
32198230,58241,17,203.99
32198230,11575,3,233.29
32198230,19021,24,253.09
32199440,15918,10,32.99
32199440,87789,24,294.99
32199440,10621,1,165.19
32199440,25536,1,208.09
32199440,20430,24,198.89
32203746,47437,16,898.99
32203746,51181,5,184.29
32203746,57860,6,198.49
32203746,64279,1,126.39
32203746,25979,9,215.99
32203746,54586,1,98.49
32206547,16749,11,231.39
32206547,11453,25,1304.19
32218992,57224,1,54.99
32218992,16086,20,36.99
32220592,37742,25,193.59
32220592,11575,1,233.29
32220592,20054,2,196.99
32220592,22057,10,294.89
32222193,37490,1,159.99
32223526,52648,10,195.89
32223526,20054,1,196.99
32223526,36224,14,56.09
32223526,10621,6,165.19
32232773,41515,5,1273.69
32232773,32091,8,81.39
32232773,15918,13,32.99
32242314,15578,23,78.69
32242314,20074,6,1064.09
32242314,95646,7,323.09
32248890,25979,14,215.99
32250113,81834,6,186.89
32250113,79564,16,34.99
32250692,68080,9,141.29
32250692,10023,5,181.29
32250692,80625,2,690.09
32250692,16805,12,279.49
32255067,64833,14,418.99
32264551,13169,12,1030.09
32264551,97210,6,241.29
32264551,95339,20,58.89
32272183,57224,2,54.99
32272183,47174,9,390.69
32272183,37490,20,159.99
32272183,37489,17,17.69
32292101,61911,1,279.89
32293142,25979,2,215.99
32293142,23045,23,713.69
32298579,24242,9,116.99
32298579,46421,21,185.89
32326732,81834,3,186.89
32326732,47437,1,898.99
32326732,69991,15,1268.79
32326732,69037,23,35.99
32338560,69729,1,209.19
32338560,50462,1,174.99
32338560,66578,20,268.19
32338560,79564,17,34.99
32338560,58241,18,203.99
32342935,57874,7,234.09
32344939,85973,4,177.59
32344939,25979,1,215.99
32359433,64388,4,290.09
32359433,10621,12,165.19
32359433,87809,25,436.79
32359433,85076,19,893.99
32364822,80349,3,203.59
32364822,86286,4,261.59
32367656,47632,1,168.29
32371122,27849,9,123.59
32372323,47632,8,168.29
32372323,20054,2,196.99
32372323,57051,22,58.39
32372455,68479,5,46.29
32385738,22393,2,1060.09
32386147,68080,1,141.29
32386147,19409,9,67.99
32389815,47437,6,898.99
32389815,66578,3,268.19
32389815,86809,10,71.29
32394113,18476,1,11.09
32398963,36496,13,5.69
32398963,32457,10,550.79
32398963,25536,11,208.09
32398974,63748,19,91.19
32398974,85973,25,177.59
32408239,16086,5,36.99
32408239,61311,2,160.19
32408239,87148,10,4.99
32422730,16353,20,105.99
32434052,54586,16,98.49
32439299,69218,22,184.09
32439299,35273,1,213.19
32459187,35273,4,213.19
32473472,32511,4,62.59
32473472,15578,1,78.69
32474866,68080,24,141.29
32474866,95339,5,58.89
32474866,86809,1,71.29
32504030,18070,1,277.99
32504030,47632,2,168.29
32550822,47174,2,390.69
32550822,87148,2,4.99
32550822,19021,2,253.09
32550822,66452,19,169.99
32567782,35798,17,82.99
32567782,48996,23,64.79
32567782,22057,4,294.89
32567782,22393,7,1060.09
32568658,46421,3,185.89
32568658,77617,3,226.99
32568658,57860,15,198.49
32568658,61911,1,279.89
32568658,27600,1,1470.79
32568658,69729,20,209.19
32568658,64388,20,290.09
32568658,20430,2,198.89
32569616,19409,1,67.99
32577796,46421,1,185.89
32580817,64388,9,290.09
32586638,84547,23,205.49
32586638,97298,9,29.99
32597065,97210,2,241.29
32597551,24242,10,116.99
32597551,48996,22,64.79
32597551,32457,5,550.79
32597551,71227,1,166.29
32597551,81834,2,186.89
32600169,86725,1,260.79
32609045,16805,1,279.49
32609045,13185,2,205.29
32609045,16353,7,105.99
32609045,35273,19,213.19
32609045,66452,19,169.99
32609045,64388,10,290.09
32609045,16749,4,231.39
32612736,47632,9,168.29
32612736,78853,15,26.29
32628895,87148,1,4.99
32628895,10621,15,165.19
32633691,57224,23,54.99
32633772,76830,20,210.09
32633772,10621,7,165.19
32633772,58650,2,11.09
32633772,26740,9,216.59
32633772,79564,10,34.99
32633772,39417,2,192.59
32638512,89968,6,206.49
32638512,21230,9,90.79
32639551,87809,19,436.79
32639551,68723,11,96.89
32639551,16086,9,36.99
32639551,47437,1,898.99
32651594,26750,8,78.79
32651594,58241,8,203.99
32651760,64388,10,290.09
32651760,41515,1,1273.69
32651760,86809,15,71.29
32656828,26750,3,78.79
32656828,72692,2,46.69
32659463,44513,18,53.19
32662963,23045,1,713.69
32663858,32511,1,62.59
32663858,10023,16,181.29
32663858,47632,15,168.29
32679029,81641,1,228.09
32679029,33935,4,201.99
32688632,87426,21,180.29
32688632,36209,2,189.99
32700345,57224,11,54.99
32700345,57545,7,12.49
32700345,68723,6,96.89
32700345,11453,5,1304.19
32704171,10621,1,165.19
32704171,89968,4,206.49
32711062,75721,11,174.59
32711062,77617,11,226.99
32730409,34871,6,6.59
32730409,95523,22,82.19
32737264,81834,1,186.89
32737264,85076,19,893.99
32751873,52111,10,173.99
32751873,57051,2,58.39
32751955,10621,2,165.19
32752369,10023,1,181.29
32752369,36224,15,56.09
32753640,48289,6,85.59
32753640,47174,21,390.69
32756995,69218,7,184.09
32765007,26270,9,749.99
32776386,35798,7,82.99
32776386,33209,8,384.69
32793597,80978,9,280.69
32793597,46421,2,185.89
32793597,48869,1,901.09
32793597,45172,12,205.99
32819541,79564,8,34.99
32819541,89968,8,206.49
32819541,94612,3,266.79
32819541,77617,12,226.99
32821486,10023,2,181.29
32830492,22393,1,1060.09
32830492,79564,1,34.99
32859806,47437,1,898.99
32859806,92839,1,84.09
32873296,94514,18,254.99
32873296,76830,20,210.09
32873296,94612,2,266.79
32873296,15626,23,429.09
32873296,47174,3,390.69
32884346,47632,7,168.29
32884346,10023,1,181.29
32884346,73489,20,251.09
32890691,35798,13,82.99
32890691,68723,4,96.89
32898518,17582,3,83.39
32900677,84547,6,205.49
32908602,95646,13,323.09
32908602,48996,17,64.79
32908602,71645,22,403.99
32917968,84547,1,205.49
32931763,57224,10,54.99
32931763,87809,8,436.79
32934683,85973,1,177.59
32934683,10023,11,181.29
32957685,11575,1,233.29
32957685,95646,5,323.09
32957685,26740,2,216.59
32957685,85459,25,239.79
32957685,98451,14,1292.09
32957685,63985,7,78.79
32984792,85973,4,177.59
32984792,87148,3,4.99
32984792,76830,23,210.09
32984792,10621,3,165.19
32984792,18398,9,283.19
32986018,26798,14,18.59
33000463,47437,5,898.99
33000463,57874,9,234.09
33000463,11313,1,78.49
33000463,50462,1,174.99
33008580,78853,3,26.29
33008580,16236,1,4.99
33008580,77617,1,226.99
33008580,26740,5,216.59
33008580,37489,2,17.69
33008580,26270,11,749.99
33008580,39417,7,192.59
33008580,53392,2,112.99
33024937,16805,4,279.49
33024937,54586,9,98.49
33024937,82664,1,269.69
33026759,15578,1,78.69
33032390,81834,3,186.89
33032390,71227,1,166.29
33032390,92046,1,166.49
33035992,84547,19,205.49
33035992,20054,1,196.99
33067331,68080,2,141.29
33078646,85973,18,177.59
33078646,26270,16,749.99
33079471,32091,10,81.39
33079471,22393,6,1060.09
33079471,61093,1,240.99
33079471,15626,16,429.09
33083531,80625,3,690.09
33090010,14979,3,582.09
33102431,27600,1,1470.79
33102431,79564,1,34.99
33105248,57874,1,234.09
33105248,64388,8,290.09
33105248,36262,1,233.99
33105248,20054,5,196.99
33105248,12852,3,262.49
33105248,48510,10,68.99
33105248,92839,3,84.09
33106694,69991,22,1268.79
33106694,57224,8,54.99
33107923,47632,14,168.29
33115033,44331,12,121.79
33115033,61311,1,160.19
33131858,16353,2,105.99
33131858,52648,11,195.89
33131858,16749,12,231.39
33131858,87148,7,4.99
33146152,16353,1,105.99
33148784,47437,2,898.99
33148784,95646,3,323.09
33168257,15578,2,78.69
33190079,75721,7,174.59
33196109,81834,10,186.89
33196109,47437,21,898.99
33196109,12576,13,134.49
33205652,95339,9,58.89
33205652,60647,3,264.09
33210089,16353,3,105.99
33210089,57224,3,54.99
33210089,84547,2,205.49
33210694,86286,1,261.59
33210694,37490,22,159.99
33210694,78649,2,1059.49
33210694,35798,23,82.99
33211845,66452,3,169.99
33211845,23364,11,143.99
33212350,85076,11,893.99
33212350,80978,12,280.69
33212350,61911,2,279.89
33212350,87426,15,180.29
33213755,39417,5,192.59
33213755,26750,18,78.79
33224582,64833,14,418.99
33224582,85459,2,239.79
33224582,35273,21,213.19
33233458,18398,1,283.19
33233458,44331,13,121.79
33233458,15578,1,78.69
33243697,58241,1,203.99
33243697,15626,13,429.09
33243697,32511,5,62.59
33243697,17582,1,83.39
33247100,99654,7,265.39
33247100,61311,12,160.19
33261500,16086,13,36.99
33281491,39417,17,192.59
33284135,44513,1,53.19
33284135,46421,24,185.89
33284135,63748,1,91.19
33288692,19409,16,67.99
33288692,29892,2,44.09
33288692,35798,1,82.99
33288692,34871,10,6.59
33288692,61311,12,160.19
33288692,44115,4,1320.79
33289025,71227,14,166.29
33291120,52111,1,173.99
33291120,16749,1,231.39
33291120,37489,16,17.69
33291120,17582,1,83.39
33291120,46935,3,118.99
33291120,10621,2,165.19
33291120,80625,4,690.09
33291120,36591,1,162.99
33294316,32640,1,234.89
33294316,10023,5,181.29
33294316,35798,1,82.99
33294316,87148,7,4.99
33294316,73115,2,172.99
33307195,80978,16,280.69
33307195,75767,1,243.99
33313558,16353,2,105.99
33319684,32511,14,62.59
33329642,29892,10,44.09
33344017,20430,1,198.89
33344017,15626,15,429.09
33348833,10621,1,165.19
33348833,85973,3,177.59
33348833,20054,2,196.99
33348833,57051,17,58.39
33348833,26740,1,216.59
33348833,25536,2,208.09
33348833,20430,1,198.89
33348833,96141,3,909.49
33351250,48996,8,64.79
33362051,86139,3,289.19
33362051,15626,5,429.09
33362051,47174,1,390.69
33362051,14109,18,225.49
33362051,57545,20,12.49
33362051,44513,10,53.19
33362051,92046,1,166.49
33362051,95646,12,323.09
33362282,87426,2,180.29
33362282,52648,6,195.89
33365254,85076,1,893.99
33365254,95339,1,58.89
33365254,26270,8,749.99
33365254,56178,3,1474.59
33365254,95646,4,323.09
33373566,61911,11,279.89
33396699,86809,6,71.29
33407880,39417,4,192.59
33425040,17582,1,83.39
33428806,18398,5,283.19
33469761,59301,2,43.99
33472717,44513,19,53.19
33472717,81641,6,228.09
33472717,20054,3,196.99
33472717,92839,13,84.09
33473762,20430,8,198.89
33499685,23045,17,713.69
33499685,41515,9,1273.69
33499685,63985,5,78.79
33499685,85973,11,177.59
33500153,76830,7,210.09
33500153,72692,1,46.69
33500338,26245,3,107.79
33508920,57224,10,54.99
33508920,45172,13,205.99
33517482,22393,20,1060.09
33523097,79564,12,34.99
33523097,52648,7,195.89
33523097,95339,1,58.89
33523097,98451,15,1292.09
33523097,21508,1,97.89
33531666,22393,5,1060.09
33535752,32640,22,234.89
33535752,97210,2,241.29
33535752,57874,1,234.09
33535752,41515,5,1273.69
33543285,25536,11,208.09
33564298,76830,25,210.09
33564298,11313,4,78.49
33564298,86809,2,71.29
33564298,97210,4,241.29
33566708,60647,11,264.09
33566708,63748,4,91.19
33566708,77617,2,226.99
33566708,20430,24,198.89
33568017,77617,5,226.99
33568017,84547,5,205.49
33569851,58241,2,203.99
33569851,26245,10,107.79
33570302,99654,1,265.39
33570302,96141,17,909.49
33574052,68479,8,46.29
33574052,45172,2,205.99
33574052,35798,17,82.99
33580612,26270,5,749.99
33580612,46835,4,112.29
33580612,75767,13,243.99
33580612,22057,10,294.89
33580612,14979,10,582.09
33580612,20054,23,196.99
33580612,85459,10,239.79
33599221,11313,20,78.49
33599221,58241,6,203.99
33606788,58650,3,11.09
33606788,32511,2,62.59
33612306,36496,10,5.69
33612306,71227,12,166.29
33612306,37489,1,17.69
33612306,61311,1,160.19
33612306,44115,1,1320.79
33619280,21508,6,97.89
33619280,35273,24,213.19
33621462,25536,1,208.09
33621462,94652,15,32.39
33621462,81834,5,186.89
33621541,45172,16,205.99
33621541,36496,9,5.69
33626584,14109,1,225.49
33644920,25979,18,215.99
33649090,10621,19,165.19
33659282,45172,8,205.99
33659282,35798,20,82.99
33659282,48996,1,64.79
33662758,87426,13,180.29
33662758,47174,4,390.69
33662758,26270,17,749.99
33662758,77670,6,244.59
33667262,15626,1,429.09
33667262,90808,16,77.19
33684525,47174,1,390.69
33684525,15918,2,32.99
33684814,66578,20,268.19
33684814,82067,7,40.79
33688332,89968,7,206.49
33709420,57545,8,12.49
33711890,86854,2,207.99
33711890,57874,16,234.09
33719905,56178,22,1474.59
33719905,58781,15,290.99
33719905,14920,6,249.99
33743335,42028,15,198.69
33743335,83295,17,123.99
33743335,64388,15,290.09
33757335,75721,7,174.59
33757335,15626,1,429.09
33757335,15918,8,32.99
33757335,50462,6,174.99
33764259,36262,10,233.99
33764259,80625,2,690.09
33775037,37742,1,193.59
33776963,14109,15,225.49
33776963,75767,4,243.99
33776963,24242,18,116.99
33785854,61911,2,279.89
33805994,13185,3,205.29
33805994,71227,3,166.29
33810828,41345,13,812.29
33810828,86725,12,260.79
33827364,95339,7,58.89
33827364,37489,2,17.69
33827364,64388,2,290.09
33832860,14920,9,249.99
33832860,75721,9,174.59
33839727,57874,1,234.09
33839727,87426,2,180.29
33845305,15578,13,78.69
33849738,97298,24,29.99
33849738,33209,7,384.69
33861613,37490,17,159.99
33863021,54586,4,98.49
33863021,51181,21,184.29
33863021,79647,9,91.09
33863021,56178,1,1474.59
33870809,37742,1,193.59
33870809,46421,2,185.89
33870809,61677,1,192.69
33870809,26750,22,78.79
33870809,20054,6,196.99
33886857,75721,13,174.59
33886857,32457,15,550.79
33886857,86854,23,207.99
33898033,46935,20,118.99
33898033,46835,9,112.29
33898033,32640,6,234.89
33898033,90808,15,77.19
33903410,86139,1,289.19
33906147,97210,1,241.29
33906147,98451,16,1292.09
33906147,20430,1,198.89
33906147,15081,1,108.99
33914318,95646,1,323.09
33914318,48289,22,85.59
33914318,75721,5,174.59
33914318,83295,12,123.99
33914318,77617,20,226.99
33927513,61311,10,160.19
33929477,41515,18,1273.69
33929477,39417,9,192.59
33929477,54586,18,98.49
33929477,16749,15,231.39
33929477,61311,20,160.19
33929477,18476,15,11.09
33929477,19021,1,253.09
33948808,87789,1,294.99
33948808,15918,3,32.99
33948808,87809,5,436.79
33957044,94612,4,266.79
33957044,76830,1,210.09
33976534,81641,3,228.09
33976534,77617,15,226.99
33976534,98451,9,1292.09
33976534,16805,11,279.49
33989768,45172,22,205.99
34004862,95339,21,58.89
34004862,29305,14,210.19
34004862,37489,18,17.69
34004862,59301,23,43.99
34010471,66452,12,169.99
34010471,36262,23,233.99
34046792,32640,11,234.89
34049837,69991,4,1268.79
34049837,78649,2,1059.49
34054381,13185,1,205.29
34054381,95646,1,323.09
34054381,87148,2,4.99
34060543,57874,4,234.09
34062691,16086,17,36.99
34062691,32511,1,62.59
34063387,68080,21,141.29
34063387,48510,20,68.99
34063387,41515,11,1273.69
34063387,85076,9,893.99
34063387,26245,18,107.79
34065294,44115,8,1320.79
34065294,11575,4,233.29
34076812,77617,17,226.99
34081210,57545,20,12.49
34081210,77617,1,226.99
34081210,32511,11,62.59
34084021,25979,12,215.99
34084021,17582,18,83.39
34095747,49147,7,352.19
34095747,84547,7,205.49
34110590,47174,5,390.69
34110590,17576,10,214.09
34125236,86809,22,71.29
34125236,28650,20,96.69
34126692,92839,23,84.09
34126692,20430,10,198.89
34137396,23045,7,713.69
34137396,48510,1,68.99
34137396,85076,3,893.99
34137396,64388,9,290.09
34145772,15578,6,78.69
34145772,15918,2,32.99
34145772,16086,2,36.99
34145772,19409,2,67.99
34145772,58763,1,134.49
34145772,31675,7,41.49
34154856,92046,23,166.49
34155479,79564,2,34.99
34158636,76061,1,229.99
34160565,68723,8,96.89
34184175,92839,1,84.09
34195068,21230,1,90.79
34195068,78853,2,26.29
34195068,27536,1,216.99
34202380,20888,2,65.99
34211129,86809,2,71.29
34211129,76061,16,229.99
34215482,48606,14,391.49
34215482,49147,15,352.19
34222147,16353,7,105.99
34222147,36224,1,56.09
34229837,78853,19,26.29
34244159,47174,20,390.69
34244159,48510,1,68.99
34244159,36496,13,5.69
34244159,15918,5,32.99
34246048,36591,7,162.99
34246048,75767,7,243.99
34256268,16353,1,105.99
34256268,37742,18,193.59
34274246,61311,1,160.19
34274420,27849,17,123.59
34274420,69991,2,1268.79
34274420,10621,7,165.19
34274420,20430,8,198.89
34274420,14920,1,249.99
34274420,64279,5,126.39
34300989,81834,20,186.89
34311743,96141,20,909.49
34311743,20074,11,1064.09
34327099,68723,6,96.89
34332387,89968,2,206.49
34332387,95339,4,58.89
34332387,15918,19,32.99
34341749,71645,2,403.99
34341749,94612,13,266.79
34341914,61311,4,160.19
34355585,21230,10,90.79
34355585,17582,6,83.39
34355585,85973,13,177.59
34382101,86854,6,207.99
34382101,23045,18,713.69
34404733,71645,6,403.99
34407828,78853,3,26.29
34408201,33606,4,285.99
34408201,37742,25,193.59
34409766,54586,9,98.49
34409766,15578,1,78.69
34411175,11426,11,1071.19
34429514,94077,12,185.09
34445222,57545,6,12.49
34451901,41515,1,1273.69
34463688,20430,23,198.89
34463688,45172,6,205.99
34480414,77670,23,244.59
34480414,73115,13,172.99
34480414,17582,12,83.39
34480414,15918,8,32.99
34480414,61311,13,160.19
34480414,85459,21,239.79
34480414,95646,7,323.09
34480414,64388,2,290.09
34491337,27600,17,1470.79
34501925,80625,10,690.09
34501925,85459,1,239.79
34509806,75721,2,174.59
34509806,47632,14,168.29
34509806,35273,17,213.19
34509806,14979,2,582.09
34516811,97210,11,241.29
34516811,47632,23,168.29
34518498,90808,18,77.19
34518498,28650,11,96.69
34518498,85076,1,893.99
34518498,77617,11,226.99
34518498,20430,5,198.89
34518498,69218,13,184.09
34518498,87148,1,4.99
34518498,37490,1,159.99
34554238,24242,2,116.99
34554238,86139,1,289.19
34554238,50462,12,174.99
34593668,81834,5,186.89
34593668,46935,17,118.99
34615923,22393,15,1060.09
34619476,54586,2,98.49
34619476,46935,24,118.99
34631875,44115,1,1320.79
34638380,80625,11,690.09
34638380,15578,13,78.69
34638380,85459,16,239.79
34666773,58241,4,203.99
34666773,10023,12,181.29
34666773,21508,22,97.89
34666773,16086,6,36.99
34666773,10621,18,165.19
34666773,54586,4,98.49
34673210,61311,2,160.19
34679328,98451,8,1292.09
34690159,63493,7,215.09
34702788,68723,18,96.89
34708084,26740,3,216.59
34708084,92839,1,84.09
34708084,16353,1,105.99
34708084,25536,3,208.09
34713809,87148,1,4.99
34713809,86809,11,71.29
34724193,26270,9,749.99
34726075,32640,8,234.89
34726075,57801,15,63.79
34736991,11313,17,78.49
34736991,17582,4,83.39
34736991,46421,8,185.89
34749121,57874,16,234.09
34749121,35273,1,213.19
34749121,22393,1,1060.09
34752165,98451,4,1292.09
34754528,33209,15,384.69
34754528,41039,1,218.69
34754528,44115,9,1320.79
34754528,47174,10,390.69
34757547,63748,11,91.19
34775010,86809,17,71.29
34776363,20054,5,196.99
34776363,46499,25,299.49
34777350,26270,4,749.99
34813656,32091,24,81.39
34813656,53392,1,112.99
34816764,58650,16,11.09
34843465,66578,20,268.19
34843465,94612,1,266.79
34843465,46935,5,118.99
34843867,85973,3,177.59
34849074,16749,10,231.39
34870373,52648,7,195.89
34881037,26740,5,216.59
34890293,48510,7,68.99
34890293,87809,9,436.79
34890293,22393,2,1060.09
34900187,64388,16,290.09
34900187,66452,2,169.99
34900187,58650,8,11.09
34900187,37489,11,17.69
34931511,20054,1,196.99
34950849,57874,3,234.09
34950849,13185,3,205.29
34950849,25979,11,215.99
34963254,32457,3,550.79
34963254,26740,2,216.59
34963254,22393,14,1060.09
34965659,21230,8,90.79
34965659,80978,4,280.69
34967629,35273,1,213.19
34967629,81641,6,228.09
34967629,94612,23,266.79
34967629,58241,4,203.99
34969372,60647,14,264.09
34969372,47632,13,168.29
34969372,83295,1,123.99
34972430,46421,19,185.89
34972430,52648,5,195.89
34972430,69729,5,209.19
34973459,27849,4,123.59
34973542,86809,2,71.29
34973542,68723,3,96.89
34973962,90808,4,77.19
34973962,29892,1,44.09
34973962,57545,12,12.49
34978435,92898,14,1162.99
34982611,75767,1,243.99
34982611,21230,5,90.79
34982611,27057,16,353.39
34992796,72692,4,46.69
34992796,87148,11,4.99
34992796,80978,6,280.69
34992796,41515,5,1273.69
34992796,16805,4,279.49
34992796,78649,11,1059.49
34992796,68479,7,46.29
35021136,79647,5,91.09
35021136,36224,6,56.09
35024156,15918,1,32.99
35056105,37489,3,17.69
35061320,68080,24,141.29
35068714,79834,1,151.19
35068714,80625,1,690.09
35068714,46421,5,185.89
35068714,81834,1,186.89
35072313,15918,16,32.99
35072313,33606,12,285.99
35079129,86809,2,71.29
35086654,46935,2,118.99
35086654,26245,18,107.79
35086654,57860,15,198.49
35087376,68723,11,96.89
35087376,75721,1,174.59
35087376,47632,12,168.29
35087376,22057,4,294.89
35087376,61311,21,160.19
35095760,35798,1,82.99
35097709,80349,8,203.59
35105829,27849,15,123.59
35105829,73115,3,172.99
35107145,47632,18,168.29
35107145,69218,13,184.09
35107145,16749,9,231.39
35107145,22393,12,1060.09
35107145,10621,20,165.19
35107145,52648,13,195.89
35107458,32640,20,234.89
35108564,32091,24,81.39
35108564,50462,19,174.99
35108564,16353,23,105.99
35129088,95339,7,58.89
35134868,22393,9,1060.09
35134868,37742,6,193.59
35134868,79564,6,34.99
35139183,86809,2,71.29
35139183,32511,21,62.59
35139183,80625,8,690.09
35139183,20430,3,198.89
35139183,81834,20,186.89
35139183,18476,17,11.09
35139183,58241,18,203.99
35145026,21230,1,90.79
35145026,75767,2,243.99
35148052,22393,2,1060.09
35167445,47174,1,390.69
35167570,87148,25,4.99
35167570,86286,5,261.59
35175344,21230,9,90.79
35201043,77670,15,244.59
35201043,11453,18,1304.19
35203347,87148,9,4.99
35203347,57545,3,12.49
35203347,25979,8,215.99
35203563,10571,11,84.99
35205378,48510,18,68.99
35205378,61311,2,160.19
35205378,57224,4,54.99
35205378,96141,2,909.49
35210051,32457,1,550.79
35210051,11313,14,78.49
35210051,47437,25,898.99
35210051,14979,9,582.09
35210051,37489,5,17.69
35210051,66578,13,268.19
35218680,64388,13,290.09
35218680,25536,1,208.09
35221730,85459,4,239.79
35221730,96141,11,909.49
35226369,41515,6,1273.69
35226369,37489,25,17.69
35226369,48996,5,64.79
35231901,95646,2,323.09
35231901,75721,16,174.59
35231901,26740,2,216.59
35233233,48996,21,64.79
35233233,97210,1,241.29
35233233,10023,2,181.29
35233999,47632,11,168.29
35238475,22057,7,294.89
35253607,23045,21,713.69
35253607,36224,1,56.09
35253607,36496,2,5.69
35253607,57801,1,63.79
35253607,90808,2,77.19
35253607,57860,19,198.49
35253607,48869,7,901.09
35253607,33606,7,285.99
35269447,26270,1,749.99
35269828,53392,15,112.99
35269828,97298,8,29.99
35284008,84547,1,205.49
35284008,95646,4,323.09
35294848,15626,7,429.09
35294848,57545,8,12.49
35294848,17582,13,83.39
35294848,89133,2,292.19
35294848,77670,3,244.59
35294848,41345,1,812.29
35294848,86809,24,71.29
35305465,10621,19,165.19
35305465,64388,2,290.09
35306553,44513,2,53.19
35306553,32457,1,550.79
35306553,83295,10,123.99
35306553,68080,1,141.29
35306553,72692,20,46.69
35306553,32091,5,81.39
35306553,52648,1,195.89
35306553,86809,2,71.29
35311260,26270,3,749.99
35314782,41345,22,812.29
35314782,97298,5,29.99
35314782,15578,5,78.69
35314782,57545,17,12.49
35314782,22393,1,1060.09
35314782,75767,22,243.99
35314782,72692,8,46.69
35314782,41515,14,1273.69
35335724,90808,6,77.19
35342705,80625,7,690.09
35353108,16236,7,4.99
35353108,46421,13,185.89
35353108,26270,2,749.99
35354252,53392,1,112.99
35356499,98451,2,1292.09
35364493,95646,6,323.09
35368433,47174,8,390.69
35369333,68080,23,141.29
35369498,35273,1,213.19
35369498,57224,10,54.99
35369498,32457,3,550.79
35369498,64873,3,77.99
35369498,90808,9,77.19
35376905,26740,2,216.59
35385795,71645,5,403.99
35385795,81834,9,186.89
35385795,41515,1,1273.69
35399841,66578,4,268.19
35399841,10571,1,84.99
35401038,77617,14,226.99
35409253,48289,18,85.59
35409253,97298,22,29.99
35409253,95646,8,323.09
35416127,25979,25,215.99
35416127,66578,1,268.19
35416127,15578,20,78.69
35416127,73115,6,172.99
35426572,97210,6,241.29
35429127,19409,16,67.99
35429787,36591,1,162.99
35429787,77670,5,244.59
35429787,84547,14,205.49
35441082,61311,5,160.19
35441082,57224,15,54.99
35441082,46421,1,185.89
35441082,33209,3,384.69
35441082,71487,1,1086.99
35442844,57874,10,234.09
35442844,80978,2,280.69
35451918,62011,2,72.79
35451918,85459,4,239.79
35455814,89968,3,206.49
35458788,35273,25,213.19
35458788,71227,5,166.29
35458788,76830,9,210.09
35464686,61911,13,279.89
35464686,46835,23,112.29
35464686,28650,13,96.69
35464686,22057,9,294.89
35464686,85973,18,177.59
35471841,47632,16,168.29
35480184,80625,4,690.09
35480184,46499,21,299.49
35480184,87809,21,436.79
35480184,16749,3,231.39
35480184,52648,16,195.89
35480184,25979,10,215.99
35480184,68080,12,141.29
35480184,47437,2,898.99
35487439,68723,22,96.89
35498083,11313,15,78.49
35498083,61311,3,160.19
35503240,56178,5,1474.59
35504165,45172,10,205.99
35513617,80978,6,280.69
35513617,98451,2,1292.09
35513617,17582,19,83.39
35513617,28650,5,96.69
35513617,27600,1,1470.79
35513617,81834,2,186.89
35519614,14979,1,582.09
35519614,19409,2,67.99
35519614,48349,5,51.69
35519614,95339,9,58.89
35519614,66452,2,169.99
35519614,37490,1,159.99
35519614,11575,20,233.29
35519614,76061,1,229.99
35522624,10621,12,165.19
35522624,15918,4,32.99
35522624,35798,9,82.99
35522624,61311,13,160.19
35522624,32640,23,234.89
35522624,57224,3,54.99
35535974,37489,1,17.69
35535974,79834,8,151.19
35535974,80625,9,690.09
35536061,44513,2,53.19
35536061,86809,5,71.29
35536061,36224,9,56.09
35538247,58241,1,203.99
35538247,32457,3,550.79
35554807,26270,12,749.99
35561299,16353,4,105.99
35561299,72692,5,46.69
35563899,15918,8,32.99
35563899,23045,5,713.69
35568350,52648,2,195.89
35568350,35273,1,213.19
35568350,44115,2,1320.79
35581713,35273,5,213.19
35581713,87809,1,436.79
35587059,20074,24,1064.09
35589832,57545,1,12.49
35589832,17582,23,83.39
35589832,87809,2,436.79
35589832,15578,18,78.69
35625494,32091,3,81.39
35628730,80625,20,690.09
35628730,35273,2,213.19
35638038,75721,13,174.59
35638800,35798,8,82.99
35654572,27600,10,1470.79
35688040,80351,2,194.99
35688040,46935,9,118.99
35688040,16086,3,36.99
35713295,92046,5,166.49
35713295,68723,1,96.89
35727387,26740,14,216.59
35727387,89968,6,206.49
35727387,26994,1,84.39
35727725,16353,3,105.99
35727725,87809,11,436.79
35731348,27849,13,123.59
35731348,69729,1,209.19
35731348,15578,1,78.69
35731348,78853,7,26.29
35744525,68479,13,46.29
35744525,64388,2,290.09
35753378,47174,6,390.69
35767660,61911,2,279.89
35768569,24242,1,116.99
35777455,87809,2,436.79
35777455,15918,19,32.99
35777455,54586,6,98.49
35781954,16805,8,279.49
35787491,76830,2,210.09
35792171,78853,3,26.29
35792171,15918,2,32.99
35792929,57874,13,234.09
35792929,78853,19,26.29
35792929,47632,8,168.29
35792929,16086,1,36.99
35792929,27460,13,968.99
35792929,46935,2,118.99
35803924,57545,2,12.49
35803924,42020,25,49.99
35803924,97210,20,241.29
35806212,64388,1,290.09
35827904,37490,18,159.99
35865261,26270,1,749.99
35865261,92046,14,166.49
35865261,52111,3,173.99
35869400,69729,12,209.19
35869400,92839,9,84.09
35869400,78853,9,26.29
35869400,57874,9,234.09
35879776,10153,3,602.09
35879776,37742,9,193.59
35879776,29892,5,44.09
35893334,41515,13,1273.69
35893334,15578,2,78.69
35897510,48510,9,68.99
35897510,84547,23,205.49
35897510,57224,12,54.99
35897510,92839,10,84.09
35928812,44331,18,121.79
35928812,68479,23,46.29
35928812,10023,20,181.29
35928812,16749,20,231.39
35928812,64388,16,290.09
35961309,81641,25,228.09
35961309,46421,9,185.89
35967034,52648,4,195.89
35970016,68479,3,46.29
35970781,47437,2,898.99
35970781,75767,13,243.99
35970781,20054,25,196.99
35970781,37490,5,159.99
35970781,85973,1,177.59
35978300,10023,1,181.29
35978300,78853,11,26.29
35978300,27600,5,1470.79
35978300,37742,8,193.59
35987037,20054,12,196.99
35987037,57874,3,234.09
35987037,69729,10,209.19
35987037,25979,1,215.99
35992279,37490,13,159.99
35992279,26270,8,749.99
35992279,71227,1,166.29
35992279,32091,1,81.39
35992279,16805,14,279.49
35992279,46421,11,185.89
35993734,41515,1,1273.69
35993734,83295,11,123.99
35993734,71227,21,166.29
35993734,28650,23,96.69
35996991,89968,23,206.49
35996991,98451,20,1292.09
35996991,27849,1,123.59
35996991,26270,2,749.99
35996991,16749,1,231.39
36012644,94514,1,254.99
36012644,59301,19,43.99
36018224,62011,2,72.79
36025440,95646,1,323.09
36029857,66452,1,169.99
36041899,47632,1,168.29
36041899,32457,5,550.79
36058837,19403,17,228.99
36058837,57874,22,234.09
36058837,86854,4,207.99
36058837,11313,14,78.49
36062742,48869,18,901.09
36065723,47437,1,898.99
36074456,11575,25,233.29
36074456,41515,1,1273.69
36074456,20054,14,196.99
36074456,75767,2,243.99
36074456,47632,12,168.29
36074456,98451,3,1292.09
36079872,90808,8,77.19
36083679,35273,18,213.19
36083679,24242,1,116.99
36087368,21230,14,90.79
36122978,54586,13,98.49
36122978,15578,4,78.69
36123044,48510,19,68.99
36155029,42020,2,49.99
36155029,57224,1,54.99
36174162,46421,8,185.89
36187388,28650,2,96.69
36187388,44513,10,53.19
36187388,41515,19,1273.69
36187388,87148,2,4.99
36187388,66578,24,268.19
36187388,86809,7,71.29
36193146,11453,17,1304.19
36226787,72692,23,46.69
36228101,87574,1,130.19
36228101,35273,13,213.19
36228101,39417,1,192.59
36228101,41515,9,1273.69
36237252,36224,12,56.09
36238487,26740,10,216.59
36238487,58241,2,203.99
36242275,16353,2,105.99
36242275,87148,19,4.99
36242275,57224,1,54.99
36247742,71645,1,403.99
36247742,33606,13,285.99
36255453,47632,1,168.29
36255453,21230,10,90.79
36285026,68080,16,141.29
36285026,86809,19,71.29
36294947,73489,2,251.09
36297035,58650,13,11.09
36297035,92046,18,166.49
36321286,47174,8,390.69
36326477,28650,16,96.69
36326477,94612,3,266.79
36326477,48996,5,64.79
36326477,66452,1,169.99
36372552,36496,16,5.69
36372552,25536,5,208.09
36372552,75721,1,174.59
36372552,48510,9,68.99
36372552,64388,19,290.09
36383246,37490,25,159.99
36395511,83295,1,123.99
36395511,64279,6,126.39
36404062,76830,9,210.09
36423357,46421,3,185.89
36423357,36496,1,5.69
36426252,80349,6,203.59
36436056,54586,13,98.49
36439861,95646,1,323.09
36449087,57874,12,234.09
36451492,90808,16,77.19
36451492,50462,1,174.99
36451492,44513,17,53.19
36451764,37489,15,17.69
36451764,82067,5,40.79
36458922,16805,23,279.49
36458922,86809,10,71.29
36458981,85459,4,239.79
36458981,63748,21,91.19
36458981,24242,1,116.99
36473443,45172,10,205.99
36473443,37742,1,193.59
36477179,26270,21,749.99
36477179,97210,12,241.29
36477179,22393,2,1060.09
36477179,39417,7,192.59
36477179,19021,1,253.09
36477179,20430,4,198.89
36478261,99654,3,265.39
36481215,54586,16,98.49
36481215,62011,9,72.79
36481215,19409,2,67.99
36489773,11453,3,1304.19
36489773,22393,14,1060.09
36489773,14979,15,582.09
36527759,36591,1,162.99
36527759,11453,12,1304.19
36527759,35798,2,82.99
36536534,97210,17,241.29
36539233,41226,1,288.09
36541537,97210,12,241.29
36555372,47632,2,168.29
36559798,52648,1,195.89
36559798,14920,25,249.99
36559798,26740,9,216.59
36573065,35798,5,82.99
36587784,54586,3,98.49
36587784,17582,1,83.39
36587784,85076,8,893.99
36589650,20430,12,198.89
36589650,22393,3,1060.09
36589650,46421,2,185.89
36599631,23045,15,713.69
36603191,48510,11,68.99
36603191,10621,11,165.19
36603191,81834,3,186.89
36603191,97298,11,29.99
36621729,57224,15,54.99
36621729,47632,13,168.29
36621729,41039,15,218.69
36622537,80349,17,203.59
36622537,11575,1,233.29
36625636,57224,4,54.99
36626005,13185,12,205.29
36626005,66578,6,268.19
36626005,22057,8,294.89
36626005,87809,4,436.79
36626005,32511,6,62.59
36627749,63748,17,91.19
36627749,83295,11,123.99
36627749,14979,17,582.09
36627749,10023,2,181.29
36627749,10621,15,165.19
36627749,37489,17,17.69
36627749,58241,1,203.99
36649859,50462,1,174.99
36649859,89968,5,206.49
36650324,68080,10,141.29
36651482,80349,9,203.59
36675943,32511,1,62.59
36675943,64388,12,290.09
36675943,90808,12,77.19
36675943,53078,1,293.39
36675943,26270,22,749.99
36675943,50462,8,174.99
36679633,26740,24,216.59
36680211,16749,14,231.39
36680211,21230,13,90.79
36680418,63748,14,91.19
36680418,89968,1,206.49
36680418,66452,18,169.99
36680418,90808,1,77.19
36680418,39417,6,192.59
36682033,26270,5,749.99
36682033,68080,22,141.29
36682033,11575,8,233.29
36682033,25979,3,215.99
36682033,41515,1,1273.69
36682033,92046,1,166.49
36684806,84547,6,205.49
36684806,80349,24,203.59
36684806,68723,8,96.89
36684806,76830,16,210.09
36684806,37489,20,17.69
36691537,22393,5,1060.09
36702980,61911,12,279.89
36725196,69729,8,209.19
36732495,94390,2,43.79
36735519,77670,19,244.59
36749300,64388,17,290.09
36749300,35798,2,82.99
36749300,85076,22,893.99
36757226,68479,1,46.29
36757226,11575,8,233.29
36790905,82664,12,269.69
36793934,61311,19,160.19
36793934,35273,12,213.19
36793934,64388,13,290.09
36793934,16353,6,105.99
36804168,23045,4,713.69
36804168,68080,7,141.29
36804168,98451,13,1292.09
36810415,52648,9,195.89
36810415,78853,2,26.29
36810415,11313,4,78.49
36810415,37742,2,193.59
36810415,20888,3,65.99
36810415,20430,3,198.89
36822864,37742,1,193.59
36822864,15626,8,429.09
36833791,85076,22,893.99
36835788,87809,25,436.79
36835788,54586,8,98.49
36835788,57224,15,54.99
36835788,25979,2,215.99
36865026,42020,1,49.99
36865026,34871,8,6.59
36868479,58650,6,11.09
36868886,32640,3,234.89
36868886,52661,4,797.29
36868886,75721,19,174.59
36868886,68723,10,96.89
36868886,26740,11,216.59
36898885,36262,3,233.99
36899996,92046,1,166.49
36906889,96141,2,909.49
36906889,87148,1,4.99
36906889,19011,8,198.89
36906889,15081,2,108.99
36907328,11313,2,78.49
36907328,11575,16,233.29
36938806,95339,1,58.89
36938806,35798,1,82.99
36938806,16353,1,105.99
36938806,36496,9,5.69
36938806,54586,7,98.49
36947334,86809,4,71.29
36947334,95339,1,58.89
36949829,50150,22,390.59
36949829,16086,6,36.99
36949829,92046,16,166.49
36949829,11313,2,78.49
36975574,47174,6,390.69
36975574,87148,1,4.99
36981511,48510,13,68.99
36981859,10621,6,165.19
36981859,12224,10,734.79
36985795,19409,24,67.99
36985795,63985,9,78.79
36985795,36262,3,233.99
36985795,35798,14,82.99
36989669,66578,10,268.19
36989669,54586,1,98.49
36989669,46935,1,118.99
36991457,39417,7,192.59
36991457,32457,1,550.79
36992583,11313,18,78.49
36992583,16749,17,231.39
36992583,35798,6,82.99
36992583,99654,7,265.39
36992583,34871,22,6.59
37003763,37489,3,17.69
37003763,46835,5,112.29
37008352,75721,1,174.59
37008352,48510,6,68.99
37009212,36224,25,56.09
37009212,27849,5,123.59
37020923,19409,1,67.99
37038407,86809,1,71.29
37053881,35273,1,213.19
37053881,87809,11,436.79
37053881,68080,7,141.29
37053881,36224,1,56.09
37053881,69991,2,1268.79
37053881,14109,5,225.49
37053881,37489,6,17.69
37057171,32640,24,234.89
37057171,14109,2,225.49
37065856,86725,4,260.79
37081047,39417,20,192.59
37085622,33606,8,285.99
37085622,32457,2,550.79
37086019,32640,1,234.89
37086019,57874,11,234.09
37086019,48996,2,64.79
37086019,32457,1,550.79
37086019,47174,4,390.69
37090359,48996,9,64.79
37097566,25536,1,208.09
37097566,86809,19,71.29
37097566,48606,7,391.49
37097566,20054,13,196.99
37097566,16353,1,105.99
37101811,26740,7,216.59
37101811,97210,21,241.29
37123235,32457,1,550.79
37123235,20430,1,198.89
37123235,48996,13,64.79
37139549,21508,4,97.89
37139549,46935,1,118.99
37150794,92839,9,84.09
37150794,37490,1,159.99
37174927,52648,6,195.89
37174927,35798,4,82.99
37174927,94612,7,266.79
37174927,64388,1,290.09
37175220,92046,10,166.49
37175220,14979,8,582.09
37175220,57224,13,54.99
37175220,24242,23,116.99
37175220,62011,11,72.79
37175220,97210,10,241.29
37175220,20054,1,196.99
37180709,80978,25,280.69
37180709,92839,2,84.09
37180709,25979,20,215.99
37180709,84547,1,205.49
37199340,37490,1,159.99
37201465,63748,1,91.19
37201465,69037,24,35.99
37203499,92839,10,84.09
37203499,81834,7,186.89
37203499,12576,21,134.49
37203499,37742,1,193.59
37203499,59301,25,43.99
37204072,32938,16,1148.89
37204072,64388,1,290.09
37204072,46935,1,118.99
37204072,11313,16,78.49
37204072,15578,20,78.69
37207717,37489,12,17.69
37207717,47437,20,898.99
37214143,61311,12,160.19
37216929,63985,2,78.79
37219912,69991,3,1268.79
37224943,10621,22,165.19
37247692,21230,1,90.79
37247692,66452,13,169.99
37282163,86809,8,71.29
37282163,87574,17,130.19
37282163,87809,3,436.79
37286921,59301,9,43.99
37291421,20430,1,198.89
37339588,86809,1,71.29
37339588,23045,7,713.69
37342161,78853,14,26.29
37342161,95523,1,82.19
37342161,15578,4,78.69
37345876,85459,2,239.79
37350833,63748,19,91.19
37350833,95523,1,82.19
37350833,86809,1,71.29
37350833,15578,22,78.69
37366307,89133,7,292.19
37366307,39417,22,192.59
37369168,11453,7,1304.19
37369168,19177,1,100.79
37369168,37489,3,17.69
37369168,66452,14,169.99
37369168,19403,1,228.99
37369168,63985,1,78.79
37369168,14109,1,225.49
37369168,57545,2,12.49
37373627,79834,12,151.19
37393002,90808,1,77.19
37393002,40676,2,899.09
37393002,83295,16,123.99
37393002,26740,12,216.59
37393002,75767,1,243.99
37395129,78853,5,26.29
37395129,85076,1,893.99
37395129,81834,1,186.89
37395129,24242,1,116.99
37395129,97210,4,241.29
37395129,32511,5,62.59
37398522,52111,6,173.99
37403278,26270,5,749.99
37403278,54586,8,98.49
37427752,64388,16,290.09
37427752,81641,7,228.09
37428888,85459,16,239.79
37430762,15578,7,78.69
37430762,97210,1,241.29
37430762,19403,4,228.99
37430762,69218,1,184.09
37432306,61677,3,192.69
37443317,47632,8,168.29
37443317,14979,19,582.09
37443317,54586,25,98.49
37443317,46499,1,299.49
37443317,47437,13,898.99
37479271,21230,1,90.79
37489609,59301,7,43.99
37505237,32511,22,62.59
37505237,48510,14,68.99
37505237,32457,19,550.79
37505237,52111,14,173.99
37505237,66578,22,268.19
37506478,80625,19,690.09
37506478,46935,22,118.99
37507640,14109,8,225.49
37514609,16353,9,105.99
37514609,21230,10,90.79
37524300,26798,14,18.59
37532537,32457,18,550.79
37532537,37742,4,193.59
37535374,51181,5,184.29
37548944,54586,2,98.49
37564634,92839,20,84.09
37564634,21508,21,97.89
37567539,20054,13,196.99
37573488,95646,1,323.09
37573488,83295,7,123.99
37574259,46421,2,185.89
37574259,75721,9,174.59
37574259,86809,22,71.29
37578897,69991,4,1268.79
37578897,44513,1,53.19
37578897,47632,1,168.29
37578897,15578,12,78.69
37588153,24242,1,116.99
37588153,46421,1,185.89
37588153,60647,1,264.09
37590370,20430,13,198.89
37602832,26740,5,216.59
37602832,36496,14,5.69
37602832,56178,24,1474.59
37602832,85076,1,893.99
37603149,21230,21,90.79
37603149,69729,7,209.19
37603149,58241,6,203.99
37608820,85459,1,239.79
37608820,48869,1,901.09
37608820,76061,11,229.99
37608820,26740,3,216.59
37608820,15578,1,78.69
37608820,10023,1,181.29
37609538,77617,21,226.99
37619808,57224,4,54.99
37619808,97210,13,241.29
37622595,69991,17,1268.79
37622595,25979,1,215.99
37622595,16353,19,105.99
37622595,63748,8,91.19
37623452,75721,1,174.59
37628915,26750,7,78.79
37628915,24242,6,116.99
37628915,26245,3,107.79
37628915,46421,6,185.89
37628915,61311,8,160.19
37628915,64279,1,126.39
37628915,89133,8,292.19
37628915,14979,17,582.09
37638720,47437,10,898.99
37640329,25536,14,208.09
37640329,70780,13,122.19
37640329,98451,5,1292.09
37654383,16236,22,4.99
37654383,25536,7,208.09
37663442,11453,14,1304.19
37663442,44513,3,53.19
37663902,84547,3,205.49
37663902,54586,1,98.49
37663902,10621,4,165.19
37663902,77617,19,226.99
37682450,11313,18,78.49
37682450,95646,4,323.09
37682450,61311,18,160.19
37682450,46499,1,299.49
37682450,20074,3,1064.09
37684101,60647,5,264.09
37684101,79564,3,34.99
37697356,61311,1,160.19
37701767,69991,24,1268.79
37709309,11313,14,78.49
37709309,29892,13,44.09
37709309,39417,6,192.59
37709309,85459,6,239.79
37715325,24242,21,116.99
37723073,81641,21,228.09
37723073,95646,3,323.09
37723073,33606,21,285.99
37723073,19409,2,67.99
37723073,39417,6,192.59
37723073,32511,10,62.59
37745208,82067,23,40.79
37748621,84547,3,205.49
37748621,46935,6,118.99
37769552,15578,5,78.69
37769552,87148,20,4.99
37769552,58241,11,203.99
37769552,85973,4,177.59
37769552,10621,12,165.19
37773672,57545,18,12.49
37773672,92046,7,166.49
37773672,52648,12,195.89
37773672,33606,12,285.99
37773672,15081,1,108.99
37773672,86725,1,260.79
37778134,90808,8,77.19
37779091,66578,1,268.19
37779091,57224,4,54.99
37779091,22393,7,1060.09
37779091,32091,1,81.39
37780441,25979,13,215.99
37780441,26270,1,749.99
37780441,46420,2,41.59
37780441,34871,1,6.59
37781479,48510,1,68.99
37785132,85973,13,177.59
37785132,16086,23,36.99
37785132,26270,1,749.99
37785132,37490,7,159.99
37794493,75767,1,243.99
37794493,47632,7,168.29
37795905,37742,4,193.59
37800172,86809,21,71.29
37812711,46935,10,118.99
37812711,85076,1,893.99
37812711,92839,2,84.09
37812711,52648,11,195.89
37837953,57051,11,58.39
37837953,87809,4,436.79
37837953,63748,18,91.19
37837953,19409,21,67.99
37837953,48510,5,68.99
37840854,70780,2,122.19
37856381,61311,16,160.19
37856381,37489,1,17.69
37856381,66452,10,169.99
37863801,76830,1,210.09
37863801,34871,2,6.59
37868550,61311,10,160.19
37868550,17582,23,83.39
37868550,46935,1,118.99
37868550,57874,8,234.09
37868550,64388,4,290.09
37870054,20430,25,198.89
37881723,26740,12,216.59
37881723,46421,19,185.89
37881723,87148,4,4.99
37886601,75721,16,174.59
37886601,27600,22,1470.79
37886601,46421,19,185.89
37886601,21230,14,90.79
37893020,21230,4,90.79
37893250,66452,11,169.99
37896220,41515,1,1273.69
37896220,68080,12,141.29
37896220,37490,10,159.99
37896220,10023,13,181.29
37896220,11313,10,78.49
37896220,94390,1,43.79
37904366,80349,15,203.59
37919325,95646,17,323.09
37929944,95646,6,323.09
37929944,59301,18,43.99
37935830,54586,23,98.49
37943515,46421,1,185.89
37947901,27849,11,123.59
37958641,37490,2,159.99
37982053,57545,2,12.49
37982053,21230,3,90.79
38017249,66452,21,169.99
38026221,78853,4,26.29
38026221,83295,3,123.99
38028624,15918,16,32.99
38028624,63748,16,91.19
38028624,20430,3,198.89
38028624,12377,9,175.59
38036081,58241,25,203.99
38036081,46935,22,118.99
38036081,50462,2,174.99
38040374,36496,14,5.69
38040374,32938,19,1148.89
38040374,76830,8,210.09
38040587,92898,4,1162.99
38050803,89968,11,206.49
38050803,26245,17,107.79
38063403,75721,1,174.59
38073430,47174,1,390.69
38082423,22393,25,1060.09
38082423,25536,2,208.09
38084188,26740,9,216.59
38084188,47437,11,898.99
38086941,44513,1,53.19
38094510,81834,7,186.89
38094510,76830,1,210.09
38094510,45172,7,205.99
38094510,20054,5,196.99
38094510,61311,15,160.19
38096650,32511,21,62.59
38096650,24242,25,116.99
38096650,26740,23,216.59
38098755,18476,19,11.09
38098755,63748,18,91.19
38123249,41820,9,21.99
38123249,95646,3,323.09
38123249,77617,4,226.99
38130591,61911,17,279.89
38135079,78649,13,1059.49
38155188,35798,2,82.99
38155188,66578,5,268.19
38180681,36591,1,162.99
38184879,95646,5,323.09
38186142,20054,1,196.99
38205079,10023,4,181.29
38208286,27536,2,216.99
38208286,19409,25,67.99
38209222,20430,8,198.89
38228772,85459,1,239.79
38248472,20430,2,198.89
38248472,89968,23,206.49
38248472,41515,8,1273.69
38248472,36224,7,56.09
38248472,35273,6,213.19
38248472,15918,2,32.99
38283345,94612,1,266.79
38299849,36224,21,56.09
38307401,35273,12,213.19
38307401,56178,8,1474.59
38309970,35273,3,213.19
38330112,20430,1,198.89
38330112,16805,2,279.49
38348319,64279,24,126.39
38348319,86854,1,207.99
38348319,72692,3,46.69
38352647,76830,7,210.09
38352647,78853,5,26.29
38352647,61311,13,160.19
38352647,33606,1,285.99
38363742,95646,13,323.09
38366549,46421,6,185.89
38378988,58241,9,203.99
38382113,10023,1,181.29
38382113,94652,14,32.39
38382113,11575,2,233.29
38382113,57224,1,54.99
38383418,37742,1,193.59
38391210,61911,16,279.89
38395260,46499,12,299.49
38395260,48510,2,68.99
38395260,12576,24,134.49
38400227,15578,1,78.69
38400227,44115,1,1320.79
38400896,76061,6,229.99
38400896,57874,23,234.09
38405553,26740,5,216.59
38410047,78853,11,26.29
38416590,84547,13,205.49
38429389,96141,7,909.49
38437912,46935,11,118.99
38437912,36224,4,56.09
38443196,11453,8,1304.19
38454824,36224,3,56.09
38454824,96141,24,909.49
38481452,79163,25,738.99
38481452,57051,1,58.39
38485010,22057,22,294.89
38489263,46835,14,112.29
38497712,86809,8,71.29
38497712,85973,12,177.59
38506792,61911,22,279.89
38506792,20430,1,198.89
38506792,81834,4,186.89
38509285,47174,9,390.69
38518774,66452,13,169.99
38518774,80625,11,690.09
38526486,32091,2,81.39
38549866,54586,20,98.49
38549866,68080,1,141.29
38549866,10023,15,181.29
38567315,22393,14,1060.09
38567315,54586,1,98.49
38567315,92046,9,166.49
38567315,75438,10,59.19
38579598,32640,2,234.89
38579598,14109,10,225.49
38579598,57874,10,234.09
38579598,86809,1,71.29
38579598,18476,9,11.09
38579598,17582,7,83.39
38579598,26270,13,749.99
38585607,35798,10,82.99
38585607,87148,2,4.99
38585607,61911,25,279.89
38585607,39417,1,192.59
38585607,32457,9,550.79
38588259,80349,24,203.59
38588259,68080,23,141.29
38598377,32511,1,62.59
38598377,15578,1,78.69
38609875,25979,24,215.99
38609875,89968,10,206.49
38609875,14920,6,249.99
38609875,47632,3,168.29
38612636,32091,14,81.39
38612923,36224,5,56.09
38630049,75767,2,243.99
38636948,66452,6,169.99
38636948,57545,6,12.49
38636948,44513,18,53.19
38636948,26270,22,749.99
38636948,37490,1,159.99
38637502,47437,1,898.99
38637502,64833,3,418.99
38643456,16353,1,105.99
38643456,98451,21,1292.09
38643456,35798,12,82.99
38643590,63985,17,78.79
38643590,68080,19,141.29
38643590,54586,21,98.49
38643590,92839,1,84.09
38643590,22393,21,1060.09
38644310,45172,25,205.99
38644310,74326,4,212.99
38644310,46935,2,118.99
38657372,68080,15,141.29
38683911,85459,6,239.79
38703067,32640,1,234.89
38703067,71227,5,166.29
38703067,78853,4,26.29
38703067,15626,2,429.09
38703067,68479,25,46.29
38710938,32457,1,550.79
38710938,20430,15,198.89
38710938,69991,3,1268.79
38710938,52648,11,195.89
38710938,90808,13,77.19
38710938,82664,23,269.69
38716381,57224,1,54.99
38716381,10023,4,181.29
38719861,45172,5,205.99
38719861,29892,9,44.09
38724263,58650,2,11.09
38724263,23045,2,713.69
38724263,64388,2,290.09
38724263,20482,17,592.49
38724263,35273,16,213.19
38753450,36224,8,56.09
38753450,10023,3,181.29
38753450,98451,9,1292.09
38755781,44115,1,1320.79
38762746,46421,1,185.89
38762746,15626,2,429.09
38762746,57874,5,234.09
38762746,11575,5,233.29
38762746,98451,2,1292.09
38765113,32091,2,81.39
38765113,85973,2,177.59
38768887,11313,4,78.49
38768887,69218,9,184.09
38768887,85973,1,177.59
38768887,17582,13,83.39
38775799,61311,12,160.19
38775799,20430,3,198.89
38787353,53078,13,293.39
38795195,33606,8,285.99
38826992,34871,1,6.59
38828316,57224,17,54.99
38828316,15918,1,32.99
38828316,29892,24,44.09
38828316,20054,1,196.99
38829764,77617,4,226.99
38829764,27849,4,123.59
38830720,87574,19,130.19
38832839,66578,7,268.19
38835275,85459,1,239.79
38835275,97298,9,29.99
38835275,29892,25,44.09
38842554,73115,3,172.99
38842554,37742,8,193.59
38842554,35798,13,82.99
38842554,59301,3,43.99
38842554,22393,2,1060.09
38868559,26270,20,749.99
38872855,20430,1,198.89
38877245,68080,2,141.29
38877245,15918,25,32.99
38877245,83295,21,123.99
38877245,21230,15,90.79
38877245,20430,8,198.89
38877245,47632,1,168.29
38888696,20054,2,196.99
38888696,95646,5,323.09
38888696,41226,9,288.09
38888696,66578,6,268.19
38888908,32511,20,62.59
38888908,60647,1,264.09
38900339,15578,1,78.69
38904773,98451,23,1292.09
38904773,75721,3,174.59
38904773,85973,6,177.59
38905255,41515,3,1273.69
38905255,16236,1,4.99
38905255,64388,25,290.09
38907099,48869,17,901.09
38907099,95339,19,58.89
38907498,39417,11,192.59
38907498,95646,21,323.09
38907498,57874,1,234.09
38907498,85459,6,239.79
38921930,61093,18,240.99
38927025,16805,7,279.49
38942451,14109,9,225.49
38942451,57224,11,54.99
38943360,68479,7,46.29
38952432,75721,5,174.59
38952432,90808,1,77.19
38952432,15578,8,78.69
38952432,34871,22,6.59
38952432,57874,12,234.09
38952432,52648,1,195.89
38952432,47632,2,168.29
38952432,22393,18,1060.09
38952495,61311,3,160.19
38952632,64279,21,126.39
38952632,61311,8,160.19
38952632,15578,11,78.69
38952632,50462,14,174.99
38952632,64388,11,290.09
38952632,63985,1,78.79
38952632,62011,1,72.79
38968332,32511,6,62.59
38968332,95339,1,58.89
38968332,71227,2,166.29
38968332,92839,9,84.09
38984712,95646,12,323.09
38995338,20430,1,198.89
38999369,32457,7,550.79
38999369,58650,10,11.09
38999369,59301,3,43.99
38999369,45172,9,205.99
38999369,48996,4,64.79
38999564,44513,18,53.19
38999564,21230,5,90.79
39003383,14979,1,582.09
39003383,68080,7,141.29
39003383,35273,9,213.19
39021163,56178,1,1474.59
39025403,20074,2,1064.09
39025403,47632,9,168.29
39025403,21230,1,90.79
39025403,44331,8,121.79
39040626,57874,2,234.09
39040626,35798,3,82.99
39040626,95523,10,82.19
39056811,22393,1,1060.09
39056811,16086,20,36.99
39056811,77617,6,226.99
39066974,92839,3,84.09
39078867,92839,10,84.09
39078867,32457,7,550.79
39078867,21230,20,90.79
39084125,86809,9,71.29
39084125,16353,12,105.99
39085076,58241,21,203.99
39085076,48289,1,85.59
39093344,41039,1,218.69
39101016,36224,1,56.09
39101179,41039,17,218.69
39101179,12576,1,134.49
39101179,59301,5,43.99
39101179,85973,2,177.59
39101179,11453,3,1304.19
39101179,81834,2,186.89
39102318,17582,4,83.39
39108149,15918,2,32.99
39117583,32457,2,550.79
39117583,66452,3,169.99
39117583,46421,11,185.89
39117583,98451,11,1292.09
39126850,80349,8,203.59
39126850,86809,20,71.29
39126850,64388,18,290.09
39126850,71227,3,166.29
39133736,39417,3,192.59
39133736,10621,1,165.19
39133736,80625,22,690.09
39133736,57874,20,234.09
39133736,41515,1,1273.69
39133736,69729,5,209.19
39133736,58241,1,203.99
39133736,47437,23,898.99
39143441,15626,5,429.09
39143441,53392,19,112.99
39143441,95646,11,323.09
39143441,80625,3,690.09
39143441,26245,25,107.79
39143441,80349,8,203.59
39143441,47632,16,168.29
39156395,16749,4,231.39
39156395,64388,14,290.09
39156395,69729,9,209.19
39156395,95339,2,58.89
39156395,61311,5,160.19
39156395,25536,1,208.09
39156395,66452,1,169.99
39165631,78649,14,1059.49
39165631,41515,1,1273.69
39165631,77670,1,244.59
39170912,37490,1,159.99
39172521,26245,9,107.79
39172521,69991,5,1268.79
39172521,97210,3,241.29
39172521,57545,6,12.49
39172521,39417,25,192.59
39172521,64388,1,290.09
39179530,26740,7,216.59
39179530,86809,5,71.29
39186075,25536,4,208.09
39186075,90808,3,77.19
39186075,20430,6,198.89
39186075,32457,3,550.79
39191288,26270,9,749.99
39192454,99613,24,287.89
39192460,26270,1,749.99
39208866,19021,5,253.09
39215661,69037,15,35.99
39243737,15918,6,32.99
39243737,57874,3,234.09
39243737,57224,16,54.99
39245241,57224,7,54.99
39245241,80349,3,203.59
39245241,58650,24,11.09
39245241,52648,4,195.89
39245241,47174,13,390.69
39263967,29892,5,44.09
39288697,81834,1,186.89
39288697,85459,9,239.79
39288697,79647,18,91.09
39288697,84547,17,205.49
39302558,75721,2,174.59
39302558,26270,1,749.99
39302558,57545,9,12.49
39302558,61311,4,160.19
39302558,85076,5,893.99
39302558,87148,1,4.99
39305360,22393,5,1060.09
39305360,94652,6,32.39
39305360,11575,13,233.29
39307040,20430,1,198.89
39307040,95339,16,58.89
39307040,27600,8,1470.79
39307040,17582,6,83.39
39307040,66578,1,268.19
39307040,36224,1,56.09
39315082,22057,12,294.89
39315082,68479,13,46.29
39322291,10621,15,165.19
39322291,17576,2,214.09
39328363,20430,1,198.89
39328363,10023,9,181.29
39328363,97298,1,29.99
39328363,68080,1,141.29
39328363,46421,19,185.89
39328363,26270,15,749.99
39328363,47632,1,168.29
39328363,57224,18,54.99
39346737,66452,8,169.99
39346737,33606,19,285.99
39346737,56751,22,27.29
39347569,90808,17,77.19
39347569,95646,13,323.09
39347569,46421,1,185.89
39359367,47632,20,168.29
39359367,89968,12,206.49
39359367,41226,6,288.09
39368525,90808,2,77.19
39368525,22057,3,294.89
39368525,37742,1,193.59
39370231,77670,15,244.59
39370231,71645,1,403.99
39370231,58241,10,203.99
39370231,64388,4,290.09
39370231,87426,10,180.29
39373568,20430,9,198.89
39373568,81834,2,186.89
39373568,14979,5,582.09
39373568,26245,1,107.79
39375424,20054,10,196.99
39375424,14920,10,249.99
39375424,11313,8,78.49
39375424,56178,10,1474.59
39375424,16749,3,231.39
39375424,66578,16,268.19
39375424,63748,22,91.19
39375424,92839,23,84.09
39376520,14979,24,582.09
39376566,87148,11,4.99
39376566,11426,10,1071.19
39390488,36224,10,56.09
39390488,87809,5,436.79
39413759,75721,23,174.59
39413759,26245,6,107.79
39413759,32091,4,81.39
39451379,40999,1,120.99
39451379,80349,13,203.59
39451379,83295,2,123.99
39454840,57545,2,12.49
39478746,87809,1,436.79
39483132,47632,1,168.29
39483132,16236,3,4.99
39483132,17576,13,214.09
39483132,72911,7,382.29
39483132,26245,1,107.79
39488262,75767,10,243.99
39488262,57801,13,63.79
39488262,71227,13,166.29
39488262,98451,1,1292.09
39488262,15918,7,32.99
39502727,32457,5,550.79
39533707,33606,6,285.99
39533707,85973,10,177.59
39533707,92839,4,84.09
39533707,84547,6,205.49
39536879,15918,14,32.99
39555579,39417,6,192.59
39555579,87809,5,436.79
39555579,17582,17,83.39
39571954,61311,11,160.19
39571954,46420,3,41.59
39571954,92839,1,84.09
39573545,56178,10,1474.59
39573545,68080,14,141.29
39573545,32457,12,550.79
39573545,47632,6,168.29
39589031,58241,2,203.99
39589031,66452,7,169.99
39589031,78649,14,1059.49
39589031,97298,6,29.99
39591010,95523,5,82.19
39596072,83295,11,123.99
39596072,10621,1,165.19
39596072,36262,23,233.99
39598658,48606,21,391.49
39612613,90808,17,77.19
39618047,71227,5,166.29
39618895,57545,3,12.49
39618895,32511,1,62.59
39618895,35273,17,213.19
39618895,39417,14,192.59
39618895,22393,25,1060.09
39618895,57224,8,54.99
39620607,36496,1,5.69
39628696,32091,3,81.39
39628696,90808,2,77.19
39628696,47174,21,390.69
39628696,16749,16,231.39
39628696,72692,2,46.69
39639928,77617,6,226.99
39639928,22393,18,1060.09
39639928,32640,10,234.89
39639928,92839,1,84.09
39639928,23045,1,713.69
39644271,29892,16,44.09
39645930,66452,3,169.99
39645930,10621,2,165.19
39645930,27849,1,123.59
39645930,25979,19,215.99
39657898,19409,19,67.99
39659146,80625,4,690.09
39660038,95646,9,323.09
39660038,15081,3,108.99
39678008,92839,3,84.09
39678008,15918,21,32.99
39693907,61911,7,279.89
39695381,87809,3,436.79
39695381,25979,2,215.99
39695381,27600,24,1470.79
39695381,69991,6,1268.79
39705462,46421,1,185.89
39705800,52648,1,195.89
39712642,16353,1,105.99
39712642,32457,3,550.79
39712642,19021,16,253.09
39712642,37489,9,17.69
39712642,11313,2,78.49
39712642,46420,20,41.59
39712642,26245,6,107.79
39722430,26245,1,107.79
39722430,24242,1,116.99
39722430,12576,3,134.49
39722430,26270,23,749.99
39746114,92898,1,1162.99
39750096,85076,20,893.99
39763228,36224,16,56.09
39769077,97210,3,241.29
39769077,46421,3,185.89
39778822,21508,7,97.89
39778822,87789,6,294.99
39778822,45172,1,205.99
39784857,32938,8,1148.89
39784857,81834,9,186.89
39795529,32457,2,550.79
39799487,48510,1,68.99
39810015,35798,6,82.99
39819392,61911,4,279.89
39821089,20430,13,198.89
39821089,89968,21,206.49
39821089,35273,12,213.19
39821089,56178,13,1474.59
39821089,61311,22,160.19
39821089,22393,13,1060.09
39821089,94514,12,254.99
39847824,26245,16,107.79
39847824,57545,18,12.49
39847824,20430,6,198.89
39851405,35273,8,213.19
39852041,89968,9,206.49
39854222,47174,2,390.69
39854222,94514,1,254.99
39854222,71645,22,403.99
39855651,85973,3,177.59
39855651,29892,20,44.09
39855687,16749,1,231.39
39855687,50462,7,174.99
39865178,16257,4,154.99
39867538,87426,2,180.29
39867538,80349,1,203.59
39867538,36224,14,56.09
39867538,63985,14,78.79
39871661,68479,2,46.29
39871661,57545,20,12.49
39871661,81834,8,186.89
39871661,56178,24,1474.59
39871661,19409,1,67.99
39879416,48996,22,64.79
39882199,57545,6,12.49
39882199,85459,1,239.79
39882199,45172,24,205.99
39882199,19409,4,67.99
39882199,57224,25,54.99
39882199,26399,1,179.19
39883265,50462,24,174.99
39883265,87809,23,436.79
39894635,85572,5,30.99
39894635,98451,1,1292.09
39894635,48869,9,901.09
39894635,20430,4,198.89
39894635,83295,11,123.99
39894635,95339,16,58.89
39901365,47174,14,390.69
39905357,26740,1,216.59
39905357,19011,6,198.89
39905357,85076,22,893.99
39905357,52648,10,195.89
39914458,68479,3,46.29
39914458,19021,1,253.09
39936354,40999,7,120.99
39936354,85459,13,239.79
39936354,73489,4,251.09
39960442,33606,10,285.99
39960442,96141,4,909.49
39960442,90808,17,77.19
39964395,64388,13,290.09
39981656,32511,5,62.59
39981656,84547,1,205.49
39988421,97298,1,29.99
39988421,66452,3,169.99
39988421,57874,4,234.09
39988421,75721,12,174.59
40024665,98451,20,1292.09
40034826,47174,4,390.69
40034826,78853,22,26.29
40035741,63985,1,78.79
40035741,75767,16,243.99
40035741,70801,12,215.99
40043012,33606,24,285.99
40043012,71227,11,166.29
40043012,58241,2,203.99
40046616,64279,23,126.39
40050136,61911,3,279.89
40050136,39417,9,192.59
40050136,84547,21,205.49
40054185,86725,1,260.79
40054185,57051,16,58.39
40054185,10023,1,181.29
40054185,33606,25,285.99
40059377,20054,13,196.99
40059377,57224,9,54.99
40061311,78853,16,26.29
40062254,68723,24,96.89
40069366,15578,5,78.69
40071415,45172,9,205.99
40071415,35273,4,213.19
40071415,46420,11,41.59
40071415,16749,8,231.39
40091874,78853,6,26.29
40091874,76830,2,210.09
40091874,26270,11,749.99
40091874,20054,18,196.99
40091874,81834,1,186.89
40091874,57224,21,54.99
40091874,83295,2,123.99
40102237,75767,2,243.99
40102237,14979,19,582.09
40105483,95646,8,323.09
40110623,22393,24,1060.09
40123710,92046,2,166.49
40123710,68479,2,46.29
40128982,33606,4,285.99
40128982,11575,22,233.29
40140843,48510,7,68.99
40140843,72911,3,382.29
40140843,81834,8,186.89
40146464,58241,21,203.99
40146464,11575,19,233.29
40146464,10621,14,165.19
40156501,85973,4,177.59
40156501,68080,1,141.29
40156501,68723,19,96.89
40156501,69218,10,184.09
40156501,85076,1,893.99
40156501,37742,2,193.59
40162644,10621,8,165.19
40162644,68479,19,46.29
40165326,69729,4,209.19
40165326,48869,16,901.09
40165326,15918,1,32.99
40165326,85459,8,239.79
40165326,35798,3,82.99
40168673,32511,17,62.59
40168673,32457,2,550.79
40168673,77617,10,226.99
40171583,77617,2,226.99
40171583,68080,1,141.29
40174390,58650,8,11.09
40174390,79564,2,34.99
40174390,87809,2,436.79
40174390,35273,4,213.19
40174390,69991,2,1268.79
40185700,57051,3,58.39
40188209,57874,10,234.09
40188209,22057,11,294.89
40188832,10621,1,165.19
40199637,48996,15,64.79
40205515,52648,15,195.89
40205515,26245,10,107.79
40205515,75721,6,174.59
40211015,78853,13,26.29
40211015,64833,13,418.99
40211015,48869,1,901.09
40211015,41515,3,1273.69
40211015,10023,3,181.29
40211015,61911,10,279.89
40211015,57545,2,12.49
40211015,48510,25,68.99
40213296,32511,17,62.59
40213296,35273,3,213.19
40218732,61311,8,160.19
40218732,11575,8,233.29
40218732,10621,2,165.19
40245279,46420,6,41.59
40245279,78853,2,26.29
40248008,37742,16,193.59
40263726,16353,1,105.99
40263726,53392,3,112.99
40263726,47437,1,898.99
40263726,85076,1,893.99
40267623,35273,3,213.19
40272743,63985,12,78.79
40288169,39417,12,192.59
40288169,26270,4,749.99
40288229,46421,8,185.89
40288229,26740,1,216.59
40292001,15918,16,32.99
40292001,13185,4,205.29
40299641,79834,24,151.19
40299641,36224,4,56.09
40307169,11575,2,233.29
40307169,87809,8,436.79
40308528,70801,2,215.99
40308528,12576,25,134.49
40308528,52648,6,195.89
40312924,46421,11,185.89
40312924,16805,11,279.49
40312924,78853,6,26.29
40312924,33935,22,201.99
40312924,32457,18,550.79
40312924,52648,2,195.89
40312924,92839,25,84.09
40312924,15918,2,32.99
40313695,51181,8,184.29
40313695,68479,1,46.29
40313695,58241,11,203.99
40313695,57545,16,12.49
40314451,57874,11,234.09
40314451,62011,17,72.79
40323757,32091,1,81.39
40323757,58241,2,203.99
40323757,48869,1,901.09
40323757,90808,1,77.19
40329641,68723,1,96.89
40329641,41345,1,812.29
40329641,22057,22,294.89
40329641,20430,18,198.89
40329641,80978,6,280.69
40329641,25979,1,215.99
40331328,35273,4,213.19
40344363,26270,19,749.99
40346797,68080,18,141.29
40346797,72692,8,46.69
40355007,79564,2,34.99
40355007,87809,8,436.79
40364543,62011,5,72.79
40364543,96141,7,909.49
40364543,56178,1,1474.59
40364543,89133,24,292.19
40364543,84547,10,205.49
40364543,20430,2,198.89
40370145,78853,5,26.29
40370145,66578,3,268.19
40371235,20054,20,196.99
40371235,41515,1,1273.69
40390847,66578,19,268.19
40396167,20054,10,196.99
40396167,21508,2,97.89
40396167,27849,10,123.59
40407474,47174,10,390.69
40411069,56178,22,1474.59
40411340,98451,18,1292.09
40411340,16353,8,105.99
40411340,83295,22,123.99
40411340,94652,1,32.39
40411340,86854,16,207.99
40421137,71227,23,166.29
40430149,71227,18,166.29
40440709,77617,8,226.99
40440709,27849,2,123.59
40440709,27600,3,1470.79
40440709,25979,4,215.99
40440709,90808,10,77.19
40443054,27057,1,353.39
40443585,94612,1,266.79
40453839,46935,2,118.99
40455897,80625,1,690.09
40455897,12377,6,175.59
40455897,25979,8,215.99
40460096,32457,1,550.79
40460096,10023,18,181.29
40462510,96141,18,909.49
40462510,15578,1,78.69
40468845,20054,4,196.99
40468845,39417,3,192.59
40472213,37489,17,17.69
40472213,32640,1,234.89
40502748,77670,1,244.59
40502748,75721,4,174.59
40503920,77617,19,226.99
40503920,77670,5,244.59
40515989,19409,19,67.99
40541059,16236,22,4.99
40541059,80349,3,203.59
40544083,48869,13,901.09
40544083,97298,9,29.99
40544083,23045,1,713.69
40557110,80349,5,203.59
40557110,69729,12,209.19
40594056,28650,2,96.69
40594056,29892,8,44.09
40594056,64388,4,290.09
40594056,17582,25,83.39
40594056,11313,1,78.49
40594056,20054,1,196.99
40594056,97210,9,241.29
40601849,57224,17,54.99
40603529,26740,22,216.59
40603529,35798,5,82.99
40603549,57051,11,58.39
40605213,76830,4,210.09
40605213,19021,18,253.09
40612614,85076,15,893.99
40626740,41515,17,1273.69
40626740,96141,12,909.49
40626740,28650,2,96.69
40630681,57224,1,54.99
40630681,39417,16,192.59
40645616,15578,1,78.69
40645616,26740,22,216.59
40645616,14920,5,249.99
40645616,23045,1,713.69
40645616,25979,6,215.99
40661987,47437,19,898.99
40661987,10621,12,165.19
40661987,87809,8,436.79
40661987,33606,5,285.99
40661987,77617,6,226.99
40666880,63985,9,78.79
40666880,92839,3,84.09
40666880,18398,2,283.19
40671130,58241,2,203.99
40671130,36496,3,5.69
40678133,66452,12,169.99
40682340,32091,20,81.39
40687704,47632,2,168.29
40687704,54586,1,98.49
40687704,84547,6,205.49
40687704,26245,22,107.79
40688817,95339,3,58.89
40688817,78853,3,26.29
40690101,15626,13,429.09
40690101,90808,2,77.19
40690101,61093,23,240.99
40703851,22393,1,1060.09
40703851,20430,1,198.89
40703851,57224,4,54.99
40704117,37490,6,159.99
40704117,36224,25,56.09
40704117,77617,20,226.99
40707098,44331,5,121.79
40707098,37489,1,17.69
40707098,20054,1,196.99
40720041,36224,1,56.09
40735874,16353,3,105.99
40735874,48510,3,68.99
40735874,19177,3,100.79
40735874,61311,3,160.19
40735874,23045,2,713.69
40744623,97298,15,29.99
40744623,37489,8,17.69
40759711,26270,24,749.99
40759711,68723,7,96.89
40775294,17582,7,83.39
40782577,95646,25,323.09
40782577,90808,9,77.19
40782577,85076,4,893.99
40782577,15578,4,78.69
40787248,81834,4,186.89
40787248,57874,5,234.09
40787248,78853,20,26.29
40787248,16353,5,105.99
40787248,66452,9,169.99
40787248,35798,6,82.99
40787248,62011,10,72.79
40811375,30041,2,112.09
40811375,14979,6,582.09
40811375,48996,1,64.79
40811375,18476,1,11.09
40811375,85459,4,239.79
40811375,35273,11,213.19
40811375,37742,25,193.59
40811375,97210,1,241.29
40811948,46420,7,41.59
40834971,34871,17,6.59
40834971,47174,8,390.69
40835478,23045,11,713.69
40835478,14920,12,249.99
40835478,64388,9,290.09
40846623,15578,15,78.69
40846623,32457,7,550.79
40852379,57224,6,54.99
40854841,90808,1,77.19
40854841,41515,8,1273.69
40854841,48510,17,68.99
40870264,57224,1,54.99
40870264,35798,4,82.99
40889769,32938,1,1148.89
40889769,90808,17,77.19
40889769,57224,5,54.99
40889769,35273,21,213.19
40889769,71645,4,403.99
40889769,46421,24,185.89
40907063,22393,5,1060.09
40955576,68723,1,96.89
40955576,57051,19,58.39
40978206,57874,3,234.09
40978206,20430,24,198.89
40978206,12576,18,134.49
40978206,15578,22,78.69
40978206,66452,15,169.99
40986748,63985,16,78.79
40986748,91580,24,262.59
40986748,95646,13,323.09
40991802,92839,2,84.09
40991802,32457,20,550.79
40994564,79564,11,34.99
40999808,98451,10,1292.09
40999808,14920,1,249.99
40999808,90808,1,77.19
40999808,44513,1,53.19
40999808,32457,2,550.79
40999808,20074,5,1064.09
41003826,85076,6,893.99
41003826,69729,3,209.19
41003826,16086,2,36.99
41003826,41515,1,1273.69
41003826,19011,4,198.89
41003826,64388,8,290.09
41003826,27849,1,123.59
41003826,87809,14,436.79
41006083,45172,19,205.99
41009503,20043,16,165.99
41009503,27600,19,1470.79
41011009,73115,3,172.99
41015831,58241,17,203.99
41019353,21230,1,90.79
41057058,68080,3,141.29
41057058,10621,4,165.19
41057058,96141,20,909.49
41057058,63985,6,78.79
41057058,86854,12,207.99
41064454,14979,10,582.09
41064454,18070,1,277.99
41064454,25979,2,215.99
41064454,19409,16,67.99
41087214,26270,2,749.99
41087214,25536,12,208.09
41087214,86854,13,207.99
41087214,66452,18,169.99
41091248,21230,3,90.79
41091248,32511,15,62.59
41097947,12576,23,134.49
41097947,39417,12,192.59
41097947,75767,16,243.99
41097947,16353,11,105.99
41097947,84547,24,205.49
41109867,77617,10,226.99
41109867,48510,7,68.99
41109867,86286,1,261.59
41109867,26740,3,216.59
41109867,95646,22,323.09
41120030,97298,21,29.99
41120030,78853,18,26.29
41120030,47174,2,390.69
41120030,48510,1,68.99
41120030,56178,13,1474.59
41120030,87809,6,436.79
41126936,97298,11,29.99
41165448,32511,3,62.59
41165448,77617,6,226.99
41165448,14979,8,582.09
41165448,10023,6,181.29
41165448,26740,15,216.59
41180702,46421,5,185.89
41180702,95646,1,323.09
41190158,81834,13,186.89
41190158,46499,4,299.49
41190158,77617,1,226.99
41190158,33935,18,201.99
41206828,10621,17,165.19
41215242,41515,19,1273.69
41224619,66578,2,268.19
41224619,24242,2,116.99
41224619,66452,19,169.99
41227260,75721,6,174.59
41227260,48510,14,68.99
41230317,52661,11,797.29
41230317,86809,1,71.29
41230317,78853,18,26.29
41230317,47174,18,390.69
41230317,32640,1,234.89
41230317,85459,1,239.79
41230733,87148,19,4.99
41230733,52648,13,195.89
41230733,90808,19,77.19
41230733,37490,24,159.99
41230733,45172,17,205.99
41230733,47632,22,168.29
41230733,99613,8,287.89
41239010,80978,1,280.69
41239010,35798,19,82.99
41239010,10023,1,181.29
41239010,16086,7,36.99
41239010,23045,23,713.69
41239010,80625,1,690.09
41239050,48996,7,64.79
41239600,90808,5,77.19
41239600,81834,8,186.89
41239600,71227,1,166.29
41239600,26245,13,107.79
41240932,22393,6,1060.09
41255561,46421,9,185.89
41255561,47632,8,168.29
41255561,32457,5,550.79
41260916,16086,21,36.99
41260916,21508,15,97.89
41260916,11313,4,78.49
41261106,85973,20,177.59
41266776,46421,8,185.89
41266776,41345,3,812.29
41266776,36496,2,5.69
41266776,52111,2,173.99
41290276,26270,20,749.99
41301592,83295,10,123.99
41301592,16353,10,105.99
41310166,85459,14,239.79
41310166,22393,1,1060.09
41310166,48510,2,68.99
41310166,16086,14,36.99
41310166,36224,1,56.09
41329972,35273,6,213.19
41342219,81834,1,186.89
41342219,89968,9,206.49
41343252,97210,17,241.29
41343252,39417,5,192.59
41343252,20430,17,198.89
41343252,62011,3,72.79
41343252,37742,23,193.59
41367254,76830,7,210.09
41367254,80625,18,690.09
41367254,15626,12,429.09
41367254,78853,1,26.29
41367254,18476,1,11.09
41367254,32511,15,62.59
41370780,33606,3,285.99
41370780,97298,14,29.99
41377772,24242,2,116.99
41377772,85076,4,893.99
41380006,86286,12,261.59
41396074,83295,11,123.99
41396074,35798,13,82.99
41408661,41515,1,1273.69
41408661,57051,3,58.39
41408661,95646,10,323.09
41408661,92839,1,84.09
41408661,81834,1,186.89
41408661,52648,1,195.89
41412700,71645,6,403.99
41416618,10023,15,181.29
41416618,11313,9,78.49
41416618,15578,2,78.69
41416618,20054,6,196.99
41421624,95523,13,82.19
41421624,51061,3,192.39
41421624,16086,8,36.99
41421624,61311,1,160.19
41421624,85973,1,177.59
41425481,48510,1,68.99
41425481,47437,9,898.99
41430612,32511,1,62.59
41434161,26270,18,749.99
41434412,28650,3,96.69
41434412,81641,1,228.09
41434412,47174,6,390.69
41449424,86286,7,261.59
41449801,94514,23,254.99
41450141,37490,5,159.99
41450141,19409,3,67.99
41457272,84547,18,205.49
41457272,19403,10,228.99
41457272,95646,22,323.09
41457272,37489,3,17.69
41457272,36496,1,5.69
41460419,75721,2,174.59
41460419,68479,1,46.29
41460419,58241,2,203.99
41460419,32511,16,62.59
41465395,23045,12,713.69
41465395,61311,2,160.19
41465395,54586,25,98.49
41475220,36262,22,233.99
41475306,57874,2,234.09
41475306,82664,3,269.69
41488894,86809,20,71.29
41488894,61311,5,160.19
41507889,95339,6,58.89
41508330,37742,2,193.59
41510023,11575,21,233.29
41519463,45172,20,205.99
41526571,33606,8,285.99
41526571,68723,3,96.89
41526571,77617,1,226.99
41526571,32511,14,62.59
41526571,66578,11,268.19
41528866,79564,2,34.99
41528866,78649,7,1059.49
41546242,87426,8,180.29
41546642,27849,2,123.59
41555199,81834,15,186.89
41555199,16353,1,105.99
41555199,61911,3,279.89
41568673,11313,4,78.49
41568673,26270,1,749.99
41571288,58241,1,203.99
41571288,26740,16,216.59
41571288,32511,4,62.59
41574808,80978,3,280.69
41574808,57874,16,234.09
41580355,96141,4,909.49
41584048,32938,24,1148.89
41597422,68080,2,141.29
41597422,11811,7,250.49
41597422,80349,1,203.59
41607664,25536,1,208.09
41610739,72911,5,382.29
41610739,86286,3,261.59
41610739,16353,5,105.99
41623536,84547,3,205.49
41648499,76830,1,210.09
41648499,26740,12,216.59
41648499,20430,11,198.89
41648499,26750,1,78.79
41648499,34871,14,6.59
41648499,61677,19,192.69
41661537,66452,3,169.99
41664559,53392,1,112.99
41677371,36496,1,5.69
41680561,54586,21,98.49
41680561,92839,12,84.09
41680561,41515,17,1273.69
41680561,14109,2,225.49
41680561,94514,1,254.99
41681046,36209,2,189.99
41681046,11313,24,78.49
41681046,95339,3,58.89
41681046,64388,1,290.09
41681046,78853,4,26.29
41684616,48869,12,901.09
41688826,52648,2,195.89
41692770,58241,15,203.99
41692770,86286,14,261.59
41694541,86809,9,71.29
41697108,99654,7,265.39
41697108,53392,4,112.99
41705262,39417,10,192.59
41705262,57874,5,234.09
41705262,45172,8,205.99
41706777,80625,3,690.09
41706777,45172,1,205.99
41706777,32091,2,81.39
41706777,10023,25,181.29
41728548,32511,16,62.59
41738332,71227,18,166.29
41741311,50462,6,174.99
41741311,54586,1,98.49
41765559,75767,19,243.99
41765559,57051,2,58.39
41765559,99654,1,265.39
41765559,77617,19,226.99
41790968,75438,16,59.19
41794381,15081,6,108.99
41816182,66452,1,169.99
41825103,86854,4,207.99
41835473,89968,1,206.49
41838011,34871,20,6.59
41848178,41515,1,1273.69
41848178,22393,1,1060.09
41848178,20054,6,196.99
41881200,15578,2,78.69
41881200,97298,8,29.99
41881200,11575,16,233.29
41881715,19409,3,67.99
41881715,87809,8,436.79
41886723,37489,9,17.69
41886723,35798,1,82.99
41886723,11313,1,78.49
41886723,36591,7,162.99
41900203,46835,15,112.29
41911651,46421,12,185.89
41911651,52648,13,195.89
41911651,29305,2,210.19
41911651,58650,12,11.09
41911651,69218,1,184.09
41915229,25536,12,208.09
41915229,57224,4,54.99
41917508,41345,5,812.29
41923218,61311,2,160.19
41923218,14979,10,582.09
41923218,20054,20,196.99
41932350,92839,3,84.09
41932350,39417,2,192.59
41942837,17582,2,83.39
41945218,35273,1,213.19
41948391,17582,2,83.39
41948391,37742,10,193.59
41949787,20074,22,1064.09
41949787,57801,5,63.79
41949787,20054,22,196.99
41949787,12576,1,134.49
41949787,58241,2,203.99
41956567,57874,3,234.09
41956567,77617,19,226.99
41956567,76830,21,210.09
41956567,81834,1,186.89
41956567,92839,1,84.09
41962710,99654,1,265.39
41962710,81834,6,186.89
41964487,95646,7,323.09
41964487,19409,3,67.99
41964487,71487,20,1086.99
41964487,15918,4,32.99
41964487,33606,1,285.99
41969164,37489,9,17.69
41969164,12377,17,175.59
41969164,69991,23,1268.79
41977555,98451,1,1292.09
41977555,87148,2,4.99
41977555,75438,1,59.19
41977555,61311,12,160.19
41999552,78649,13,1059.49
42017639,48996,2,64.79
42017639,46421,1,185.89
42024742,64873,17,77.99
42026402,52648,8,195.89
42035722,45172,1,205.99
42035722,97210,8,241.29
42038648,57545,14,12.49
42044811,95646,5,323.09
42044811,77617,1,226.99
42044811,92839,25,84.09
42044811,57874,2,234.09
42044811,28650,1,96.69
42049715,23364,13,143.99
42049715,33606,6,285.99
42065614,46935,2,118.99
42065614,85572,17,30.99
42065614,86725,7,260.79
42065614,14920,7,249.99
42068518,85076,2,893.99
42068518,10621,16,165.19
42072008,66452,6,169.99
42072008,79564,23,34.99
42074464,41515,6,1273.69
42074464,68080,1,141.29
42074464,26740,7,216.59
42074464,15918,6,32.99
42074464,22057,16,294.89
42074464,97298,17,29.99
42074464,85459,5,239.79
42079713,75767,9,243.99
42081021,35798,4,82.99
42081021,79163,2,738.99
42081021,77670,7,244.59
42081878,46420,25,41.59
42090409,83295,24,123.99
42100364,87148,10,4.99
42100364,11575,16,233.29
42100364,77617,14,226.99
42100364,19409,9,67.99
42100364,41039,2,218.69
42100777,46420,4,41.59
42100777,34871,7,6.59
42100777,32457,1,550.79
42100777,87809,2,436.79
42101981,14109,11,225.49
42101981,57224,10,54.99
42107508,90808,1,77.19
42107508,85076,3,893.99
42107508,64388,7,290.09
42107508,61311,7,160.19
42126893,16086,20,36.99
42126893,25536,12,208.09
42126893,64388,2,290.09
42136490,85973,21,177.59
42137135,36496,7,5.69
42137135,94652,8,32.39
42137135,46421,1,185.89
42142115,47174,2,390.69
42147330,24242,1,116.99
42147330,77617,1,226.99
42163766,37742,8,193.59
42163766,27536,1,216.99
42178363,87809,8,436.79
42180660,85973,10,177.59
42184783,80349,1,203.59
42184783,20054,19,196.99
42192734,26270,25,749.99
42212472,58241,1,203.99
42212472,37490,25,159.99
42212472,57224,19,54.99
42220426,46421,12,185.89
42220426,39417,5,192.59
42220426,36496,9,5.69
42220426,57051,6,58.39
42253401,58241,24,203.99
42264648,39417,7,192.59
42264648,37742,20,193.59
42270519,98451,11,1292.09
42270519,19021,15,253.09
42277749,34871,10,6.59
42277749,36224,1,56.09
42277749,79564,1,34.99
42277749,19403,3,228.99
42277749,16353,16,105.99
42277749,48996,8,64.79
42277749,35273,23,213.19
42277749,68080,2,141.29
42278098,25979,22,215.99
42278098,28650,23,96.69
42296031,35798,25,82.99
42296031,10621,1,165.19
42296156,64388,7,290.09
42296156,26740,16,216.59
42310766,32640,5,234.89
42310766,26270,24,749.99
42327717,37489,2,17.69
42327717,69729,3,209.19
42327717,85459,25,239.79
42329417,57545,8,12.49
42331499,19409,2,67.99
42331499,47174,1,390.69
42343512,27849,1,123.59
42343512,21230,21,90.79
42348175,73115,2,172.99
42353508,41515,1,1273.69
42362327,22393,2,1060.09
42362327,57051,14,58.39
42373377,39417,12,192.59
42373377,76830,16,210.09
42373377,37489,22,17.69
42373377,75438,25,59.19
42373377,92839,1,84.09
42373377,68479,1,46.29
42376200,57224,18,54.99
42379753,25979,20,215.99
42379753,24242,1,116.99
42379753,71645,7,403.99
42379911,95646,17,323.09
42379911,97298,14,29.99
42379911,54586,5,98.49
42379911,46835,20,112.29
42379911,26740,1,216.59
42379911,90808,1,77.19
42394886,57224,6,54.99
42401005,97298,21,29.99
42401005,32511,11,62.59
42411620,22393,7,1060.09
42411620,32457,2,550.79
42418799,36224,3,56.09
42431545,11313,1,78.49
42441459,21230,8,90.79
42451335,47174,11,390.69
42451335,86809,1,71.29
42451335,23045,9,713.69
42451335,92898,24,1162.99
42451335,41515,23,1273.69
42456053,54586,2,98.49
42456053,68080,1,141.29
42457718,71645,1,403.99
42457718,37490,1,159.99
42457718,11426,3,1071.19
42464692,16353,2,105.99
42477863,25536,2,208.09
42477863,48510,20,68.99
42477863,98451,5,1292.09
42478382,29305,13,210.19
42492975,80349,4,203.59
42492975,18070,11,277.99
42495065,69991,15,1268.79
42495065,52111,13,173.99
42498360,77617,4,226.99
42499845,47437,3,898.99
42506100,19409,1,67.99
42541434,19403,1,228.99
42541434,50462,2,174.99
42561665,48869,1,901.09
42561665,49147,4,352.19
42561665,95646,6,323.09
42561665,14979,1,582.09
42561665,89968,14,206.49
42561665,36224,1,56.09
42561665,76830,9,210.09
42587765,63985,4,78.79
42587765,17838,5,85.99
42587765,47437,1,898.99
42596049,80625,17,690.09
42596421,25536,24,208.09
42596421,47174,8,390.69
42607661,85973,6,177.59
42612499,47174,3,390.69
42612499,60647,5,264.09
42619647,52648,12,195.89
42619647,75721,1,174.59
42630112,35273,1,213.19
42636991,47437,10,898.99
42637385,47632,6,168.29
42655140,12576,1,134.49
42655140,83295,1,123.99
42657755,86809,1,71.29
42663563,86809,6,71.29
42663563,78853,1,26.29
42663563,97298,24,29.99
42678369,85076,3,893.99
42678369,87809,23,436.79
42678369,58241,4,203.99
42678369,66452,4,169.99
42685742,26245,1,107.79
42685742,26740,6,216.59
42685742,85076,12,893.99
42693617,56178,1,1474.59
42698095,35798,5,82.99
42703309,76830,1,210.09
42703309,85973,24,177.59
42703309,77670,21,244.59
42703309,72911,21,382.29
42703309,26245,9,107.79
42703309,61911,21,279.89
42703309,94514,2,254.99
42703309,57224,19,54.99
42704016,34871,20,6.59
42704016,75721,6,174.59
42704016,86854,1,207.99
42706082,41515,5,1273.69
42710511,11575,22,233.29
42718671,16749,1,231.39
42718671,79564,12,34.99
42724817,85459,3,239.79
42724817,56178,15,1474.59
42724817,32457,1,550.79
42760958,39417,1,192.59
42760958,85076,5,893.99
42771822,69218,17,184.09
42789316,23045,1,713.69
42790229,54586,1,98.49
42790229,85076,13,893.99
42790229,20430,25,198.89
42790229,77617,23,226.99
42790229,90808,7,77.19
42791344,36224,12,56.09
42793641,48349,18,51.69
42793641,64388,1,290.09
42813210,57224,23,54.99
42813210,95523,1,82.19
42813210,80349,20,203.59
42813210,68479,6,46.29
42813210,26245,11,107.79
42813210,57874,1,234.09
42814208,48996,12,64.79
42824206,46835,16,112.29
42824206,26245,21,107.79
42831260,53392,5,112.99
42836352,95646,16,323.09
42836352,46835,19,112.29
42836352,27849,1,123.59
42836352,32640,22,234.89
42836352,10621,1,165.19
42836352,20074,1,1064.09
42844320,95646,14,323.09
42859752,48869,23,901.09
42861911,32457,20,550.79
42864158,92046,15,166.49
42864158,76830,7,210.09
42864158,77617,1,226.99
42868438,85973,2,177.59
42874086,14042,18,77.29
42874086,32511,25,62.59
42876262,80351,20,194.99
42876262,71645,18,403.99
42876262,85076,5,893.99
42876262,46935,3,118.99
42876262,57224,9,54.99
42876262,87148,5,4.99
42883660,33935,1,201.99
42883660,68080,8,141.29
42886348,26245,22,107.79
42886348,61911,17,279.89
42889816,81834,25,186.89
42889816,15578,2,78.69
42889816,32091,12,81.39
42896631,95646,17,323.09
42899969,19409,2,67.99
42899969,84547,4,205.49
42899969,25536,17,208.09
42899969,13185,7,205.29
42899969,92839,5,84.09
42924708,80349,13,203.59
42924708,37489,19,17.69
42924708,14979,3,582.09
42924708,18398,15,283.19
42943317,15918,2,32.99
42987465,32457,12,550.79
42990648,85076,11,893.99
42990648,92839,21,84.09
43033055,86809,4,71.29
43033055,41515,6,1273.69
43033055,78853,21,26.29
43043299,36262,3,233.99
43043299,45172,6,205.99
43044521,19409,2,67.99
43044521,36224,3,56.09
43044521,87809,5,436.79
43047502,36224,20,56.09
43047502,85076,3,893.99
43047502,87809,5,436.79
43052069,71227,10,166.29
43052069,76061,1,229.99
43052069,53078,1,293.39
43052069,14979,13,582.09
43052069,86809,1,71.29
43054623,64388,14,290.09
43054623,20074,5,1064.09
43058683,32457,8,550.79
43058683,64388,4,290.09
43062331,94612,19,266.79
43062331,80349,1,203.59
43069532,20054,10,196.99
43098893,87426,2,180.29
43098893,85459,1,239.79
43098893,34871,2,6.59
43098893,20430,19,198.89
43105317,69729,9,209.19
43115162,61311,8,160.19
43126991,63748,1,91.19
43132198,63985,1,78.79
43158245,26740,7,216.59
43160999,57545,9,12.49
43160999,57874,10,234.09
43160999,86809,22,71.29
43160999,35798,1,82.99
43160999,17582,6,83.39
43174181,66452,8,169.99
43174181,16236,15,4.99
43174181,20430,6,198.89
43185052,97298,21,29.99
43185052,86809,1,71.29
43186897,20430,4,198.89
43186897,23364,10,143.99
43207969,36224,1,56.09
43207969,26270,3,749.99
43207969,84547,11,205.49
43231794,58650,25,11.09
43231794,92046,1,166.49
43231794,75438,25,59.19
43231794,78853,7,26.29
43231794,72692,10,46.69
43231794,12377,8,175.59
43232869,71645,14,403.99
43232869,81834,1,186.89
43232869,96141,17,909.49
43237775,87809,4,436.79
43242431,85076,17,893.99
43242431,10023,17,181.29
43242431,19021,6,253.09
43251823,86286,5,261.59
43251823,16236,7,4.99
43251823,57224,11,54.99
43258746,48996,19,64.79
43258746,57545,4,12.49
43264076,27849,2,123.59
43264076,63748,19,91.19
43284182,32457,15,550.79
43284182,15578,17,78.69
43284182,97298,2,29.99
43284182,98451,3,1292.09
43284182,22393,17,1060.09
43315892,12852,18,262.49
43315892,20430,18,198.89
43315892,52648,24,195.89
43317839,87148,23,4.99
43321635,92839,13,84.09
43323478,85076,15,893.99
43323478,23045,3,713.69
43323478,45172,17,205.99
43329496,94390,6,43.79
43329496,87809,7,436.79
43329496,92898,7,1162.99
43329496,36496,3,5.69
43338721,40676,1,899.09
43338721,17582,7,83.39
43338721,66452,25,169.99
43339859,10621,1,165.19
43339859,52648,10,195.89
43345849,84547,16,205.49
43345849,48510,14,68.99
43346950,19177,2,100.79
43346950,68080,20,141.29
43349988,57874,2,234.09
43363790,27849,4,123.59
43363790,85076,6,893.99
43369339,48869,4,901.09
43369339,32511,3,62.59
43369339,86809,22,71.29
43369339,36496,20,5.69
43369339,94652,8,32.39
43381015,52648,17,195.89
43386384,32511,13,62.59
43386384,68080,23,141.29
43388580,75721,21,174.59
43389493,24242,15,116.99
43389493,68479,18,46.29
43409374,68080,5,141.29
43421184,89968,4,206.49
43421184,84547,16,205.49
43421184,46421,5,185.89
43424884,75721,1,174.59
43424884,73489,11,251.09
43424884,16805,13,279.49
43424884,32511,18,62.59
43424884,85973,20,177.59
43424884,16086,1,36.99
43443148,58241,5,203.99
43444340,82305,5,271.99
43453808,68080,15,141.29
43469633,44115,1,1320.79
43479193,80625,18,690.09
43479193,25979,4,215.99
43479510,57874,8,234.09
43479510,56751,2,27.29
43479510,35273,20,213.19
43501742,57874,1,234.09
43501742,61311,16,160.19
43507648,68080,1,141.29
43507648,15578,1,78.69
43517577,63493,9,215.09
43517577,61311,3,160.19
43522812,71645,22,403.99
43536057,25979,11,215.99
43541008,61311,1,160.19
43541008,77617,9,226.99
43547079,54586,2,98.49
43547079,64388,7,290.09
43547079,81834,11,186.89
43547079,25979,8,215.99
43547079,48606,1,391.49
43547079,20430,2,198.89
43547079,52648,17,195.89
43547079,22057,4,294.89
43550523,26270,5,749.99
43569880,94612,1,266.79
43575386,83295,1,123.99
43586525,41515,5,1273.69
43586525,57545,3,12.49
43586525,77617,13,226.99
43586525,58241,8,203.99
43613855,61311,1,160.19
43613855,57051,7,58.39
43613855,25536,11,208.09
43613855,47174,1,390.69
43615739,26245,24,107.79
43615739,27600,6,1470.79
43615739,35798,12,82.99
43615739,35273,3,213.19
43615739,22393,1,1060.09
43618381,26245,3,107.79
43618381,32457,4,550.79
43618381,81834,6,186.89
43618381,51181,21,184.29
43618381,39417,18,192.59
43618381,46935,16,118.99
43618381,85076,2,893.99
43620386,10621,3,165.19
43626556,90808,10,77.19
43626556,19021,4,253.09
43626556,77617,1,226.99
43627506,80349,12,203.59
43632330,57874,1,234.09
43632330,41039,18,218.69
43632330,15578,20,78.69
43636697,64833,4,418.99
43636697,68080,25,141.29
43636697,87148,15,4.99
43640180,85459,4,239.79
43647848,80625,17,690.09
43650972,97210,19,241.29
43650972,59301,13,43.99
43652858,75767,14,243.99
43652858,22393,4,1060.09
43652858,53392,5,112.99
43665947,86809,4,71.29
43665947,27849,3,123.59
43672587,25536,8,208.09
43672587,46935,4,118.99
43672587,61311,13,160.19
43682103,15918,1,32.99
43691566,20054,1,196.99
43703306,77670,3,244.59
43703306,54586,1,98.49
43703306,64388,1,290.09
43717392,52648,18,195.89
43717392,61311,11,160.19
43717392,32640,1,234.89
43722526,29892,13,44.09
43722526,27600,4,1470.79
43722526,22393,21,1060.09
43727049,12576,19,134.49
43727049,57874,11,234.09
43727049,94612,9,266.79
43727049,82410,10,171.99
43727360,32511,1,62.59
43727360,20054,16,196.99
43727360,11313,1,78.49
43727749,15578,5,78.69
43727749,32457,16,550.79
43727749,78853,10,26.29
43727749,92046,18,166.49
43731488,32511,1,62.59
43735599,66452,3,169.99
43779757,48869,15,901.09
43779757,25536,2,208.09
43780943,24242,2,116.99
43780943,26245,16,107.79
43782917,15918,3,32.99
43788951,47437,2,898.99
43788951,85973,3,177.59
43788951,45172,2,205.99
43799916,80625,1,690.09
43807356,35273,1,213.19
43809864,94390,3,43.79
43809864,10621,3,165.19
43809864,37742,18,193.59
43809864,32457,1,550.79
43809864,58241,19,203.99
43809864,15918,1,32.99
43809864,22393,2,1060.09
43825798,32511,1,62.59
43825798,94612,3,266.79
43825798,21230,3,90.79
43837940,87809,4,436.79
43837940,57545,4,12.49
43837940,69729,3,209.19
43864658,61311,17,160.19
43864658,46421,11,185.89
43864658,90808,11,77.19
43875133,78853,6,26.29
43900028,89968,16,206.49
43900028,48996,21,64.79
43900028,61311,2,160.19
43905227,48510,11,68.99
43916586,33606,20,285.99
43928186,58241,19,203.99
43928186,23045,23,713.69
43928186,57874,12,234.09
43932046,75767,13,243.99
43932741,83295,11,123.99
43932741,18398,3,283.19
43932741,20054,14,196.99
43932741,52648,13,195.89
43942079,26750,1,78.79
43942079,23045,1,713.69
43945149,68479,15,46.29
43945149,85459,22,239.79
43945149,86809,1,71.29
43945149,41515,7,1273.69
43946235,78853,6,26.29
43946235,58241,9,203.99
43950021,11575,24,233.29
43950021,57874,2,234.09
43958535,35273,16,213.19
43958535,26270,14,749.99
43970155,81641,2,228.09
43978528,32457,16,550.79
43978528,52648,2,195.89
43996309,87809,19,436.79
43996309,64388,16,290.09
44003346,48996,2,64.79
44012132,57051,6,58.39
44018538,89968,17,206.49
44018538,46421,1,185.89
44018538,15578,15,78.69
44034953,87148,2,4.99
44034953,41515,13,1273.69
44034953,57874,14,234.09
44034953,46499,15,299.49
44034953,77670,21,244.59
44038134,56751,11,27.29
44054427,68479,2,46.29
44054427,32457,1,550.79
44054427,78853,5,26.29
44054427,20043,9,165.99
44072211,92839,10,84.09
44075147,32457,2,550.79
44075147,87426,1,180.29
44075147,95523,22,82.19
44075147,82410,4,171.99
44075147,68080,1,141.29
44075147,57224,8,54.99
44086059,64833,1,418.99
44086059,77617,1,226.99
44086987,58241,15,203.99
44086987,33209,5,384.69
44086987,98451,22,1292.09
44086987,32091,2,81.39
44092794,15626,2,429.09
44092794,61311,1,160.19
44093937,10023,19,181.29
44094407,52648,1,195.89
44119199,25979,1,215.99
44119199,61093,1,240.99
44119199,44513,24,53.19
44119199,32511,12,62.59
44119199,35273,10,213.19
44119199,80625,2,690.09
44126633,19403,9,228.99
44145269,47437,20,898.99
44145269,95646,5,323.09
44149696,23364,15,143.99
44149696,57051,17,58.39
44149696,56178,1,1474.59
44158030,36209,1,189.99
44164448,20430,19,198.89
44172777,32511,19,62.59
44172777,37489,1,17.69
44192237,10023,10,181.29
44192237,11575,1,233.29
44192237,44513,11,53.19
44192237,17582,3,83.39
44205364,64279,2,126.39
44211589,95646,16,323.09
44211589,37489,5,17.69
44211832,46935,1,118.99
44211832,58781,1,290.99
44211832,87809,1,436.79
44211832,46421,1,185.89
44213114,41515,3,1273.69
44214237,37489,7,17.69
44214237,68080,17,141.29
44214237,44513,2,53.19
44214237,57874,1,234.09
44214237,32457,22,550.79
44214716,37490,1,159.99
44214716,81834,25,186.89
44215078,37489,1,17.69
44234401,48996,1,64.79
44242409,26270,4,749.99
44242409,92839,25,84.09
44242409,46421,22,185.89
44242409,15626,21,429.09
44242409,24242,10,116.99
44242591,75767,4,243.99
44257025,26270,5,749.99
44257025,97298,1,29.99
44257025,41515,1,1273.69
44257025,48869,21,901.09
44257025,20054,23,196.99
44262624,85076,17,893.99
44262624,79564,12,34.99
44275034,21508,24,97.89
44275034,20054,1,196.99
44275034,18398,7,283.19
44275044,96141,15,909.49
44279153,85076,5,893.99
44279153,77617,4,226.99
44292806,44513,6,53.19
44292806,15918,8,32.99
44292806,68723,17,96.89
44292806,57224,1,54.99
44292806,75767,1,243.99
44292806,22057,8,294.89
44295259,95646,25,323.09
44295259,58241,2,203.99
44306986,15578,6,78.69
44306986,57545,4,12.49
44306986,46421,5,185.89
44307687,22393,4,1060.09
44308665,20054,19,196.99
44308665,11575,22,233.29
44312501,77617,14,226.99
44312501,46421,2,185.89
44312501,48996,12,64.79
44328531,75767,2,243.99
44328531,95339,3,58.89
44328531,16086,2,36.99
44331798,20054,15,196.99
44362319,41515,1,1273.69
44362319,58241,1,203.99
44362319,57224,9,54.99
44362319,15918,6,32.99
44363307,61311,17,160.19
44363307,57874,3,234.09
44368533,37489,1,17.69
44368533,68479,4,46.29
44389579,11575,2,233.29
44389583,47632,5,168.29
44389583,85076,7,893.99
44389583,86854,3,207.99
44389583,11313,10,78.49
44389583,68479,20,46.29
44399939,46420,9,41.59
44419013,76830,6,210.09
44421059,56178,3,1474.59
44421059,33935,15,201.99
44427704,39417,4,192.59
44427704,34871,10,6.59
44427704,58241,9,203.99
44427704,11575,11,233.29
44427704,87809,23,436.79
44427704,85459,4,239.79
44428197,37490,2,159.99
44428197,37489,23,17.69
44428197,52648,23,195.89
44428197,97210,9,241.29
44428197,57224,24,54.99
44428197,64279,3,126.39
44428197,69218,4,184.09
44428197,22393,1,1060.09
44428443,92046,1,166.49
44440375,20054,16,196.99
44440375,15578,6,78.69
44440375,49147,15,352.19
44440375,19021,3,253.09
44440375,48510,23,68.99
44445819,72692,5,46.69
44445819,80349,21,203.59
44445819,26399,1,179.19
44450335,35273,4,213.19
44450335,15578,3,78.69
44450335,66578,7,268.19
44450335,58650,7,11.09
44461484,85973,2,177.59
44461484,23045,15,713.69
44464776,70801,21,215.99
44464776,86809,10,71.29
44464776,36262,1,233.99
44464776,77670,13,244.59
44466165,37489,4,17.69
44466165,87809,1,436.79
44466165,16353,1,105.99
44466165,84547,18,205.49
44466165,41345,3,812.29
44469019,11426,3,1071.19
44469019,37489,5,17.69
44469019,11575,9,233.29
44469019,11313,4,78.49
44469019,28650,7,96.69
44480936,10621,5,165.19
44480936,37489,16,17.69
44480936,77617,23,226.99
44486622,84547,2,205.49
44486622,29305,4,210.19
44486622,71645,1,403.99
44486622,86809,1,71.29
44486622,78853,7,26.29
44491332,37489,15,17.69
44499517,97298,11,29.99
44503736,66578,23,268.19
44503736,85973,13,177.59
44503736,57874,16,234.09
44503736,25536,8,208.09
44503736,15578,1,78.69
44505328,33935,1,201.99
44505328,57224,15,54.99
44507542,85973,1,177.59
44507542,47632,1,168.29
44508019,32457,5,550.79
44510384,58781,14,290.99
44510384,19409,8,67.99
44510384,26750,5,78.79
44510384,75767,22,243.99
44510384,77670,11,244.59
44513602,89133,1,292.19
44513602,47437,16,898.99
44516240,35273,17,213.19
44524513,85973,12,177.59
44533632,11313,1,78.49
44533632,61093,1,240.99
44533632,47632,1,168.29
44533632,36224,2,56.09
44535115,80978,25,280.69
44563703,23045,14,713.69
44563703,32457,6,550.79
44566311,19409,8,67.99
44566311,36209,19,189.99
44566311,41515,17,1273.69
44566311,68080,25,141.29
44566311,37742,1,193.59
44571081,64388,24,290.09
44571081,15578,1,78.69
44574404,15578,2,78.69
44574404,85459,21,239.79
44574404,44513,14,53.19
44574404,16353,2,105.99
44574404,85973,2,177.59
44583650,52648,23,195.89
44583650,12576,11,134.49
44591707,94514,1,254.99
44591707,16749,5,231.39
44591707,26245,1,107.79
44596554,45172,22,205.99
44600427,97210,18,241.29
44601936,87426,8,180.29
44606702,52648,4,195.89
44606702,36224,3,56.09
44606702,26270,21,749.99
44606702,14042,17,77.29
44607397,85973,1,177.59
44607397,35273,2,213.19
44607397,39417,1,192.59
44607397,52648,3,195.89
44607397,33606,9,285.99
44607397,73115,25,172.99
44618932,41515,1,1273.69
44618932,68080,1,141.29
44618932,26270,3,749.99
44618932,30041,3,112.09
44618932,85076,3,893.99
44632592,35273,22,213.19
44632592,89968,19,206.49
44634807,64388,11,290.09
44635161,76830,21,210.09
44640997,37489,22,17.69
44640997,86725,9,260.79
44640997,85973,22,177.59
44643142,46421,1,185.89
44643142,16353,2,105.99
44660941,47632,8,168.29
44660941,15578,22,78.69
44674182,61677,13,192.69
44674182,47632,12,168.29
44674182,72692,1,46.69
44674182,23364,4,143.99
44676027,48510,3,68.99
44691092,77670,1,244.59
44691092,25979,1,215.99
44707289,47174,2,390.69
44707289,52661,19,797.29
44707289,33606,15,285.99
44707289,80978,23,280.69
44707289,68479,12,46.29
44709276,46421,3,185.89
44709276,68723,5,96.89
44709276,64833,10,418.99
44709276,87574,7,130.19
44717860,83295,1,123.99
44717860,20054,20,196.99
44717860,20430,18,198.89
44717860,57874,12,234.09
44717860,63985,1,78.79
44723287,45172,7,205.99
44723287,77617,1,226.99
44723287,79564,1,34.99
44726834,46421,13,185.89
44738804,87809,1,436.79
44738804,12576,1,134.49
44738804,33935,17,201.99
44748421,62011,1,72.79
44760042,95339,17,58.89
44760042,22393,16,1060.09
44760042,47632,22,168.29
44761842,82638,1,22.99
44761842,57224,4,54.99
44765269,81834,9,186.89
44767606,61311,3,160.19
44769786,20054,11,196.99
44769786,77617,6,226.99
44780235,80625,14,690.09
44780235,61911,5,279.89
44797129,37489,5,17.69
44797129,68080,1,141.29
44797129,95523,2,82.19
44797129,96141,2,909.49
44797129,63985,2,78.79
44798915,58241,3,203.99
44830147,35798,23,82.99
44830147,20054,18,196.99
44830147,85076,19,893.99
44830147,64388,2,290.09
44830147,37489,19,17.69
44841035,16353,6,105.99
44842244,46421,4,185.89
44842244,26740,19,216.59
44842244,20430,4,198.89
44842244,47632,15,168.29
44842244,21508,21,97.89
44842244,87809,1,436.79
44856989,66578,1,268.19
44863732,27849,4,123.59
44883665,39417,7,192.59
44886955,15578,1,78.69
44886955,47437,13,898.99
44886955,80625,3,690.09
44890328,24242,7,116.99
44890328,27849,7,123.59
44890328,22393,14,1060.09
44890328,20054,2,196.99
44890328,94077,7,185.09
44894210,57545,1,12.49
44894210,37489,10,17.69
44899698,80978,10,280.69
44900628,32640,1,234.89
44903381,26740,8,216.59
44903381,16805,19,279.49
44903381,83295,8,123.99
44903381,14979,3,582.09
44919645,78853,16,26.29
44919645,80625,6,690.09
44925954,10621,8,165.19
44925954,24242,1,116.99
44925954,29892,1,44.09
44930312,54586,15,98.49
44930312,16749,21,231.39
44930312,72692,25,46.69
44930312,21230,7,90.79
44945554,75438,6,59.19
44950571,48510,6,68.99
44950571,83295,25,123.99
44950571,66452,8,169.99
44960943,77617,5,226.99
44960943,16353,1,105.99
44960943,46421,16,185.89
44960943,85459,6,239.79
44970888,81834,2,186.89
44970888,61311,24,160.19
44970888,87148,21,4.99
44970888,15578,2,78.69
44970888,46935,1,118.99
44970888,89968,8,206.49
44975866,66452,20,169.99
44975866,20054,21,196.99
44975866,54586,21,98.49
44975866,57874,2,234.09
44975866,77670,10,244.59
44975866,33209,5,384.69
44986137,16086,1,36.99
44996665,86809,23,71.29
45004325,26270,3,749.99
45004325,85973,9,177.59
45004325,68723,2,96.89
45012383,68723,1,96.89
45012383,32511,23,62.59
45012383,14109,1,225.49
45012383,58650,13,11.09
45027233,75721,1,174.59
45027233,26740,4,216.59
45027233,81834,14,186.89
45031928,47437,3,898.99
45031928,68080,19,141.29
45049150,29892,6,44.09
45049150,25536,3,208.09
45049150,37742,1,193.59
45056740,15918,6,32.99
45056740,99654,19,265.39
45056740,61311,4,160.19
45056740,57545,1,12.49
45067478,79564,15,34.99
45068460,90808,2,77.19
45068460,85459,20,239.79
45073454,15918,18,32.99
45073454,58650,6,11.09
45073454,35273,25,213.19
45073454,78853,1,26.29
45073454,68080,22,141.29
45073454,80625,5,690.09
45113500,81834,20,186.89
45113500,80349,6,203.59
45114242,81641,2,228.09
45114242,48510,6,68.99
45114242,87426,1,180.29
45114242,89968,2,206.49
45114242,54586,18,98.49
45114242,48869,3,901.09
45131680,57051,1,58.39
45131680,92898,23,1162.99
45131680,95646,4,323.09
45138340,47174,2,390.69
45138340,46421,2,185.89
45140516,80625,16,690.09
45143220,57051,4,58.39
45148323,77617,4,226.99
45151750,72911,6,382.29
45167425,61311,15,160.19
45167425,90808,1,77.19
45170813,19409,4,67.99
45176999,71645,18,403.99
45180286,84547,21,205.49
45218715,71487,4,1086.99
45218715,22393,5,1060.09
45221121,45172,6,205.99
45223522,64279,1,126.39
45223522,46421,1,185.89
45231902,10621,7,165.19
45232071,15626,15,429.09
45232071,80625,1,690.09
45232071,81834,1,186.89
45232071,59301,11,43.99
45233682,63985,1,78.79
45233682,32457,3,550.79
45234868,47632,1,168.29
45247497,78649,6,1059.49
45247497,24242,3,116.99
45247497,45172,4,205.99
45247497,57874,2,234.09
45252467,75721,1,174.59
45252467,94612,1,266.79
45256242,52111,1,173.99
45256242,16749,1,231.39
45256242,75767,24,243.99
45276409,26270,1,749.99
45276409,64388,10,290.09
45276409,10023,22,181.29
45283417,16086,20,36.99
45283417,20054,9,196.99
45292064,48289,13,85.59
45292064,68080,6,141.29
45296566,26740,22,216.59
45296566,45172,13,205.99
45302005,68080,4,141.29
45306767,95339,2,58.89
45306767,46935,4,118.99
45306767,46421,8,185.89
45323250,84547,1,205.49
45323250,81834,22,186.89
45323250,92839,1,84.09
45323250,94612,14,266.79
45323250,20074,3,1064.09
45323250,24242,4,116.99
45332258,17582,8,83.39
45332258,11811,21,250.49
45332258,76830,18,210.09
45332258,85973,12,177.59
45346272,34871,1,6.59
45346272,95646,20,323.09
45346272,41515,24,1273.69
45352206,75721,2,174.59
45352206,17582,17,83.39
45352206,86286,13,261.59
45356701,85076,15,893.99
45356701,57224,16,54.99
45360680,46421,1,185.89
45360680,71645,2,403.99
45362156,76830,11,210.09
45362156,79834,15,151.19
45365263,11575,1,233.29
45365263,33606,4,285.99
45367425,16805,7,279.49
45374517,75767,18,243.99
45374517,15918,12,32.99
45374517,22393,2,1060.09
45379229,81641,22,228.09
45379229,87789,21,294.99
45382621,25979,25,215.99
45382621,46499,1,299.49
45385284,72692,16,46.69
45391732,66452,13,169.99
45391732,47174,16,390.69
45400187,10621,19,165.19
45400187,87809,2,436.79
45400187,87148,12,4.99
45400302,39417,25,192.59
45404422,16353,12,105.99
45414114,48510,13,68.99
45426939,68723,11,96.89
45426939,85459,20,239.79
45426939,26740,14,216.59
45426939,84547,2,205.49
45426939,36591,11,162.99
45426939,46499,18,299.49
45427629,25979,7,215.99
45427629,92046,2,166.49
45427629,56178,14,1474.59
45427629,78853,21,26.29
45427629,15578,1,78.69
45427629,95339,21,58.89
45427629,15626,5,429.09
45427629,95646,6,323.09
45444664,57545,15,12.49
45446529,37489,3,17.69
45446529,20054,10,196.99
45446529,44513,1,53.19
45446529,87809,1,436.79
45446529,92046,21,166.49
45451026,52111,18,173.99
45469638,64388,12,290.09
45475034,77617,5,226.99
45475034,10023,1,181.29
45475034,57545,6,12.49
45479280,78853,7,26.29
45479280,85076,6,893.99
45479280,85973,1,177.59
45479280,47437,25,898.99
45479280,52111,1,173.99
45479280,86809,12,71.29
45511283,46421,18,185.89
45511283,54586,14,98.49
45511283,27849,2,123.59
45512106,10621,10,165.19
45512106,36591,9,162.99
45513268,48510,6,68.99
45535569,37490,19,159.99
45561769,52648,21,195.89
45571403,14920,25,249.99
45583300,29892,22,44.09
45589654,85076,17,893.99
45589654,95523,2,82.19
45601835,86809,2,71.29
45608128,44513,23,53.19
45617616,68723,19,96.89
45626999,12576,20,134.49
45631162,97298,11,29.99
45631162,39417,1,192.59
45631162,79564,1,34.99
45631162,81641,4,228.09
45633673,98451,2,1292.09
45643867,98451,12,1292.09
45643867,44331,2,121.79
45643867,32091,3,81.39
45658022,27600,9,1470.79
45666566,66452,6,169.99
45669213,13185,11,205.29
45669213,77617,9,226.99
45669213,72692,1,46.69
45669213,37489,3,17.69
45669213,25536,4,208.09
45676335,22393,1,1060.09
45676335,57051,22,58.39
45676335,14920,8,249.99
45676335,33935,23,201.99
45676335,95646,13,323.09
45677086,48335,13,111.49
45680851,41515,7,1273.69
45680851,80625,12,690.09
45680851,57224,2,54.99
45680851,16353,1,105.99
45680851,19021,18,253.09
45680851,23045,15,713.69
45681093,52648,2,195.89
45681093,47174,17,390.69
45681093,14979,11,582.09
45698576,17582,6,83.39
45698576,22393,12,1060.09
45698576,32457,16,550.79
45698576,64388,4,290.09
45698576,77670,1,244.59
45701771,25979,8,215.99
45701771,17582,20,83.39
45712611,90808,3,77.19
45712611,79564,8,34.99
45716453,59301,1,43.99
45716453,46935,17,118.99
45716453,37742,14,193.59
45716453,46499,18,299.49
45716453,58241,8,203.99
45724281,16086,24,36.99
45724281,19177,9,100.79
45724281,23045,14,713.69
45727662,16353,1,105.99
45727662,82664,2,269.69
45732675,79564,1,34.99
45732675,23045,5,713.69
45737015,16749,12,231.39
45746019,80349,6,203.59
45746019,45172,3,205.99
45746019,85076,8,893.99
45749840,15578,23,78.69
45749840,92839,18,84.09
45766833,50150,17,390.59
45766833,26740,5,216.59
45802661,85076,14,893.99
45806444,86854,2,207.99
45806444,22393,5,1060.09
45806444,94077,12,185.09
45806444,22057,2,294.89
45806444,71487,8,1086.99
45818340,16353,17,105.99
45820410,48869,1,901.09
45841812,21230,11,90.79
45841812,71227,1,166.29
45841812,20430,1,198.89
45849384,85076,11,893.99
45862244,66452,16,169.99
45869638,20054,25,196.99
45869638,71227,14,166.29
45869638,57224,20,54.99
45886568,87148,22,4.99
45902021,76061,1,229.99
45902021,59301,1,43.99
45902021,26270,1,749.99
45902021,66578,9,268.19
45902021,27057,3,353.39
45902021,97298,5,29.99
45902021,98451,3,1292.09
45925435,36224,7,56.09
45925435,85076,8,893.99
45925435,37490,15,159.99
45925435,46421,1,185.89
45941528,37489,1,17.69
45941528,26245,8,107.79
45941528,30919,1,135.79
45941528,15578,4,78.69
45944286,48869,5,901.09
45944286,19409,2,67.99
45944286,29892,1,44.09
45970278,85459,22,239.79
45970278,26270,19,749.99
45970278,15918,2,32.99
45970278,68080,3,141.29
45970278,11575,1,233.29
45970278,75721,15,174.59
45970278,61311,1,160.19
45984081,35798,18,82.99
45984081,95339,25,58.89
45984081,76830,1,210.09
45984081,32640,8,234.89
46005106,92839,24,84.09
46005106,16353,3,105.99
46005106,97298,24,29.99
46005106,90808,4,77.19
46005106,26270,24,749.99
46028295,69991,1,1268.79
46028295,52648,1,195.89
46028295,87148,2,4.99
46028295,32457,8,550.79
46028295,58650,14,11.09
46028295,80349,19,203.59
46037938,75721,5,174.59
46037938,54586,24,98.49
46037938,80625,2,690.09
46037938,36224,3,56.09
46047706,18070,15,277.99
46047706,10023,11,181.29
46048396,52661,1,797.29
46054448,36224,3,56.09
46060181,26270,4,749.99
46060181,52111,1,173.99
46064447,15578,19,78.69
46067365,35273,13,213.19
46086453,16749,19,231.39
46086453,57224,11,54.99
46096684,10621,2,165.19
46096684,15918,21,32.99
46096684,85973,7,177.59
46096684,89968,16,206.49
46101353,11575,1,233.29
46101353,66452,7,169.99
46108101,47437,22,898.99
46118357,71227,4,166.29
46125528,32511,2,62.59
46125528,85459,11,239.79
46125528,75438,1,59.19
46129341,95646,19,323.09
46137680,20054,1,196.99
46137680,77617,2,226.99
46137680,97298,9,29.99
46137680,78853,22,26.29
46137680,14042,15,77.29
46146689,26270,5,749.99
46146689,20430,21,198.89
46147592,56178,11,1474.59
46147592,22057,2,294.89
46153947,78853,5,26.29
46153947,85973,1,177.59
46160753,37742,13,193.59
46164151,57224,25,54.99
46164151,57545,24,12.49
46173714,86809,2,71.29
46173714,54586,5,98.49
46173714,39417,4,192.59
46173714,97210,13,241.29
46173714,25979,19,215.99
46173714,46421,23,185.89
46174826,68479,16,46.29
46176494,37489,5,17.69
46185575,33209,4,384.69
46185575,57874,9,234.09
46185575,37742,5,193.59
46185575,22057,15,294.89
46192709,85973,2,177.59
46192709,87148,19,4.99
46192709,25536,1,208.09
46192709,46835,1,112.29
46192709,24242,25,116.99
46192709,44115,3,1320.79
46192709,80625,20,690.09
46192709,25979,1,215.99
46219324,85973,16,177.59
46229919,32511,1,62.59
46237649,85973,9,177.59
46237649,25536,18,208.09
46238423,89133,1,292.19
46238423,71645,6,403.99
46238423,23045,17,713.69
46238423,92839,3,84.09
46238423,97298,14,29.99
46248241,58650,7,11.09
46248241,52648,1,195.89
46248241,95339,4,58.89
46248241,16749,19,231.39
46248241,69037,9,35.99
46248967,23045,18,713.69
46248967,19177,15,100.79
46248967,10023,1,181.29
46248967,32457,20,550.79
46248967,35273,1,213.19
46258311,77670,4,244.59
46258798,90808,9,77.19
46258798,46421,25,185.89
46264575,95646,1,323.09
46264575,20054,4,196.99
46264575,68723,4,96.89
46267450,87789,21,294.99
46267450,24242,20,116.99
46286639,57874,11,234.09
46286639,81834,23,186.89
46286639,53392,19,112.99
46306262,25979,3,215.99
46308861,13185,7,205.29
46308861,57224,1,54.99
46333097,54586,4,98.49
46333097,97210,7,241.29
46336012,36496,6,5.69
46339097,68080,4,141.29
46343979,57224,21,54.99
46343979,32457,4,550.79
46343979,77617,1,226.99
46343979,95646,16,323.09
46348015,95646,11,323.09
46353660,80625,23,690.09
46353660,20054,16,196.99
46355211,54586,11,98.49
46355211,61311,2,160.19
46355211,47632,1,168.29
46361373,19403,10,228.99
46361373,41345,18,812.29
46361373,36224,21,56.09
46361373,26740,18,216.59
46362507,81834,2,186.89
46362507,62011,1,72.79
46362507,51098,3,30.89
46374637,79834,24,151.19
46374637,46835,25,112.29
46417301,11313,16,78.49
46417301,25979,11,215.99
46419411,46935,3,118.99
46419411,66452,23,169.99
46419411,57224,3,54.99
46421359,39417,10,192.59
46421359,58241,4,203.99
46421359,45172,11,205.99
46421359,52648,1,195.89
46438855,48996,10,64.79
46438855,15918,2,32.99
46445611,15626,13,429.09
46445611,90808,8,77.19
46449526,15918,4,32.99
46449526,36224,1,56.09
46449526,92839,11,84.09
46449526,39417,1,192.59
46449526,32457,8,550.79
46457426,26740,1,216.59
46457426,19409,23,67.99
46457426,30919,1,135.79
46461665,15081,16,108.99
46461665,47632,1,168.29
46475740,66820,22,221.99
46476647,46935,1,118.99
46492955,85459,9,239.79
46501916,97210,3,241.29
46506264,61311,20,160.19
46506264,80625,21,690.09
46506264,81641,3,228.09
46506264,20054,21,196.99
46506264,39417,5,192.59
46511278,98451,6,1292.09
46511556,48606,2,391.49
46522154,20054,3,196.99
46534984,15578,3,78.69
46538911,78853,9,26.29
46538911,16353,3,105.99
46538911,54586,21,98.49
46538911,66578,9,268.19
46538911,57051,12,58.39
46540448,15578,9,78.69
46540448,57051,2,58.39
46543288,77617,13,226.99
46550492,62011,21,72.79
46550492,16353,8,105.99
46550492,63985,7,78.79
46550492,39417,4,192.59
46550492,37489,23,17.69
46550492,32511,13,62.59
46551016,54586,23,98.49
46551016,44513,15,53.19
46551016,79564,12,34.99
46556144,89968,1,206.49
46557946,61911,7,279.89
46568963,11313,1,78.49
46568963,45172,5,205.99
46568963,69037,9,35.99
46568963,94612,7,266.79
46568963,81834,11,186.89
46616589,34871,1,6.59
46616589,26750,9,78.79
46619084,37489,7,17.69
46647586,17582,7,83.39
46653280,26740,1,216.59
46653935,60647,16,264.09
46653935,10023,9,181.29
46683126,20074,18,1064.09
46683126,41039,13,218.69
46683126,58781,19,290.99
46687268,35273,1,213.19
46688209,39417,1,192.59
46696283,78853,2,26.29
46701236,46421,1,185.89
46701798,47632,3,168.29
46701798,32938,13,1148.89
46701798,78853,1,26.29
46736898,46421,15,185.89
46736898,86809,2,71.29
46777974,57874,6,234.09
46777974,46421,14,185.89
46777974,25536,3,208.09
46794193,27600,1,1470.79
46794193,21230,4,90.79
46794193,85076,19,893.99
46794193,28650,19,96.69
46794193,53392,11,112.99
46794193,24242,16,116.99
46806382,44513,4,53.19
46806382,16353,8,105.99
46806382,15578,20,78.69
46806382,21230,23,90.79
46809492,44115,23,1320.79
46829060,37742,3,193.59
46829060,79564,24,34.99
46829060,57051,1,58.39
46832664,41515,3,1273.69
46837992,46499,1,299.49
46837992,87789,10,294.99
46843714,81834,1,186.89
46843714,32457,1,550.79
46844526,57224,2,54.99
46844526,58650,7,11.09
46844526,64388,19,290.09
46846881,81834,1,186.89
46851818,95646,5,323.09
46855342,32091,9,81.39
46858261,37489,1,17.69
46859845,10023,13,181.29
46859845,27600,24,1470.79
46887079,94514,1,254.99
46887079,32511,4,62.59
46887079,64388,22,290.09
46903699,57874,6,234.09
46903699,15578,1,78.69
46903699,51181,22,184.29
46903699,77670,8,244.59
46909475,72911,7,382.29
46926804,35798,21,82.99
46926804,17576,23,214.09
46926804,47632,15,168.29
46926804,77670,19,244.59
46927785,33606,5,285.99
46927785,84482,1,223.49
46927785,14920,6,249.99
46938053,68723,1,96.89
46938053,85076,19,893.99
46938053,16353,12,105.99
46938053,89968,16,206.49
46972811,78853,2,26.29
46972811,20054,3,196.99
46972970,61311,14,160.19
46983963,71487,4,1086.99
46985684,84547,3,205.49
46985684,44115,13,1320.79
46995616,20074,23,1064.09
46995616,64279,5,126.39
46995616,11575,3,233.29
46995616,75438,8,59.19
47003537,47174,24,390.69
47025164,75438,8,59.19
47034609,80625,11,690.09
47034609,57224,3,54.99
47034609,20430,1,198.89
47034609,69218,1,184.09
47034609,80349,1,203.59
47048997,41515,22,1273.69
47048997,32640,7,234.89
47048997,37489,20,17.69
47048997,68479,8,46.29
47067659,57545,2,12.49
47067659,22057,25,294.89
47067659,77617,2,226.99
47067659,32640,2,234.89
47067659,73489,1,251.09
47073943,37742,1,193.59
47090364,37489,11,17.69
47122308,37489,10,17.69
47136288,12576,9,134.49
47136288,95646,21,323.09
47139128,87426,22,180.29
47139128,58781,21,290.99
47140622,60647,15,264.09
47140622,16353,21,105.99
47140629,57874,1,234.09
47140629,36591,9,162.99
47153309,12224,5,734.79
47153309,87574,15,130.19
47153309,90808,1,77.19
47154913,37742,5,193.59
47166218,77617,1,226.99
47177228,14979,4,582.09
47177228,10023,5,181.29
47177228,30919,3,135.79
47177228,37489,4,17.69
47177228,64388,21,290.09
47177228,78649,7,1059.49
47184040,22057,2,294.89
47184040,36224,1,56.09
47186392,35798,10,82.99
47186910,80349,2,203.59
47199300,97210,2,241.29
47205857,19021,23,253.09
47210349,71645,1,403.99
47210349,15918,14,32.99
47224636,25536,20,208.09
47224636,13185,8,205.29
47224636,85076,5,893.99
47224874,69991,20,1268.79
47224874,87574,1,130.19
47224874,11426,1,1071.19
47229047,46935,11,118.99
47229647,33606,9,285.99
47229647,32457,1,550.79
47229647,16236,3,4.99
47251405,16086,22,36.99
47251405,48996,1,64.79
47253720,10621,1,165.19
47269696,35273,2,213.19
47269696,75721,19,174.59
47269696,66452,13,169.99
47269696,80978,6,280.69
47269696,15081,16,108.99
47273567,20430,25,198.89
47273567,26270,8,749.99
47273567,39417,1,192.59
47273567,98451,8,1292.09
47273567,36224,1,56.09
47274137,52111,4,173.99
47274137,61311,1,160.19
47274137,26270,11,749.99
47274137,72692,3,46.69
47274137,95646,1,323.09
47280355,98451,1,1292.09
47280355,11453,7,1304.19
47289454,79564,3,34.99
47289454,68723,8,96.89
47289454,72911,6,382.29
47299080,68723,10,96.89
47310530,16749,5,231.39
47313598,97298,1,29.99
47313598,66452,17,169.99
47334340,89968,22,206.49
47334340,57224,7,54.99
47335099,16086,11,36.99
47335621,90808,24,77.19
47340288,99654,11,265.39
47340288,68080,10,141.29
47340288,64388,11,290.09
47340288,58650,2,11.09
47361628,35798,15,82.99
47361628,47632,20,168.29
47367057,52648,2,195.89
47367271,46421,17,185.89
47385000,32091,5,81.39
47385000,22393,13,1060.09
47385000,36496,1,5.69
47385000,84547,7,205.49
47385000,21508,17,97.89
47385000,52648,3,195.89
47394015,46421,5,185.89
47394015,69037,1,35.99
47401201,15918,10,32.99
47405562,36224,17,56.09
47419189,27849,1,123.59
47419189,77670,22,244.59
47423783,90808,1,77.19
47423783,15578,1,78.69
47428486,64388,1,290.09
47442153,94612,1,266.79
47445884,12377,1,175.59
47446462,87148,10,4.99
47446462,11575,4,233.29
47446462,71645,1,403.99
47446462,78853,10,26.29
47446462,25979,4,215.99
47446462,26270,3,749.99
47446462,64279,3,126.39
47446462,63748,25,91.19
47447481,47437,1,898.99
47453050,85076,7,893.99
47453050,62011,1,72.79
47453050,89968,3,206.49
47461393,96141,1,909.49
47464374,62011,9,72.79
47464374,27849,1,123.59
47464374,33344,1,1109.59
47465267,34871,4,6.59
47465267,64388,17,290.09
47465267,79564,1,34.99
47465267,94514,14,254.99
47465267,11313,3,78.49
47465267,89968,19,206.49
47465971,86286,19,261.59
47465971,14109,1,225.49
47475961,92839,17,84.09
47475961,23045,6,713.69
47475961,32640,9,234.89
47475961,12576,1,134.49
47475961,20054,6,196.99
47475961,36262,7,233.99
47476093,78853,23,26.29
47476093,58650,4,11.09
47480585,57224,1,54.99
47480585,61677,19,192.69
47480585,29892,13,44.09
47480585,36496,17,5.69
47480585,48869,1,901.09
47480585,72692,3,46.69
47502854,15578,11,78.69
47521858,98451,3,1292.09
47521858,90808,5,77.19
47524147,37489,1,17.69
47524147,94612,1,266.79
47524147,75767,2,243.99
47524147,97210,6,241.29
47524147,95523,15,82.19
47524528,17582,8,83.39
47537270,20054,7,196.99
47537270,27600,19,1470.79
47537270,16749,17,231.39
47537270,15626,1,429.09
47537270,33209,1,384.69
47537270,68080,7,141.29
47537430,69991,1,1268.79
47537430,26270,7,749.99
47537430,85076,4,893.99
47537430,87809,13,436.79
47537430,15918,20,32.99
47537430,22057,20,294.89
47538595,68723,2,96.89
47538595,44513,7,53.19
47538595,82638,1,22.99
47577999,48510,6,68.99
47577999,36496,4,5.69
47577999,37742,10,193.59
47577999,36209,7,189.99
47577999,86809,6,71.29
47584832,64279,11,126.39
47584832,20054,18,196.99
47591647,77670,13,244.59
47591647,80625,14,690.09
47591647,36496,12,5.69
47592715,74326,11,212.99
47592715,32511,19,62.59
47592715,47174,15,390.69
47592715,14042,1,77.29
47592715,62011,24,72.79
47611031,25979,1,215.99
47611031,87148,19,4.99
47611031,73489,15,251.09
47615803,97210,4,241.29
47615803,17582,4,83.39
47615803,95646,3,323.09
47622228,62011,11,72.79
47630948,98451,1,1292.09
47630948,47632,17,168.29
47681882,48869,8,901.09
47684362,64388,4,290.09
47684362,37489,9,17.69
47692353,15578,3,78.69
47692353,66452,10,169.99
47692353,95646,6,323.09
47695319,48289,5,85.59
47695319,26740,25,216.59
47698481,71645,24,403.99
47713243,10153,3,602.09
47713243,15081,1,108.99
47713243,15918,6,32.99
47713243,64388,10,290.09
47714492,35273,7,213.19
47731865,26270,19,749.99
47731865,17582,1,83.39
47750588,80349,15,203.59
47750588,47437,4,898.99
47779686,78649,4,1059.49
47779686,47632,3,168.29
47791861,10023,4,181.29
47791861,26740,2,216.59
47791861,14042,6,77.29
47791861,98451,1,1292.09
47791977,26245,2,107.79
47791977,41515,3,1273.69
47791977,19409,21,67.99
47791977,63748,4,91.19
47797388,57874,15,234.09
47797388,32091,5,81.39
47797388,47437,4,898.99
47797388,57051,2,58.39
47797388,46420,22,41.59
47797388,52648,4,195.89
47797388,35273,1,213.19
47803637,94612,25,266.79
47803637,87809,2,436.79
47807614,85076,1,893.99
47807614,52648,19,195.89
47807614,87148,1,4.99
47807614,32511,2,62.59
47807614,45172,17,205.99
47807614,44513,12,53.19
47807614,20430,19,198.89
47808142,11575,8,233.29
47808142,87148,5,4.99
47813271,58241,1,203.99
47813271,47437,10,898.99
47813271,68080,4,141.29
47813271,35798,12,82.99
47837632,86854,8,207.99
47837632,86809,18,71.29
47837632,32091,22,81.39
47838610,52648,1,195.89
47838610,15626,8,429.09
47857761,41515,2,1273.69
47857761,64388,17,290.09
47857761,23045,23,713.69
47864609,27849,1,123.59
47864949,84547,1,205.49
47866869,12576,19,134.49
47866869,77617,14,226.99
47882266,39417,25,192.59
47894559,77617,1,226.99
47894559,11313,21,78.49
47903118,62011,14,72.79
47903118,11313,9,78.49
47903118,57545,13,12.49
47909090,68723,15,96.89
47909090,27849,7,123.59
47909090,20430,3,198.89
47909090,54586,1,98.49
47909090,77670,1,244.59
47958432,37490,1,159.99
47958432,81834,1,186.89
47958432,21230,5,90.79
47958432,66452,9,169.99
47958432,36209,4,189.99
47958432,37489,2,17.69
47958432,75721,1,174.59
47958432,78853,1,26.29
47961925,57874,9,234.09
47961925,71227,4,166.29
47968395,66578,13,268.19
47968395,26994,1,84.39
47968395,15918,4,32.99
47968395,12576,6,134.49
47968395,39417,15,192.59
47968395,16353,3,105.99
47968395,75767,1,243.99
47968395,35798,16,82.99
47989612,89968,4,206.49
48010162,15918,17,32.99
48011528,46421,6,185.89
48011528,81834,4,186.89
48026573,78853,7,26.29
48026573,85459,21,239.79
48026573,48869,1,901.09
48026573,53392,1,112.99
48044782,20054,11,196.99
48044782,95339,1,58.89
48044782,15918,3,32.99
48044782,89968,7,206.49
48044782,36224,3,56.09
48047451,19011,1,198.89
48050472,37742,11,193.59
48050472,20430,3,198.89
48050472,85973,1,177.59
48050472,89968,23,206.49
48081337,47437,16,898.99
48081337,36496,4,5.69
48090125,46421,7,185.89
48096257,15578,5,78.69
48096257,36224,7,56.09
48096257,57051,4,58.39
48097065,95646,14,323.09
48101487,74326,23,212.99
48101487,36262,3,233.99
48103844,54586,5,98.49
48103844,58241,11,203.99
48103844,78853,5,26.29
48105348,10621,16,165.19
48105348,11313,3,78.49
48105348,64388,15,290.09
48105348,92839,6,84.09
48105348,20043,12,165.99
48112631,83295,2,123.99
48112631,68723,1,96.89
48124153,10023,14,181.29
48124153,46420,1,41.59
48127655,24242,14,116.99
48127655,58241,1,203.99
48156237,19409,8,67.99
48156237,61311,7,160.19
48156237,95646,7,323.09
48156237,86854,1,207.99
48156237,32511,12,62.59
48156237,46935,7,118.99
48159069,36224,22,56.09
48159069,75721,4,174.59
48173891,47174,1,390.69
48173891,54586,13,98.49
48173891,92046,1,166.49
48173891,24242,18,116.99
48178313,35273,2,213.19
48178313,87426,1,180.29
48189720,59301,15,43.99
48190619,46421,25,185.89
48199659,37489,24,17.69
48199659,27600,1,1470.79
48205065,98451,23,1292.09
48205065,17582,15,83.39
48205065,20054,4,196.99
48205065,46421,10,185.89
48205065,26270,20,749.99
48210325,32457,1,550.79
48210325,57874,13,234.09
48210325,16086,3,36.99
48210325,25979,1,215.99
48210325,15578,9,78.69
48215121,87426,8,180.29
48215121,20430,20,198.89
48223404,90808,17,77.19
48223404,32091,3,81.39
48223404,57860,1,198.49
48223404,21508,25,97.89
48236560,77617,1,226.99
48239083,25536,12,208.09
48239083,26270,18,749.99
48252592,46421,2,185.89
48262413,19177,6,100.79
48280122,89968,1,206.49
48280122,26740,20,216.59
48280122,45172,1,205.99
48280122,47437,2,898.99
48280122,50462,5,174.99
48280122,39417,21,192.59
48280122,64388,11,290.09
48281761,61311,12,160.19
48281761,52648,3,195.89
48281761,30919,1,135.79
48299677,17582,10,83.39
48299677,75438,7,59.19
48350269,71227,3,166.29
48350269,36591,16,162.99
48350269,96141,25,909.49
48350269,89968,7,206.49
48358715,99613,25,287.89
48361699,54586,2,98.49
48361699,95339,13,58.89
48361699,69991,4,1268.79
48361699,68080,20,141.29
48361699,87809,7,436.79
48364381,27057,6,353.39
48370329,26750,9,78.79
48370329,11426,3,1071.19
48370329,58241,2,203.99
48370329,16353,5,105.99
48400031,68723,4,96.89
48400031,52661,18,797.29
48412746,44513,22,53.19
48419352,57874,23,234.09
48424627,36496,1,5.69
48424627,14979,7,582.09
48428287,80625,5,690.09
48428287,95646,1,323.09
48432746,87148,1,4.99
48432746,52111,24,173.99
48436984,16353,23,105.99
48441194,27600,1,1470.79
48459891,32511,1,62.59
48464358,10023,8,181.29
48469427,80625,22,690.09
48469427,15578,7,78.69
48477812,15578,21,78.69
48482372,77617,2,226.99
48482372,46421,13,185.89
48482372,57874,9,234.09
48482372,49147,1,352.19
48482372,21508,6,97.89
48486975,32640,4,234.89
48486975,37489,2,17.69
48486975,45172,21,205.99
48486975,71645,2,403.99
48486975,95646,4,323.09
48486975,68080,2,141.29
48486975,16353,24,105.99
48486975,20430,1,198.89
48489453,71645,4,403.99
48489664,14920,21,249.99
48515678,58650,11,11.09
48515678,14979,1,582.09
48518707,48289,7,85.59
48518707,79564,13,34.99
48518707,77670,1,244.59
48518707,41515,1,1273.69
48518707,16805,8,279.49
48524861,10023,1,181.29
48524861,85459,5,239.79
48527171,32457,8,550.79
48528162,86809,2,71.29
48528162,54586,11,98.49
48528162,16749,2,231.39
48528162,45172,4,205.99
48535260,19011,1,198.89
48536717,10621,9,165.19
48536717,86854,22,207.99
48537099,29892,5,44.09
48537099,22393,9,1060.09
48541231,87809,17,436.79
48541231,26740,5,216.59
48541231,66452,15,169.99
48541231,57545,14,12.49
48541864,11575,12,233.29
48542616,48289,9,85.59
48542616,47437,5,898.99
48546925,57874,1,234.09
48560314,68479,9,46.29
48560314,32457,1,550.79
48592914,33606,8,285.99
48592914,20054,5,196.99
48592914,87809,1,436.79
48592914,68723,1,96.89
48592914,98451,1,1292.09
48592914,26245,1,107.79
48592914,46421,19,185.89
48592914,87148,10,4.99
48593800,48289,24,85.59
48599263,17582,1,83.39
48599263,25979,1,215.99
48599263,26270,25,749.99
48599263,42028,5,198.69
48600325,11575,17,233.29
48600325,36209,5,189.99
48600325,96141,4,909.49
48617583,35798,1,82.99
48617583,46421,1,185.89
48617583,66578,22,268.19
48617583,66452,16,169.99
48617583,78853,25,26.29
48637327,29892,1,44.09
48661435,77617,2,226.99
48661435,44513,5,53.19
48671612,47437,20,898.99
48671612,48510,1,68.99
48679780,48996,8,64.79
48679780,16749,21,231.39
48679780,26270,1,749.99
48682929,46421,1,185.89
48696970,33606,18,285.99
48733657,37490,1,159.99
48734942,54586,1,98.49
48739784,20054,1,196.99
48749518,17582,1,83.39
48749518,49147,13,352.19
48749518,22393,1,1060.09
48749518,97298,24,29.99
48749518,94652,20,32.39
48749518,15918,1,32.99
48749518,66452,10,169.99
48750292,75721,1,174.59
48753992,85973,1,177.59
48760620,87809,23,436.79
48763873,29305,3,210.19
48786391,68080,6,141.29
48791819,35798,13,82.99
48791819,40676,4,899.09
48793653,81834,24,186.89
48808022,24242,14,116.99
48808022,11575,9,233.29
48808022,68080,12,141.29
48808022,57051,7,58.39
48808427,68723,20,96.89
48820366,52111,1,173.99
48820366,57874,3,234.09
48820366,99654,2,265.39
48827298,95339,17,58.89
48827298,80349,9,203.59
48827298,37489,3,17.69
48827298,87809,3,436.79
48846427,77617,7,226.99
48855042,10621,5,165.19
48860977,57224,25,54.99
48871501,24242,15,116.99
48883828,85973,12,177.59
48883828,69729,2,209.19
48883828,36496,14,5.69
48883828,76830,9,210.09
48883828,46499,8,299.49
48890634,15578,12,78.69
48890634,47437,1,898.99
48904450,66452,8,169.99
48904450,94612,1,266.79
48905716,14979,19,582.09
48905716,16086,5,36.99
48905716,15626,1,429.09
48911130,11575,7,233.29
48911130,37489,20,17.69
48911130,16353,3,105.99
48911130,46421,22,185.89
48911130,58241,17,203.99
48911130,61311,13,160.19
48911130,48869,9,901.09
48912317,36209,12,189.99
48912718,36209,2,189.99
48923472,95339,5,58.89
48923472,26245,11,107.79
48924621,22393,25,1060.09
48926577,80625,21,690.09
48926577,52648,11,195.89
48931618,62011,7,72.79
48936833,98451,12,1292.09
48937374,39417,2,192.59
48941944,25536,12,208.09
48943393,77670,1,244.59
48947506,25979,1,215.99
48947506,77670,8,244.59
48948479,17582,1,83.39
48948479,68080,22,141.29
48948479,33935,10,201.99
48948479,41515,2,1273.69
48949817,22393,4,1060.09
48949817,17582,22,83.39
48949817,84547,11,205.49
48949817,51181,7,184.29
48949817,16353,11,105.99
48949817,94612,13,266.79
48949817,96141,1,909.49
48962027,57224,15,54.99
48962027,53392,9,112.99
48962027,37489,19,17.69
48962027,62011,1,72.79
48971687,11575,13,233.29
48971687,94514,11,254.99
48971687,79564,25,34.99
48994854,16749,3,231.39
48994854,64388,24,290.09
48994854,36224,5,56.09
48994854,25979,11,215.99
48995156,32091,23,81.39
48995156,87809,22,436.79
48995500,98451,11,1292.09
49004590,26994,3,84.39
49004590,26399,2,179.19
49015246,80349,1,203.59
49015246,45172,4,205.99
49015246,52648,23,195.89
49015246,14109,14,225.49
49015246,64279,11,126.39
49015246,64388,18,290.09
49015246,54586,9,98.49
49015246,94077,2,185.09
49046842,58781,5,290.99
49060250,57874,16,234.09
49060250,86809,5,71.29
49067654,85973,16,177.59
49067654,26750,14,78.79
49078396,50150,11,390.59
49078396,46421,9,185.89
49089143,32457,1,550.79
49089143,62011,6,72.79
49089143,75721,18,174.59
49089143,10023,2,181.29
49089143,14109,10,225.49
49089143,36224,2,56.09
49095092,97298,1,29.99
49099082,54586,2,98.49
49099082,21508,1,97.89
49099082,20430,1,198.89
49103319,48289,16,85.59
49103319,89968,14,206.49
49120248,86854,19,207.99
49120248,26245,1,107.79
49129634,22057,1,294.89
49129634,80625,1,690.09
49129634,89968,21,206.49
49129634,29305,7,210.19
49139331,44331,5,121.79
49139331,77617,14,226.99
49139916,57224,15,54.99
49190030,47174,2,390.69
49190030,50462,3,174.99
49209684,82664,5,269.69
49214379,37489,8,17.69
49214379,57874,2,234.09
49251330,52648,4,195.89
49251330,89968,11,206.49
49251330,52111,7,173.99
49251330,69729,1,209.19
49261909,83295,8,123.99
49279510,53078,1,293.39
49279510,37742,11,193.59
49279510,87148,7,4.99
49307206,10023,8,181.29
49307206,20430,9,198.89
49307206,87809,5,436.79
49307206,26740,13,216.59
49307206,82664,4,269.69
49309106,68080,7,141.29
49309967,41345,1,812.29
49309967,26740,1,216.59
49309967,85973,24,177.59
49309967,27600,1,1470.79
49309967,52111,4,173.99
49310482,10621,5,165.19
49312782,57874,5,234.09
49312782,23045,4,713.69
49312782,21508,3,97.89
49312782,82638,22,22.99
49312782,95646,10,323.09
49312782,35273,14,213.19
49312782,87809,11,436.79
49328895,61311,8,160.19
49328895,23323,11,293.99
49328895,73115,6,172.99
49328895,13185,19,205.29
49328895,52648,17,195.89
49328895,87148,1,4.99
49359150,78853,4,26.29
49383332,46421,7,185.89
49389628,81834,8,186.89
49404085,20054,25,196.99
49404085,47174,1,390.69
49404085,14979,25,582.09
49404085,48510,4,68.99
49404085,35273,2,213.19
49404591,95646,6,323.09
49404591,26750,22,78.79
49404591,25979,4,215.99
49426775,13185,16,205.29
49426775,32640,15,234.89
49426775,14109,1,225.49
49432462,29305,1,210.19
49432462,26245,13,107.79
49433922,10621,22,165.19
49433922,61311,20,160.19
49437130,10023,15,181.29
49437130,75721,21,174.59
49455566,17582,19,83.39
49455566,46935,4,118.99
49455728,64388,15,290.09
49455728,81641,1,228.09
49455728,92839,3,84.09
49462279,89968,18,206.49
49462279,57874,11,234.09
49462279,86854,24,207.99
49462279,91580,19,262.59
49462279,36496,11,5.69
49476895,11575,25,233.29
49476895,87789,1,294.99
49487417,79564,1,34.99
49503010,16353,23,105.99
49517437,80625,5,690.09
49517437,53392,16,112.99
49517437,98451,19,1292.09
49517437,77670,24,244.59
49517437,46421,14,185.89
49517437,64388,7,290.09
49517437,47437,12,898.99
49542488,86809,1,71.29
49542488,63748,21,91.19
49554757,48869,7,901.09
49554757,85973,6,177.59
49572816,52648,2,195.89
49572816,48869,1,901.09
49572816,95646,10,323.09
49579704,87574,2,130.19
49590968,46421,11,185.89
49593334,71227,19,166.29
49593334,69991,11,1268.79
49593334,77670,21,244.59
49598607,37490,2,159.99
49598607,46499,5,299.49
49612029,98451,8,1292.09
49613922,95339,18,58.89
49614137,18398,1,283.19
49614137,47174,3,390.69
49614137,11313,6,78.49
49618391,32457,14,550.79
49618391,80625,2,690.09
49619567,57224,6,54.99
49619567,75721,1,174.59
49619567,10621,1,165.19
49619567,87809,21,436.79
49625194,46935,19,118.99
49630088,80625,5,690.09
49632318,69991,5,1268.79
49632318,57545,5,12.49
49634327,85973,15,177.59
49648330,47174,1,390.69
49648330,98451,5,1292.09
49652962,71645,14,403.99
49652962,26270,3,749.99
49655773,79834,1,151.19
49655773,57874,1,234.09
49655773,47437,1,898.99
49655773,85973,5,177.59
49655842,10621,10,165.19
49655842,59301,7,43.99
49655842,57051,9,58.39
49655842,11313,24,78.49
49673148,11575,7,233.29
49673148,16353,9,105.99
49682005,85459,2,239.79
49690528,85459,10,239.79
49690528,27849,2,123.59
49696977,57224,18,54.99
49702551,41515,1,1273.69
49702551,15578,1,78.69
49702551,57874,1,234.09
49743486,15918,1,32.99
49743486,66452,6,169.99
49743486,41515,13,1273.69
49743486,15578,15,78.69
49749350,66578,1,268.19
49749350,68479,9,46.29
49749350,68080,8,141.29
49749350,58241,14,203.99
49749350,77617,3,226.99
49770019,10023,15,181.29
49781148,99654,8,265.39
49781148,16086,7,36.99
49783654,32511,13,62.59
49784289,45172,6,205.99
49784289,90808,7,77.19
49796349,32640,6,234.89
49796349,48869,1,901.09
49807213,50462,18,174.99
49811125,68080,2,141.29
49818123,77670,9,244.59
49821533,78853,1,26.29
49854421,22057,8,294.89
49854421,46421,7,185.89
49856705,17582,22,83.39
49861564,57545,1,12.49
49864210,85076,6,893.99
49864210,82067,9,40.79
49865877,64388,1,290.09
49902414,97298,12,29.99
49902414,14920,1,249.99
49906999,16086,17,36.99
49910643,63985,10,78.79
49910643,26270,5,749.99
49916746,80625,2,690.09
49916746,57051,25,58.39
49916746,48510,24,68.99
49916746,69991,10,1268.79
49927253,68723,21,96.89
49927253,32457,6,550.79
49928372,53392,7,112.99
49928372,36262,1,233.99
49953661,23364,10,143.99
49953661,78853,19,26.29
49954439,57224,3,54.99
49954439,32091,1,81.39
49954439,16749,1,231.39
49954439,87809,2,436.79
49954439,78853,8,26.29
49971067,10621,1,165.19
49981411,20043,19,165.99
49981411,95523,1,82.19
49981411,80625,14,690.09
49981411,48996,9,64.79
49998047,81834,12,186.89
49998047,32457,2,550.79
50004058,47174,1,390.69
50004058,69218,2,184.09
50008136,35273,21,213.19
50008136,61311,7,160.19
50008136,25979,1,215.99
50008136,28650,25,96.69
50008136,54586,4,98.49
50018550,68479,9,46.29
50018550,95646,11,323.09
50018550,47437,16,898.99
50018550,71645,3,403.99
50018550,23045,1,713.69
50035641,46935,10,118.99
50036552,86809,2,71.29
50036552,85572,18,30.99
50046528,14979,10,582.09
50048513,21508,18,97.89
50048513,34871,3,6.59
50048513,85076,3,893.99
50048513,94390,6,43.79
50055032,64279,2,126.39
50065444,41515,16,1273.69
50065444,33209,1,384.69
50065444,57874,4,234.09
50065444,39417,2,192.59
50073096,98451,9,1292.09
50073096,21230,21,90.79
50073096,96141,3,909.49
50096033,21230,5,90.79
50099464,54586,2,98.49
50121634,16805,11,279.49
50121634,18476,19,11.09
50124299,37490,1,159.99
50132204,77670,11,244.59
50132204,75721,10,174.59
50132615,70801,24,215.99
50152441,69218,5,184.09
50152441,15578,20,78.69
50163023,75721,7,174.59
50163023,82664,8,269.69
50163023,48510,1,68.99
50171702,33209,20,384.69
50171702,16236,15,4.99
50171702,94390,1,43.79
50171702,87809,3,436.79
50174181,11453,3,1304.19
50174181,18476,2,11.09
50202022,14109,1,225.49
50202022,83295,1,123.99
50202022,14042,6,77.29
50202022,47437,19,898.99
50202022,69218,20,184.09
50207817,15578,4,78.69
50207817,32457,1,550.79
50209112,35798,3,82.99
50209112,16749,8,231.39
50217509,94612,18,266.79
50217509,49147,18,352.19
50230687,80349,15,203.59
50237339,22393,6,1060.09
50239962,75721,10,174.59
50239962,39417,4,192.59
50249198,41515,14,1273.69
50249198,95339,23,58.89
50263711,44115,17,1320.79
50274718,94612,10,266.79
50291088,36224,22,56.09
50292635,48996,1,64.79
50292635,75767,2,243.99
50304057,20430,2,198.89
50310376,37742,2,193.59
50310376,85076,6,893.99
50310376,57874,1,234.09
50310376,33209,1,384.69
50310376,32457,4,550.79
50310376,14979,2,582.09
50311112,46421,21,185.89
50324969,85459,13,239.79
50324969,57874,20,234.09
50324969,26740,6,216.59
50330656,97210,13,241.29
50330656,80978,3,280.69
50330656,10023,3,181.29
50330656,75721,2,174.59
50332513,48996,19,64.79
50332513,84547,22,205.49
50332513,68723,12,96.89
50339025,75438,5,59.19
50352607,87809,9,436.79
50355662,46421,7,185.89
50355662,22393,12,1060.09
50355662,58241,23,203.99
50355662,61677,1,192.69
50359210,16805,1,279.49
50361148,36224,19,56.09
50361148,57051,1,58.39
50370215,20430,14,198.89
50391500,24242,20,116.99
50391500,15626,1,429.09
50391500,23045,6,713.69
50391500,56178,1,1474.59
50393739,32511,9,62.59
50393739,48510,21,68.99
50398505,32457,11,550.79
50398505,75721,7,174.59
50398505,45172,1,205.99
50404527,37489,25,17.69
50404527,20430,14,198.89
50417365,32511,1,62.59
50417365,16353,8,105.99
50417365,32457,1,550.79
50423763,64388,2,290.09
50423763,54586,3,98.49
50424663,75721,2,174.59
50424663,87426,2,180.29
50424663,33606,15,285.99
50424663,32457,2,550.79
50428081,32938,1,1148.89
50428081,26740,13,216.59
50428081,15918,8,32.99
50428081,26270,14,749.99
50428081,10023,1,181.29
50428081,90808,22,77.19
50428081,83295,1,123.99
50434392,35273,9,213.19
50434392,53078,3,293.39
50434392,89968,19,206.49
50434392,26245,5,107.79
50453785,57224,1,54.99
50460385,15578,19,78.69
50480188,52648,1,195.89
50487016,32511,6,62.59
50487016,85076,3,893.99
50487016,76830,10,210.09
50491434,68479,3,46.29
50491434,89968,11,206.49
50494147,58241,12,203.99
50502658,68080,16,141.29
50503934,28650,1,96.69
50503934,37489,18,17.69
50516040,73489,9,251.09
50516040,95646,2,323.09
50516040,85973,1,177.59
50519919,77670,11,244.59
50524655,56178,23,1474.59
50531999,50462,12,174.99
50531999,35798,10,82.99
50539007,21508,2,97.89
50570535,30919,6,135.79
50570535,95523,6,82.19
50573102,20054,15,196.99
50573102,32091,1,81.39
50579408,48510,13,68.99
50583306,16353,5,105.99
50583306,46421,2,185.89
50583306,45172,1,205.99
50583306,85076,10,893.99
50583306,64388,10,290.09
50583306,89968,1,206.49
50599830,46835,1,112.29
50606181,39417,4,192.59
50606181,53392,19,112.99
50606181,86725,8,260.79
50606181,54586,24,98.49
50606181,25979,15,215.99
50633641,78853,2,26.29
50659851,37489,7,17.69
50659851,69729,15,209.19
50659851,98451,3,1292.09
50682657,52111,1,173.99
50682657,83295,10,123.99
50682657,26740,1,216.59
50682657,75767,12,243.99
50682657,97210,23,241.29
50682657,46421,7,185.89
50682657,64388,10,290.09
50722737,19021,7,253.09
50722737,46499,2,299.49
50722737,75767,17,243.99
50722737,57545,19,12.49
50722737,47174,1,390.69
50722737,39417,17,192.59
50722737,52648,14,195.89
50722737,25536,2,208.09
50734176,37489,23,17.69
50747876,90808,5,77.19
50747876,52648,1,195.89
50758578,80625,6,690.09
50758578,92839,5,84.09
50769182,50462,9,174.99
50769182,14042,13,77.29
50773369,72692,11,46.69
50773369,26740,10,216.59
50774233,37742,18,193.59
50774233,25979,14,215.99
50774233,27600,2,1470.79
50774233,30919,3,135.79
50774233,48510,2,68.99
50774233,32511,4,62.59
50776602,84547,25,205.49
50776602,21508,25,97.89
50776602,14042,15,77.29
50778262,58241,4,203.99
50778262,61093,10,240.99
50783991,71227,11,166.29
50783991,75767,7,243.99
50783991,85076,7,893.99
50783991,36209,18,189.99
50785038,12576,6,134.49
50805449,20430,2,198.89
50805449,22057,5,294.89
50805449,45172,4,205.99
50822940,15578,3,78.69
50822940,94514,11,254.99
50822940,11453,2,1304.19
50822940,77617,1,226.99
50822940,11426,20,1071.19
50822940,95646,14,323.09
50828143,12576,13,134.49
50828143,84482,15,223.49
50828143,37489,19,17.69
50828300,56178,5,1474.59
50828300,35273,1,213.19
50828300,19177,6,100.79
50828300,85076,1,893.99
50835091,19403,2,228.99
50835091,52648,2,195.89
50850151,44115,3,1320.79
50850151,68723,1,96.89
50850151,85076,3,893.99
50850151,33209,5,384.69
50869730,48510,21,68.99
50869730,28650,2,96.69
50883100,61311,1,160.19
50883100,60647,1,264.09
50883818,15578,2,78.69
50883818,64388,4,290.09
50883818,36224,2,56.09
50883818,32091,3,81.39
50885608,95646,19,323.09
50895116,41515,1,1273.69
50895116,35798,1,82.99
50907220,39417,1,192.59
50907220,87426,3,180.29
50907220,35798,1,82.99
50907220,36209,4,189.99
50916765,35273,16,213.19
50943472,13185,5,205.29
50943472,98451,1,1292.09
50949637,35798,11,82.99
50952224,75721,3,174.59
50952224,37489,2,17.69
50957448,27600,4,1470.79
50957448,87809,13,436.79
50984191,95523,1,82.19
50984191,75767,3,243.99
50984191,37489,20,17.69
50986724,11313,7,78.49
50997018,44115,16,1320.79
50997018,37490,9,159.99
51015557,39417,8,192.59
51015557,80978,2,280.69
51028482,86809,20,71.29
51028482,41515,1,1273.69
51028482,80349,4,203.59
51028482,82410,1,171.99
51028482,14920,12,249.99
51028482,52648,3,195.89
51038519,12224,22,734.79
51042997,32511,1,62.59
51042997,50462,10,174.99
51042997,80978,2,280.69
51045093,68080,24,141.29
51045093,57579,2,162.99
51045093,16353,7,105.99
51045093,26270,8,749.99
51064969,96141,5,909.49
51064969,64388,8,290.09
51064969,85076,12,893.99
51064969,86809,14,71.29
51076900,56751,10,27.29
51076900,26270,4,749.99
51076900,87148,19,4.99
51076900,87789,19,294.99
51089664,86809,2,71.29
51098013,57874,8,234.09
51104791,57545,1,12.49
51104791,20054,5,196.99
51135401,86809,1,71.29
51135401,33209,1,384.69
51138999,47174,2,390.69
51138999,32091,18,81.39
51138999,15578,24,78.69
51138999,73489,4,251.09
51138999,79834,3,151.19
51138999,63748,24,91.19
51154289,70801,1,215.99
51154289,81834,2,186.89
51154289,78853,11,26.29
51154289,89968,3,206.49
51158752,75721,2,174.59
51164160,61311,1,160.19
51166292,71227,25,166.29
51166292,85076,12,893.99
51166292,57545,21,12.49
51166292,16353,3,105.99
51166292,80625,1,690.09
51166292,58241,14,203.99
51166292,32457,23,550.79
51166292,47174,5,390.69
51181463,57874,2,234.09
51181463,14042,6,77.29
51181463,10023,14,181.29
51197088,57874,6,234.09
51197088,12576,7,134.49
51200365,20430,1,198.89
51200365,71645,13,403.99
51200365,11313,4,78.49
51200365,25979,11,215.99
51205632,54586,15,98.49
51205632,46421,16,185.89
51206493,47174,11,390.69
51206493,76830,22,210.09
51208776,10621,10,165.19
51208776,22393,22,1060.09
51208776,94077,4,185.09
51208776,35798,3,82.99
51219395,23045,7,713.69
51219395,84547,2,205.49
51236462,26270,1,749.99
51238208,48996,8,64.79
51241673,47632,21,168.29
51241673,80625,2,690.09
51241673,56751,19,27.29
51241673,17582,21,83.39
51241673,21508,2,97.89
51241673,84547,1,205.49
51241673,10621,4,165.19
51241673,68723,14,96.89
51241739,57224,2,54.99
51263302,35573,9,580.69
51278505,68080,2,141.29
51278505,48996,1,64.79
51278505,10621,6,165.19
51278505,66452,11,169.99
51278505,44115,11,1320.79
51278505,78853,1,26.29
51283451,44513,19,53.19
51291606,95646,13,323.09
51291606,86809,16,71.29
51291606,41515,21,1273.69
51291606,57579,3,162.99
51292695,95646,1,323.09
51308384,98451,1,1292.09
51310640,68479,11,46.29
51310640,20054,1,196.99
51310640,54586,3,98.49
51310640,22393,11,1060.09
51310640,12576,20,134.49
51353047,90808,9,77.19
51359210,84547,24,205.49
51362792,78853,1,26.29
51376296,58650,19,11.09
51376296,46935,23,118.99
51376296,11575,1,233.29
51376296,96141,9,909.49
51376296,47174,7,390.69
51389849,36224,3,56.09
51421886,15918,2,32.99
51421886,80349,11,203.59
51448687,47632,7,168.29
51448687,32938,13,1148.89
51448687,37489,6,17.69
51448687,16353,6,105.99
51448687,47437,11,898.99
51448687,85973,8,177.59
51448687,52648,10,195.89
51469412,83295,13,123.99
51469412,68080,13,141.29
51469412,68723,10,96.89
51469412,36224,2,56.09
51484017,97298,1,29.99
51484017,81834,1,186.89
51499785,10621,1,165.19
51499785,80349,23,203.59
51499785,77670,1,244.59
51499785,70780,14,122.19
51510808,78853,3,26.29
51510808,80978,19,280.69
51541427,16749,22,231.39
51546417,85459,17,239.79
51564169,26994,3,84.39
51564169,68479,10,46.29
51571398,76061,3,229.99
51571398,48510,19,68.99
51571398,98451,5,1292.09
51571398,68723,1,96.89
51571398,61311,25,160.19
51574423,62011,7,72.79
51574423,81834,17,186.89
51577168,32640,7,234.89
51577168,15578,2,78.69
51577168,36496,8,5.69
51577168,25979,1,215.99
51583980,32457,1,550.79
51583980,78853,1,26.29
51583980,77670,1,244.59
51607160,97298,6,29.99
51607160,19409,15,67.99
51614607,92046,11,166.49
51614607,22393,18,1060.09
51617897,46499,13,299.49
51617897,14920,1,249.99
51617897,37742,13,193.59
51617897,15081,24,108.99
51642322,92839,9,84.09
51642322,48996,3,64.79
51642322,35798,3,82.99
51642322,32091,17,81.39
51642322,52648,15,195.89
51648654,10023,16,181.29
51648654,20430,6,198.89
51648654,46935,3,118.99
51648654,21230,6,90.79
51648654,90808,10,77.19
51671531,37742,2,193.59
51671531,32457,4,550.79
51671531,37489,24,17.69
51676420,89968,1,206.49
51678485,58241,2,203.99
51678485,87809,7,436.79
51678485,57545,1,12.49
51678485,46835,4,112.29
51679857,87789,20,294.99
51680522,44115,18,1320.79
51686112,22393,18,1060.09
51696550,97210,1,241.29
51696550,16805,8,279.49
51696550,80978,4,280.69
51696550,78853,5,26.29
51696550,15626,25,429.09
51698804,68080,2,141.29
51698804,10023,1,181.29
51698804,39417,18,192.59
51698804,15918,12,32.99
51698804,16353,1,105.99
51698804,32457,24,550.79
51698804,48510,1,68.99
51746928,19409,6,67.99
51746928,40999,21,120.99
51746928,14979,10,582.09
51757923,78853,17,26.29
51757923,11575,7,233.29
51757923,34871,12,6.59
51775088,86725,1,260.79
51777951,64388,1,290.09
51777951,86286,3,261.59
51782732,61311,12,160.19
51786870,22393,13,1060.09
51786870,83295,1,123.99
51804332,26270,1,749.99
51804332,75767,1,243.99
51804332,36496,5,5.69
51815213,25536,3,208.09
51815213,28650,1,96.69
51815213,81834,1,186.89
51815213,52648,23,195.89
51824786,11453,2,1304.19
51824786,77617,7,226.99
51824786,69991,2,1268.79
51831491,48996,1,64.79
51843600,20430,24,198.89
51843600,57224,1,54.99
51849724,36224,19,56.09
51849724,78853,2,26.29
51849724,25979,14,215.99
51849724,53392,12,112.99
51849724,39417,13,192.59
51859218,87148,7,4.99
51859218,48510,23,68.99
51862486,46421,18,185.89
51877740,97210,7,241.29
51899929,57874,1,234.09
51926583,32457,2,550.79
51926583,27849,12,123.59
51940805,95339,11,58.89
51943146,15918,24,32.99
51943146,57051,4,58.39
51950375,15918,4,32.99
51950375,14979,6,582.09
51950375,25536,16,208.09
51971259,20430,13,198.89
51971259,36496,8,5.69
51971259,85459,25,239.79
51971259,10023,12,181.29
51971259,11313,1,78.49
51981795,85459,1,239.79
51981795,23045,10,713.69
51981795,47174,6,390.69
51981795,54586,3,98.49
51986370,10621,6,165.19
51986370,22057,7,294.89
52029766,33344,13,1109.59
52034925,94612,17,266.79
52034925,50150,11,390.59
52035112,57545,1,12.49
52035112,75767,1,243.99
52035112,81641,1,228.09
52035112,46499,19,299.49
52035112,86809,1,71.29
52038151,15918,1,32.99
52038151,53392,1,112.99
52038151,58781,1,290.99
52038151,32640,3,234.89
52038151,68080,5,141.29
52038151,26740,4,216.59
52065586,80349,11,203.59
52069679,41515,24,1273.69
52069679,36262,1,233.99
52083024,95646,5,323.09
52090326,26740,1,216.59
52090326,54586,8,98.49
52090326,46935,25,118.99
52093661,68479,7,46.29
52099071,37489,5,17.69
52103942,19409,5,67.99
52103942,87809,1,436.79
52103942,19177,1,100.79
52103942,28650,16,96.69
52103942,41515,24,1273.69
52122047,87148,23,4.99
52122323,59301,2,43.99
52133064,58241,8,203.99
52145582,89968,12,206.49
52145582,22393,21,1060.09
52145582,14979,22,582.09
52148297,16805,2,279.49
52148297,26740,1,216.59
52148297,46421,7,185.89
52149493,21230,1,90.79
52149493,64388,3,290.09
52149493,22393,13,1060.09
52149493,78853,2,26.29
52149656,32091,12,81.39
52155175,95339,2,58.89
52155175,36209,25,189.99
52156388,85076,10,893.99
52156388,92046,15,166.49
52173279,53392,6,112.99
52173279,35798,16,82.99
52173279,57874,2,234.09
52179845,47632,25,168.29
52179845,21230,3,90.79
52192793,83295,10,123.99
52192793,95523,3,82.19
52192793,84482,8,223.49
52226766,87789,15,294.99
52226766,58241,16,203.99
52237981,95646,1,323.09
52237981,51181,1,184.29
52237981,75721,2,174.59
52237981,37742,18,193.59
52237981,35273,3,213.19
52239813,39417,6,192.59
52253844,15578,21,78.69
52253844,28650,11,96.69
52254376,80349,16,203.59
52254376,26750,16,78.79
52257869,25979,6,215.99
52257869,87426,1,180.29
52261239,61311,5,160.19
52261239,57545,6,12.49
52261239,10621,1,165.19
52261239,79564,6,34.99
52261239,77617,4,226.99
52261239,44115,8,1320.79
52263737,48996,5,64.79
52263737,37742,11,193.59
52263737,26740,5,216.59
52274849,15626,13,429.09
52274849,64388,10,290.09
52295785,54586,9,98.49
52295785,17838,16,85.99
52295785,32457,16,550.79
52295785,81834,3,186.89
52297016,48996,8,64.79
52297016,76830,9,210.09
52297016,14109,4,225.49
52297016,47632,9,168.29
52297016,20043,23,165.99
52352252,95339,6,58.89
52361333,26270,8,749.99
52372051,92839,3,84.09
52372051,32938,14,1148.89
52378088,47437,5,898.99
52378088,10023,16,181.29
52378088,11575,17,233.29
52378088,83295,20,123.99
52378088,36224,1,56.09
52378088,85973,23,177.59
52386190,78853,1,26.29
52393478,20054,23,196.99
52393478,66452,1,169.99
52393478,94612,1,266.79
52393478,47174,11,390.69
52401920,16749,1,231.39
52401920,80625,15,690.09
52401920,32511,23,62.59
52420864,46421,2,185.89
52427250,70801,2,215.99
52429873,41515,2,1273.69
52430641,20054,17,196.99
52430641,37742,19,193.59
52430641,21508,2,97.89
52432420,57224,9,54.99
52432420,32091,17,81.39
52432420,95339,2,58.89
52432420,22393,3,1060.09
52435574,47437,4,898.99
52435574,15578,8,78.69
52435574,29892,1,44.09
52438339,48996,25,64.79
52440545,32640,16,234.89
52440545,14979,1,582.09
52440545,29892,14,44.09
52440545,64388,17,290.09
52443664,83295,3,123.99
52449459,26245,3,107.79
52449459,81834,1,186.89
52463956,98451,1,1292.09
52465775,32457,4,550.79
52465775,15918,15,32.99
52465775,58650,7,11.09
52465775,83295,6,123.99
52465775,36224,22,56.09
52465775,78853,8,26.29
52465775,58241,1,203.99
52484262,27849,6,123.59
52496431,46421,2,185.89
52496431,52648,1,195.89
52496431,78853,12,26.29
52516863,46421,3,185.89
52516863,18398,17,283.19
52516863,77670,25,244.59
52516863,58241,6,203.99
52524248,45172,2,205.99
52524248,29892,15,44.09
52552640,75721,21,174.59
52552640,35798,12,82.99
52552640,37489,20,17.69
52552640,59301,25,43.99
52556218,87809,16,436.79
52593054,48349,9,51.69
52593054,96141,13,909.49
52597139,37490,13,159.99
52597139,35798,16,82.99
52597139,57874,11,234.09
52597139,20054,5,196.99
52597139,20888,1,65.99
52603032,85076,2,893.99
52603032,29305,4,210.19
52603032,26740,14,216.59
52605911,16805,23,279.49
52605911,25536,22,208.09
52636390,85459,10,239.79
52636390,26245,1,107.79
52636390,79564,3,34.99
52636390,33935,11,201.99
52644065,20054,7,196.99
52647173,61311,21,160.19
52647173,37742,5,193.59
52647173,78853,4,26.29
52647173,20074,10,1064.09
52647173,48510,8,68.99
52647173,87789,1,294.99
52650405,35798,3,82.99
52650405,45172,1,205.99
52651527,35798,2,82.99
52651527,19011,5,198.89
52651527,89968,4,206.49
52651527,87148,1,4.99
52657329,61311,3,160.19
52657329,14979,19,582.09
52661516,92839,18,84.09
52661516,26270,5,749.99
52661516,54586,5,98.49
52661516,37742,14,193.59
52661516,95523,3,82.19
52681801,76830,6,210.09
52689818,37489,7,17.69
52693568,26270,3,749.99
52693568,16353,10,105.99
52697334,54586,19,98.49
52697334,44513,1,53.19
52697334,20430,1,198.89
52697334,64388,3,290.09
52718793,26740,17,216.59
52718833,75438,10,59.19
52718833,23364,7,143.99
52718833,75721,6,174.59
52726102,68479,16,46.29
52726102,22057,8,294.89
52726102,61311,4,160.19
52726102,78853,19,26.29
52737927,47174,8,390.69
52737927,32091,16,81.39
52745146,46421,3,185.89
52745146,15918,7,32.99
52757266,69729,6,209.19
52757266,87148,7,4.99
52757266,44513,17,53.19
52780138,80978,6,280.69
52814367,85973,4,177.59
52814367,20054,1,196.99
52814367,10023,8,181.29
52828496,64388,6,290.09
52828496,85973,22,177.59
52828496,95339,8,58.89
52828496,97210,1,241.29
52828496,22393,17,1060.09
52833638,57224,3,54.99
52837747,16749,15,231.39
52837747,42020,18,49.99
52839833,84547,8,205.49
52839833,11453,1,1304.19
52845475,25979,2,215.99
52845475,28650,1,96.69
52856781,37489,9,17.69
52859138,46421,19,185.89
52859138,77617,11,226.99
52859138,62011,5,72.79
52869875,32091,21,81.39
52885558,20430,3,198.89
52886101,79564,10,34.99
52886101,11453,15,1304.19
52886101,29892,3,44.09
52886101,69037,1,35.99
52886101,15918,24,32.99
52887197,92839,22,84.09
52887197,86854,1,207.99
52887197,14109,4,225.49
52890550,22393,16,1060.09
52890550,46420,1,41.59
52890550,98451,9,1292.09
52890550,22057,5,294.89
52891605,52111,3,173.99
52896486,81834,1,186.89
52896486,32457,15,550.79
52896486,36224,2,56.09
52896541,77670,3,244.59
52896541,95646,23,323.09
52896541,66452,1,169.99
52908855,69037,1,35.99
52908855,85459,7,239.79
52908855,33606,5,285.99
52923088,47632,16,168.29
52923088,32091,21,81.39
52923088,68080,10,141.29
52923088,52648,13,195.89
52923088,46421,2,185.89
52923088,19021,1,253.09
52923088,11575,2,233.29
52923088,10621,1,165.19
52926248,52648,15,195.89
52926248,20054,16,196.99
52936415,47632,11,168.29
52936415,37490,12,159.99
52952128,94612,14,266.79
52952844,32091,2,81.39
52952844,80349,4,203.59
52952844,58241,18,203.99
52975462,64388,3,290.09
52986811,79564,2,34.99
52997474,44513,13,53.19
52997474,47632,5,168.29
52997474,41515,1,1273.69
53001435,96141,7,909.49
53010247,10621,2,165.19
53011470,75438,20,59.19
53011470,19409,22,67.99
53011470,61677,6,192.69
53012714,68479,21,46.29
53012714,46935,2,118.99
53012714,97210,22,241.29
53012714,96141,13,909.49
53012714,62011,6,72.79
53012714,36496,22,5.69
53012714,45172,9,205.99
53013136,84547,6,205.49
53013136,29305,7,210.19
53013136,75721,18,174.59
53013136,60647,8,264.09
53013136,58241,15,203.99
53013136,86809,25,71.29
53022682,80349,15,203.59
53025209,68479,1,46.29
53025209,75721,13,174.59
53025209,77617,3,226.99
53025209,86809,1,71.29
53030731,84547,4,205.49
53030731,47632,15,168.29
53054239,53078,1,293.39
53054239,76830,9,210.09
53054239,47632,3,168.29
53054239,86809,12,71.29
53055209,92839,4,84.09
53055209,75767,9,243.99
53055209,24242,3,116.99
53055209,61677,21,192.69
53055209,20054,9,196.99
53069391,78853,3,26.29
53069391,68479,6,46.29
53074169,39417,2,192.59
53074169,15578,3,78.69
53074169,25536,5,208.09
53074169,23045,3,713.69
53094418,39417,1,192.59
53096732,92839,8,84.09
53096732,32091,10,81.39
53121310,26740,5,216.59
53121310,11313,3,78.49
53121310,20054,11,196.99
53123532,86809,14,71.29
53150586,50462,1,174.99
53150586,36496,1,5.69
53150586,37490,5,159.99
53154723,57874,3,234.09
53174050,48996,16,64.79
53174050,20054,22,196.99
53179937,87426,10,180.29
53184543,21230,10,90.79
53198783,26270,19,749.99
53198783,49147,2,352.19
53198783,22393,13,1060.09
53198783,54586,1,98.49
53207289,71645,23,403.99
53207289,48510,4,68.99
53227120,20430,17,198.89
53227120,20054,12,196.99
53227120,10023,2,181.29
53227120,84547,2,205.49
53227120,14979,2,582.09
53229170,23364,1,143.99
53253485,20430,8,198.89
53268814,22393,2,1060.09
53268814,95646,2,323.09
53268814,57874,7,234.09
53268814,78649,1,1059.49
53268814,15918,1,32.99
53276108,33606,13,285.99
53276108,27849,17,123.59
53285014,41345,12,812.29
53285014,37489,18,17.69
53292059,92839,18,84.09
53292059,78649,2,1059.49
53292059,85459,1,239.79
53292059,17582,20,83.39
53300093,63748,25,91.19
53300093,85076,4,893.99
53313538,11313,19,78.49
53313538,54586,1,98.49
53328513,78853,10,26.29
53328513,11313,3,78.49
53334942,33606,22,285.99
53334942,85459,8,239.79
53334942,85973,4,177.59
53350687,27849,2,123.59
53351929,41515,22,1273.69
53351929,11811,12,250.49
53351929,87789,1,294.99
53351929,54586,1,98.49
53351929,11313,14,78.49
53359436,10621,17,165.19
53359436,98451,1,1292.09
53359436,77617,9,226.99
53359436,64279,10,126.39
53359436,58650,1,11.09
53359436,26270,4,749.99
53369167,27849,18,123.59
53402077,83295,3,123.99
53402077,77617,15,226.99
53402077,54586,5,98.49
53402077,45172,1,205.99
53413047,13185,25,205.29
53413047,59301,20,43.99
53415225,57224,1,54.99
53415225,47632,4,168.29
53415225,85076,2,893.99
53415225,10621,23,165.19
53415225,86809,4,71.29
53424976,41515,1,1273.69
53424976,95523,1,82.19
53424976,35273,7,213.19
53424976,11575,1,233.29
53424976,32511,3,62.59
53454014,49147,2,352.19
53454014,14920,1,249.99
53455406,27849,14,123.59
53455406,95646,25,323.09
53483113,75438,2,59.19
53492071,95646,1,323.09
53495790,35798,3,82.99
53495790,52648,22,195.89
53495790,41515,3,1273.69
53495790,29892,2,44.09
53495790,92839,13,84.09
53501906,58241,5,203.99
53501906,39417,1,192.59
53501906,61093,8,240.99
53514756,16805,17,279.49
53520622,68080,3,141.29
53520622,39417,11,192.59
53526132,13185,18,205.29
53526536,90808,5,77.19
53526536,80349,22,203.59
53526536,92839,6,84.09
53526536,80978,24,280.69
53526536,57545,7,12.49
53528322,26270,19,749.99
53528322,75767,15,243.99
53530590,11313,8,78.49
53540062,75721,3,174.59
53568527,46935,5,118.99
53570622,77617,20,226.99
53570622,85973,1,177.59
53570622,97210,1,241.29
53570622,78853,5,26.29
53578476,94612,22,266.79
53578476,57874,13,234.09
53578476,51181,1,184.29
53578476,15578,17,78.69
53591937,16749,3,231.39
53591937,95339,1,58.89
53591937,54586,8,98.49
53591937,48996,1,64.79
53596540,25536,20,208.09
53596540,26245,10,107.79
53596540,33606,1,285.99
53596540,64388,1,290.09
53596540,77617,23,226.99
53596540,15578,3,78.69
53596540,86286,18,261.59
53596540,32457,1,550.79
53610556,90808,11,77.19
53614816,76830,23,210.09
53627494,62011,13,72.79
53627494,16257,16,154.99
53627494,15918,9,32.99
53627494,66452,14,169.99
53627494,46935,1,118.99
53645984,27600,1,1470.79
53652400,86854,6,207.99
53652400,37490,1,159.99
53652400,47437,22,898.99
53659262,85973,11,177.59
53671313,95646,2,323.09
53676879,33935,22,201.99
53676879,25979,3,215.99
53676879,83295,9,123.99
53676879,15918,1,32.99
53676879,26245,3,107.79
53676879,28650,6,96.69
53680908,48869,24,901.09
53680908,86809,4,71.29
53717804,32457,19,550.79
53717973,75438,19,59.19
53717973,41345,1,812.29
53717973,78853,1,26.29
53744456,36224,4,56.09
53744456,95646,6,323.09
53744456,22393,9,1060.09
53744456,80349,12,203.59
53744456,27849,3,123.59
53748117,35798,11,82.99
53748117,87809,4,436.79
53748117,81834,24,186.89
53766927,35798,1,82.99
53766927,70780,2,122.19
53766927,11575,18,233.29
53766927,44115,9,1320.79
53770819,92839,2,84.09
53770819,47174,20,390.69
53779326,22057,11,294.89
53779326,32457,15,550.79
53779326,80625,8,690.09
53779326,62011,19,72.79
53779326,19177,15,100.79
53779326,37490,21,159.99
53779326,19409,1,67.99
53779326,52648,3,195.89
53781497,10023,2,181.29
53781497,32091,20,81.39
53788027,23045,2,713.69
53788027,20054,5,196.99
53788027,17576,1,214.09
53799611,23045,2,713.69
53799611,18476,11,11.09
53799611,20074,9,1064.09
53799611,20430,11,198.89
53799611,10621,1,165.19
53800555,57224,2,54.99
53810002,25536,16,208.09
53810002,59301,3,43.99
53810002,48996,22,64.79
53822471,16353,7,105.99
53822471,77617,25,226.99
53822471,25979,2,215.99
53830079,85076,1,893.99
53833693,58650,17,11.09
53849226,16805,25,279.49
53849226,45172,3,205.99
53860706,36224,12,56.09
53860706,11575,1,233.29
53860706,90808,3,77.19
53860706,10621,15,165.19
53863692,75721,1,174.59
53863692,95646,19,323.09
53864589,48289,1,85.59
53864589,71645,15,403.99
53888180,77617,16,226.99
53888180,52648,1,195.89
53888180,15918,2,32.99
53888180,68080,5,141.29
53888180,63985,8,78.79
53891681,81641,2,228.09
53891681,58241,3,203.99
53891681,64388,20,290.09
53900877,24242,3,116.99
53900877,46421,10,185.89
53909912,48510,8,68.99
53909912,47174,18,390.69
53909912,53392,4,112.99
53916336,87809,2,436.79
53916336,55048,12,186.19
53927247,22057,3,294.89
53927247,86809,18,71.29
53927247,32640,7,234.89
53940318,87148,1,4.99
53940318,80349,24,203.59
53943109,22057,1,294.89
53943109,96141,16,909.49
53943109,78853,8,26.29
53943109,57224,1,54.99
53943109,63748,10,91.19
53943109,47437,3,898.99
53969228,75767,10,243.99
53969228,32457,21,550.79
54009097,58650,10,11.09
54009097,89968,12,206.49
54020648,77617,4,226.99
54020648,27600,25,1470.79
54020648,48510,1,68.99
54020648,36262,8,233.99
54020648,62011,5,72.79
54030813,63985,21,78.79
54030813,85076,1,893.99
54030813,14979,16,582.09
54035726,89968,11,206.49
54035726,87148,11,4.99
54051112,97210,9,241.29
54055451,89968,1,206.49
54055451,61311,25,160.19
54055451,85973,4,177.59
54055451,87148,18,4.99
54055451,25979,11,215.99
54055736,26740,3,216.59
54055736,71227,13,166.29
54055736,11575,7,233.29
54097056,41515,2,1273.69
54097056,19409,19,67.99
54097056,77617,22,226.99
54097056,89968,3,206.49
54097056,39417,7,192.59
54119943,77617,15,226.99
54134613,66578,6,268.19
54134613,87148,9,4.99
54143011,52648,14,195.89
54143011,25536,1,208.09
54143011,32511,13,62.59
54143011,36224,1,56.09
54143011,97298,9,29.99
54164900,85973,2,177.59
54164900,97210,15,241.29
54164900,46421,1,185.89
54164900,87148,22,4.99
54164900,17582,22,83.39
54164900,20054,9,196.99
54184620,75721,18,174.59
54188021,26740,10,216.59
54188021,96141,6,909.49
54188021,25979,8,215.99
54188021,95646,1,323.09
54188021,77617,6,226.99
54188021,32091,21,81.39
54197286,23045,13,713.69
54197286,15626,9,429.09
54215233,41226,17,288.09
54253895,11453,4,1304.19
54269277,85973,12,177.59
54274437,58241,15,203.99
54274437,15918,2,32.99
54274437,15578,5,78.69
54274437,46421,6,185.89
54274437,75767,5,243.99
54275609,12224,25,734.79
54275609,79564,3,34.99
54275609,15918,5,32.99
54275609,94514,2,254.99
54275609,18476,24,11.09
54295289,78853,10,26.29
54296156,90808,20,77.19
54296156,48289,11,85.59
54299850,16805,4,279.49
54301697,26750,18,78.79
54301807,25979,1,215.99
54301807,26740,1,216.59
54301807,16805,4,279.49
54301807,84547,1,205.49
54314027,16353,10,105.99
54314027,68723,7,96.89
54320832,90808,1,77.19
54320832,68080,12,141.29
54320832,96141,4,909.49
54322700,20054,19,196.99
54322700,54586,8,98.49
54322700,27600,4,1470.79
54322700,94077,7,185.09
54365885,32457,6,550.79
54365885,15578,2,78.69
54365885,95523,8,82.19
54372162,22393,9,1060.09
54372162,48869,2,901.09
54372162,36591,13,162.99
54379629,47437,1,898.99
54379629,22057,1,294.89
54379629,10023,19,181.29
54388521,85459,2,239.79
54389474,22393,17,1060.09
54389474,85076,2,893.99
54389474,47174,1,390.69
54394029,97210,1,241.29
54394029,14042,16,77.29
54394029,23045,10,713.69
54399350,47632,4,168.29
54399350,20054,4,196.99
54399350,76830,2,210.09
54401584,22393,4,1060.09
54401584,33935,2,201.99
54401584,20054,1,196.99
54404970,57224,3,54.99
54404970,54586,2,98.49
54414239,66452,1,169.99
54414239,16749,19,231.39
54414239,10023,14,181.29
54414239,57224,13,54.99
54416569,45172,1,205.99
54424120,64388,16,290.09
54426713,80625,22,690.09
54426713,71645,10,403.99
54426713,85076,2,893.99
54426713,57874,20,234.09
54429031,33209,7,384.69
54455650,47632,10,168.29
54455650,37489,5,17.69
54455650,95646,20,323.09
54469463,78649,11,1059.49
54469463,32457,1,550.79
54478932,87809,19,436.79
54478932,15918,3,32.99
54479193,95523,20,82.19
54529356,22057,11,294.89
54565580,26740,4,216.59
54565580,75767,15,243.99
54590900,25979,5,215.99
54590900,61911,22,279.89
54591537,35273,18,213.19
54600978,85076,1,893.99
54604573,15578,2,78.69
54604573,95646,6,323.09
54604573,59301,4,43.99
54604573,62011,9,72.79
54615903,47437,17,898.99
54615903,57224,1,54.99
54615903,53392,7,112.99
54615903,68080,10,141.29
54615903,85459,1,239.79
54615903,17582,10,83.39
54626996,36224,10,56.09
54626996,57224,15,54.99
54649081,35273,13,213.19
54649081,81641,21,228.09
54649081,32511,18,62.59
54649081,32457,1,550.79
54649081,27849,3,123.59
54649081,36496,6,5.69
54675382,32511,1,62.59
54675382,77617,18,226.99
54680448,66578,3,268.19
54680448,37489,12,17.69
54683742,44115,13,1320.79
54683742,27600,11,1470.79
54698286,70801,25,215.99
54706136,76061,1,229.99
54707382,46499,5,299.49
54707382,16749,2,231.39
54707382,27849,15,123.59
54707382,46835,10,112.29
54707382,68080,25,141.29
54712185,90808,22,77.19
54712185,58241,2,203.99
54712185,26750,1,78.79
54734495,94390,11,43.79
54734495,68479,14,46.29
54763587,11575,2,233.29
54763587,22057,10,294.89
54763587,68479,7,46.29
54813309,81834,1,186.89
54813309,40676,19,899.09
54813309,77617,7,226.99
54813309,57224,14,54.99
54813309,21230,4,90.79
54813309,87789,1,294.99
54817067,97210,7,241.29
54817067,41039,1,218.69
54817067,19011,24,198.89
54817067,85459,8,239.79
54817617,89968,2,206.49
54817617,36262,3,233.99
54817617,19409,7,67.99
54819408,32640,5,234.89
54819408,83295,1,123.99
54819408,46421,1,185.89
54819408,77617,5,226.99
54819408,47437,10,898.99
54819408,80349,3,203.59
54819523,35273,7,213.19
54819523,68080,12,141.29
54819523,81834,18,186.89
54822721,84547,22,205.49
54822721,85459,2,239.79
54822721,26270,4,749.99
54823825,12576,7,134.49
54823825,97210,1,241.29
54823825,11313,11,78.49
54851364,85973,6,177.59
54862418,77617,1,226.99
54862418,53392,16,112.99
54875926,76830,8,210.09
54875926,47437,4,898.99
54875926,20430,5,198.89
54882796,22393,24,1060.09
54882796,54586,20,98.49
54882796,97210,10,241.29
54882796,20430,12,198.89
54882796,39417,4,192.59
54888269,95646,4,323.09
54903472,53392,2,112.99
54912918,85076,11,893.99
54912918,80625,18,690.09
54912918,64279,15,126.39
54912918,19021,5,253.09
54920219,20482,20,592.49
54930459,15918,9,32.99
54938146,20054,12,196.99
54938146,63748,13,91.19
54938146,50150,1,390.59
54942211,80625,6,690.09
54944749,72692,3,46.69
54944749,22393,10,1060.09
54944749,35573,8,580.69
54944749,73115,1,172.99
54944749,35798,13,82.99
54948713,72911,1,382.29
54967818,14979,2,582.09
54967818,10621,2,165.19
54978365,87148,14,4.99
54980275,95646,2,323.09
54981222,19021,1,253.09
54981222,10023,12,181.29
54994284,33606,18,285.99
54994284,57224,1,54.99
54994284,66578,1,268.19
54994284,48996,16,64.79
54994284,32938,3,1148.89
54994284,89968,11,206.49
54994284,32511,21,62.59
54994284,85459,10,239.79
55017235,22393,16,1060.09
55017235,75767,1,243.99
55017235,73115,1,172.99
55023206,48996,6,64.79
55023206,10023,6,181.29
55026056,82664,20,269.69
55026056,95646,23,323.09
55026056,35798,2,82.99
55026056,64833,23,418.99
55026056,41515,21,1273.69
55026056,26740,20,216.59
55026056,35273,11,213.19
55031473,60647,18,264.09
55034773,36496,14,5.69
55034773,25979,16,215.99
55034773,63985,17,78.79
55034773,37489,1,17.69
55034773,46421,7,185.89
55039220,10023,4,181.29
55039471,85076,4,893.99
55039471,48869,5,901.09
55039471,81834,25,186.89
55044411,36224,21,56.09
55044411,19409,1,67.99
55044411,79564,5,34.99
55045939,80349,15,203.59
55049849,61311,1,160.19
55049849,37490,9,159.99
55057263,79564,1,34.99
55057263,76830,7,210.09
55057263,63748,7,91.19
55057263,84547,6,205.49
55057263,61311,15,160.19
55069016,61311,1,160.19
55069016,20054,2,196.99
55111999,26270,14,749.99
55128562,32457,25,550.79
55144104,66452,22,169.99
55144104,90808,17,77.19
55144104,10023,18,181.29
55144104,52648,17,195.89
55144104,33606,1,285.99
55144104,47437,12,898.99
55154335,47174,1,390.69
55154335,96141,1,909.49
55154335,50462,8,174.99
55154335,36224,4,56.09
55154335,80625,4,690.09
55154335,57224,1,54.99
55154335,32640,1,234.89
55154335,63493,1,215.09
55167923,80978,1,280.69
55173079,37489,24,17.69
55173079,22393,2,1060.09
55180092,57874,2,234.09
55180092,75767,17,243.99
55180092,15918,17,32.99
55183529,94612,19,266.79
55183529,83295,15,123.99
55185913,19409,1,67.99
55192814,52126,18,326.99
55192814,21508,1,97.89
55192814,90808,6,77.19
55192814,85459,4,239.79
55192814,11811,2,250.49
55235579,20054,3,196.99
55235579,57874,6,234.09
55235579,92839,6,84.09
55239465,25536,8,208.09
55239465,82638,24,22.99
55249595,15918,19,32.99
55249595,48510,10,68.99
55249595,77617,24,226.99
55249595,97298,20,29.99
55249595,27849,1,123.59
55249595,47174,21,390.69
55249595,76830,1,210.09
55249595,69729,14,209.19
55265246,57545,1,12.49
55265246,57051,9,58.39
55278686,26270,14,749.99
55283177,78649,8,1059.49
55283177,36224,20,56.09
55287655,68080,1,141.29
55288445,76830,20,210.09
55297560,87809,1,436.79
55308081,57224,1,54.99
55308081,86809,14,71.29
55308081,76061,18,229.99
55308081,32511,1,62.59
55312132,80625,5,690.09
55319225,19409,1,67.99
55319225,97298,3,29.99
55319225,15918,5,32.99
55319225,78853,15,26.29
55321773,10621,6,165.19
55321773,77617,1,226.99
55321773,35273,6,213.19
55321773,13185,2,205.29
55321773,20430,2,198.89
55321773,14979,12,582.09
55330314,32511,7,62.59
55342231,96141,23,909.49
55342231,11313,10,78.49
55342231,15578,16,78.69
55347562,19409,7,67.99
55347562,37490,3,159.99
55347562,32091,21,81.39
55351765,11575,3,233.29
55351765,68723,1,96.89
55351765,15578,5,78.69
55351765,20430,8,198.89
55353685,36262,3,233.99
55353685,15918,3,32.99
55353685,68080,3,141.29
55353685,46420,13,41.59
55353685,22393,1,1060.09
55353685,77670,3,244.59
55362493,69991,10,1268.79
55362493,39417,15,192.59
55362493,14109,10,225.49
55362952,37489,6,17.69
55362952,39417,6,192.59
55362952,46421,3,185.89
55362952,29892,15,44.09
55370043,81834,2,186.89
55370043,78853,15,26.29
55370043,71227,3,166.29
55374486,37490,1,159.99
55382351,20888,1,65.99
55382351,68080,6,141.29
55386684,98451,23,1292.09
55386684,47174,16,390.69
55386684,37742,1,193.59
55386684,54586,14,98.49
55414980,44513,5,53.19
55414980,62011,4,72.79
55414980,25536,1,208.09
55415316,20074,1,1064.09
55425924,15918,6,32.99
55427681,61311,4,160.19
55437887,92839,22,84.09
55449575,87809,4,436.79
55449575,10023,15,181.29
55450912,20430,2,198.89
55450912,16236,9,4.99
55455654,57545,25,12.49
55455654,62011,6,72.79
55455686,76830,14,210.09
55455686,57874,1,234.09
55455686,44115,2,1320.79
55455686,15918,1,32.99
55455686,57051,19,58.39
55461402,47632,13,168.29
55463133,36224,3,56.09
55463133,57224,10,54.99
55476151,22393,1,1060.09
55476151,11313,1,78.49
55476151,85973,13,177.59
55482082,17582,22,83.39
55482082,39417,3,192.59
55482082,77670,2,244.59
55482082,66578,14,268.19
55482082,84547,4,205.49
55482082,28650,5,96.69
55508122,26750,4,78.79
55508122,47437,4,898.99
55519774,47437,9,898.99
55519774,21230,14,90.79
55534240,92839,1,84.09
55534240,94612,1,266.79
55552352,69218,6,184.09
55552680,64279,6,126.39
55559707,15918,1,32.99
55574622,64388,2,290.09
55574622,96141,6,909.49
55574622,57874,3,234.09
55574622,24242,3,116.99
55574622,26740,9,216.59
55578094,22393,5,1060.09
55578094,37490,4,159.99
55581203,86809,1,71.29
55581203,47437,1,898.99
55581203,66578,7,268.19
55581203,84547,1,205.49
55581203,50462,9,174.99
55582666,35273,1,213.19
55595996,11453,4,1304.19
55595996,23045,6,713.69
55596818,71645,25,403.99
55596818,22393,1,1060.09
55596818,37490,24,159.99
55596818,47632,8,168.29
55596818,16805,6,279.49
55599892,81834,15,186.89
55600227,61311,23,160.19
55600227,12377,1,175.59
55600227,46421,10,185.89
55610330,15918,20,32.99
55628569,29892,16,44.09
55631021,26740,10,216.59
55631021,41515,6,1273.69
55631021,80625,19,690.09
55637465,25979,23,215.99
55637465,99654,1,265.39
55646725,76830,1,210.09
55646725,66578,2,268.19
55646725,37489,12,17.69
55646725,26740,11,216.59
55646725,14979,16,582.09
55647757,17838,4,85.99
55649598,57224,23,54.99
55664161,80349,17,203.59
55664161,14979,1,582.09
55664161,66578,6,268.19
55664161,26740,10,216.59
55664161,35798,20,82.99
55664161,52648,23,195.89
55673799,22393,1,1060.09
55673799,80625,16,690.09
55673799,46421,15,185.89
55673799,26740,9,216.59
55675110,77670,18,244.59
55675110,80625,3,690.09
55675110,26740,2,216.59
55684874,15578,1,78.69
55684874,68723,1,96.89
55684874,95646,22,323.09
55684874,14979,16,582.09
55693535,37489,1,17.69
55693535,55048,4,186.19
55693535,15578,11,78.69
55713901,35273,12,213.19
55729588,63748,11,91.19
55729588,47632,9,168.29
55733378,32511,2,62.59
55733378,98451,2,1292.09
55734854,86809,8,71.29
55734854,46935,1,118.99
55734854,71227,1,166.29
55734854,96141,25,909.49
55735769,75721,6,174.59
55735769,10023,19,181.29
55735769,15918,14,32.99
55739529,10023,4,181.29
55745645,94612,10,266.79
55766518,95339,1,58.89
55766518,85459,18,239.79
55766518,66578,3,268.19
55766518,32457,20,550.79
55766518,26740,14,216.59
55766518,16236,2,4.99
55766518,98451,1,1292.09
55766518,44115,17,1320.79
55780691,26270,22,749.99
55780691,26740,5,216.59
55780691,64279,22,126.39
55787766,86809,1,71.29
55787766,54586,10,98.49
55794312,47437,1,898.99
55794312,35273,1,213.19
55798394,69729,6,209.19
55798394,80625,2,690.09
55798394,47437,4,898.99
55801933,80349,4,203.59
55801933,64388,5,290.09
55801933,85076,19,893.99
55801933,95646,9,323.09
55806270,46421,1,185.89
55822871,36224,1,56.09
55835208,86809,1,71.29
55835208,97298,2,29.99
55835208,80349,1,203.59
55835208,96141,25,909.49
55835208,90808,7,77.19
55835208,85076,9,893.99
55835208,86854,21,207.99
55850862,26270,5,749.99
55850862,80625,1,690.09
55850862,52648,1,195.89
55850862,68723,9,96.89
55850862,97210,1,241.29
55850862,64388,1,290.09
55851188,32457,7,550.79
55866111,68723,2,96.89
55866111,37489,13,17.69
55866111,36262,1,233.99
55866111,46421,8,185.89
55886343,35798,20,82.99
55886343,57224,4,54.99
55886343,32511,19,62.59
55888488,57545,9,12.49
55888488,26270,22,749.99
55888488,87809,2,436.79
55888488,81834,1,186.89
55910414,77670,10,244.59
55910414,10023,1,181.29
55910414,22393,5,1060.09
55914658,78853,11,26.29
55920708,26740,8,216.59
55924591,54586,3,98.49
55924591,19403,25,228.99
55924591,18398,9,283.19
55928973,45172,1,205.99
55938472,84547,1,205.49
55947142,71227,18,166.29
55953448,47174,18,390.69
55953448,76830,1,210.09
55954384,89968,9,206.49
55954384,20054,17,196.99
55954384,11575,17,233.29
55954384,71227,1,166.29
55954384,21230,20,90.79
55954384,32511,1,62.59
55955722,77617,16,226.99
55955722,92839,17,84.09
55955722,50462,9,174.99
55955722,64388,20,290.09
55984766,59301,15,43.99
55986214,25979,9,215.99
55986214,95523,1,82.19
55986214,78853,6,26.29
56009817,64388,20,290.09
56009817,89968,4,206.49
56009817,57051,16,58.39
56023448,95646,1,323.09
56023448,32640,21,234.89
56023448,10023,6,181.29
56023448,68479,24,46.29
56047703,81834,3,186.89
56047703,16353,21,105.99
56047703,33606,5,285.99
56047703,95646,10,323.09
56059256,80625,1,690.09
56080469,87574,14,130.19
56080469,48510,23,68.99
56090396,45172,1,205.99
56090396,64279,1,126.39
56090396,32457,3,550.79
56100183,57874,1,234.09
56100183,47437,6,898.99
56100183,37490,14,159.99
56100183,32511,1,62.59
56100183,47632,13,168.29
56106774,26245,2,107.79
56106774,15918,1,32.99
56106774,68479,11,46.29
56114860,95339,7,58.89
56114860,35273,4,213.19
56119730,94514,16,254.99
56119730,37489,1,17.69
56119730,15578,5,78.69
56134058,69037,1,35.99
56134058,10621,16,165.19
56134163,15578,22,78.69
56134163,41515,20,1273.69
56134163,41345,15,812.29
56134163,95646,1,323.09
56134163,57051,3,58.39
56135955,92046,25,166.49
56135955,61311,9,160.19
56135955,21230,1,90.79
56161404,81834,20,186.89
56161404,32511,2,62.59
56161404,47174,18,390.69
56161404,61311,18,160.19
56165426,10621,1,165.19
56165426,66578,11,268.19
56165426,79647,13,91.09
56165426,17582,1,83.39
56165426,20430,9,198.89
56165426,33606,6,285.99
56165426,47437,23,898.99
56171556,46935,23,118.99
56183847,16749,4,231.39
56190407,85459,23,239.79
56190407,80978,14,280.69
56190407,47437,2,898.99
56191767,11575,1,233.29
56191767,26245,3,107.79
56191767,54586,3,98.49
56191767,18398,1,283.19
56221313,96141,1,909.49
56221313,75767,20,243.99
56221568,98451,2,1292.09
56221568,46935,23,118.99
56221568,81834,6,186.89
56225819,79834,1,151.19
56225819,60647,24,264.09
56239680,32457,1,550.79
56239680,32091,13,81.39
56247732,81834,4,186.89
56248367,15626,1,429.09
56248367,36224,1,56.09
56248367,21230,8,90.79
56248367,95339,22,58.89
56248367,54586,14,98.49
56248367,47437,9,898.99
56251892,21230,13,90.79
56251892,37489,21,17.69
56251892,58241,6,203.99
56251892,68723,1,96.89
56251892,26270,4,749.99
56251892,82664,2,269.69
56257564,66578,7,268.19
56257564,68080,16,141.29
56264971,41515,3,1273.69
56267769,68080,21,141.29
56267769,87809,1,436.79
56267769,71227,22,166.29
56267769,48996,23,64.79
56269685,18476,2,11.09
56269685,58781,3,290.99
56272890,20054,2,196.99
56280687,72692,2,46.69
56291192,22393,8,1060.09
56314636,36496,5,5.69
56318469,69729,1,209.19
56320678,22393,1,1060.09
56320678,44115,13,1320.79
56320678,19409,1,67.99
56320678,20430,2,198.89
56320678,58650,3,11.09
56326130,75767,1,243.99
56327526,20482,1,592.49
56327526,20054,1,196.99
56327526,39417,4,192.59
56327526,94514,3,254.99
56327526,29892,4,44.09
56339719,14979,5,582.09
56339719,20054,3,196.99
56339719,22393,15,1060.09
56339719,10023,1,181.29
56339719,80349,10,203.59
56339719,98451,6,1292.09
56342170,58241,1,203.99
56342170,17582,14,83.39
56344272,92046,14,166.49
56344272,59301,6,43.99
56344272,86809,23,71.29
56344272,85076,21,893.99
56354757,97210,2,241.29
56354757,20074,18,1064.09
56359685,96141,6,909.49
56359685,77617,13,226.99
56359685,61093,10,240.99
56359685,52648,20,195.89
56359685,95646,14,323.09
56417301,76830,19,210.09
56417301,69729,1,209.19
56417301,46421,13,185.89
56417301,64279,17,126.39
56417301,36496,1,5.69
56425853,76830,11,210.09
56425853,61911,20,279.89
56442835,81834,1,186.89
56450633,41820,24,21.99
56451603,95646,1,323.09
56451603,41515,1,1273.69
56451603,21230,7,90.79
56451603,54586,2,98.49
56451603,68080,14,141.29
56453323,85076,23,893.99
56453480,81641,6,228.09
56453480,80625,6,690.09
56453480,16353,1,105.99
56463552,58241,1,203.99
56463552,37490,6,159.99
56463552,41515,3,1273.69
56463552,99654,18,265.39
56463552,52648,20,195.89
56463552,97298,19,29.99
56472680,25536,4,208.09
56472680,69991,8,1268.79
56472680,33606,11,285.99
56472680,77617,9,226.99
56480570,75721,24,174.59
56480570,17582,19,83.39
56480570,57545,1,12.49
56486512,94612,5,266.79
56486512,15578,10,78.69
56490642,79564,25,34.99
56492290,89968,8,206.49
56492290,50150,1,390.59
56492290,94514,6,254.99
56492290,11313,25,78.49
56492290,80349,11,203.59
56499191,56178,1,1474.59
56499191,27849,4,123.59
56499191,36591,25,162.99
56499191,57874,1,234.09
56524608,10621,1,165.19
56542455,53392,12,112.99
56542455,27600,1,1470.79
56542455,97298,4,29.99
56542455,16086,6,36.99
56550139,81834,14,186.89
56550139,78853,1,26.29
56550139,14979,23,582.09
56576066,84547,7,205.49
56576066,48996,16,64.79
56576066,24242,16,116.99
56598957,26245,21,107.79
56647289,57224,1,54.99
56647289,16805,3,279.49
56647289,87426,17,180.29
56651430,22057,1,294.89
56651430,20054,1,196.99
56653771,97210,7,241.29
56653771,85076,1,893.99
56664649,37489,21,17.69
56664649,58241,17,203.99
56664649,46421,1,185.89
56664649,85459,21,239.79
56664649,57874,25,234.09
56679045,81641,15,228.09
56679045,47437,1,898.99
56681135,20054,4,196.99
56681135,37742,1,193.59
56681135,41515,9,1273.69
56681135,17582,5,83.39
56681135,25979,12,215.99
56681135,97298,1,29.99
56681135,22393,9,1060.09
56691696,95339,6,58.89
56691696,32457,2,550.79
56691696,22393,1,1060.09
56691696,10023,16,181.29
56706961,52648,12,195.89
56706961,46421,23,185.89
56720071,15578,5,78.69
56721272,37681,1,185.69
56721272,85973,3,177.59
56721272,22393,2,1060.09
56721272,85076,7,893.99
56723186,63493,1,215.09
56723186,80625,5,690.09
56723186,95339,25,58.89
56729253,95339,5,58.89
56729253,94514,11,254.99
56729253,54586,2,98.49
56729253,10023,1,181.29
56732039,69729,21,209.19
56732039,15626,23,429.09
56739757,25979,1,215.99
56739757,11575,13,233.29
56739757,32511,1,62.59
56739757,64388,1,290.09
56739757,68080,1,141.29
56739757,39417,18,192.59
56742309,61311,5,160.19
56742309,47632,11,168.29
56751657,16749,1,231.39
56751657,26245,16,107.79
56751657,68723,11,96.89
56770192,75721,9,174.59
56770192,18070,4,277.99
56770192,11575,14,233.29
56777169,12576,21,134.49
56808365,15578,3,78.69
56808365,87809,6,436.79
56808365,16353,1,105.99
56814252,72692,4,46.69
56843362,11313,1,78.49
56846236,99654,20,265.39
56856590,95646,10,323.09
56856590,59301,2,43.99
56856590,96141,1,909.49
56856590,23364,2,143.99
56896092,53392,1,112.99
56896092,35798,1,82.99
56897080,53392,9,112.99
56897080,61311,5,160.19
56897080,85459,4,239.79
56897080,47632,1,168.29
56897293,69218,1,184.09
56897293,33606,10,285.99
56897293,89968,9,206.49
56897293,21508,1,97.89
56897293,46421,24,185.89
56942027,20430,6,198.89
56942027,33606,7,285.99
56949738,36496,3,5.69
56949738,25979,1,215.99
56949738,11453,2,1304.19
56949738,90808,25,77.19
56949738,75767,1,243.99
56949738,78649,6,1059.49
56953193,63748,2,91.19
56958472,54586,2,98.49
56967719,17838,1,85.99
56967719,15081,19,108.99
56967719,57545,18,12.49
56967719,90808,3,77.19
56967719,25979,11,215.99
56967719,32511,12,62.59
56980325,64388,1,290.09
56980325,80349,20,203.59
56980325,82638,4,22.99
56980325,47632,6,168.29
56980325,25536,15,208.09
56980325,97298,4,29.99
56980325,57224,10,54.99
56980325,50462,14,174.99
56991920,32511,18,62.59
56991920,78853,16,26.29
56991920,75767,25,243.99
56991920,95339,10,58.89
56994047,22057,8,294.89
56994047,78853,12,26.29
56994047,46421,17,185.89
56994047,32457,9,550.79
57007449,15918,15,32.99
57016278,26740,1,216.59
57017566,16749,9,231.39
57017566,79564,12,34.99
57017566,61093,11,240.99
57021023,69037,12,35.99
57021023,31675,19,41.49
57021023,20054,20,196.99
57021023,63985,2,78.79
57030179,95646,15,323.09
57030179,58241,6,203.99
57030179,80351,5,194.99
57045080,57874,3,234.09
57045080,57224,1,54.99
57045080,37489,19,17.69
57045080,12377,17,175.59
57045080,64279,21,126.39
57045080,46421,2,185.89
57045080,15578,23,78.69
57045080,35273,1,213.19
57063517,19409,7,67.99
57063517,79564,1,34.99
57067994,85459,19,239.79
57072614,58241,24,203.99
57072614,82067,1,40.79
57072614,25536,15,208.09
57073535,26270,1,749.99
57075051,95646,9,323.09
57075051,19409,1,67.99
57076854,71645,20,403.99
57076854,75721,12,174.59
57076854,41515,24,1273.69
57076854,73115,3,172.99
57076854,57874,24,234.09
57076854,63748,13,91.19
57076854,58241,1,203.99
57076854,63985,1,78.79
57080307,24242,1,116.99
57080307,90808,12,77.19
57080307,84547,1,205.49
57080307,46421,15,185.89
57080307,64388,4,290.09
57080307,20074,23,1064.09
57080307,58241,1,203.99
57080307,25979,10,215.99
57115610,57874,2,234.09
57115610,20054,1,196.99
57123210,46421,21,185.89
57132465,63748,2,91.19
57136699,52648,5,195.89
57136699,75438,21,59.19
57136699,84547,10,205.49
57137139,86809,12,71.29
57143479,81834,25,186.89
57143479,22393,4,1060.09
57177383,47174,11,390.69
57181847,20482,6,592.49
57189752,86854,2,207.99
57189752,46421,7,185.89
57227275,84547,15,205.49
57227275,98451,3,1292.09
57234918,37489,13,17.69
57237809,32511,17,62.59
57237809,94612,12,266.79
57237809,57874,4,234.09
57237809,68080,3,141.29
57253997,25536,7,208.09
57253997,19409,6,67.99
57256108,41515,6,1273.69
57256108,75767,2,243.99
57262330,25979,5,215.99
57262330,32640,4,234.89
57264196,25979,10,215.99
57264196,64833,3,418.99
57264196,15918,3,32.99
57264196,94514,15,254.99
57264196,77670,20,244.59
57264196,87426,6,180.29
57266505,63985,2,78.79
57273769,66185,9,659.99
57273769,25536,5,208.09
57273769,39417,13,192.59
57274064,61311,1,160.19
57274064,35798,6,82.99
57274064,85076,12,893.99
57274064,57224,12,54.99
57293837,87809,15,436.79
57293837,39417,12,192.59
57311963,20888,18,65.99
57339727,87148,1,4.99
57339727,57224,14,54.99
57347106,71227,1,166.29
57347106,84547,19,205.49
57347106,50462,2,174.99
57347106,66820,8,221.99
57347106,12576,1,134.49
57347106,57545,2,12.49
57347106,86854,8,207.99
57351631,26740,2,216.59
57351631,20482,17,592.49
57365148,21230,1,90.79
57365148,36224,2,56.09
57365148,84547,1,205.49
57365148,77617,1,226.99
57365148,80349,20,203.59
57373230,11313,2,78.49
57373230,15578,7,78.69
57373230,46421,5,185.89
57373230,54586,7,98.49
57384769,85459,14,239.79
57384932,63985,4,78.79
57384932,86809,1,71.29
57419761,10023,7,181.29
57419761,47437,15,898.99
57419761,80978,10,280.69
57447166,87809,19,436.79
57447166,19409,14,67.99
57459541,57224,16,54.99
57459541,20430,4,198.89
57467707,68723,8,96.89
57467707,32640,25,234.89
57467707,44115,15,1320.79
57467707,16086,17,36.99
57467707,10621,23,165.19
57467707,17582,3,83.39
57467707,75721,3,174.59
57472264,57545,7,12.49
57472264,15918,2,32.99
57472264,33606,15,285.99
57472307,27849,4,123.59
57472307,71227,25,166.29
57482383,57224,9,54.99
57482383,57874,16,234.09
57504810,52648,7,195.89
57504810,37490,5,159.99
57504810,97210,23,241.29
57508158,96141,1,909.49
57516527,78853,1,26.29
57529159,22393,6,1060.09
57529163,15918,1,32.99
57529163,95646,7,323.09
57535186,26270,10,749.99
57544234,66578,16,268.19
57568438,39417,1,192.59
57568438,20074,15,1064.09
57574767,64388,6,290.09
57574767,24242,1,116.99
57578697,15578,2,78.69
57578697,17582,6,83.39
57578697,86286,1,261.59
57585207,78853,18,26.29
57585207,92046,3,166.49
57585207,94077,12,185.09
57585207,80349,7,203.59
57585207,33606,10,285.99
57594475,79834,15,151.19
57603099,90808,23,77.19
57603099,14109,8,225.49
57603099,58241,1,203.99
57603099,57874,4,234.09
57603099,22393,4,1060.09
57630957,94077,1,185.09
57630957,75721,6,174.59
57630957,47632,2,168.29
57630957,22057,18,294.89
57637723,63748,13,91.19
57637723,44513,1,53.19
57644778,11453,20,1304.19
57647872,52111,19,173.99
57647872,98451,4,1292.09
57647872,97298,20,29.99
57670772,32457,1,550.79
57672518,35273,10,213.19
57672518,68723,1,96.89
57672518,26270,1,749.99
57675413,76061,1,229.99
57675413,68723,25,96.89
57675413,58763,13,134.49
57682236,86809,6,71.29
57682236,84547,8,205.49
57682236,25536,12,208.09
57682236,11575,3,233.29
57684630,26740,10,216.59
57684630,84547,15,205.49
57684630,37489,12,17.69
57686264,10621,24,165.19
57690329,71227,1,166.29
57690329,27600,8,1470.79
57702486,32511,2,62.59
57702486,39417,5,192.59
57707709,32511,3,62.59
57707709,87148,23,4.99
57707709,35798,21,82.99
57707709,46421,6,185.89
57712136,36496,8,5.69
57712136,32511,12,62.59
57712136,68080,3,141.29
57712136,77670,9,244.59
57712136,10023,12,181.29
57755004,63748,3,91.19
57762416,69991,1,1268.79
57762416,61311,15,160.19
57762416,89968,3,206.49
57762416,14979,24,582.09
57762416,66452,1,169.99
57762416,97210,25,241.29
57780056,97298,15,29.99
57795175,47174,1,390.69
57795175,80349,2,203.59
57795175,89968,24,206.49
57795175,15918,20,32.99
57795529,92046,2,166.49
57802549,19403,14,228.99
57802549,69729,3,209.19
57802549,75721,3,174.59
57802549,90808,14,77.19
57802549,97210,1,241.29
57809380,80625,5,690.09
57809380,10023,8,181.29
57809380,98451,22,1292.09
57809380,39417,3,192.59
57812809,36224,6,56.09
57812809,57874,7,234.09
57824605,36496,11,5.69
57827084,77670,8,244.59
57827084,37489,6,17.69
57836541,47437,6,898.99
57839364,44331,14,121.79
57839364,85076,9,893.99
57840493,32640,2,234.89
57840493,94514,11,254.99
57855089,27600,2,1470.79
57855089,68080,11,141.29
57864496,48510,5,68.99
57896676,57874,4,234.09
57896676,36496,2,5.69
57896676,71645,1,403.99
57896676,87148,1,4.99
57896676,20430,17,198.89
57896676,66578,10,268.19
57896676,80349,5,203.59
57896676,95339,2,58.89
57912301,40999,7,120.99
57912301,37489,9,17.69
57927716,64388,9,290.09
57928844,79564,3,34.99
57928844,36224,17,56.09
57928844,63748,1,91.19
57928844,52648,4,195.89
57932728,53392,23,112.99
57936893,25536,7,208.09
57946259,51061,1,192.39
57946259,61093,10,240.99
57946259,83295,3,123.99
57951508,46421,17,185.89
57951508,77617,5,226.99
57951508,10023,6,181.29
57963801,26270,8,749.99
57963801,21508,17,97.89
57963801,25536,1,208.09
57963801,25979,21,215.99
57974346,87809,16,436.79
57984089,94077,7,185.09
58003584,18476,10,11.09
58009160,32457,2,550.79
58016882,66820,3,221.99
58016882,26740,1,216.59
58016882,16749,23,231.39
58017096,95523,6,82.19
58024959,15918,1,32.99
58024959,66578,11,268.19
58031526,77670,13,244.59
58033760,41345,4,812.29
58050374,20054,13,196.99
58050374,66578,21,268.19
58050374,69991,13,1268.79
58050374,64279,13,126.39
58079404,45172,2,205.99
58079404,59301,22,43.99
58079404,48289,4,85.59
58079404,20054,10,196.99
58091639,71227,1,166.29
58091639,69729,7,209.19
58094417,85973,6,177.59
58098318,20430,2,198.89
58098318,11575,2,233.29
58104535,16749,16,231.39
58110689,15918,25,32.99
58110689,52648,8,195.89
58110689,77670,1,244.59
58110689,10621,13,165.19
58110689,78853,1,26.29
58110689,19409,16,67.99
58110689,95523,25,82.19
58110689,87574,8,130.19
58112347,87148,5,4.99
58125124,54586,11,98.49
58125124,66578,5,268.19
58135815,95339,3,58.89
58136339,57545,3,12.49
58136339,58241,6,203.99
58136339,32457,3,550.79
58136339,87148,8,4.99
58136339,27849,1,123.59
58146756,46421,10,185.89
58146756,68080,1,141.29
58146756,20430,10,198.89
58146756,33935,1,201.99
58146756,64388,3,290.09
58146756,16086,20,36.99
58146756,15918,24,32.99
58164116,82305,4,271.99
58166650,46421,11,185.89
58171365,54586,23,98.49
58171365,29892,5,44.09
58175971,50150,20,390.59
58175971,25979,1,215.99
58175971,69991,25,1268.79
58183728,90808,1,77.19
58194045,32640,6,234.89
58194598,35798,10,82.99
58220728,12377,8,175.59
58221743,20054,20,196.99
58223713,92898,1,1162.99
58223713,75721,1,174.59
58223713,57224,14,54.99
58223713,35273,24,213.19
58236332,57224,2,54.99
58245220,32457,9,550.79
58245220,16353,16,105.99
58245220,12377,19,175.59
58253336,19409,1,67.99
58258211,41515,2,1273.69
58258211,37490,4,159.99
58258968,57051,6,58.39
58258968,16236,22,4.99
58258968,54586,8,98.49
58262001,61311,21,160.19
58264856,98451,9,1292.09
58264856,46935,11,118.99
58264856,37489,18,17.69
58282896,14979,8,582.09
58282896,57874,1,234.09
58282896,64388,6,290.09
58282896,46421,24,185.89
58282896,77617,17,226.99
58286069,57224,9,54.99
58286069,19409,15,67.99
58286069,11313,6,78.49
58286069,95646,8,323.09
58286069,73489,23,251.09
58286069,47632,5,168.29
58286069,14979,5,582.09
58286069,37489,17,17.69
58315754,85459,7,239.79
58315754,87809,20,436.79
58320198,77617,11,226.99
58320198,37490,16,159.99
58320198,69729,4,209.19
58322696,98451,23,1292.09
58336541,11453,2,1304.19
58357872,13185,1,205.29
58357872,66452,8,169.99
58362271,69218,12,184.09
58362271,98451,3,1292.09
58372292,11313,19,78.49
58372292,11426,1,1071.19
58372292,46421,3,185.89
58373762,20074,7,1064.09
58373762,86854,12,207.99
58374635,57224,1,54.99
58374635,45172,1,205.99
58374635,95646,1,323.09
58375904,97298,3,29.99
58384233,23045,18,713.69
58386698,75721,19,174.59
58396829,68479,10,46.29
58397169,87809,12,436.79
58397169,89968,1,206.49
58397169,46421,7,185.89
58397169,26245,1,107.79
58397169,37490,1,159.99
58416817,85459,21,239.79
58422776,32091,19,81.39
58422776,11313,13,78.49
58422776,94077,2,185.09
58422917,14979,2,582.09
58450579,46421,8,185.89
58464710,61311,7,160.19
58469720,10023,2,181.29
58469720,75721,1,174.59
58476207,92839,6,84.09
58476207,48606,9,391.49
58476207,73489,19,251.09
58476207,15918,9,32.99
58501813,92839,6,84.09
58504696,25536,8,208.09
58504696,77617,19,226.99
58510363,26270,1,749.99
58511747,36224,6,56.09
58511747,25979,14,215.99
58519037,68080,16,141.29
58519037,46421,7,185.89
58519037,85572,4,30.99
58519037,75438,7,59.19
58519037,77617,7,226.99
58519037,44115,2,1320.79
58519037,37489,1,17.69
58526825,34871,1,6.59
58526825,77670,12,244.59
58539714,26245,17,107.79
58539714,46421,4,185.89
58540503,39417,17,192.59
58540503,37742,17,193.59
58540503,15578,6,78.69
58554160,27849,5,123.59
58567971,57224,2,54.99
58567971,16086,1,36.99
58567971,47632,2,168.29
58567971,46421,1,185.89
58567971,62011,8,72.79
58567971,77617,1,226.99
58567971,36496,5,5.69
58575492,36496,5,5.69
58575492,61311,1,160.19
58575492,10023,1,181.29
58575492,78853,2,26.29
58575492,36224,20,56.09
58575492,11575,3,233.29
58575492,39417,1,192.59
58575492,70801,1,215.99
58589794,82664,6,269.69
58589794,63985,19,78.79
58607560,57874,1,234.09
58607560,97210,4,241.29
58607560,56751,4,27.29
58623416,64388,7,290.09
58623416,94612,8,266.79
58638505,37490,9,159.99
58641214,63985,4,78.79
58641214,33209,1,384.69
58641214,80625,5,690.09
58657321,25979,24,215.99
58657321,15918,2,32.99
58658056,14979,1,582.09
58658056,85459,10,239.79
58664115,37490,1,159.99
58675711,99654,8,265.39
58675711,11313,18,78.49
58676842,25536,16,208.09
58676842,84547,11,205.49
58685572,50462,2,174.99
58705901,41515,2,1273.69
58705901,92839,9,84.09
58722698,32511,23,62.59
58722698,16086,1,36.99
58722698,32457,13,550.79
58722698,75721,3,174.59
58730506,57545,8,12.49
58731101,22393,22,1060.09
58731101,36496,5,5.69
58733273,54586,17,98.49
58757422,52111,9,173.99
58757422,92839,2,84.09
58757422,85973,6,177.59
58757422,32457,3,550.79
58761837,87426,2,180.29
58777324,95523,8,82.19
58777324,26740,6,216.59
58777324,46835,2,112.29
58777324,36224,20,56.09
58777324,37489,3,17.69
58780273,11453,16,1304.19
58787134,78649,6,1059.49
58787134,32511,8,62.59
58787134,64388,1,290.09
58787134,69729,17,209.19
58792180,36496,11,5.69
58792732,16805,14,279.49
58792732,46421,14,185.89
58792732,85459,4,239.79
58792732,26740,15,216.59
58792732,21508,15,97.89
58794465,82305,21,271.99
58794465,17582,12,83.39
58795355,14979,4,582.09
58797357,68723,18,96.89
58797357,16805,4,279.49
58797357,37489,25,17.69
58797357,81834,15,186.89
58797357,86809,11,71.29
58810820,69729,24,209.19
58837118,64388,9,290.09
58837118,64279,15,126.39
58838513,54586,12,98.49
58838513,64388,22,290.09
58838513,14920,1,249.99
58838513,46421,1,185.89
58838513,21230,8,90.79
58858903,28650,1,96.69
58858903,87148,2,4.99
58858903,26740,5,216.59
58866822,92839,2,84.09
58871122,36224,7,56.09
58871122,66452,1,169.99
58893016,57874,18,234.09
58908836,64388,9,290.09
58908836,14979,23,582.09
58927499,48869,17,901.09
58934929,81641,6,228.09
58936688,81641,4,228.09
58936688,32511,1,62.59
58936688,21230,1,90.79
58937789,48510,1,68.99
58937789,11313,5,78.49
58937960,26270,16,749.99
58939887,99654,8,265.39
58939887,46935,10,118.99
58950222,89968,1,206.49
58950222,36224,1,56.09
58950222,84547,5,205.49
58950222,17582,8,83.39
58954551,14979,1,582.09
58968850,99654,16,265.39
58968850,57051,11,58.39
58968850,14920,3,249.99
58968850,16353,9,105.99
58972012,33209,1,384.69
58974685,48510,12,68.99
58974685,66452,2,169.99
58974685,35273,6,213.19
58977299,27849,1,123.59
58983148,46420,2,41.59
58983148,36591,9,162.99
58983148,58650,8,11.09
58985212,17582,1,83.39
59006183,11575,1,233.29
59006183,32457,1,550.79
59006183,26270,25,749.99
59006183,27849,1,123.59
59006646,36496,1,5.69
59006646,77617,1,226.99
59006646,92839,21,84.09
59006646,87809,19,436.79
59010480,85459,18,239.79
59010480,52648,9,195.89
59014922,47437,3,898.99
59014922,78649,9,1059.49
59014922,48996,24,64.79
59014922,64388,7,290.09
59014922,10621,4,165.19
59016190,73489,9,251.09
59028196,87426,15,180.29
59028196,26245,7,107.79
59028196,16086,1,36.99
59036929,95646,1,323.09
59050703,69991,7,1268.79
59050703,23045,7,713.69
59064427,87809,1,436.79
59080158,98451,4,1292.09
59094238,75721,6,174.59
59094238,25979,22,215.99
59094238,77617,12,226.99
59094238,33935,5,201.99
59097752,37742,13,193.59
59107021,78853,14,26.29
59107021,19409,3,67.99
59107021,39417,11,192.59
59118350,85459,21,239.79
59128295,64279,8,126.39
59135449,47632,7,168.29
59135449,26270,18,749.99
59135449,33606,8,285.99
59139470,39417,1,192.59
59139470,16805,4,279.49
59139470,26270,3,749.99
59139470,33606,1,285.99
59150231,10023,1,181.29
59172110,64388,23,290.09
59179816,32511,25,62.59
59179816,46421,7,185.89
59179816,66452,1,169.99
59179816,48996,10,64.79
59179816,69991,11,1268.79
59181667,54586,3,98.49
59182097,92898,16,1162.99
59183297,47437,1,898.99
59184687,53392,3,112.99
59185185,37489,6,17.69
59185185,25979,1,215.99
59185185,95646,10,323.09
59207157,82664,20,269.69
59207157,15578,16,78.69
59210679,47632,1,168.29
59210679,36224,2,56.09
59210679,45172,2,205.99
59231242,41345,15,812.29
59231242,80625,10,690.09
59231242,32640,2,234.89
59238307,66452,1,169.99
59238307,90808,9,77.19
59238307,33935,11,201.99
59238307,45172,5,205.99
59239633,29892,6,44.09
59240128,37489,1,17.69
59240128,79564,21,34.99
59240128,85459,13,239.79
59240128,87148,11,4.99
59240128,16236,2,4.99
59247954,92046,2,166.49
59247954,75767,23,243.99
59258017,63985,15,78.79
59258017,57801,4,63.79
59258017,37490,12,159.99
59261927,26740,12,216.59
59267654,75721,14,174.59
59267654,45172,4,205.99
59267654,20430,9,198.89
59267654,81834,9,186.89
59267654,25979,16,215.99
59322909,64388,9,290.09
59322909,49147,12,352.19
59322909,12576,1,134.49
59322909,61311,1,160.19
59339156,87809,23,436.79
59341677,41345,3,812.29
59341677,87148,1,4.99
59341677,35273,8,213.19
59346439,95646,10,323.09
59346439,77617,3,226.99
59346439,48996,5,64.79
59360305,72692,12,46.69
59360305,32640,10,234.89
59360305,33606,3,285.99
59362230,96141,1,909.49
59362230,77617,5,226.99
59365961,15918,1,32.99
59365961,35273,13,213.19
59365961,15578,20,78.69
59365961,50462,1,174.99
59365961,19021,25,253.09
59365961,66452,1,169.99
59377761,26270,21,749.99
59384248,87789,8,294.99
59385004,86725,4,260.79
59385004,15578,8,78.69
59385004,78853,2,26.29
59399603,57545,16,12.49
59399603,46421,8,185.89
59399603,32640,9,234.89
59399603,11811,15,250.49
59399603,97298,2,29.99
59417360,77617,15,226.99
59417360,26270,14,749.99
59431794,68080,14,141.29
59431794,90808,1,77.19
59431794,87789,18,294.99
59431794,80625,15,690.09
59431794,48510,25,68.99
59431973,22393,20,1060.09
59469568,54586,21,98.49
59469568,47174,24,390.69
59469568,85076,1,893.99
59470485,61311,2,160.19
59472367,83295,1,123.99
59472367,57874,1,234.09
59472367,68080,18,141.29
59472367,41515,1,1273.69
59472367,90808,25,77.19
59472367,85973,3,177.59
59472367,15578,10,78.69
59472367,47437,3,898.99
59500808,58241,8,203.99
59500808,26245,5,107.79
59500808,75767,5,243.99
59500808,35798,4,82.99
59504309,12576,20,134.49
59504309,95646,1,323.09
59504309,81834,3,186.89
59504309,37490,1,159.99
59504309,97210,17,241.29
59504309,25979,17,215.99
59504839,52648,12,195.89
59508792,68080,3,141.29
59508792,11313,1,78.49
59508792,84547,4,205.49
59508792,33209,1,384.69
59508792,80978,19,280.69
59515196,48869,15,901.09
59517998,32640,12,234.89
59517998,32457,16,550.79
59517998,22393,23,1060.09
59517998,78853,17,26.29
59531701,14109,18,225.49
59544866,79834,6,151.19
59544866,23045,3,713.69
59546101,57874,22,234.09
59557417,33606,9,285.99
59571168,22393,17,1060.09
59571168,75721,15,174.59
59571168,26245,5,107.79
59571168,48510,21,68.99
59584042,37489,5,17.69
59584346,77617,1,226.99
59584346,26270,2,749.99
59589840,89968,1,206.49
59607206,82664,12,269.69
59607274,69218,22,184.09
59607274,32457,3,550.79
59623302,53392,2,112.99
59623302,52648,6,195.89
59623302,48996,1,64.79
59628284,58241,14,203.99
59628284,94390,1,43.79
59638011,57801,2,63.79
59653468,39417,3,192.59
59685092,23045,1,713.69
59685092,83295,11,123.99
59701782,14979,9,582.09
59701782,82664,20,269.69
59701782,96141,10,909.49
59701782,36496,5,5.69
59732061,94612,9,266.79
59740861,20430,1,198.89
59740861,50462,9,174.99
59740861,80625,12,690.09
59740861,32457,15,550.79
59740861,16805,5,279.49
59740917,86286,3,261.59
59740917,32511,7,62.59
59740917,53392,1,112.99
59749278,16236,20,4.99
59749278,98451,1,1292.09
59753020,69729,18,209.19
59770058,81641,3,228.09
59770058,54586,11,98.49
59770058,27849,20,123.59
59779366,97210,8,241.29
59783439,95339,2,58.89
59784481,57545,12,12.49
59784481,57051,1,58.39
59792698,89968,16,206.49
59792698,97298,7,29.99
59792698,37742,6,193.59
59792698,16805,2,279.49
59792698,62011,4,72.79
59810343,89968,25,206.49
59812597,47174,2,390.69
59824683,66578,4,268.19
59828076,25536,14,208.09
59828076,85973,16,177.59
59839676,80349,20,203.59
59839676,21508,9,97.89
59847303,97298,22,29.99
59847303,18398,2,283.19
59847303,64388,23,290.09
59850318,29892,1,44.09
59860259,26270,12,749.99
59861949,26740,14,216.59
59861949,10621,2,165.19
59862777,41515,11,1273.69
59874339,94612,16,266.79
59874339,73115,4,172.99
59874339,77617,7,226.99
59874339,68080,1,141.29
59874339,82664,6,269.69
59875362,64388,1,290.09
59876067,37489,9,17.69
59877173,15578,25,78.69
59877173,23045,1,713.69
59877173,58781,12,290.99
59883194,33935,4,201.99
59887218,63985,1,78.79
59887218,61311,7,160.19
59887218,48335,18,111.49
59887218,39417,8,192.59
59888966,94514,1,254.99
59889947,75721,1,174.59
59889947,76830,11,210.09
59889947,15918,7,32.99
59895140,44513,25,53.19
59895140,77670,1,244.59
59895140,89968,4,206.49
59895140,16353,22,105.99
59895140,32457,2,550.79
59895140,90808,1,77.19
59897358,32457,3,550.79
59898829,21230,10,90.79
59906113,90808,5,77.19
59907067,74326,4,212.99
59907067,95339,2,58.89
59907710,85076,21,893.99
59908122,22057,2,294.89
59908122,48869,5,901.09
59923709,48510,1,68.99
59923709,80625,19,690.09
59927573,52111,3,173.99
59929677,52648,17,195.89
59929677,85973,6,177.59
59933478,77617,20,226.99
59933478,81834,1,186.89
59933478,57224,1,54.99
59933478,87148,11,4.99
59940076,32938,2,1148.89
59959708,47174,6,390.69
59959708,33606,25,285.99
59964790,32511,21,62.59
59964790,92839,11,84.09
59964790,61311,17,160.19
59964790,11575,15,233.29
59969031,52648,10,195.89
59969031,27849,5,123.59
59975502,35273,6,213.19
60021287,77670,12,244.59
60021287,26245,2,107.79
60021287,85973,3,177.59
60021287,20430,1,198.89
60021287,11575,1,233.29
60035996,78853,19,26.29
60039266,85459,21,239.79
60039266,35798,2,82.99
60039266,66578,2,268.19
60039266,68080,4,141.29
60039266,71227,2,166.29
60039266,75721,1,174.59
60048661,97210,1,241.29
60048661,47632,20,168.29
60048661,37742,3,193.59
60048661,81834,9,186.89
60048661,36224,4,56.09
60048661,95646,24,323.09
60048748,79163,18,738.99
60055912,13185,5,205.29
60055912,46835,13,112.29
60055912,83295,2,123.99
60073305,60647,8,264.09
60075759,71645,1,403.99
60075759,96141,7,909.49
60075759,78649,19,1059.49
60075759,14109,1,225.49
60075759,89968,20,206.49
60075816,19021,1,253.09
60075816,13185,13,205.29
60075816,86854,4,207.99
60078598,77617,2,226.99
60082485,62011,8,72.79
60093262,35798,1,82.99
60093262,36224,11,56.09
60093262,71645,1,403.99
60109214,46421,1,185.89
60109214,85459,1,239.79
60109214,58241,8,203.99
60109214,80978,2,280.69
60110542,50150,1,390.59
60159797,14109,10,225.49
60159797,75767,3,243.99
60159797,26740,11,216.59
60159797,58241,25,203.99
60164873,39417,20,192.59
60164873,47437,2,898.99
60164873,57224,11,54.99
60172100,48289,6,85.59
60175644,48869,18,901.09
60175644,62011,4,72.79
60183070,37489,2,17.69
60196020,15578,16,78.69
60196020,66452,3,169.99
60229105,68723,24,96.89
60229105,41515,3,1273.69
60229105,45172,3,205.99
60229105,75438,6,59.19
60229105,80978,6,280.69
60229105,22057,3,294.89
60229105,23045,2,713.69
60229105,64388,14,290.09
60235062,47174,18,390.69
60235062,97298,1,29.99
60235062,32457,24,550.79
60235062,94612,1,266.79
60235062,19409,8,67.99
60235062,10621,24,165.19
60235062,57224,5,54.99
60235062,16353,1,105.99
60239171,80978,24,280.69
60239171,66185,8,659.99
60247788,90808,1,77.19
60247788,26750,2,78.79
60247788,22393,3,1060.09
60247788,48289,1,85.59
60247788,41345,3,812.29
60249022,11313,18,78.49
60249022,24242,13,116.99
60249022,89968,13,206.49
60256581,35273,8,213.19
60256581,20430,10,198.89
60256581,47632,5,168.29
60274316,16805,23,279.49
60274316,10023,1,181.29
60281925,15578,14,78.69
60293071,21508,1,97.89
60293071,41515,17,1273.69
60293071,27849,6,123.59
60293071,16353,12,105.99
60297041,10023,11,181.29
60297041,52111,1,173.99
60297041,97210,3,241.29
60301647,50462,20,174.99
60301647,83295,21,123.99
60315795,17582,19,83.39
60315795,95646,3,323.09
60315795,11575,13,233.29
60319772,33606,2,285.99
60320829,46421,6,185.89
60320829,84547,1,205.49
60336285,94514,5,254.99
60336285,35798,10,82.99
60336285,39417,8,192.59
60336891,20054,15,196.99
60349700,45172,8,205.99
60349700,61311,6,160.19
60349700,85076,12,893.99
60349700,17582,6,83.39
60350398,76830,6,210.09
60371996,64279,24,126.39
60384329,53392,24,112.99
60384329,25979,1,215.99
60384329,99654,1,265.39
60384329,35798,3,82.99
60384329,35273,19,213.19
60384329,33209,1,384.69
60403745,26270,1,749.99
60410377,54586,14,98.49
60410377,77670,1,244.59
60410377,81834,20,186.89
60410377,77617,5,226.99
60410377,48349,23,51.69
60419853,15578,13,78.69
60426544,48996,1,64.79
60426544,44513,14,53.19
60426544,21230,9,90.79
60453606,86809,16,71.29
60453606,53392,14,112.99
60453606,85973,4,177.59
60453606,76061,2,229.99
60456651,52648,6,195.89
60456651,57224,6,54.99
60462020,25979,4,215.99
60463697,46421,23,185.89
60463697,10621,3,165.19
60464726,48606,7,391.49
60464726,80349,1,203.59
60475475,44115,17,1320.79
60475475,78649,1,1059.49
60483980,37742,14,193.59
60483980,39417,7,192.59
60483980,81834,10,186.89
60485129,20430,17,198.89
60485129,19409,1,67.99
60485129,60647,10,264.09
60485129,32091,16,81.39
60522782,85973,1,177.59
60539585,50462,21,174.99
60556166,54586,20,98.49
60556166,44513,12,53.19
60556166,48289,9,85.59
60563936,46835,16,112.29
60563936,17582,1,83.39
60563936,69218,16,184.09
60563936,14979,16,582.09
60563936,26245,2,107.79
60563936,77617,8,226.99
60563936,44513,9,53.19
60563936,20054,4,196.99
60571169,16236,23,4.99
60571169,11313,19,78.49
60571169,26245,1,107.79
60571169,23323,1,293.99
60571169,16353,7,105.99
60576565,83295,19,123.99
60576565,47632,4,168.29
60576565,15578,15,78.69
60576565,20430,2,198.89
60604175,48510,1,68.99
60604175,10023,19,181.29
60634291,32511,4,62.59
60639356,47632,15,168.29
60643178,26740,4,216.59
60643178,98451,2,1292.09
60647864,81641,4,228.09
60647864,14109,4,225.49
60647864,94652,4,32.39
60647864,80349,1,203.59
60647864,92839,24,84.09
60647864,14979,2,582.09
60647864,46421,10,185.89
60658265,57860,1,198.49
60658265,87426,15,180.29
60662519,66452,1,169.99
60662519,14109,1,225.49
60662519,54586,16,98.49
60669268,16805,17,279.49
60669268,80349,12,203.59
60669268,26270,7,749.99
60682365,12224,13,734.79
60682365,66578,2,268.19
60682365,57874,21,234.09
60682365,21508,7,97.89
60687435,78853,9,26.29
60687435,75767,14,243.99
60687435,32457,16,550.79
60687435,95646,5,323.09
60703763,25979,11,215.99
60703763,58241,20,203.99
60703763,77617,1,226.99
60703763,78853,20,26.29
60703763,66452,17,169.99
60717962,80349,11,203.59
60717962,15918,1,32.99
60717962,62011,1,72.79
60717962,75721,5,174.59
60719519,95646,7,323.09
60719519,26270,10,749.99
60719519,35273,1,213.19
60719519,85076,3,893.99
60719519,47174,11,390.69
60724302,77617,21,226.99
60725325,96141,14,909.49
60735880,11313,9,78.49
60735880,46835,20,112.29
60735880,86854,18,207.99
60737046,89968,13,206.49
60737435,97298,3,29.99
60737435,97210,3,241.29
60742280,33935,2,201.99
60742280,64388,1,290.09
60742280,45172,20,205.99
60749979,48996,16,64.79
60753242,80978,8,280.69
60753242,79564,3,34.99
60753242,56178,2,1474.59
60753242,78853,2,26.29
60754163,14109,7,225.49
60754163,32511,1,62.59
60754163,77670,24,244.59
60754163,26270,6,749.99
60754163,35273,1,213.19
60754163,32457,3,550.79
60754163,44115,17,1320.79
60759751,83295,1,123.99
60759751,14979,2,582.09
60759751,27849,25,123.59
60759751,64388,21,290.09
60764897,71645,5,403.99
60764897,57545,4,12.49
60766436,75721,15,174.59
60766436,16086,9,36.99
60766436,89968,3,206.49
60769897,25536,12,208.09
60769897,35273,1,213.19
60769897,15918,2,32.99
60769897,10621,22,165.19
60769897,61311,9,160.19
60769897,92839,4,84.09
60783326,57874,1,234.09
60783326,94514,15,254.99
60783326,46499,3,299.49
60784389,85076,1,893.99
60784389,36224,12,56.09
60826215,57874,2,234.09
60836319,87426,18,180.29
60849241,10023,1,181.29
60849241,20054,3,196.99
60849241,52648,1,195.89
60849241,15578,3,78.69
60856548,22393,2,1060.09
60895078,52648,3,195.89
60895078,20054,2,196.99
60895078,85459,3,239.79
60895078,77670,22,244.59
60895078,64388,2,290.09
60895078,10621,4,165.19
60895078,64279,3,126.39
60898875,37742,18,193.59
60904887,92839,7,84.09
60904887,37490,3,159.99
60905193,86809,6,71.29
60905193,62011,19,72.79
60905193,22057,15,294.89
60905193,82664,25,269.69
60905193,59301,1,43.99
60914640,21230,15,90.79
60914640,45172,18,205.99
60914640,20054,20,196.99
60934012,16353,1,105.99
60934468,14979,1,582.09
60946371,26270,8,749.99
60957255,39417,2,192.59
60962525,95646,23,323.09
60962525,20430,7,198.89
60962525,32511,2,62.59
60962525,47632,8,168.29
60962525,98451,9,1292.09
60966216,22393,18,1060.09
60971960,15578,5,78.69
60971960,62011,2,72.79
60971960,75721,21,174.59
60976670,57224,7,54.99
60976670,89968,1,206.49
60976670,78649,16,1059.49
60976670,41515,10,1273.69
60979404,14979,11,582.09
60982448,33606,1,285.99
60982448,95646,5,323.09
60982448,49147,2,352.19
60982448,18070,22,277.99
60982448,17582,15,83.39
60985336,98451,11,1292.09
60985336,47632,3,168.29
60985336,87426,18,180.29
60985336,35273,13,213.19
60989358,66578,2,268.19
60989897,64388,16,290.09
60989897,47632,4,168.29
60989897,85076,14,893.99
60989897,94612,1,266.79
60989897,81834,1,186.89
60992184,85459,13,239.79
60992184,32640,5,234.89
60992184,48510,1,68.99
60992601,22057,6,294.89
60992601,63985,13,78.79
60992601,47174,13,390.69
60992601,78649,1,1059.49
60992601,98451,20,1292.09
60992601,75438,2,59.19
60999802,54586,1,98.49
60999802,36496,24,5.69
60999802,35798,15,82.99
61012002,48996,18,64.79
61032764,25979,6,215.99
61032764,20888,3,65.99
61035322,86854,3,207.99
61035322,66452,15,169.99
61035322,57224,19,54.99
61035322,98451,3,1292.09
61088469,57224,4,54.99
61088469,32457,11,550.79
61095553,98451,20,1292.09
61095553,22393,20,1060.09
61106800,26270,3,749.99
61106800,20482,23,592.49
61106800,44513,1,53.19
61106800,58241,6,203.99
61109459,50462,1,174.99
61109459,32640,12,234.89
61109459,68080,2,141.29
61109459,75721,18,174.59
61109459,46421,17,185.89
61113097,37489,24,17.69
61113097,86809,15,71.29
61113097,16353,25,105.99
61131883,69037,22,35.99
61144044,32091,1,81.39
61144836,64388,13,290.09
61144836,46421,11,185.89
61155826,64388,18,290.09
61168312,92046,1,166.49
61168312,48606,13,391.49
61168312,96141,23,909.49
61168312,56751,3,27.29
61168312,10023,9,181.29
61168912,84547,3,205.49
61168912,61311,7,160.19
61168912,75767,7,243.99
61168912,35273,10,213.19
61168912,68080,1,141.29
61182864,35798,5,82.99
61195449,48606,7,391.49
61195449,68479,9,46.29
61201196,18476,18,11.09
61216691,20074,5,1064.09
61216691,20430,20,198.89
61219823,75721,5,174.59
61219823,95646,2,323.09
61225662,84547,3,205.49
61225662,94077,2,185.09
61225662,26270,3,749.99
61226964,87809,25,436.79
61227465,47632,3,168.29
61227465,57545,19,12.49
61227465,52648,2,195.89
61227575,94390,25,43.79
61227575,48510,11,68.99
61242526,69729,16,209.19
61242526,86809,1,71.29
61249304,96141,16,909.49
61264412,22393,14,1060.09
61271066,69037,5,35.99
61271066,61311,12,160.19
61271066,46935,4,118.99
61271066,95646,22,323.09
61271066,84547,9,205.49
61271066,18398,1,283.19
61279380,19409,1,67.99
61279380,50462,8,174.99
61283727,48996,3,64.79
61290901,64388,20,290.09
61300066,79564,8,34.99
61310140,54586,1,98.49
61310140,64388,11,290.09
61310140,79564,14,34.99
61310140,77670,4,244.59
61321146,53392,10,112.99
61321146,77617,17,226.99
61327819,64279,1,126.39
61327819,21508,3,97.89
61327819,80349,15,203.59
61332150,66452,9,169.99
61332410,34871,7,6.59
61332410,58241,2,203.99
61332410,57224,19,54.99
61332410,61311,1,160.19
61342694,20430,1,198.89
61342694,68080,1,141.29
61342694,28650,6,96.69
61346798,75721,7,174.59
61346798,99654,3,265.39
61346798,94514,1,254.99
61351929,37489,1,17.69
61351929,20430,1,198.89
61351929,16353,3,105.99
61351929,96141,2,909.49
61398891,77670,6,244.59
61398891,75721,3,174.59
61437123,23045,2,713.69
61437384,47437,1,898.99
61437384,20054,10,196.99
61440390,19403,1,228.99
61462081,97210,13,241.29
61468653,10621,4,165.19
61468653,59301,21,43.99
61483604,47174,1,390.69
61485198,57051,14,58.39
61485198,10621,3,165.19
61485198,71227,19,166.29
61485198,64388,20,290.09
61485198,16086,1,36.99
61485198,33606,25,285.99
61485198,92046,3,166.49
61505000,78853,3,26.29
61505000,57224,8,54.99
61505000,34871,13,6.59
61512397,98451,22,1292.09
61512397,87148,1,4.99
61519942,92839,6,84.09
61519942,71645,15,403.99
61519942,35273,4,213.19
61519942,90808,3,77.19
61519942,11575,5,233.29
61523119,46421,4,185.89
61523119,58650,1,11.09
61523433,16805,2,279.49
61532175,64388,20,290.09
61542436,26245,7,107.79
61542436,27600,1,1470.79
61542436,14979,8,582.09
61542436,58650,6,11.09
61542436,32457,1,550.79
61542436,58241,1,203.99
61563572,97298,7,29.99
61563572,84482,2,223.49
61569617,33209,2,384.69
61569617,46421,5,185.89
61569617,77670,12,244.59
61569617,85459,2,239.79
61570842,57874,1,234.09
61570842,57545,11,12.49
61595902,46421,5,185.89
61596446,27849,23,123.59
61596446,16086,12,36.99
61603766,48996,1,64.79
61603766,80351,8,194.99
61603766,85076,6,893.99
61603766,41515,2,1273.69
61626362,80625,4,690.09
61635021,26740,20,216.59
61649872,46935,23,118.99
61668793,84547,11,205.49
61668793,59301,2,43.99
61668793,14979,17,582.09
61670714,71645,18,403.99
61671665,68723,3,96.89
61674148,97210,3,241.29
61674148,52111,3,173.99
61679808,11575,12,233.29
61679808,57874,2,234.09
61679808,60647,15,264.09
61679808,94077,2,185.09
61679808,81834,1,186.89
61682156,26245,13,107.79
61689590,56178,12,1474.59
61704987,76830,3,210.09
61705161,68479,4,46.29
61705161,32511,2,62.59
61705161,86809,1,71.29
61715189,45172,23,205.99
61720571,48510,1,68.99
61720571,33209,2,384.69
61721690,58650,11,11.09
61721690,32457,7,550.79
61724761,80625,1,690.09
61724761,11575,12,233.29
61724761,14979,12,582.09
61724761,22393,1,1060.09
61727171,32511,22,62.59
61733832,60647,2,264.09
61733832,26270,13,749.99
61777202,13185,23,205.29
61786535,14979,4,582.09
61786535,36224,9,56.09
61786535,41515,14,1273.69
61786535,99654,6,265.39
61787788,10023,25,181.29
61787788,57224,2,54.99
61787788,37742,1,193.59
61787788,22393,7,1060.09
61791764,20430,1,198.89
61791764,23045,11,713.69
61798583,41515,16,1273.69
61798583,26270,1,749.99
61798583,52648,24,195.89
61799774,57224,1,54.99
61799774,41515,1,1273.69
61799774,24242,5,116.99
61799774,61311,1,160.19
61799774,98451,20,1292.09
61799774,15918,6,32.99
61804367,47437,3,898.99
61828318,33935,16,201.99
61828318,41226,6,288.09
61828318,64279,1,126.39
61828318,47437,5,898.99
61843178,85076,16,893.99
61869465,79564,3,34.99
61869465,52111,9,173.99
61871659,87809,3,436.79
61889944,97210,25,241.29
61910394,79564,1,34.99
61910394,41345,12,812.29
61910394,76061,6,229.99
61911495,11575,2,233.29
61911495,36591,1,162.99
61911495,77617,17,226.99
61911495,66452,3,169.99
61911495,90808,11,77.19
61911495,85459,1,239.79
61911495,16353,3,105.99
61911495,22393,4,1060.09
61962533,37742,13,193.59
61969603,64388,6,290.09
61969603,21230,18,90.79
61969603,58241,9,203.99
61969603,11575,6,233.29
61969603,23045,11,713.69
61970534,58241,4,203.99
61970534,68080,17,141.29
61970534,86854,13,207.99
61970534,39417,21,192.59
61974073,47174,4,390.69
61974073,23045,23,713.69
61976271,24242,6,116.99
61976271,94514,3,254.99
61976271,19021,24,253.09
61976271,11313,8,78.49
61976271,71645,24,403.99
61993220,45172,4,205.99
61996535,66452,1,169.99
61996535,85459,5,239.79
61997864,60647,2,264.09
62016632,47437,9,898.99
62016632,57545,1,12.49
62016632,19409,1,67.99
62016632,11575,1,233.29
62022534,54586,1,98.49
62022534,86809,18,71.29
62022534,71227,9,166.29
62022947,85973,12,177.59
62052663,22057,2,294.89
62057492,11313,17,78.49
62057492,45172,19,205.99
62057492,26270,1,749.99
62057492,83295,11,123.99
62057492,37489,3,17.69
62057492,92046,11,166.49
62063849,64388,2,290.09
62063849,68080,11,141.29
62069919,35273,1,213.19
62080645,81834,21,186.89
62081154,15578,21,78.69
62101947,86286,3,261.59
62134861,90808,14,77.19
62134861,68080,14,141.29
62139368,58241,10,203.99
62139368,69218,5,184.09
62158421,32457,24,550.79
62173743,54586,25,98.49
62173822,68080,8,141.29
62188226,87789,5,294.99
62188226,97210,14,241.29
62188226,45172,24,205.99
62188226,66578,17,268.19
62193070,10023,1,181.29
62193070,16749,22,231.39
62193070,48510,5,68.99
62197726,32511,3,62.59
62197726,75767,1,243.99
62197743,28650,3,96.69
62228732,15918,9,32.99
62230224,99654,1,265.39
62230224,52648,2,195.89
62230224,66578,7,268.19
62230224,77617,3,226.99
62230224,56751,4,27.29
62231464,87809,18,436.79
62240106,33606,1,285.99
62240106,10023,5,181.29
62241557,85973,1,177.59
62241557,17582,3,83.39
62241557,99654,7,265.39
62241557,13185,19,205.29
62252835,27600,1,1470.79
62252835,75721,10,174.59
62252835,90808,7,77.19
62255200,68723,4,96.89
62255200,85973,6,177.59
62255200,15626,18,429.09
62258370,11575,2,233.29
62258370,10023,22,181.29
62258370,59301,12,43.99
62263263,41515,1,1273.69
62263263,57874,11,234.09
62263263,32091,8,81.39
62263263,62011,7,72.79
62263263,85076,24,893.99
62275773,11575,1,233.29
62275773,52648,1,195.89
62275773,10023,5,181.29
62275773,34871,23,6.59
62279832,71227,4,166.29
62279832,64388,23,290.09
62287571,35273,23,213.19
62300439,71645,1,403.99
62304231,92839,12,84.09
62304231,95339,17,58.89
62324600,45172,24,205.99
62324600,57874,1,234.09
62326546,90808,2,77.19
62328783,35798,19,82.99
62338638,61311,3,160.19
62338638,57224,1,54.99
62338638,54586,20,98.49
62353283,36224,5,56.09
62354257,21230,9,90.79
62366597,57224,5,54.99
62407997,32091,1,81.39
62407997,92898,5,1162.99
62407997,80349,1,203.59
62407997,66185,12,659.99
62418616,25536,10,208.09
62418616,37742,13,193.59
62422196,53392,20,112.99
62422196,68080,20,141.29
62427700,20482,7,592.49
62437350,85459,8,239.79
62437350,45172,5,205.99
62437350,48606,25,391.49
62443556,79564,10,34.99
62443556,92839,4,84.09
62444895,22393,16,1060.09
62444895,95339,2,58.89
62444895,75721,13,174.59
62444895,47174,3,390.69
62451247,26245,13,107.79
62459523,27849,4,123.59
62464250,11313,1,78.49
62474136,48996,15,64.79
62474234,66452,18,169.99
62485203,78853,4,26.29
62485203,59301,3,43.99
62485203,32511,19,62.59
62485203,64388,14,290.09
62485203,27849,2,123.59
62485203,80625,4,690.09
62485203,41515,10,1273.69
62490384,14109,18,225.49
62490418,57545,1,12.49
62490418,58241,4,203.99
62490418,97298,2,29.99
62490418,15578,24,78.69
62490418,79564,3,34.99
62490418,47437,7,898.99
62498970,95339,8,58.89
62504608,95646,8,323.09
62504608,21508,19,97.89
62511496,16353,6,105.99
62525629,32457,7,550.79
62526378,22393,7,1060.09
62530651,57224,1,54.99
62530651,57545,7,12.49
62535664,15578,2,78.69
62547809,66578,1,268.19
62552042,46421,6,185.89
62552042,83295,13,123.99
62552042,78853,1,26.29
62576327,29892,17,44.09
62576327,85973,8,177.59
62577685,90808,6,77.19
62577906,68723,10,96.89
62584729,17582,18,83.39
62603397,25536,8,208.09
62603397,50150,20,390.59
62606774,32511,4,62.59
62606774,87789,14,294.99
62606774,10023,24,181.29
62621135,37489,2,17.69
62621135,78853,2,26.29
62621135,89968,1,206.49
62621135,92046,7,166.49
62622751,57874,10,234.09
62622751,70780,23,122.19
62622751,64388,9,290.09
62622751,26270,1,749.99
62660341,14109,2,225.49
62670155,92046,1,166.49
62670155,37681,12,185.69
62684059,56178,3,1474.59
62684059,66820,25,221.99
62684059,57801,18,63.79
62690102,11313,21,78.49
62702220,58241,10,203.99
62702220,61311,4,160.19
62703859,61311,1,160.19
62704974,54586,1,98.49
62704974,39417,14,192.59
62728012,20054,3,196.99
62728012,11313,17,78.49
62735028,97298,25,29.99
62735028,86809,8,71.29
62735028,29892,24,44.09
62735028,79647,1,91.09
62740095,64388,12,290.09
62745645,92839,1,84.09
62749534,46421,1,185.89
62749534,37742,1,193.59
62755626,27057,4,353.39
62755626,19403,5,228.99
62763301,11426,12,1071.19
62763301,25536,20,208.09
62763301,23045,3,713.69
62763301,87809,16,436.79
62763301,81834,1,186.89
62763301,85459,15,239.79
62763301,69991,1,1268.79
62766884,36224,15,56.09
62784333,80625,2,690.09
62784333,23045,10,713.69
62784333,90808,2,77.19
62784333,36496,10,5.69
62784333,68080,22,141.29
62784333,16236,14,4.99
62801564,99654,18,265.39
62801564,22393,17,1060.09
62801564,35798,4,82.99
62803420,52648,1,195.89
62803420,69218,1,184.09
62803420,32091,15,81.39
62803420,85076,3,893.99
62803420,80978,4,280.69
62810495,66452,8,169.99
62810495,72692,20,46.69
62810641,87809,20,436.79
62810641,48510,1,68.99
62810641,50462,9,174.99
62820142,80978,17,280.69
62820142,75721,4,174.59
62831136,11313,7,78.49
62831136,83295,15,123.99
62831136,68080,20,141.29
62831136,66452,9,169.99
62831136,54586,1,98.49
62838702,15578,7,78.69
62838702,87148,2,4.99
62838702,47174,5,390.69
62838702,97210,1,241.29
62845906,77617,1,226.99
62845906,21508,2,97.89
62845906,33344,10,1109.59
62854945,26270,1,749.99
62854945,15578,2,78.69
62883038,97210,2,241.29
62883038,62011,3,72.79
62883038,26270,16,749.99
62896790,58241,4,203.99
62896790,32457,7,550.79
62896790,75438,12,59.19
62896790,85459,1,239.79
62896790,95646,7,323.09
62896790,22057,18,294.89
62897037,11575,14,233.29
62897037,32511,6,62.59
62897037,64388,8,290.09
62897037,21230,4,90.79
62901816,68080,19,141.29
62947165,20430,1,198.89
62947165,90808,3,77.19
62947165,77670,21,244.59
62947165,33606,16,285.99
62947165,48510,1,68.99
62947165,46835,20,112.29
62947165,77617,6,226.99
62972228,37489,9,17.69
62972228,95646,4,323.09
62972228,10621,20,165.19
62972228,35273,1,213.19
62972228,33606,12,285.99
62972228,62011,9,72.79
62976503,92046,1,166.49
62976503,26750,24,78.79
62976503,53392,1,112.99
62978884,27600,21,1470.79
62978884,52648,12,195.89
62978884,85459,14,239.79
62990577,14109,17,225.49
62990577,36224,5,56.09
62992834,24242,8,116.99
62992834,16749,4,231.39
62996578,35798,15,82.99
62996578,54586,7,98.49
62996578,26740,21,216.59
63036143,22057,8,294.89
63036143,33606,2,285.99
63036143,36224,18,56.09
63036143,16086,1,36.99
63048633,37489,1,17.69
63048722,14979,20,582.09
63055365,24242,5,116.99
63055365,32091,8,81.39
63055365,57224,4,54.99
63055365,10023,22,181.29
63073287,85973,8,177.59
63076742,80625,8,690.09
63076742,61093,18,240.99
63076742,25536,22,208.09
63085458,10023,3,181.29
63108154,32640,11,234.89
63108154,32511,1,62.59
63108154,69729,16,209.19
63108154,22057,1,294.89
63108154,90808,24,77.19
63108154,57874,1,234.09
63108154,36496,21,5.69
63108154,46935,11,118.99
63110710,11313,19,78.49
63114329,58241,1,203.99
63119148,11453,14,1304.19
63119474,27849,1,123.59
63119474,26270,1,749.99
63119474,75721,22,174.59
63119474,87809,15,436.79
63128204,95339,1,58.89
63129988,77617,11,226.99
63129988,52648,4,195.89
63129988,66452,3,169.99
63129988,14920,23,249.99
63129988,55048,4,186.19
63133656,86286,2,261.59
63134699,92046,24,166.49
63143087,57874,1,234.09
63143087,26798,19,18.59
63143087,87809,3,436.79
63143087,96141,2,909.49
63143087,36496,3,5.69
63143087,85459,25,239.79
63177256,16086,1,36.99
63177256,19011,22,198.89
63177256,54586,9,98.49
63178400,14979,9,582.09
63178400,48510,1,68.99
63178400,57545,22,12.49
63178400,95646,11,323.09
63178400,57224,13,54.99
63179936,27600,23,1470.79
63185818,86809,15,71.29
63185818,26270,11,749.99
63185818,32938,8,1148.89
63187389,41345,1,812.29
63200883,81834,2,186.89
63200883,14979,1,582.09
63207658,87148,7,4.99
63207658,32091,25,81.39
63207658,10023,21,181.29
63207658,41515,5,1273.69
63207658,39417,1,192.59
63207658,20430,19,198.89
63207658,15626,1,429.09
63209513,32457,4,550.79
63214536,75767,23,243.99
63231251,46421,10,185.89
63231251,52648,22,195.89
63231251,78853,1,26.29
63231398,39417,6,192.59
63231398,75767,24,243.99
63231398,81641,1,228.09
63231398,23045,2,713.69
63231398,48289,2,85.59
63231398,80978,15,280.69
63231398,48510,1,68.99
63242888,14109,1,225.49
63242888,80349,5,203.59
63242888,36209,2,189.99
63242888,46499,13,299.49
63242888,15578,4,78.69
63255462,36591,1,162.99
63255462,35798,6,82.99
63255462,77617,6,226.99
63266102,15918,8,32.99
63266102,32457,16,550.79
63266102,16086,4,36.99
63266102,19409,25,67.99
63266102,39417,24,192.59
63266102,11453,2,1304.19
63272637,79564,6,34.99
63272637,48510,9,68.99
63272637,16805,12,279.49
63274316,20430,16,198.89
63274316,85973,18,177.59
63274316,89968,14,206.49
63278579,87426,1,180.29
63278579,78853,13,26.29
63278579,37742,2,193.59
63278579,36224,23,56.09
63278579,46499,6,299.49
63282401,85076,8,893.99
63282401,23045,7,713.69
63282401,92839,1,84.09
63282401,48996,14,64.79
63284380,85076,1,893.99
63291070,79564,1,34.99
63296813,81834,1,186.89
63296813,57860,1,198.49
63296813,16749,12,231.39
63298299,63985,2,78.79
63298299,19177,1,100.79
63298299,87809,3,436.79
63298299,37489,8,17.69
63298299,24242,1,116.99
63298299,15918,3,32.99
63305016,81834,1,186.89
63305016,95646,1,323.09
63305016,68080,9,141.29
63321579,66578,6,268.19
63321579,26740,2,216.59
63321579,79564,1,34.99
63321579,54586,2,98.49
63329694,16749,4,231.39
63329694,36591,18,162.99
63329694,62011,1,72.79
63329694,69991,2,1268.79
63329694,44115,8,1320.79
63329694,59301,2,43.99
63331593,64388,1,290.09
63334602,85459,9,239.79
63334602,16353,1,105.99
63335324,39417,3,192.59
63335324,96141,7,909.49
63347514,80349,24,203.59
63354999,36209,1,189.99
63354999,52648,3,195.89
63360051,37489,2,17.69
63360051,39417,11,192.59
63360051,86809,10,71.29
63360051,69037,9,35.99
63360051,57224,10,54.99
63360051,46421,14,185.89
63360051,26270,5,749.99
63364705,75767,24,243.99
63374645,10621,2,165.19
63374839,86809,1,71.29
63374839,20430,17,198.89
63374839,35273,7,213.19
63374839,26740,1,216.59
63374839,80349,2,203.59
63374839,85076,1,893.99
63374839,85459,17,239.79
63374839,15918,2,32.99
63382062,11575,8,233.29
63382062,16805,5,279.49
63382062,32511,14,62.59
63382062,78853,1,26.29
63392259,17582,2,83.39
63393875,71645,1,403.99
63393875,26270,12,749.99
63393875,76830,15,210.09
63393875,19011,2,198.89
63393875,64388,12,290.09
63393875,14979,8,582.09
63396712,32511,4,62.59
63396712,37490,20,159.99
63396712,48996,6,64.79
63397568,26750,1,78.79
63399256,57874,10,234.09
63410112,26740,2,216.59
63410166,33606,25,285.99
63410166,37489,22,17.69
63410166,17582,14,83.39
63437825,46421,25,185.89
63445230,61311,1,160.19
63445230,71645,10,403.99
63445230,59301,1,43.99
63445230,22057,1,294.89
63445230,95339,10,58.89
63445637,35273,7,213.19
63445637,85459,1,239.79
63445637,90808,13,77.19
63445637,66578,14,268.19
63445637,27849,7,123.59
63455037,35273,4,213.19
63455037,68080,7,141.29
63455037,32457,3,550.79
63455037,11313,2,78.49
63455228,32457,7,550.79
63456102,58241,5,203.99
63480342,36224,4,56.09
63489573,87574,1,130.19
63489573,46421,2,185.89
63489573,61311,16,160.19
63489573,52648,19,195.89
63489573,54586,11,98.49
63495289,26740,1,216.59
63514428,86809,8,71.29
63537206,71645,19,403.99
63537206,57224,16,54.99
63547554,20430,23,198.89
63551392,14979,7,582.09
63551392,76830,2,210.09
63551718,37489,11,17.69
63557318,79834,1,151.19
63557318,78853,16,26.29
63557318,57874,12,234.09
63557318,66578,20,268.19
63557318,17582,13,83.39
63557318,61311,23,160.19
63581765,58781,9,290.99
63581765,32457,14,550.79
63587385,89968,15,206.49
63587385,45172,3,205.99
63587385,78853,1,26.29
63587385,10621,2,165.19
63596001,68080,9,141.29
63596001,26270,1,749.99
63596001,14979,2,582.09
63598090,62011,5,72.79
63598090,92839,2,84.09
63598090,15626,1,429.09
63607856,85459,19,239.79
63620426,33606,13,285.99
63620426,14979,6,582.09
63643513,47437,16,898.99
63659825,36224,5,56.09
63697157,80625,11,690.09
63699524,57874,12,234.09
63699524,47632,1,168.29
63699524,90808,14,77.19
63699524,52111,3,173.99
63699524,66452,18,169.99
63699524,16749,4,231.39
63707074,86809,15,71.29
63707074,75721,25,174.59
63707074,15918,4,32.99
63714976,45172,12,205.99
63714976,47632,1,168.29
63714976,76830,3,210.09
63714976,58650,12,11.09
63729361,36224,11,56.09
63753294,90808,23,77.19
63753294,86809,12,71.29
63753294,15918,2,32.99
63753294,46421,7,185.89
63777765,36224,1,56.09
63777765,86809,4,71.29
63777765,66578,11,268.19
63777765,37489,1,17.69
63777765,87426,12,180.29
63777765,71645,11,403.99
63777765,35273,10,213.19
63777765,11575,16,233.29
63778410,47174,1,390.69
63778410,26750,1,78.79
63778893,85459,13,239.79
63779856,57224,7,54.99
63779856,19021,1,253.09
63786758,25536,6,208.09
63786758,36224,14,56.09
63806930,50462,12,174.99
63806930,37742,2,193.59
63811762,35273,1,213.19
63811762,11313,5,78.49
63811762,78853,25,26.29
63811987,81834,10,186.89
63811987,16353,3,105.99
63811987,57224,22,54.99
63811987,68723,14,96.89
63828990,68080,12,141.29
63828990,86809,4,71.29
63828990,16805,16,279.49
63828990,69991,24,1268.79
63862341,10023,3,181.29
63862341,75721,12,174.59
63862341,66578,17,268.19
63862341,15578,22,78.69
63862341,13185,13,205.29
63865161,22393,1,1060.09
63874061,15918,25,32.99
63874061,37742,10,193.59
63874061,48510,25,68.99
63885937,47174,24,390.69
63885937,57224,15,54.99
63885937,57874,13,234.09
63885937,26270,2,749.99
63901320,32457,23,550.79
63901320,12377,21,175.59
63901320,47437,23,898.99
63901320,57051,12,58.39
63901320,37490,6,159.99
63907368,64388,3,290.09
63907368,21230,19,90.79
63907368,15918,11,32.99
63909256,52648,3,195.89
63909256,41515,19,1273.69
63909694,15918,1,32.99
63909694,66452,1,169.99
63909694,71227,1,166.29
63909694,45172,3,205.99
63909694,57224,5,54.99
63910584,36496,13,5.69
63910584,63748,9,91.19
63919456,78649,13,1059.49
63919456,15918,16,32.99
63921711,64388,1,290.09
63921711,46421,2,185.89
63921711,52111,4,173.99
63921711,37489,3,17.69
63921711,36224,1,56.09
63927228,52648,1,195.89
63927228,26270,14,749.99
63927228,68080,17,141.29
63939497,50462,15,174.99
63945689,69037,5,35.99
63945689,54586,12,98.49
63963322,56178,4,1474.59
63963322,25536,2,208.09
63963322,85459,8,239.79
63963322,39417,2,192.59
63963322,32938,25,1148.89
63964985,77617,12,226.99
63984031,75721,3,174.59
63989311,98451,12,1292.09
63989311,52648,1,195.89
63989817,94612,23,266.79
63990281,66452,20,169.99
63990281,25536,23,208.09
63990281,22057,11,294.89
63990281,85973,8,177.59
63990281,16236,7,4.99
63990281,68080,18,141.29
64001830,58241,8,203.99
64001830,84547,18,205.49
64002219,37489,13,17.69
64002219,11426,7,1071.19
64002219,20430,4,198.89
64002219,81834,1,186.89
64002219,87426,9,180.29
64004022,64388,14,290.09
64004022,69991,13,1268.79
64004022,57224,6,54.99
64011884,11313,9,78.49
64016808,92898,13,1162.99
64019116,22393,1,1060.09
64026429,25536,7,208.09
64026429,61677,24,192.69
64026429,26740,13,216.59
64030830,41226,22,288.09
64030830,16086,17,36.99
64045683,46421,1,185.89
64045683,57874,9,234.09
64045683,47437,1,898.99
64050407,81834,8,186.89
64050407,21508,5,97.89
64067541,35273,13,213.19
64067541,69991,17,1268.79
64079322,75767,1,243.99
64079322,29305,12,210.19
64081878,45172,14,205.99
64083354,50462,4,174.99
64083354,58241,7,203.99
64088980,64388,22,290.09
64088980,18476,21,11.09
64097439,94077,10,185.09
64113603,10023,1,181.29
64113603,54586,8,98.49
64113603,15918,4,32.99
64113806,35273,12,213.19
64137136,22057,23,294.89
64137136,81834,3,186.89
64157928,80625,19,690.09
64157928,41039,1,218.69
64157928,15918,16,32.99
64217500,66578,4,268.19
64235634,35798,1,82.99
64235634,90808,1,77.19
64235634,75767,1,243.99
64291710,82664,2,269.69
64295932,75767,3,243.99
64295932,15626,21,429.09
64296217,11313,2,78.49
64296217,16805,19,279.49
64302529,10621,5,165.19
64302529,52648,1,195.89
64302529,19021,24,253.09
64302529,11313,14,78.49
64316347,86286,1,261.59
64316347,58650,5,11.09
64323594,32457,8,550.79
64323594,21230,3,90.79
64323594,27849,1,123.59
64323594,80625,17,690.09
64324199,26740,25,216.59
64324199,32511,1,62.59
64324199,26245,4,107.79
64329605,75767,9,243.99
64352713,61311,22,160.19
64355873,35798,2,82.99
64355873,64388,5,290.09
64355873,86809,14,71.29
64355873,46421,1,185.89
64355873,92839,1,84.09
64356667,20054,8,196.99
64356667,17582,2,83.39
64356667,19177,7,100.79
64379744,75721,8,174.59
64384886,95646,10,323.09
64384886,41515,19,1273.69
64387745,52111,19,173.99
64387745,12852,6,262.49
64395693,14109,16,225.49
64403641,85076,16,893.99
64412415,46421,4,185.89
64421199,11575,12,233.29
64426473,45172,5,205.99
64426473,87809,1,436.79
64426473,35273,1,213.19
64426473,79834,9,151.19
64430015,97298,23,29.99
64430015,16353,17,105.99
64430015,11313,16,78.49
64443395,26245,6,107.79
64443395,52648,21,195.89
64443395,10023,5,181.29
64443395,80349,16,203.59
64446538,17582,5,83.39
64446538,98451,22,1292.09
64446538,16805,1,279.49
64446538,56178,1,1474.59
64446538,92839,9,84.09
64446538,35798,6,82.99
64457068,75767,1,243.99
64457068,26270,17,749.99
64478166,47437,7,898.99
64479381,47632,14,168.29
64479381,37489,1,17.69
64479381,53078,5,293.39
64479381,87809,21,436.79
64486640,36496,2,5.69
64499824,37742,1,193.59
64512021,81834,23,186.89
64512021,85973,6,177.59
64512021,85459,12,239.79
64514768,20430,20,198.89
64514768,66452,21,169.99
64514768,61311,8,160.19
64514936,66578,23,268.19
64517010,53392,1,112.99
64517010,77617,11,226.99
64517010,35273,24,213.19
64517010,11426,18,1071.19
64517121,25979,16,215.99
64520091,48510,1,68.99
64520091,83295,1,123.99
64520271,57545,20,12.49
64523469,70801,13,215.99
64529688,25979,1,215.99
64529688,87809,2,436.79
64529688,48510,5,68.99
64529688,11575,19,233.29
64544073,22393,1,1060.09
64559259,20430,1,198.89
64559259,48510,12,68.99
64559259,47632,4,168.29
64566273,57051,3,58.39
64566273,10023,14,181.29
64567067,52648,12,195.89
64567067,21230,5,90.79
64567067,72692,16,46.69
64567067,76830,17,210.09
64596013,22393,16,1060.09
64600378,87148,17,4.99
64607005,37742,3,193.59
64607005,47632,14,168.29
64630225,15918,6,32.99
64630225,37490,11,159.99
64637765,44513,9,53.19
64637827,15578,3,78.69
64637827,25536,10,208.09
64638383,19011,1,198.89
64638383,17582,7,83.39
64644394,85973,13,177.59
64644394,50462,7,174.99
64644394,47632,1,168.29
64644394,64388,1,290.09
64644394,35273,10,213.19
64662174,78853,7,26.29
64662174,86809,10,71.29
64679381,10023,1,181.29
64679381,47437,1,898.99
64679381,81641,16,228.09
64679381,86854,10,207.99
64679381,11313,20,78.49
64679381,47174,16,390.69
64679381,80349,2,203.59
64679381,48869,17,901.09
64679544,33209,12,384.69
64679544,41515,1,1273.69
64687483,25536,19,208.09
64687483,61311,12,160.19
64690057,58650,4,11.09
64690057,36224,3,56.09
64692493,69037,13,35.99
64708695,44115,2,1320.79
64708695,80349,16,203.59
64708695,25979,6,215.99
64708695,76830,10,210.09
64708695,69729,17,209.19
64708695,99654,1,265.39
64708695,58650,17,11.09
64708695,85076,16,893.99
64713350,95523,8,82.19
64713350,37489,15,17.69
64716684,45172,1,205.99
64716684,96141,4,909.49
64719282,20074,18,1064.09
64719282,73115,8,172.99
64719282,80625,1,690.09
64733043,89968,16,206.49
64733043,57051,19,58.39
64747973,32457,24,550.79
64747973,16805,14,279.49
64757841,54586,1,98.49
64762021,80349,4,203.59
64762021,44331,22,121.79
64766426,37490,6,159.99
64766426,69218,3,184.09
64766426,87809,17,436.79
64777580,86809,6,71.29
64777580,52648,20,195.89
64787110,17582,4,83.39
64790896,25536,21,208.09
64790896,46421,16,185.89
64790896,32511,8,62.59
64790896,39417,21,192.59
64790896,32457,10,550.79
64795783,20054,4,196.99
64795783,52648,4,195.89
64795783,11453,17,1304.19
64795783,64279,3,126.39
64795783,94612,19,266.79
64795783,92839,7,84.09
64795783,60647,3,264.09
64795783,33935,9,201.99
64819494,37742,3,193.59
64819494,87809,5,436.79
64845868,16749,3,231.39
64873065,85076,1,893.99
64888235,41515,15,1273.69
64891102,77670,5,244.59
64891102,32457,18,550.79
64891102,16749,2,231.39
64892552,57545,3,12.49
64912552,77670,7,244.59
64912552,75767,11,243.99
64940196,69991,5,1268.79
64992331,47632,1,168.29
64992331,94612,19,266.79
64992331,10621,1,165.19
65013568,15918,25,32.99
65020928,84547,4,205.49
65020928,27600,23,1470.79
65020928,85572,23,30.99
65039274,77670,1,244.59
65039274,33935,1,201.99
65039274,35798,9,82.99
65039274,68479,1,46.29
65039274,47437,1,898.99
65043086,68080,18,141.29
65043086,36496,17,5.69
65059935,97298,1,29.99
65059935,63493,6,215.09
65059935,15918,3,32.99
65059935,99654,5,265.39
65059935,68723,21,96.89
65059935,26740,7,216.59
65086286,35273,6,213.19
65086286,86809,18,71.29
65086286,54586,13,98.49
65094807,32457,1,550.79
65094807,32511,17,62.59
65094807,17582,5,83.39
65099095,32511,1,62.59
65099837,37489,20,17.69
65099837,87809,20,436.79
65099837,79564,5,34.99
65119295,10023,6,181.29
65119295,48510,9,68.99
65119295,59301,1,43.99
65119295,20054,1,196.99
65119295,78649,17,1059.49
65119295,26750,9,78.79
65119295,80978,1,280.69
65119295,97298,10,29.99
65120418,71227,16,166.29
65120418,13185,8,205.29
65120418,68723,6,96.89
65120418,83295,5,123.99
65122084,80625,2,690.09
65122084,54586,1,98.49
65122084,25979,17,215.99
65131538,57051,23,58.39
65135584,89968,24,206.49
65139321,32091,1,81.39
65139321,98451,1,1292.09
65139321,48510,2,68.99
65147507,47437,4,898.99
65147507,36224,9,56.09
65147507,14979,7,582.09
65153920,47174,20,390.69
65156577,48335,21,111.49
65158011,54586,11,98.49
65158011,11575,3,233.29
65158011,78853,5,26.29
65158011,35273,11,213.19
65164096,69218,9,184.09
65203210,46421,1,185.89
65203210,57874,7,234.09
65203210,57051,16,58.39
65222405,95646,2,323.09
65222405,11426,14,1071.19
65222405,57874,4,234.09
65225541,33935,9,201.99
65225541,46421,1,185.89
65261804,66578,19,268.19
65265230,57545,4,12.49
65265230,86809,17,71.29
65282298,25979,9,215.99
65287674,47437,2,898.99
65287674,44513,1,53.19
65287674,39417,8,192.59
65287674,85076,21,893.99
65287674,95646,22,323.09
65290625,17582,3,83.39
65300376,58241,1,203.99
65300376,26750,8,78.79
65313510,37489,1,17.69
65313510,90808,2,77.19
65313510,41515,9,1273.69
65313510,16353,11,105.99
65317885,52648,9,195.89
65317885,19011,13,198.89
65324543,99654,16,265.39
65324543,68723,1,96.89
65324543,96141,21,909.49
65334650,41515,2,1273.69
65334650,95523,13,82.19
65334650,21230,22,90.79
65334650,87148,23,4.99
65346159,94612,1,266.79
65346159,26740,1,216.59
65355616,27600,15,1470.79
65355616,20054,19,196.99
65369976,85973,20,177.59
65369976,35273,2,213.19
65369976,50462,1,174.99
65370325,57801,1,63.79
65370325,14979,4,582.09
65370325,54586,4,98.49
65385624,79564,6,34.99
65388600,41515,1,1273.69
65388600,15578,11,78.69
65388600,26740,22,216.59
65391863,20054,3,196.99
65391863,92839,1,84.09
65396584,51098,20,30.89
65396584,97210,1,241.29
65398906,11575,1,233.29
65403458,16236,19,4.99
65403458,83295,6,123.99
65416941,61311,3,160.19
65416941,46421,5,185.89
65423540,10621,1,165.19
65424443,26740,14,216.59
65424443,39417,5,192.59
65435568,75767,7,243.99
65440058,19409,12,67.99
65440058,36224,2,56.09
65440058,61311,18,160.19
65442628,76830,2,210.09
65442628,87809,12,436.79
65442628,34871,2,6.59
65447481,26740,22,216.59
65447481,62011,23,72.79
65449070,45172,3,205.99
65449070,69037,7,35.99
65449070,92839,12,84.09
65449070,59301,22,43.99
65471021,95339,1,58.89
65471196,47632,24,168.29
65471196,28650,10,96.69
65471196,97210,10,241.29
65471196,35798,19,82.99
65471196,68723,9,96.89
65471196,57051,1,58.39
65471196,66185,20,659.99
65474498,28650,1,96.69
65474498,44115,8,1320.79
65504880,72692,19,46.69
65504880,57224,1,54.99
65513125,26740,14,216.59
65513125,80625,3,690.09
65516418,77617,15,226.99
65516418,48996,1,64.79
65516418,58241,3,203.99
65526609,94652,25,32.39
65526609,78853,3,26.29
65563545,87809,13,436.79
65570992,85459,4,239.79
65571608,13185,4,205.29
65571608,71645,13,403.99
65571608,11575,15,233.29
65573000,35273,25,213.19
65573000,52648,18,195.89
65573000,33606,24,285.99
65580511,32511,13,62.59
65580511,51181,2,184.29
65581215,86809,12,71.29
65585383,46420,15,41.59
65585383,32640,8,234.89
65585383,58241,10,203.99
65585383,95646,12,323.09
65585383,20074,21,1064.09
65603167,87148,19,4.99
65603167,20043,2,165.99
65603167,24242,1,116.99
65603167,78649,5,1059.49
65607181,78853,6,26.29
65624501,64388,12,290.09
65639416,14109,3,225.49
65639416,58241,6,203.99
65670078,95646,3,323.09
65670078,76830,5,210.09
65670078,14109,1,225.49
65670078,35273,2,213.19
65670078,39417,5,192.59
65670960,62011,19,72.79
65670960,80625,1,690.09
65670960,15918,14,32.99
65670960,98451,5,1292.09
65670960,89133,10,292.19
65674512,57874,1,234.09
65685408,16086,3,36.99
65685408,61311,4,160.19
65688393,37490,23,159.99
65688393,86809,11,71.29
65688393,16805,2,279.49
65688393,61311,11,160.19
65704829,53392,25,112.99
65720768,15918,4,32.99
65720768,33209,10,384.69
65720768,98451,10,1292.09
65722773,94077,1,185.09
65722773,64388,5,290.09
65729365,15578,3,78.69
65729365,83295,2,123.99
65729365,63985,1,78.79
65729365,32091,22,81.39
65729601,46421,2,185.89
65729601,78853,6,26.29
65729601,26270,24,749.99
65729601,85076,13,893.99
65729601,57545,3,12.49
65739397,96141,2,909.49
65767094,29305,2,210.19
65767094,33606,23,285.99
65767094,87574,11,130.19
65767094,11313,1,78.49
65767563,27849,6,123.59
65767563,37489,21,17.69
65767563,19409,19,67.99
65767563,77670,16,244.59
65767563,15578,1,78.69
65767563,57224,18,54.99
65769364,89133,4,292.19
65769364,57874,12,234.09
65769364,15578,7,78.69
65795199,77617,16,226.99
65802429,64279,2,126.39
65811236,97298,14,29.99
65811236,66185,20,659.99
65811236,32511,1,62.59
65813775,36224,1,56.09
65824723,41515,2,1273.69
65829782,46421,1,185.89
65846178,57545,8,12.49
65846178,13169,23,1030.09
65846178,16353,12,105.99
65867570,15578,16,78.69
65867570,39417,2,192.59
65870022,57874,1,234.09
65870022,90808,8,77.19
65870022,92046,25,166.49
65870022,95339,1,58.89
65870488,78853,25,26.29
65870488,16353,14,105.99
65870488,25536,12,208.09
65870488,35273,4,213.19
65872971,19409,1,67.99
65878029,58241,7,203.99
65878351,83295,5,123.99
65885225,64388,2,290.09
65887051,37742,1,193.59
65887051,57224,11,54.99
65887051,44513,4,53.19
65887051,92839,6,84.09
65887051,10023,1,181.29
65887051,89968,5,206.49
65894631,25536,19,208.09
65894631,16749,5,231.39
65894631,32457,9,550.79
65895190,18476,1,11.09
65895190,10621,2,165.19
65895190,66578,20,268.19
65895190,15578,4,78.69
65898226,47437,1,898.99
65898226,48996,2,64.79
65905974,97298,10,29.99
65905974,47632,13,168.29
65909892,61311,8,160.19
65919771,26245,14,107.79
65919771,16086,1,36.99
65919771,57224,14,54.99
65919771,85973,3,177.59
65919771,85459,4,239.79
65919771,76830,24,210.09
65925303,27536,17,216.99
65928120,57874,2,234.09
65928120,16353,5,105.99
65928364,70801,7,215.99
65928364,20430,23,198.89
65935484,34871,17,6.59
65935484,47632,2,168.29
65937031,64388,8,290.09
65940065,32091,9,81.39
65943704,24242,21,116.99
65952801,46835,1,112.29
65952801,87809,4,436.79
65952801,33606,1,285.99
65952801,95646,9,323.09
65952886,61677,1,192.69
65952886,33606,7,285.99
65952886,26270,10,749.99
65977481,26750,2,78.79
65977481,21508,2,97.89
65977481,36224,19,56.09
65977481,46420,1,41.59
65977481,26740,12,216.59
65977481,77670,23,244.59
65978376,19409,15,67.99
65990513,47632,21,168.29
65990513,11453,7,1304.19
66019417,68479,10,46.29
66019417,47632,14,168.29
66019551,99654,1,265.39
66022066,45172,8,205.99
66030448,19021,1,253.09
66030448,32457,7,550.79
66030448,78853,2,26.29
66030448,11313,12,78.49
66066317,92839,3,84.09
66071129,15626,1,429.09
66071129,76830,1,210.09
66071129,11575,5,233.29
66081947,85973,16,177.59
66081947,48996,25,64.79
66081947,23045,22,713.69
66081947,16749,4,231.39
66093353,26750,14,78.79
66097446,95339,23,58.89
66097446,61311,2,160.19
66097446,71645,2,403.99
66099151,35273,22,213.19
66099151,15578,6,78.69
66099151,11575,16,233.29
66099943,47174,6,390.69
66099943,81641,9,228.09
66101254,47174,9,390.69
66107324,51098,2,30.89
66114891,78853,1,26.29
66114891,87148,1,4.99
66116091,78649,11,1059.49
66116091,79834,8,151.19
66116091,33344,18,1109.59
66116091,89968,1,206.49
66116091,26740,11,216.59
66128897,82638,10,22.99
66131828,19409,5,67.99
66131828,47437,6,898.99
66131828,36224,4,56.09
66140215,84547,3,205.49
66145797,22393,18,1060.09
66145797,57224,12,54.99
66145797,27849,1,123.59
66149354,27849,10,123.59
66149354,37489,23,17.69
66149354,85076,1,893.99
66169198,75721,9,174.59
66184282,22057,1,294.89
66184282,10023,5,181.29
66184282,16749,1,231.39
66209452,87789,1,294.99
66209452,68080,1,141.29
66215037,45172,5,205.99
66237094,10023,6,181.29
66237094,80349,1,203.59
66237094,16236,17,4.99
66237094,64388,3,290.09
66238197,18398,6,283.19
66238197,89968,9,206.49
66254410,63985,1,78.79
66254410,95523,21,82.19
66259212,47632,2,168.29
66259212,97298,4,29.99
66259212,19021,16,253.09
66273755,98451,13,1292.09
66273755,14042,21,77.29
66273755,32457,11,550.79
66276007,80625,15,690.09
66276007,32457,24,550.79
66276416,81834,6,186.89
66276416,57874,19,234.09
66284477,87148,10,4.99
66284477,58781,5,290.99
66284477,48869,10,901.09
66301229,11313,10,78.49
66301229,15626,1,429.09
66301229,33935,21,201.99
66302742,92839,13,84.09
66302742,20430,1,198.89
66302742,68080,22,141.29
66302742,66578,5,268.19
66302742,41515,21,1273.69
66319887,24242,2,116.99
66319887,68723,3,96.89
66328310,25536,8,208.09
66345257,11313,21,78.49
66346730,69729,16,209.19
66359492,32457,13,550.79
66359492,20430,17,198.89
66359492,61911,21,279.89
66384032,22393,19,1060.09
66384032,68723,3,96.89
66385723,98451,17,1292.09
66393888,80978,12,280.69
66393888,46421,3,185.89
66393888,98451,1,1292.09
66397036,35273,4,213.19
66397036,59301,3,43.99
66403884,57874,4,234.09
66404693,77670,15,244.59
66406250,15626,3,429.09
66406250,89968,2,206.49
66410683,25979,1,215.99
66410683,48996,16,64.79
66419574,48869,25,901.09
66419574,64279,1,126.39
66424409,89968,1,206.49
66442626,41515,4,1273.69
66444519,78853,13,26.29
66444519,41515,13,1273.69
66444519,26270,8,749.99
66444519,36496,1,5.69
66444519,64388,19,290.09
66444519,26740,17,216.59
66446040,20054,1,196.99
66448204,63985,10,78.79
66448204,48510,16,68.99
66448204,86286,3,261.59
66448204,14109,5,225.49
66474463,15626,23,429.09
66474463,71645,1,403.99
66474463,11575,7,233.29
66508130,85459,2,239.79
66508130,37742,5,193.59
66508130,45172,19,205.99
66508130,87809,1,436.79
66527440,76830,1,210.09
66527440,77617,6,226.99
66527440,28650,4,96.69
66527440,81834,17,186.89
66527440,52111,16,173.99
66532831,57224,8,54.99
66538173,94612,5,266.79
66563751,53392,7,112.99
66563751,25979,11,215.99
66563751,16086,13,36.99
66563751,32457,7,550.79
66563751,78853,2,26.29
66565641,57874,19,234.09
66565641,11313,6,78.49
66565641,87809,2,436.79
66574068,36496,3,5.69
66574068,68080,13,141.29
66583590,13185,17,205.29
66583590,46421,21,185.89
66584001,45172,10,205.99
66584001,57874,9,234.09
66584001,85459,1,239.79
66584001,51181,6,184.29
66584001,15081,22,108.99
66594579,57224,6,54.99
66594579,37489,12,17.69
66594579,61911,14,279.89
66594579,47632,17,168.29
66605278,26740,4,216.59
66608328,20054,22,196.99
66617699,19409,8,67.99
66628259,64279,2,126.39
66638843,80625,5,690.09
66639232,57224,4,54.99
66639232,16749,2,231.39
66639232,85076,10,893.99
66643024,32457,12,550.79
66645466,11313,19,78.49
66645466,37489,1,17.69
66645466,98451,8,1292.09
66645466,75438,3,59.19
66645466,58241,1,203.99
66645466,10023,5,181.29
66647962,26270,4,749.99
66653262,32091,9,81.39
66653262,48869,2,901.09
66653262,46935,16,118.99
66658554,83295,2,123.99
66658554,68080,1,141.29
66685823,45172,2,205.99
66688225,20430,2,198.89
66688225,66452,18,169.99
66688225,26750,1,78.79
66688225,21508,1,97.89
66688225,80349,15,203.59
66692484,86854,6,207.99
66692484,32640,1,234.89
66710905,26270,5,749.99
66710905,22057,9,294.89
66710905,15081,1,108.99
66720831,36496,16,5.69
66720831,66452,7,169.99
66720831,27849,4,123.59
66731030,32511,1,62.59
66744417,26740,9,216.59
66744417,76061,4,229.99
66744417,63985,1,78.79
66744417,76830,7,210.09
66760269,64388,1,290.09
66763033,15918,4,32.99
66763033,25536,12,208.09
66763033,85459,12,239.79
66763187,97298,6,29.99
66763187,85076,1,893.99
66763187,57874,2,234.09
66763187,68479,3,46.29
66763187,57051,2,58.39
66763187,14920,1,249.99
66770068,71645,4,403.99
66770068,80349,6,203.59
66770068,87809,9,436.79
66785121,25536,9,208.09
66785121,87809,4,436.79
66804004,27849,1,123.59
66804004,16749,1,231.39
66804004,23045,8,713.69
66806282,77617,6,226.99
66806282,61311,15,160.19
66806282,85076,18,893.99
66806282,26399,20,179.19
66809675,10023,1,181.29
66844022,47437,22,898.99
66844022,81834,18,186.89
66855257,19409,1,67.99
66855257,76830,3,210.09
66855257,66185,1,659.99
66856299,20430,7,198.89
66856299,64279,2,126.39
66860574,10023,1,181.29
66860762,95339,1,58.89
66860762,36262,1,233.99
66860762,75721,1,174.59
66860762,48869,9,901.09
66876315,20430,3,198.89
66876315,47632,9,168.29
66880692,78853,1,26.29
66880692,77617,16,226.99
66880692,89968,23,206.49
66899979,77617,10,226.99
66899979,86809,1,71.29
66911100,36224,12,56.09
66911100,87809,5,436.79
66911100,33606,7,285.99
66911870,11575,1,233.29
66911870,16805,5,279.49
66911870,47632,1,168.29
66911870,61311,19,160.19
66913512,41515,23,1273.69
66913512,27849,16,123.59
66937277,90808,7,77.19
66949175,26245,21,107.79
66949175,32511,14,62.59
66965639,25979,1,215.99
66991412,57224,19,54.99
67002263,37742,19,193.59
67002263,11575,9,233.29
67002263,58241,14,203.99
67002263,36224,17,56.09
67008341,62011,1,72.79
67008341,27849,19,123.59
67008341,27600,1,1470.79
67008341,47632,1,168.29
67018304,11575,15,233.29
67018304,36224,1,56.09
67018304,15626,22,429.09
67018304,85076,7,893.99
67018304,45172,2,205.99
67022924,26270,2,749.99
67022924,36224,6,56.09
67022924,52648,8,195.89
67022924,90808,17,77.19
67022924,57874,6,234.09
67022924,86854,10,207.99
67028049,47437,23,898.99
67028049,95646,25,323.09
67029535,72692,2,46.69
67053567,61311,1,160.19
67053567,36224,1,56.09
67053567,41515,21,1273.69
67053567,26740,1,216.59
67053567,37742,2,193.59
67053567,85973,1,177.59
67063857,33606,21,285.99
67063857,36224,1,56.09
67063857,68723,19,96.89
67068201,75438,15,59.19
67068201,97298,8,29.99
67068201,72692,2,46.69
67068201,46421,20,185.89
67072808,46935,10,118.99
67072808,11453,10,1304.19
67076771,10621,14,165.19
67076771,15578,8,78.69
67076771,26270,10,749.99
67076771,46835,1,112.29
67076771,31675,17,41.49
67076771,57224,24,54.99
67076771,46421,7,185.89
67076771,39417,1,192.59
67084515,37489,24,17.69
67086949,37489,11,17.69
67086949,87809,1,436.79
67095422,90808,6,77.19
67096919,66578,9,268.19
67096919,23045,7,713.69
67096919,25979,1,215.99
67096919,10023,16,181.29
67103710,16749,5,231.39
67103710,86809,2,71.29
67103710,44115,21,1320.79
67109295,26270,14,749.99
67109295,22057,20,294.89
67109295,87789,3,294.99
67109295,69991,17,1268.79
67109295,84547,20,205.49
67112704,89968,22,206.49
67112704,26245,1,107.79
67112704,52648,8,195.89
67112704,71227,5,166.29
67113962,47632,2,168.29
67117947,11575,10,233.29
67139854,85076,9,893.99
67139854,66185,13,659.99
67139854,15578,14,78.69
67143192,94612,1,266.79
67186145,72692,5,46.69
67214812,86286,10,261.59
67214812,36224,22,56.09
67214812,95339,9,58.89
67214812,37490,1,159.99
67214812,16805,23,279.49
67214812,23045,12,713.69
67214812,48606,19,391.49
67215336,75767,5,243.99
67215336,97210,24,241.29
67215336,22393,18,1060.09
67215336,57545,13,12.49
67215336,90808,1,77.19
67215336,20430,1,198.89
67215336,46421,2,185.89
67219799,11426,19,1071.19
67241509,86809,23,71.29
67242538,36224,5,56.09
67242538,35798,5,82.99
67242538,15626,1,429.09
67245409,75767,2,243.99
67250013,99654,8,265.39
67250013,10023,7,181.29
67250013,80625,5,690.09
67250797,36496,13,5.69
67250797,26740,3,216.59
67250797,23045,12,713.69
67250797,68479,1,46.29
67250797,46421,21,185.89
67250797,48510,6,68.99
67250797,14979,4,582.09
67261372,47437,21,898.99
67292062,83295,1,123.99
67292062,68080,21,141.29
67292062,87809,25,436.79
67292062,54586,9,98.49
67292062,17582,17,83.39
67292062,77617,3,226.99
67300677,58241,2,203.99
67304019,61311,10,160.19
67311288,47632,16,168.29
67311288,84547,1,205.49
67311288,79564,16,34.99
67320740,58241,11,203.99
67324131,66578,4,268.19
67328919,27849,7,123.59
67328919,47174,3,390.69
67330167,37489,2,17.69
67333518,90808,2,77.19
67333518,16353,3,105.99
67337515,32938,22,1148.89
67337515,48510,8,68.99
67337515,26740,12,216.59
67345294,77670,4,244.59
67345294,57224,1,54.99
67345294,80349,12,203.59
67345294,10621,2,165.19
67345294,15918,2,32.99
67345294,98451,15,1292.09
67345294,36224,6,56.09
67345294,52648,3,195.89
67360138,92839,5,84.09
67364911,37489,6,17.69
67366439,28650,12,96.69
67380044,14920,1,249.99
67380044,64279,14,126.39
67380044,26245,10,107.79
67380044,56178,3,1474.59
67380044,81641,21,228.09
67381418,17582,1,83.39
67393345,22057,13,294.89
67404793,47437,12,898.99
67404793,11575,2,233.29
67415828,80625,17,690.09
67415828,37489,16,17.69
67415828,25536,1,208.09
67415828,78853,2,26.29
67428400,85973,8,177.59
67429645,52648,15,195.89
67430827,79564,11,34.99
67431715,83295,2,123.99
67431789,77670,4,244.59
67431789,10023,7,181.29
67432462,18398,22,283.19
67432462,66578,15,268.19
67432462,35273,13,213.19
67443458,83295,6,123.99
67456842,52111,5,173.99
67472986,32640,18,234.89
67473102,87148,1,4.99
67473102,32640,11,234.89
67473102,22057,23,294.89
67476566,32091,7,81.39
67476566,35273,24,213.19
67476566,54586,3,98.49
67476566,33209,22,384.69
67484480,66452,12,169.99
67497011,75721,13,174.59
67497011,47437,15,898.99
67497011,20430,8,198.89
67497011,46835,1,112.29
67507603,95646,7,323.09
67507603,25536,4,208.09
67507603,41515,21,1273.69
67507603,26740,1,216.59
67508628,80625,1,690.09
67508809,15578,1,78.69
67508809,47632,10,168.29
67508809,77670,18,244.59
67522333,29305,20,210.19
67522333,36496,23,5.69
67536563,22393,13,1060.09
67537670,20054,25,196.99
67537670,26270,2,749.99
67537670,94612,3,266.79
67540745,76061,5,229.99
67540745,81834,1,186.89
67540745,32938,15,1148.89
67540745,69991,3,1268.79
67540745,63748,20,91.19
67540745,17582,1,83.39
67540745,47437,25,898.99
67545235,32640,6,234.89
67545235,60647,4,264.09
67545235,35273,5,213.19
67554684,16749,19,231.39
67556398,10023,8,181.29
67556398,86809,2,71.29
67567698,32457,18,550.79
67567698,85459,1,239.79
67587449,37489,1,17.69
67587449,26270,9,749.99
67587449,75721,1,174.59
67587449,22393,1,1060.09
67587449,87426,2,180.29
67587449,57051,19,58.39
67587449,57874,3,234.09
67587449,19021,11,253.09
67595689,18398,25,283.19
67595689,45172,1,205.99
67599401,59301,8,43.99
67599401,47632,1,168.29
67611216,97210,1,241.29
67611216,16353,19,105.99
67619791,80625,11,690.09
67621206,17582,21,83.39
67622428,85459,14,239.79
67622428,20430,20,198.89
67644321,77617,21,226.99
67657516,81834,17,186.89
67669837,64279,19,126.39
67669837,97298,1,29.99
67676440,66578,9,268.19
67687827,52661,21,797.29
67695327,54586,4,98.49
67696563,69218,1,184.09
67696563,69729,2,209.19
67697759,45172,9,205.99
67709201,85459,25,239.79
67709201,19409,2,67.99
67724754,78853,4,26.29
67724754,87809,4,436.79
67726975,82664,1,269.69
67734813,89968,18,206.49
67734813,14109,8,225.49
67741332,25979,24,215.99
67755341,26740,4,216.59
67755341,44513,7,53.19
67755341,52648,13,195.89
67755341,26270,1,749.99
67757083,68080,1,141.29
67769674,87148,1,4.99
67769674,37489,5,17.69
67769674,46421,10,185.89
67771054,68080,2,141.29
67771054,11575,15,233.29
67771054,68723,1,96.89
67771054,22057,4,294.89
67771054,90808,22,77.19
67772097,47174,14,390.69
67772097,48510,12,68.99
67772097,47437,14,898.99
67780326,36262,7,233.99
67780326,58241,15,203.99
67780326,92046,1,166.49
67780326,47632,2,168.29
67780326,41515,3,1273.69
67780326,20430,1,198.89
67780326,54586,8,98.49
67780326,81834,15,186.89
67783618,47437,4,898.99
67783618,15081,4,108.99
67783618,33606,19,285.99
67783618,27849,8,123.59
67783618,10023,1,181.29
67783618,75767,5,243.99
67787923,16805,3,279.49
67787923,84547,6,205.49
67787923,86809,8,71.29
67787923,23045,7,713.69
67787923,39417,2,192.59
67795365,41515,1,1273.69
67795365,97298,1,29.99
67795365,37489,15,17.69
67795365,46421,23,185.89
67795365,23045,3,713.69
67795708,35798,15,82.99
67801891,25536,15,208.09
67801891,85459,9,239.79
67801891,57874,19,234.09
67803645,47437,24,898.99
67803645,73489,10,251.09
67803645,25536,5,208.09
67803645,20430,8,198.89
67803645,21230,18,90.79
67803645,57545,8,12.49
67803645,57224,16,54.99
67844849,15918,3,32.99
67845481,73115,2,172.99
67845481,11575,13,233.29
67851068,11575,3,233.29
67852062,94390,1,43.79
67852062,10023,23,181.29
67852062,96141,9,909.49
67852062,80349,13,203.59
67858764,69991,24,1268.79
67858764,21508,3,97.89
67858764,54586,15,98.49
67862307,15918,17,32.99
67862326,86809,25,71.29
67862326,77670,1,244.59
67862326,57224,25,54.99
67862326,36224,6,56.09
67865839,78853,5,26.29
67880813,80349,3,203.59
67880813,85459,14,239.79
67882840,22057,1,294.89
67882840,87148,23,4.99
67891471,19403,1,228.99
67894953,14979,10,582.09
67899146,25979,10,215.99
67899146,59301,8,43.99
67899146,85076,9,893.99
67899146,20054,4,196.99
67917089,11313,2,78.49
67920451,16353,1,105.99
67920451,86809,1,71.29
67920451,47632,19,168.29
67920451,66578,2,268.19
67920451,36591,10,162.99
67931906,16086,14,36.99
67937959,87426,21,180.29
67937959,22393,24,1060.09
67941482,35273,1,213.19
67941482,24242,21,116.99
67941482,64388,3,290.09
67941482,11575,6,233.29
67941482,12377,19,175.59
67941482,84547,1,205.49
67941482,22393,13,1060.09
67941482,10023,1,181.29
67956120,75721,1,174.59
67956120,57874,16,234.09
67956120,52648,1,195.89
67957516,44513,13,53.19
67957516,78853,1,26.29
67961634,57860,10,198.49
67961861,61311,19,160.19
67987793,45172,6,205.99
67987793,48996,15,64.79
67987793,21230,1,90.79
67994094,57545,13,12.49
68010324,33209,12,384.69
68010324,48510,23,68.99
68010324,64833,5,418.99
68010324,10023,25,181.29
68010324,86809,2,71.29
68010324,71227,25,166.29
68010324,14979,5,582.09
68012428,61311,8,160.19
68012428,25536,6,208.09
68013474,57051,6,58.39
68013474,10023,19,181.29
68013474,95646,11,323.09
68013474,21230,1,90.79
68013474,53392,1,112.99
68026064,78853,1,26.29
68028625,20074,19,1064.09
68033384,15918,10,32.99
68033384,90808,2,77.19
68033384,78853,2,26.29
68033384,99654,18,265.39
68033384,46935,3,118.99
68033384,46421,4,185.89
68033384,15578,1,78.69
68033384,22393,11,1060.09
68041226,58781,12,290.99
68041226,37489,1,17.69
68043401,98451,4,1292.09
68043401,59301,1,43.99
68047719,16086,9,36.99
68047719,54586,2,98.49
68048810,54586,4,98.49
68084466,23045,1,713.69
68084466,85459,20,239.79
68096050,95646,3,323.09
68096050,85973,5,177.59
68096999,32511,1,62.59
68096999,76061,13,229.99
68096999,85973,2,177.59
68096999,84482,15,223.49
68096999,47632,12,168.29
68097990,32511,1,62.59
68097990,35798,2,82.99
68097990,20430,11,198.89
68097990,27057,9,353.39
68097990,64279,6,126.39
68116326,35273,14,213.19
68116326,26270,22,749.99
68116326,26245,6,107.79
68116326,14979,7,582.09
68116326,85973,20,177.59
68123226,44513,5,53.19
68123226,62011,20,72.79
68123226,46421,17,185.89
68123226,36224,1,56.09
68131525,57874,1,234.09
68131525,99654,1,265.39
68131525,78853,16,26.29
68131525,10621,6,165.19
68137730,47437,25,898.99
68137730,61311,8,160.19
68151856,81834,1,186.89
68151856,37490,4,159.99
68151856,26245,4,107.79
68151856,51181,25,184.29
68160320,75721,2,174.59
68160320,50462,2,174.99
68164764,26740,2,216.59
68164788,14979,2,582.09
68167798,11575,1,233.29
68167798,76061,1,229.99
68178970,92839,20,84.09
68178970,56751,5,27.29
68178970,53392,2,112.99
68179246,37489,1,17.69
68179246,47174,2,390.69
68179246,36224,14,56.09
68179246,86286,13,261.59
68180131,48510,2,68.99
68180131,32640,7,234.89
68180131,87809,2,436.79
68180131,54586,6,98.49
68188866,13185,1,205.29
68189659,26270,1,749.99
68202139,75767,19,243.99
68202139,33606,7,285.99
68202139,16086,8,36.99
68215887,19409,13,67.99
68223353,52648,1,195.89
68223353,61311,19,160.19
68223353,68723,17,96.89
68223353,33209,9,384.69
68232895,20430,13,198.89
68238189,37490,24,159.99
68246155,22057,1,294.89
68246155,61911,1,279.89
68246155,25979,15,215.99
68246155,95646,1,323.09
68246155,98451,2,1292.09
68255009,46935,10,118.99
68255009,44115,19,1320.79
68255009,11313,2,78.49
68265464,32511,9,62.59
68265464,46935,9,118.99
68265464,13185,6,205.29
68273610,68080,1,141.29
68273610,47437,2,898.99
68275166,92839,6,84.09
68275166,41515,1,1273.69
68275166,32457,24,550.79
68276982,47174,1,390.69
68276982,15626,2,429.09
68281391,95646,7,323.09
68281391,92839,11,84.09
68281391,47632,6,168.29
68281391,78853,2,26.29
68294389,75767,2,243.99
68323221,56751,13,27.29
68323221,68080,22,141.29
68323221,47437,24,898.99
68334103,54586,20,98.49
68334103,48510,20,68.99
68344858,64279,7,126.39
68344858,10023,21,181.29
68353280,77670,3,244.59
68364428,35273,3,213.19
68365542,57545,2,12.49
68365542,10621,22,165.19
68369659,32457,10,550.79
68369659,98451,10,1292.09
68372969,57224,1,54.99
68374049,27849,1,123.59
68377664,78853,14,26.29
68377664,26270,1,749.99
68385480,77617,7,226.99
68389950,20430,15,198.89
68389950,83295,23,123.99
68389950,85459,22,239.79
68393673,80625,1,690.09
68393673,58241,18,203.99
68393673,58650,19,11.09
68427893,64279,9,126.39
68435978,36591,19,162.99
68435978,87148,21,4.99
68446454,57545,15,12.49
68446454,52648,15,195.89
68446454,57874,1,234.09
68447966,33209,11,384.69
68455086,33209,12,384.69
68455221,47632,20,168.29
68455462,85459,1,239.79
68455462,87148,9,4.99
68455584,97298,17,29.99
68455584,10621,16,165.19
68466929,47174,4,390.69
68486466,57545,2,12.49
68490234,10023,15,181.29
68497502,57224,4,54.99
68503824,77670,18,244.59
68505992,54586,2,98.49
68525374,64388,1,290.09
68530919,35273,22,213.19
68534663,19177,1,100.79
68534663,97210,6,241.29
68534663,15578,11,78.69
68534663,84547,4,205.49
68543331,12576,3,134.49
68543331,20054,17,196.99
68559830,84547,24,205.49
68560429,19021,9,253.09
68582237,57874,14,234.09
68582237,94514,1,254.99
68582237,76830,2,210.09
68595730,39417,18,192.59
68617670,83295,23,123.99
68617670,26270,3,749.99
68617670,41039,7,218.69
68617670,27849,13,123.59
68617670,41515,6,1273.69
68617670,57874,23,234.09
68617670,80625,5,690.09
68617670,17582,10,83.39
68621231,35273,8,213.19
68621231,26270,7,749.99
68621231,81641,8,228.09
68621231,37742,16,193.59
68642183,41345,9,812.29
68642183,90808,2,77.19
68642183,48869,1,901.09
68643685,52648,7,195.89
68643685,86286,3,261.59
68662043,19409,4,67.99
68662043,39417,1,192.59
68684063,68080,10,141.29
68684063,15578,11,78.69
68684063,89968,4,206.49
68690519,74326,5,212.99
68703050,83295,13,123.99
68731727,36496,15,5.69
68732610,14979,17,582.09
68732610,89968,17,206.49
68732610,71227,8,166.29
68767844,87148,7,4.99
68767844,76830,7,210.09
68776649,32511,18,62.59
68776649,11575,10,233.29
68776649,61311,21,160.19
68778772,26750,11,78.79
68778772,97210,17,241.29
68779677,57860,1,198.49
68788467,26270,1,749.99
68788467,11313,14,78.49
68794829,97298,1,29.99
68794829,46421,22,185.89
68794829,94612,11,266.79
68813548,41515,1,1273.69
68824393,57224,1,54.99
68824393,86809,3,71.29
68844843,81834,5,186.89
68844843,33606,15,285.99
68844843,46835,2,112.29
68844843,27057,1,353.39
68848820,75721,1,174.59
68856583,66820,16,221.99
68866402,10571,4,84.99
68886092,57860,8,198.49
68886092,57224,10,54.99
68897931,11313,1,78.49
68914269,64388,14,290.09
68914269,86809,17,71.29
68914269,52111,8,173.99
68914760,25536,5,208.09
68914760,15081,1,108.99
68914760,61093,15,240.99
68914760,16086,24,36.99
68914760,90808,24,77.19
68942456,92839,15,84.09
68942456,46421,13,185.89
68942456,35273,23,213.19
68942456,78853,2,26.29
68942456,11575,9,233.29
68942456,64388,16,290.09
68942456,68080,1,141.29
68944812,22393,10,1060.09
68960763,64279,6,126.39
68960763,12576,23,134.49
68962016,45172,11,205.99
68962016,92046,16,166.49
68976343,54586,2,98.49
68976343,86286,1,261.59
68976343,37490,2,159.99
68976343,15578,3,78.69
68991128,35273,10,213.19
68993173,57874,1,234.09
68993173,20054,8,196.99
69004505,36224,12,56.09
69004505,87426,1,180.29
69008596,78649,6,1059.49
69008596,68479,4,46.29
69008596,75438,7,59.19
69009566,35798,9,82.99
69009566,86286,11,261.59
69013546,86139,7,289.19
69013546,17582,10,83.39
69013546,19011,4,198.89
69020780,35273,6,213.19
69027939,75767,1,243.99
69030502,99654,1,265.39
69042249,44513,1,53.19
69042249,95646,1,323.09
69061419,58241,1,203.99
69061419,54586,20,98.49
69062119,14979,1,582.09
69062119,16805,25,279.49
69062119,90808,10,77.19
69062119,54586,13,98.49
69062119,35573,7,580.69
69062119,45172,8,205.99
69062119,87789,14,294.99
69062119,57874,1,234.09
69072235,18070,6,277.99
69072235,57545,4,12.49
69074138,46421,3,185.89
69074138,77617,1,226.99
69090164,78853,2,26.29
69090164,57545,4,12.49
69090164,85973,1,177.59
69112699,35273,3,213.19
69129690,46835,17,112.29
69129690,97298,2,29.99
69129690,53392,11,112.99
69129690,37489,2,17.69
69136705,59301,16,43.99
69136705,44115,1,1320.79
69136705,97298,6,29.99
69147289,86139,9,289.19
69148259,98451,23,1292.09
69153030,56178,8,1474.59
69153030,86854,3,207.99
69169872,20054,2,196.99
69182060,81834,7,186.89
69195103,78853,23,26.29
69208951,95339,5,58.89
69208951,23045,3,713.69
69208951,45172,12,205.99
69208951,14979,1,582.09
69208951,25536,3,208.09
69209317,57545,4,12.49
69209317,63748,1,91.19
69209317,25536,1,208.09
69209317,33606,3,285.99
69217409,52648,10,195.89
69217409,57874,24,234.09
69220486,77617,2,226.99
69223257,47632,7,168.29
69225421,57224,16,54.99
69225421,47632,20,168.29
69225421,57874,19,234.09
69225421,52648,15,195.89
69229658,37489,8,17.69
69230880,57874,19,234.09
69230880,92839,10,84.09
69230880,26994,4,84.39
69230880,81834,1,186.89
69244790,54586,19,98.49
69244790,86809,2,71.29
69245779,16353,11,105.99
69248087,47632,1,168.29
69248087,89968,1,206.49
69248087,99654,22,265.39
69248087,27600,8,1470.79
69248087,81834,9,186.89
69255148,26740,1,216.59
69255148,37742,5,193.59
69255728,54586,12,98.49
69258391,41515,2,1273.69
69258391,15578,1,78.69
69258391,48289,20,85.59
69258391,61311,11,160.19
69291560,85076,17,893.99
69291560,69037,19,35.99
69292788,21230,2,90.79
69292788,77617,22,226.99
69297749,85973,1,177.59
69297749,30919,11,135.79
69297749,57224,14,54.99
69297749,26270,2,749.99
69297749,75767,1,243.99
69297749,52111,21,173.99
69297749,11575,1,233.29
69297774,77617,12,226.99
69297774,25536,4,208.09
69302800,26750,1,78.79
69302800,11453,12,1304.19
69324986,15578,13,78.69
69327206,33606,18,285.99
69342058,47632,4,168.29
69342701,95646,12,323.09
69357486,48606,3,391.49
69357486,36591,10,162.99
69359269,57801,24,63.79
69359269,78853,7,26.29
69359269,11453,11,1304.19
69359269,95646,2,323.09
69360683,26740,11,216.59
69368215,97210,1,241.29
69380714,66452,3,169.99
69380714,15918,3,32.99
69380714,47174,4,390.69
69380714,87809,16,436.79
69380714,94390,2,43.79
69380714,14979,19,582.09
69384769,73115,4,172.99
69384769,85973,22,177.59
69384769,16749,2,231.39
69384769,56178,24,1474.59
69384769,16353,1,105.99
69385877,10023,6,181.29
69385877,44513,11,53.19
69385877,77617,13,226.99
69385877,48289,14,85.59
69389581,39417,4,192.59
69389581,44115,18,1320.79
69389581,85973,5,177.59
69389581,46421,14,185.89
69389581,81834,22,186.89
69389581,76830,2,210.09
69389581,89968,1,206.49
69397722,26270,1,749.99
69397722,62011,1,72.79
69397722,79564,17,34.99
69407268,52111,9,173.99
69410571,16353,7,105.99
69410571,11313,8,78.49
69410571,27849,14,123.59
69410571,75721,15,174.59
69410571,35273,1,213.19
69422225,61311,14,160.19
69422512,61311,1,160.19
69422512,36224,12,56.09
69422512,37681,1,185.69
69422512,36591,5,162.99
69432455,61311,13,160.19
69435799,57224,17,54.99
69438195,80349,1,203.59
69438195,37489,24,17.69
69444104,53392,1,112.99
69466380,52648,6,195.89
69466380,27600,9,1470.79
69466380,66452,21,169.99
69475881,22393,8,1060.09
69480503,14920,11,249.99
69480503,35798,5,82.99
69482387,66578,18,268.19
69483685,68479,16,46.29
69489172,62011,1,72.79
69489172,37490,6,159.99
69500048,32457,19,550.79
69505316,10023,2,181.29
69543755,81834,2,186.89
69543755,34871,22,6.59
69544967,84547,5,205.49
69544967,39417,6,192.59
69563211,24242,6,116.99
69563211,14979,14,582.09
69563211,80349,22,203.59
69572417,33209,1,384.69
69572417,64388,10,290.09
69572417,84547,4,205.49
69572417,36209,8,189.99
69583255,97298,1,29.99
69583255,41515,2,1273.69
69605543,64388,1,290.09
69605543,66578,2,268.19
69627537,76830,1,210.09
69627537,32511,12,62.59
69627537,97298,2,29.99
69627537,54586,20,98.49
69667721,78853,13,26.29
69679266,90808,3,77.19
69679266,32457,16,550.79
69679266,80625,1,690.09
69680037,32091,5,81.39
69682484,53392,1,112.99
69689196,35798,5,82.99
69689196,37490,21,159.99
69689196,90808,2,77.19
69695231,32457,3,550.79
69695231,61677,10,192.69
69695231,35273,21,213.19
69698220,16805,14,279.49
69700109,87809,1,436.79
69700109,61311,13,160.19
69700109,20430,22,198.89
69700109,63748,3,91.19
69700109,70801,11,215.99
69700109,15578,9,78.69
69739351,80625,6,690.09
69739351,17582,8,83.39
69739351,26740,25,216.59
69739351,79834,19,151.19
69739351,24242,25,116.99
69739892,26740,6,216.59
69741234,62011,13,72.79
69741234,86809,25,71.29
69747616,25979,17,215.99
69747616,68080,17,141.29
69747616,75721,15,174.59
69752626,62011,5,72.79
69765922,69729,1,209.19
69765922,77670,10,244.59
69765922,64388,23,290.09
69765922,15081,19,108.99
69773486,57051,16,58.39
69797525,44115,19,1320.79
69797525,56178,5,1474.59
69814463,94612,1,266.79
69814463,24242,10,116.99
69814463,10621,7,165.19
69815002,15918,7,32.99
69815002,57545,2,12.49
69815701,83295,5,123.99
69826597,60647,2,264.09
69828125,54586,23,98.49
69828125,63985,12,78.79
69828125,85973,1,177.59
69839863,47174,1,390.69
69839863,80625,8,690.09
69839863,32457,12,550.79
69839863,92839,25,84.09
69839863,47632,21,168.29
69840449,62011,1,72.79
69862899,59301,20,43.99
69865778,26740,8,216.59
69880384,68080,3,141.29
69880384,57545,1,12.49
69880384,46835,2,112.29
69890462,77617,4,226.99
69890982,45172,18,205.99
69897879,69729,10,209.19
69902339,41515,16,1273.69
69902339,76830,2,210.09
69902339,85459,8,239.79
69902339,27849,17,123.59
69902339,32457,2,550.79
69902361,22393,8,1060.09
69903978,15626,3,429.09
69903978,47174,22,390.69
69903978,37742,2,193.59
69952471,21230,1,90.79
69952471,58781,13,290.99
69952471,76061,14,229.99
69952471,59301,20,43.99
69968425,20430,3,198.89
69993473,94612,5,266.79
69993473,85459,14,239.79
69993473,15578,7,78.69
69995826,27849,6,123.59
69995826,26750,2,78.79
69995826,39417,12,192.59
69999799,77617,6,226.99
69999799,18476,3,11.09
70037533,95646,21,323.09
70050426,15918,1,32.99
70050426,97298,7,29.99
70060923,46499,2,299.49
70060923,87809,13,436.79
70060923,73489,12,251.09
70060923,98451,3,1292.09
70074677,80625,10,690.09
70074677,45172,23,205.99
70074677,76061,7,229.99
70088276,11575,1,233.29
70098942,86809,1,71.29
70127377,35798,11,82.99
70127377,26740,8,216.59
70127377,69218,21,184.09
70127377,73115,2,172.99
70135386,81834,4,186.89
70141434,79834,25,151.19
70141434,23045,20,713.69
70141434,77617,7,226.99
70141434,87789,1,294.99
70141434,20054,1,196.99
70149176,32511,1,62.59
70198674,32091,7,81.39
70207681,96141,1,909.49
70209662,37489,1,17.69
70223013,77670,23,244.59
70223013,14979,15,582.09
70236101,85459,13,239.79
70236101,54586,1,98.49
70243015,57874,1,234.09
70243015,20054,1,196.99
70248236,27849,6,123.59
70248236,87809,2,436.79
70248236,26270,17,749.99
70248236,58650,2,11.09
70248236,48996,17,64.79
70248236,57874,3,234.09
70254629,80349,1,203.59
70254629,61311,2,160.19
70254629,57579,1,162.99
70293344,97298,6,29.99
70293344,71227,1,166.29
70300073,32511,1,62.59
70306757,46935,25,118.99
70306757,48510,10,68.99
70307985,26245,14,107.79
70308662,57051,1,58.39
70308662,10621,19,165.19
70308662,26270,2,749.99
70312342,46421,3,185.89
70343370,84547,25,205.49
70365053,90808,1,77.19
70365053,78853,23,26.29
70365053,20054,5,196.99
70365053,73489,5,251.09
70381312,89968,22,206.49
70381312,11811,5,250.49
70382398,70801,2,215.99
70382398,81641,1,228.09
70395785,11575,17,233.29
70407854,15918,1,32.99
70407854,35273,22,213.19
70407854,46935,1,118.99
70407854,61311,20,160.19
70408926,73489,1,251.09
70408926,25979,1,215.99
70408926,10621,2,165.19
70408926,60647,1,264.09
70408926,87809,1,436.79
70410417,46421,1,185.89
70410417,37490,18,159.99
70410417,16086,10,36.99
70410417,45172,13,205.99
70411578,68479,2,46.29
70411578,57545,25,12.49
70421696,64388,1,290.09
70421696,78853,6,26.29
70424218,33606,15,285.99
70466380,26750,6,78.79
70466380,61311,8,160.19
70468144,94612,13,266.79
70468144,61311,1,160.19
70468144,84547,24,205.49
70477033,90808,4,77.19
70477033,52648,3,195.89
70477312,60647,23,264.09
70482493,57874,5,234.09
70482493,32091,7,81.39
70482493,46935,16,118.99
70482493,94390,12,43.79
70493239,69991,16,1268.79
70493239,92839,4,84.09
70495219,87809,6,436.79
70510130,32511,4,62.59
70510130,19021,12,253.09
70510130,99613,14,287.89
70510130,80349,18,203.59
70510130,92046,1,166.49
70514412,10023,10,181.29
70514412,85973,1,177.59
70526922,61311,1,160.19
70526922,86725,1,260.79
70539275,16749,15,231.39
70541441,32457,1,550.79
70541441,23045,1,713.69
70541441,85459,2,239.79
70544717,35798,23,82.99
70544717,54586,14,98.49
70544717,69991,8,1268.79
70544717,57224,1,54.99
70544717,21230,5,90.79
70552150,78853,17,26.29
70552150,87809,3,436.79
70552150,58781,1,290.99
70558907,10621,25,165.19
70558907,98451,1,1292.09
70560479,20430,4,198.89
70560479,26245,11,107.79
70601965,26270,3,749.99
70605643,81641,1,228.09
70605643,32457,8,550.79
70605643,73489,8,251.09
70608980,87148,16,4.99
70614267,69729,17,209.19
70614472,17582,7,83.39
70628463,11313,1,78.49
70628463,10023,1,181.29
70639720,45172,1,205.99
70641195,36262,15,233.99
70651131,68080,4,141.29
70651131,21230,7,90.79
70651131,15918,5,32.99
70651577,19409,23,67.99
70661651,47632,1,168.29
70685677,15626,4,429.09
70692660,92839,17,84.09
70695265,57051,17,58.39
70695892,36496,2,5.69
70695892,21230,1,90.79
70695892,20430,8,198.89
70696947,52648,11,195.89
70700622,68723,3,96.89
70700622,52111,6,173.99
70715926,32511,9,62.59
70715926,35273,13,213.19
70717159,58241,2,203.99
70717159,90808,1,77.19
70717159,68080,6,141.29
70717159,95646,1,323.09
70718247,68723,5,96.89
70718755,84547,13,205.49
70718755,63748,22,91.19
70718755,37742,14,193.59
70718755,33606,22,285.99
70729141,76830,4,210.09
70729141,15626,12,429.09
70730851,61311,1,160.19
70730851,36224,5,56.09
70731164,27460,1,968.99
70731164,79564,23,34.99
70744331,46499,18,299.49
70744331,15918,15,32.99
70753251,48996,1,64.79
70758663,41515,22,1273.69
70758663,48869,5,901.09
70775083,16749,24,231.39
70775083,46935,1,118.99
70775083,32640,13,234.89
70775083,58241,1,203.99
70775083,61311,17,160.19
70790044,15918,2,32.99
70790044,10023,9,181.29
70792411,32457,24,550.79
70807292,50462,23,174.99
70807292,37490,1,159.99
70828054,96141,24,909.49
70828054,26750,9,78.79
70828054,59301,6,43.99
70828054,32457,12,550.79
70828054,63985,20,78.79
70828054,48869,9,901.09
70828054,57874,13,234.09
70837100,26270,16,749.99
70837100,78853,2,26.29
70837276,14979,19,582.09
70837276,14920,21,249.99
70837276,32457,14,550.79
70837276,35273,4,213.19
70837276,86725,2,260.79
70839185,20430,13,198.89
70839185,26740,18,216.59
70839185,75721,4,174.59
70839185,48996,1,64.79
70839185,36224,18,56.09
70839185,46421,12,185.89
70839185,11453,3,1304.19
70840387,33606,9,285.99
70842460,20054,14,196.99
70842460,78853,24,26.29
70846972,35798,1,82.99
70846972,80349,2,203.59
70846972,37489,2,17.69
70846972,36496,2,5.69
70846972,16805,1,279.49
70846972,39417,4,192.59
70846972,75767,6,243.99
70847118,64388,11,290.09
70851622,46421,13,185.89
70851622,83295,17,123.99
70851622,68723,1,96.89
70851622,22057,11,294.89
70851622,76061,8,229.99
70851622,11453,6,1304.19
70852158,32457,15,550.79
70856783,76830,1,210.09
70857506,16086,2,36.99
70872294,16353,9,105.99
70908259,53392,12,112.99
70910392,78853,2,26.29
70916857,32091,6,81.39
70918072,52648,1,195.89
70920381,87426,6,180.29
70920381,19403,24,228.99
70932849,20888,21,65.99
70958191,10023,4,181.29
70958191,26740,24,216.59
70958306,41515,2,1273.69
70958306,85459,8,239.79
70958306,90808,15,77.19
70958306,85973,4,177.59
70958306,94514,1,254.99
70959813,32457,12,550.79
70959813,18476,20,11.09
70959813,15578,14,78.69
70993594,78853,5,26.29
70993594,66452,1,169.99
70993594,89968,1,206.49
70993594,16805,23,279.49
70995794,80351,6,194.99
70999767,36209,23,189.99
70999767,27600,16,1470.79
70999767,79834,3,151.19
71009126,48869,9,901.09
71009126,35798,5,82.99
71009126,16236,2,4.99
71036415,59301,18,43.99
71036415,85459,15,239.79
71036415,86809,7,71.29
71036415,58241,16,203.99
71039414,60647,16,264.09
71040807,37742,3,193.59
71041219,85973,1,177.59
71041815,81834,4,186.89
71041815,94077,1,185.09
71041815,33606,1,285.99
71041815,19177,13,100.79
71065345,35798,18,82.99
71065345,68479,1,46.29
71065345,61311,3,160.19
71065345,81641,9,228.09
71065345,47632,1,168.29
71065345,26740,3,216.59
71069786,85973,3,177.59
71069786,64279,18,126.39
71071125,95339,16,58.89
71071125,64388,11,290.09
71071125,77617,4,226.99
71079835,97210,6,241.29
71081359,32640,7,234.89
71081359,95646,13,323.09
71081359,32511,10,62.59
71081359,80978,19,280.69
71081359,78853,1,26.29
71081359,35798,13,82.99
71102375,57874,1,234.09
71108463,97210,2,241.29
71112401,75721,1,174.59
71124070,57545,12,12.49
71124070,68479,18,46.29
71124070,20043,1,165.99
71124070,66578,11,268.19
71125380,86139,8,289.19
71125380,80978,1,280.69
71125380,15918,16,32.99
71125380,87574,1,130.19
71125380,11453,1,1304.19
71125380,71645,10,403.99
71140903,17838,23,85.99
71140903,45172,2,205.99
71140903,10023,25,181.29
71140903,77617,6,226.99
71140966,87148,4,4.99
71140966,37490,1,159.99
71140966,22393,1,1060.09
71149831,61311,17,160.19
71152772,80625,11,690.09
71152772,37489,12,17.69
71152772,57874,25,234.09
71155316,19409,2,67.99
71155316,48606,6,391.49
71155316,63493,20,215.09
71158746,20430,20,198.89
71158746,59301,10,43.99
71158746,11453,5,1304.19
71158746,46935,8,118.99
71158746,71645,1,403.99
71158746,18398,5,283.19
71158746,21230,1,90.79
71160922,46935,4,118.99
71164665,86809,16,71.29
71164665,78853,8,26.29
71172513,47437,15,898.99
71172513,64388,20,290.09
71172513,79564,1,34.99
71172513,17582,1,83.39
71172513,96141,20,909.49
71172513,41515,7,1273.69
71172513,98451,1,1292.09
71180348,48289,2,85.59
71200233,26245,7,107.79
71206120,10023,1,181.29
71206120,44115,9,1320.79
71206120,11575,1,233.29
71213454,39417,20,192.59
71232536,45172,10,205.99
71232536,35798,11,82.99
71232536,46421,11,185.89
71232536,68080,13,141.29
71232536,78853,3,26.29
71232536,86809,1,71.29
71232536,95523,3,82.19
71236226,64388,12,290.09
71236226,85076,9,893.99
71246546,64388,13,290.09
71248256,20074,2,1064.09
71248256,68723,6,96.89
71248489,90808,1,77.19
71248489,64279,5,126.39
71248489,47632,25,168.29
71248489,26270,7,749.99
71248489,46421,2,185.89
71248489,85076,21,893.99
71248489,39417,2,192.59
71248489,53392,1,112.99
71249275,89968,1,206.49
71254940,98451,12,1292.09
71254940,19011,22,198.89
71270315,95646,2,323.09
71270315,97210,24,241.29
71270315,61311,1,160.19
71270315,70780,6,122.19
71300966,47174,6,390.69
71300966,57874,2,234.09
71300966,63748,5,91.19
71300966,47437,15,898.99
71300966,79564,13,34.99
71300966,92839,9,84.09
71310487,97210,17,241.29
71310487,19403,1,228.99
71310487,35798,24,82.99
71310487,71645,9,403.99
71323724,11453,8,1304.19
71323724,60647,1,264.09
71333949,84547,1,205.49
71333949,26245,1,107.79
71333949,25979,6,215.99
71333949,32938,1,1148.89
71333949,36224,1,56.09
71356219,46421,4,185.89
71380097,81834,9,186.89
71392933,36224,14,56.09
71393351,35798,23,82.99
71393351,36224,9,56.09
71393351,77617,4,226.99
71417789,97298,11,29.99
71417789,22393,7,1060.09
71417789,37490,7,159.99
71417789,14109,16,225.49
71417789,11575,10,233.29
71423932,98451,24,1292.09
71423932,58241,1,203.99
71423932,14979,4,582.09
71423932,78649,4,1059.49
71423932,68723,1,96.89
71427750,33935,23,201.99
71432313,94514,1,254.99
71432313,76830,11,210.09
71432313,22393,20,1060.09
71432313,14979,25,582.09
71434972,68080,4,141.29
71434972,66452,9,169.99
71434972,98451,4,1292.09
71439830,85459,1,239.79
71446526,16749,16,231.39
71446526,47437,6,898.99
71446526,76830,7,210.09
71460903,25979,7,215.99
71466551,46421,20,185.89
71466551,85973,5,177.59
71482147,83295,17,123.99
71484179,48996,4,64.79
71484179,26740,1,216.59
71484179,32457,9,550.79
71489543,46421,4,185.89
71492277,64388,22,290.09
71492277,15918,8,32.99
71497970,32511,1,62.59
71502877,46420,2,41.59
71502877,37489,5,17.69
71506317,18398,1,283.19
71506317,81834,2,186.89
71515462,22393,8,1060.09
71515796,87148,21,4.99
71527884,57051,3,58.39
71527884,37489,14,17.69
71537288,16805,14,279.49
71546131,11313,23,78.49
71546131,36224,21,56.09
71547779,46421,10,185.89
71549172,87789,1,294.99
71549172,20054,19,196.99
71549172,62011,7,72.79
71549172,89968,9,206.49
71549297,47632,13,168.29
71549297,85973,1,177.59
71549297,25979,6,215.99
71574419,57874,20,234.09
71574419,77670,10,244.59
71575238,97210,22,241.29
71582777,36224,14,56.09
71582777,14109,17,225.49
71585681,71645,21,403.99
71585681,26740,17,216.59
71585681,68080,12,141.29
71588814,76830,1,210.09
71588814,92839,1,84.09
71588814,75721,2,174.59
71588814,14109,11,225.49
71588814,47632,19,168.29
71606326,15918,1,32.99
71611700,97298,17,29.99
71611700,68479,23,46.29
71627371,23045,18,713.69
71631252,45172,1,205.99
71631252,16353,2,105.99
71631252,14920,15,249.99
71640875,15578,3,78.69
71649141,47174,2,390.69
71649141,36224,1,56.09
71653301,87426,1,180.29
71658284,26270,15,749.99
71658452,27849,5,123.59
71658452,36209,1,189.99
71658452,22393,3,1060.09
71661390,80625,20,690.09
71674208,32640,5,234.89
71674208,80625,11,690.09
71674208,61911,5,279.89
71674208,32091,1,81.39
71674208,27849,5,123.59
71678748,68080,7,141.29
71678748,58241,20,203.99
71678748,19011,15,198.89
71678748,54586,20,98.49
71678748,48510,7,68.99
71678748,39417,14,192.59
71687193,54586,1,98.49
71687193,61311,24,160.19
71687193,52648,13,195.89
71696171,25979,17,215.99
71703353,15578,1,78.69
71712442,75767,11,243.99
71712442,47632,5,168.29
71727791,89968,1,206.49
71728840,64388,1,290.09
71728840,47174,1,390.69
71741386,77617,2,226.99
71741386,46935,1,118.99
71741386,17582,2,83.39
71751098,46421,8,185.89
71751098,40999,2,120.99
71751098,58650,6,11.09
71760800,75721,5,174.59
71760800,81641,6,228.09
71760800,64388,15,290.09
71760800,68080,1,141.29
71765609,54586,1,98.49
71772172,92839,1,84.09
71772172,15578,21,78.69
71773593,95646,9,323.09
71791724,63493,1,215.09
71791724,66578,1,268.19
71850921,15578,5,78.69
71850921,35798,1,82.99
71850971,26270,7,749.99
71878168,22057,12,294.89
71878168,46421,14,185.89
71878168,47437,20,898.99
71878168,19409,14,67.99
71899125,84547,16,205.49
71899125,57224,3,54.99
71901465,87148,2,4.99
71901465,57224,2,54.99
71901465,95646,12,323.09
71908628,14979,13,582.09
71908628,90808,14,77.19
71908628,53392,15,112.99
71908628,48996,6,64.79
71912693,25536,8,208.09
71912693,57051,2,58.39
71912693,32457,2,550.79
71912693,22057,11,294.89
71914778,20430,16,198.89
71919419,68080,1,141.29
71920032,32457,2,550.79
71928934,83295,2,123.99
71933640,58241,16,203.99
71933640,25536,7,208.09
71933640,99654,1,265.39
71934697,58241,21,203.99
71934697,77617,1,226.99
71934697,86809,7,71.29
71944910,47437,5,898.99
71944910,16749,19,231.39
71959448,57224,1,54.99
71959448,16086,11,36.99
71959448,22393,2,1060.09
71972938,94612,5,266.79
71974791,87148,18,4.99
71974791,89968,20,206.49
71974791,79834,20,151.19
71977141,64388,1,290.09
71977141,80349,6,203.59
71977141,62011,1,72.79
71977141,45172,2,205.99
71977141,85076,1,893.99
71983145,17582,22,83.39
71983145,87574,3,130.19
71986359,78853,5,26.29
71986359,26245,2,107.79
71988897,48510,1,68.99
71997099,96141,5,909.49
71998884,64279,3,126.39
72002776,26750,16,78.79
72014053,76830,23,210.09
72014053,85459,23,239.79
72014053,27849,16,123.59
72014053,71645,1,403.99
72014053,32457,3,550.79
72017639,35273,11,213.19
72017639,80978,25,280.69
72017639,68479,25,46.29
72020854,26270,23,749.99
72020854,94652,3,32.39
72022861,98451,9,1292.09
72022861,15626,15,429.09
72022861,57545,17,12.49
72022861,13185,12,205.29
72023591,27849,2,123.59
72035730,85973,6,177.59
72035730,54586,6,98.49
72035730,42020,8,49.99
72035730,85076,9,893.99
72035730,89968,6,206.49
72035730,57051,13,58.39
72035730,57874,21,234.09
72051475,56178,10,1474.59
72051475,37489,4,17.69
72090037,37742,18,193.59
72097201,16749,17,231.39
72097201,57224,20,54.99
72111061,33606,5,285.99
72111061,80351,1,194.99
72113410,72692,3,46.69
72113410,57874,22,234.09
72113410,47437,2,898.99
72124963,41515,14,1273.69
72140448,45172,8,205.99
72140448,86854,3,207.99
72140448,64388,1,290.09
72140448,14979,4,582.09
72142179,46421,6,185.89
72142179,77617,23,226.99
72145318,37489,3,17.69
72145318,22393,15,1060.09
72145318,96141,5,909.49
72145318,61311,5,160.19
72145318,47437,1,898.99
72156565,57224,20,54.99
72156565,37490,7,159.99
72161017,92046,1,166.49
72161017,35798,9,82.99
72161017,57860,3,198.49
72161017,58241,22,203.99
72161017,23323,1,293.99
72161017,21230,24,90.79
72177369,35798,19,82.99
72177369,20043,13,165.99
72185058,68723,7,96.89
72185058,73115,20,172.99
72208992,95646,10,323.09
72210730,35273,2,213.19
72215769,46421,14,185.89
72216209,66820,2,221.99
72216209,95646,9,323.09
72216209,83295,2,123.99
72217532,85572,2,30.99
72217532,87148,4,4.99
72217532,68723,1,96.89
72217532,16353,15,105.99
72217532,48996,1,64.79
72217532,92046,3,166.49
72217532,66452,23,169.99
72217532,46935,12,118.99
72221284,16805,24,279.49
72221284,77670,7,244.59
72227614,58650,3,11.09
72227614,41039,7,218.69
72240711,85076,18,893.99
72240711,17576,1,214.09
72249952,77617,6,226.99
72258780,20054,1,196.99
72258780,78853,20,26.29
72258780,32091,9,81.39
72258780,86854,1,207.99
72287912,32091,1,81.39
72306254,15578,10,78.69
72319352,15918,16,32.99
72319352,78853,5,26.29
72319352,15578,4,78.69
72319352,64388,18,290.09
72319352,56751,19,27.29
72319352,25979,11,215.99
72344724,47437,7,898.99
72345383,46835,2,112.29
72345383,68080,1,141.29
72346838,53392,7,112.99
72380910,35273,8,213.19
72380910,57874,13,234.09
72380910,62011,1,72.79
72380910,11575,2,233.29
72380910,36224,25,56.09
72391504,18476,17,11.09
72392643,64388,7,290.09
72392643,76830,9,210.09
72392643,26740,4,216.59
72392643,27600,2,1470.79
72397700,22393,12,1060.09
72401609,75721,24,174.59
72401609,72692,3,46.69
72401609,80978,5,280.69
72401609,35798,24,82.99
72402671,48289,9,85.59
72402671,35798,2,82.99
72402671,15918,1,32.99
72402671,75438,1,59.19
72402671,97210,16,241.29
72402671,37489,2,17.69
72405121,37489,5,17.69
72405121,46835,4,112.29
72423417,95339,1,58.89
72428428,47437,23,898.99
72428428,15918,19,32.99
72428428,19021,19,253.09
72428428,64388,3,290.09
72428428,17582,1,83.39
72428428,86809,7,71.29
72428428,32640,1,234.89
72448744,16086,21,36.99
72464124,36224,1,56.09
72464124,19021,2,253.09
72464124,69729,3,209.19
72469560,27849,1,123.59
72486515,46935,3,118.99
72486515,16749,1,231.39
72486515,26245,1,107.79
72506905,86725,8,260.79
72506905,37489,4,17.69
72506905,41515,10,1273.69
72524294,63985,1,78.79
72524294,12224,15,734.79
72555122,75721,10,174.59
72555122,36224,1,56.09
72556034,35798,2,82.99
72567280,26740,17,216.59
72567280,78853,16,26.29
72571333,29892,3,44.09
72590213,68080,5,141.29
72590213,32457,10,550.79
72597501,80349,18,203.59
72617852,97210,22,241.29
72617852,78853,7,26.29
72617852,46421,21,185.89
72617852,21230,1,90.79
72620494,63748,1,91.19
72620494,32938,1,1148.89
72620494,15918,4,32.99
72620494,37489,21,17.69
72620494,52648,9,195.89
72620494,27600,8,1470.79
72620494,41515,14,1273.69
72620941,94612,1,266.79
72641892,57545,7,12.49
72641892,23045,2,713.69
72648031,17582,8,83.39
72674151,87148,24,4.99
72674151,41039,20,218.69
72677752,94077,13,185.09
72677752,37490,1,159.99
72678521,39417,23,192.59
72678521,98451,6,1292.09
72678521,35798,21,82.99
72681475,83295,6,123.99
72698115,84547,4,205.49
72700499,11575,2,233.29
72701228,85076,1,893.99
72701228,92839,4,84.09
72714865,16086,5,36.99
72714865,85973,1,177.59
72725225,97298,1,29.99
72725225,35273,15,213.19
72725225,64388,2,290.09
72725225,50462,13,174.99
72729305,16353,1,105.99
72729305,27600,8,1470.79
72729305,66578,6,268.19
72729305,85459,10,239.79
72742689,24242,14,116.99
72742689,16353,2,105.99
72742689,94612,3,266.79
72750549,41515,20,1273.69
72750549,48869,1,901.09
72769043,83295,1,123.99
72769043,75721,1,174.59
72770946,23045,16,713.69
72770946,85973,9,177.59
72770946,86809,1,71.29
72775476,57545,4,12.49
72775476,86809,13,71.29
72775476,19011,11,198.89
72775476,32511,1,62.59
72791136,35798,2,82.99
72791136,61311,4,160.19
72791136,32640,1,234.89
72797026,41039,2,218.69
72797026,39417,23,192.59
72806615,57545,7,12.49
72806615,85973,3,177.59
72814760,61311,4,160.19
72814760,66578,25,268.19
72834463,37489,1,17.69
72844718,90808,20,77.19
72856238,87148,1,4.99
72856238,89968,6,206.49
72856238,57860,2,198.49
72860728,85076,1,893.99
72867433,89968,1,206.49
72877709,57874,7,234.09
72877709,36496,1,5.69
72889639,63985,21,78.79
72889639,71227,7,166.29
72889639,46421,2,185.89
72904936,15918,1,32.99
72904936,35798,4,82.99
72904936,68080,22,141.29
72911612,47632,21,168.29
72918834,37742,15,193.59
72918834,10621,1,165.19
72925697,15081,1,108.99
72925697,11575,2,233.29
72925697,20054,17,196.99
72925697,64833,20,418.99
72941900,76830,5,210.09
72948882,87148,19,4.99
72948882,64388,5,290.09
72977451,10023,1,181.29
72986294,99654,18,265.39
72998057,32511,8,62.59
73008619,78853,1,26.29
73015269,45172,1,205.99
73015269,14042,1,77.29
73017374,16086,2,36.99
73017374,48869,5,901.09
73017374,15626,1,429.09
73017374,77670,21,244.59
73017374,54586,6,98.49
73017374,41515,7,1273.69
73028250,27849,22,123.59
73028250,14979,1,582.09
73038828,75721,1,174.59
73038828,57874,1,234.09
73045457,95646,1,323.09
73045457,16353,1,105.99
73045457,39417,17,192.59
73045457,30041,1,112.09
73045457,32457,1,550.79
73046708,77617,6,226.99
73046708,20430,3,198.89
73046708,28650,1,96.69
73046708,90808,22,77.19
73064226,11575,4,233.29
73064226,80978,1,280.69
73070291,44115,1,1320.79
73070291,85076,23,893.99
73075007,26740,19,216.59
73079725,34871,19,6.59
73079725,10621,20,165.19
73117464,47632,21,168.29
73117464,15918,1,32.99
73117464,75767,13,243.99
73117464,34871,3,6.59
73119569,58650,6,11.09
73126486,76830,2,210.09
73130970,48996,16,64.79
73133842,32640,7,234.89
73133842,52111,11,173.99
73181235,86809,1,71.29
73181235,75721,14,174.59
73181235,15918,4,32.99
73181235,27849,6,123.59
73181235,21508,1,97.89
73182852,32091,2,81.39
73182852,15578,12,78.69
73193214,97298,13,29.99
73193214,26740,4,216.59
73224788,36496,5,5.69
73234962,58241,18,203.99
73234962,14979,14,582.09
73234962,69729,13,209.19
73234962,27849,1,123.59
73246905,75767,1,243.99
73246905,26270,25,749.99
73246905,86725,10,260.79
73246905,10023,2,181.29
73246905,14979,2,582.09
73255237,90808,1,77.19
73255237,68479,2,46.29
73255237,68080,7,141.29
73255237,21508,3,97.89
73261603,87809,1,436.79
73261603,19409,9,67.99
73261603,80625,21,690.09
73261603,14979,10,582.09
73261603,39417,12,192.59
73261603,21230,23,90.79
73261603,58241,2,203.99
73288005,10621,13,165.19
73290285,44115,7,1320.79
73290285,39417,17,192.59
73290577,97210,17,241.29
73290577,57224,2,54.99
73290577,92046,19,166.49
73290577,96141,9,909.49
73290577,36591,6,162.99
73312559,90808,8,77.19
73316419,17582,4,83.39
73319591,22057,2,294.89
73319591,11313,10,78.49
73322655,26245,14,107.79
73322655,35273,7,213.19
73322655,12224,2,734.79
73322655,69991,10,1268.79
73322655,47632,12,168.29
73334279,48996,1,64.79
73340577,26270,5,749.99
73341134,11575,1,233.29
73354139,37681,5,185.69
73354278,16353,17,105.99
73354278,27849,5,123.59
73354278,14979,1,582.09
73354278,87574,16,130.19
73358774,26740,5,216.59
73358774,62011,6,72.79
73358774,20430,8,198.89
73358774,97298,1,29.99
73369227,41820,3,21.99
73435886,58763,1,134.49
73435886,61093,10,240.99
73435886,79564,9,34.99
73435886,19021,16,253.09
73435886,15918,23,32.99
73435886,70801,3,215.99
73460419,61311,1,160.19
73460419,48869,16,901.09
73462548,85973,13,177.59
73462548,16257,15,154.99
73462548,26740,1,216.59
73462548,27536,3,216.99
73481832,91580,1,262.59
73481832,14979,25,582.09
73483897,98451,1,1292.09
73483897,60647,20,264.09
73483897,97210,1,241.29
73485058,33606,1,285.99
73485058,36224,5,56.09
73485058,68723,14,96.89
73485058,12852,1,262.49
73511306,75721,7,174.59
73511306,15578,12,78.69
73511306,80351,5,194.99
73514391,26270,17,749.99
73514391,57874,1,234.09
73514391,75721,17,174.59
73514391,58241,17,203.99
73514391,53392,3,112.99
73514391,16086,10,36.99
73514391,97298,2,29.99
73514391,37489,8,17.69
73526432,95523,8,82.19
73526432,39417,12,192.59
73526432,84547,9,205.49
73532600,11575,22,233.29
73536092,26740,25,216.59
73549451,66578,1,268.19
73553935,37742,2,193.59
73556464,81834,6,186.89
73556464,28650,6,96.69
73556464,11313,1,78.49
73574352,48510,4,68.99
73574352,19011,14,198.89
73588709,34871,2,6.59
73588709,10023,13,181.29
73595182,80625,5,690.09
73595182,44513,3,53.19
73606875,26270,1,749.99
73606875,64388,3,290.09
73608743,48606,1,391.49
73608743,75721,1,174.59
73610439,78853,19,26.29
73610439,47437,21,898.99
73610439,69037,10,35.99
73610439,22393,7,1060.09
73621930,15626,19,429.09
73621930,85973,15,177.59
73621930,61311,11,160.19
73627822,35273,1,213.19
73628669,32938,3,1148.89
73628669,11575,25,233.29
73628669,37489,1,17.69
73628669,96141,1,909.49
73636659,35273,3,213.19
73639703,69991,16,1268.79
73639703,21230,22,90.79
73646552,66452,1,169.99
73647881,81641,23,228.09
73647881,59301,3,43.99
73649048,52648,19,195.89
73649048,32457,20,550.79
73650450,87809,19,436.79
73650450,47174,20,390.69
73650450,48996,14,64.79
73650450,52648,1,195.89
73650450,25979,4,215.99
73657042,41039,19,218.69
73657042,32640,14,234.89
73657960,10023,7,181.29
73657960,53392,1,112.99
73657960,10621,3,165.19
73657960,37489,4,17.69
73657960,35273,1,213.19
73657960,44513,4,53.19
73657960,95339,18,58.89
73657960,57224,25,54.99
73660418,94612,20,266.79
73660418,57224,9,54.99
73660418,87809,5,436.79
73660418,46421,17,185.89
73660418,18398,1,283.19
73688355,35273,2,213.19
73688355,14979,12,582.09
73688460,81641,1,228.09
73700954,89133,21,292.19
73700954,56178,20,1474.59
73700954,10023,1,181.29
73700954,80349,8,203.59
73700954,85076,3,893.99
73705210,53392,9,112.99
73713728,63985,1,78.79
73713728,11575,4,233.29
73713728,48996,16,64.79
73713728,78649,4,1059.49
73713728,85973,1,177.59
73713728,15918,7,32.99
73713728,27849,24,123.59
73713728,68080,4,141.29
73734021,16749,8,231.39
73737182,52648,2,195.89
73759514,95339,10,58.89
73759514,39417,1,192.59
73773329,32457,1,550.79
73773329,37489,5,17.69
73784159,64388,2,290.09
73784159,19409,7,67.99
73785086,14920,5,249.99
73785086,68080,1,141.29
73785086,90808,1,77.19
73788080,61911,7,279.89
73788080,95646,1,323.09
73788080,87426,12,180.29
73788080,32511,8,62.59
73788080,22393,2,1060.09
73797344,46421,2,185.89
73797344,57051,4,58.39
73804474,75721,5,174.59
73804761,89968,11,206.49
73804761,80351,1,194.99
73804761,27600,19,1470.79
73804761,15918,1,32.99
73808682,90808,9,77.19
73808682,59301,2,43.99
73836786,58241,6,203.99
73836786,56178,1,1474.59
73836786,32457,13,550.79
73836786,11575,1,233.29
73837873,94612,9,266.79
73859656,63748,1,91.19
73866548,98451,5,1292.09
73866548,86286,1,261.59
73866548,58241,1,203.99
73866548,69218,12,184.09
73866548,48510,1,68.99
73871109,20430,2,198.89
73872302,78649,15,1059.49
73874759,26740,5,216.59
73886325,16805,4,279.49
73888359,61093,17,240.99
73888359,15578,22,78.69
73894732,68723,16,96.89
73894732,92046,2,166.49
73894732,54586,1,98.49
73894732,47174,9,390.69
73894732,99654,8,265.39
73894732,36496,2,5.69
73895968,46421,10,185.89
73896996,48510,21,68.99
73896996,87809,13,436.79
73896996,22057,2,294.89
73896996,20482,1,592.49
73902220,32511,2,62.59
73917268,25979,6,215.99
73928740,23045,5,713.69
73928740,46935,13,118.99
73938160,81834,5,186.89
73944133,86854,13,207.99
73949586,46421,8,185.89
73949586,64388,3,290.09
73949586,32511,3,62.59
73949586,80349,1,203.59
73949586,75721,13,174.59
73950886,36224,22,56.09
73960484,23364,1,143.99
73960484,90808,3,77.19
73971463,97210,23,241.29
73971463,44513,15,53.19
73971463,22393,15,1060.09
73971463,22057,18,294.89
73995390,80625,2,690.09
74002841,63985,7,78.79
74005389,37742,8,193.59
74005389,85459,1,239.79
74005389,26245,9,107.79
74009790,85973,1,177.59
74009790,20430,17,198.89
74009790,66578,13,268.19
74013770,20054,1,196.99
74016515,16805,14,279.49
74030336,45172,9,205.99
74030336,80625,3,690.09
74030336,77617,2,226.99
74030336,22393,20,1060.09
74046869,96141,14,909.49
74046869,75721,3,174.59
74051706,80625,1,690.09
74062715,87789,1,294.99
74073723,89968,22,206.49
74073723,61311,12,160.19
74073723,76830,16,210.09
74074191,84482,22,223.49
74080696,97298,11,29.99
74080696,80625,1,690.09
74080696,47632,3,168.29
74082126,56178,20,1474.59
74082126,36496,6,5.69
74082126,77670,5,244.59
74082488,37489,13,17.69
74082488,56751,15,27.29
74082488,19409,1,67.99
74082904,22057,1,294.89
74082904,80978,6,280.69
74082904,94612,20,266.79
74082904,54586,14,98.49
74085081,32457,20,550.79
74127251,81834,7,186.89
74142170,75721,12,174.59
74143982,37489,1,17.69
74170745,16353,2,105.99
74193447,94077,20,185.09
74197905,35273,4,213.19
74202202,26245,11,107.79
74209328,85076,10,893.99
74210365,63748,12,91.19
74210365,81834,7,186.89
74210365,86809,6,71.29
74215306,48510,13,68.99
74215306,96141,2,909.49
74222449,20054,4,196.99
74228388,52648,18,195.89
74228388,32457,1,550.79
74231277,89133,2,292.19
74231277,79564,7,34.99
74231277,45172,25,205.99
74231277,11575,8,233.29
74231277,16749,3,231.39
74249331,26740,11,216.59
74249331,20430,22,198.89
74250533,41515,19,1273.69
74256919,63985,3,78.79
74256919,41515,1,1273.69
74256919,52648,19,195.89
74256919,20054,19,196.99
74258190,15626,13,429.09
74258190,71645,4,403.99
74258190,61911,6,279.89
74258190,48510,14,68.99
74258190,16805,1,279.49
74258190,75438,1,59.19
74268882,89968,1,206.49
74268882,15918,8,32.99
74268882,71227,1,166.29
74268882,85076,1,893.99
74277505,76830,1,210.09
74277505,15918,12,32.99
74277892,25979,4,215.99
74277892,87789,8,294.99
74282473,75721,10,174.59
74282473,81641,21,228.09
74282473,64388,1,290.09
74282473,46499,1,299.49
74282473,85076,9,893.99
74307199,15578,21,78.69
74307199,66452,5,169.99
74324510,77617,1,226.99
74329216,46835,1,112.29
74329216,47632,14,168.29
74330830,89968,5,206.49
74330830,16749,1,231.39
74335828,11575,2,233.29
74349395,87809,25,436.79
74357169,94652,18,32.39
74372007,90808,22,77.19
74383547,69037,1,35.99
74383547,64388,17,290.09
74398801,17582,3,83.39
74400951,53392,1,112.99
74400951,97298,1,29.99
74412081,61311,10,160.19
74412081,21230,6,90.79
74412081,33606,4,285.99
74412081,85973,11,177.59
74412081,63985,7,78.79
74413101,58241,1,203.99
74413101,17582,4,83.39
74413101,24242,10,116.99
74413101,87809,9,436.79
74436098,66578,9,268.19
74436098,14109,2,225.49
74436098,92839,3,84.09
74436098,64388,6,290.09
74458110,95339,1,58.89
74458110,48289,2,85.59
74458110,32511,19,62.59
74458263,14979,10,582.09
74461448,32457,10,550.79
74461448,45172,1,205.99
74461448,12576,21,134.49
74461448,97210,4,241.29
74461448,16353,3,105.99
74491128,78853,3,26.29
74494609,64388,24,290.09
74496109,19011,3,198.89
74496109,19409,7,67.99
74496109,76830,17,210.09
74498516,79564,9,34.99
74501876,11426,14,1071.19
74501876,36496,4,5.69
74527848,11453,7,1304.19
74527848,11313,2,78.49
74538537,50150,3,390.59
74555938,33606,2,285.99
74573210,97298,24,29.99
74575860,15918,11,32.99
74575860,87809,14,436.79
74594815,12377,4,175.59
74594815,26270,1,749.99
74595234,35273,25,213.19
74610967,62011,1,72.79
74610967,27849,9,123.59
74610967,25536,1,208.09
74610967,66452,6,169.99
74610967,47174,1,390.69
74610967,57545,3,12.49
74619678,14979,21,582.09
74619678,97298,3,29.99
74619678,54586,20,98.49
74638808,32640,22,234.89
74641379,85973,16,177.59
74641379,95523,1,82.19
74641379,28650,15,96.69
74641379,85459,3,239.79
74644280,57224,1,54.99
74644280,33344,1,1109.59
74668568,15918,4,32.99
74668568,47174,6,390.69
74670977,76061,3,229.99
74690072,15081,5,108.99
74690257,53392,4,112.99
74693422,15578,1,78.69
74693422,21230,6,90.79
74699354,10621,2,165.19
74699354,83295,1,123.99
74699354,41515,2,1273.69
74702788,75721,1,174.59
74702788,87809,25,436.79
74702788,23045,1,713.69
74702788,28650,5,96.69
74704079,14979,6,582.09
74704079,83295,20,123.99
74704079,37489,25,17.69
74704079,57224,9,54.99
74704079,39417,19,192.59
74752479,26270,15,749.99
74752479,89968,1,206.49
74753977,57051,8,58.39
74753977,63748,24,91.19
74753977,32457,4,550.79
74753977,79564,25,34.99
74756549,61311,15,160.19
74759630,15918,2,32.99
74759630,97298,1,29.99
74759630,98451,1,1292.09
74759630,48510,3,68.99
74759630,61311,1,160.19
74759630,75767,1,243.99
74759630,71227,13,166.29
74763253,37742,8,193.59
74763253,17582,25,83.39
74764672,81834,13,186.89
74764672,92839,16,84.09
74764672,29892,1,44.09
74767327,60647,3,264.09
74767327,22393,4,1060.09
74767327,35273,4,213.19
74767327,94514,4,254.99
74767327,79564,8,34.99
74767327,35798,7,82.99
74772269,15918,22,32.99
74772269,22393,2,1060.09
74772269,20430,11,198.89
74787855,47437,1,898.99
74801276,97298,1,29.99
74801276,85076,7,893.99
74813483,20074,20,1064.09
74813483,66578,24,268.19
74818053,94612,2,266.79
74818053,25979,2,215.99
74818053,16086,6,36.99
74819422,15918,24,32.99
74819422,47174,1,390.69
74825523,16749,16,231.39
74825523,47437,3,898.99
74827578,75767,4,243.99
74827578,35273,25,213.19
74827578,17582,1,83.39
74828739,45172,9,205.99
74836563,85459,22,239.79
74867049,15578,24,78.69
74867049,66185,11,659.99
74867049,33606,7,285.99
74884773,95339,4,58.89
74890037,75767,1,243.99
74890037,96141,16,909.49
74914843,47437,12,898.99
74921163,15578,1,78.69
74921163,58650,3,11.09
74921163,16805,10,279.49
74921163,97210,25,241.29
74921802,95339,21,58.89
74924406,32457,1,550.79
74924406,27849,17,123.59
74936949,61311,8,160.19
74937242,90808,10,77.19
74937242,86809,1,71.29
74937242,35273,4,213.19
74940894,22057,21,294.89
74940894,15626,6,429.09
74941544,11453,9,1304.19
74966874,64388,6,290.09
74976104,78853,1,26.29
74976104,80978,2,280.69
74976104,99654,10,265.39
74976104,97210,25,241.29
74976104,18398,15,283.19
74977473,34241,1,143.99
74977473,57874,4,234.09
74977473,32457,6,550.79
74983726,90808,13,77.19
74983726,26740,13,216.59
74983726,50462,6,174.99
74989192,20074,6,1064.09
74989192,71227,1,166.29
74996710,48996,15,64.79
75007994,95646,1,323.09
75011536,95646,3,323.09
75011536,32457,24,550.79
75011536,33606,5,285.99
75011536,14979,1,582.09
75016975,95339,1,58.89
75023188,66452,4,169.99
75023188,97210,4,241.29
75023188,46421,3,185.89
75027301,66578,13,268.19
75027301,40676,1,899.09
75027301,14109,7,225.49
75027301,15918,9,32.99
75032603,95646,1,323.09
75038101,32457,2,550.79
75041080,39417,2,192.59
75049998,78853,17,26.29
75053056,19011,13,198.89
75057874,79834,23,151.19
75057874,64388,11,290.09
75057874,94652,18,32.39
75057874,37489,7,17.69
75083909,61311,15,160.19
75083909,46835,4,112.29
75083909,89968,1,206.49
75083909,21230,7,90.79
75083909,35273,2,213.19
75083909,29892,3,44.09
75085406,92046,13,166.49
75097800,46421,25,185.89
75097800,45172,8,205.99
75097800,52648,17,195.89
75097800,64279,18,126.39
75098348,54586,1,98.49
75098348,26740,6,216.59
75098348,32091,21,81.39
75098348,77670,10,244.59
75098348,80349,6,203.59
75098348,20054,16,196.99
75113428,86809,16,71.29
75113428,29892,1,44.09
75113428,85459,21,239.79
75113428,47174,8,390.69
75113428,11575,21,233.29
75129934,25979,24,215.99
75136530,85076,8,893.99
75136530,69218,24,184.09
75136530,27600,8,1470.79
75199552,68080,9,141.29
75199552,22393,4,1060.09
75215633,85973,23,177.59
75215633,35798,7,82.99
75245519,26245,3,107.79
75245519,24242,3,116.99
75255520,15918,4,32.99
75278666,54586,1,98.49
75278666,32511,1,62.59
75278666,75767,4,243.99
75297384,57224,1,54.99
75303159,21230,3,90.79
75303159,57224,20,54.99
75303159,37742,11,193.59
75326114,57860,11,198.49
75326114,57874,1,234.09
75326114,14109,10,225.49
75334706,64279,3,126.39
75344350,64388,16,290.09
75347707,48606,22,391.49
75347707,46499,4,299.49
75347707,16749,4,231.39
75347707,84547,11,205.49
75347707,16353,20,105.99
75347707,86286,2,261.59
75352512,73115,1,172.99
75352512,69991,1,1268.79
75352512,46421,1,185.89
75352512,97298,11,29.99
75352975,84547,15,205.49
75352975,52648,19,195.89
75352975,58241,16,203.99
75370756,66820,7,221.99
75370756,47437,6,898.99
75370756,92839,3,84.09
75383748,95646,10,323.09
75398965,62011,24,72.79
75398965,16749,18,231.39
75398965,85459,25,239.79
75425539,34871,1,6.59
75430042,16749,4,231.39
75431143,35273,11,213.19
75431143,50462,21,174.99
75431143,20430,4,198.89
75431143,63748,8,91.19
75431143,33606,22,285.99
75431143,47174,17,390.69
75435875,61311,16,160.19
75435875,22057,6,294.89
75435875,95523,13,82.19
75446824,15578,1,78.69
75446824,61093,22,240.99
75446824,15918,5,32.99
75446824,11575,5,233.29
75453045,11453,11,1304.19
75453045,71227,24,166.29
75453045,37490,2,159.99
75457930,77617,2,226.99
75457930,36224,24,56.09
75459104,57224,23,54.99
75467949,37681,22,185.69
75467949,14979,1,582.09
75467949,11575,3,233.29
75467949,48606,4,391.49
75467949,32640,6,234.89
75482773,16749,18,231.39
75482773,80625,2,690.09
75482773,26245,1,107.79
75501209,35273,24,213.19
75501209,77617,3,226.99
75501209,87148,1,4.99
75517105,60647,2,264.09
75517105,75721,15,174.59
75517105,22393,12,1060.09
75517105,57874,4,234.09
75517105,94514,15,254.99
75522123,64388,4,290.09
75522123,11313,2,78.49
75524396,36224,10,56.09
75524396,37489,1,17.69
75531395,70801,13,215.99
75531395,15918,1,32.99
75531395,15578,5,78.69
75531395,46421,5,185.89
75531395,10621,17,165.19
75531395,79564,16,34.99
75536421,87148,22,4.99
75536421,68080,3,141.29
75541296,10621,5,165.19
75541296,52648,5,195.89
75541296,75438,2,59.19
75545788,20430,1,198.89
75545788,20054,10,196.99
75545788,32091,5,81.39
75545788,57224,19,54.99
75557107,32091,2,81.39
75557107,37742,3,193.59
75574180,83295,5,123.99
75574180,35798,14,82.99
75576999,92839,19,84.09
75576999,73115,3,172.99
75584597,36224,15,56.09
75584597,97298,12,29.99
75584597,95523,1,82.19
75584597,60647,20,264.09
75599501,20430,1,198.89
75626224,25979,1,215.99
75626224,27849,20,123.59
75626930,68723,7,96.89
75631581,94514,1,254.99
75631581,23045,2,713.69
75631581,24242,5,116.99
75646346,69991,4,1268.79
75653602,90808,1,77.19
75653602,15626,8,429.09
75653602,95646,6,323.09
75661666,69218,4,184.09
75661666,75767,12,243.99
75661666,32511,4,62.59
75661666,26270,17,749.99
75663766,92839,1,84.09
75663766,11811,20,250.49
75666978,32938,1,1148.89
75679473,12576,16,134.49
75680232,57874,19,234.09
75688636,48606,22,391.49
75688636,17582,18,83.39
75688636,89133,2,292.19
75688636,98451,6,1292.09
75689710,66452,2,169.99
75689710,23045,7,713.69
75689710,77617,2,226.99
75702833,25979,6,215.99
75702833,57051,23,58.39
75702833,59301,6,43.99
75702833,15578,4,78.69
75702833,40676,16,899.09
75706025,86809,8,71.29
75706025,48335,1,111.49
75719202,61311,15,160.19
75719202,22393,1,1060.09
75732028,19403,12,228.99
75732983,27600,2,1470.79
75732983,58650,5,11.09
75744630,94077,3,185.09
75744630,68080,7,141.29
75744630,81834,4,186.89
75753527,80349,9,203.59
75770131,87148,1,4.99
75779263,16236,1,4.99
75779263,80349,2,203.59
75779263,11313,14,78.49
75779263,90808,5,77.19
75791770,57874,1,234.09
75791770,48510,6,68.99
75791770,20054,23,196.99
75797442,10023,6,181.29
75797442,46421,6,185.89
75797442,52111,4,173.99
75797442,76830,23,210.09
75803483,10621,2,165.19
75803483,37489,2,17.69
75804796,76830,1,210.09
75805244,95523,25,82.19
75805244,32091,15,81.39
75805244,99654,11,265.39
75805244,26740,20,216.59
75808981,57860,6,198.49
75818246,23045,6,713.69
75819135,80625,3,690.09
75819135,52648,1,195.89
75819135,85973,4,177.59
75819135,29892,15,44.09
75825051,33606,4,285.99
75825051,26270,8,749.99
75825051,36496,2,5.69
75832632,15626,2,429.09
75832632,85973,6,177.59
75832632,95646,15,323.09
75832632,17582,22,83.39
75832632,26740,3,216.59
75835926,23045,1,713.69
75835926,25979,1,215.99
75835926,20054,21,196.99
75844844,64388,4,290.09
75846001,26750,18,78.79
75846001,82664,12,269.69
75846001,26740,9,216.59
75846001,37489,21,17.69
75861474,11313,5,78.49
75861474,95339,1,58.89
75861474,26245,22,107.79
75861474,57224,18,54.99
75861474,20430,4,198.89
75861474,97298,1,29.99
75872778,37490,25,159.99
75872778,78853,1,26.29
75872778,25536,2,208.09
75872778,47632,1,168.29
75899748,57874,16,234.09
75900403,68479,1,46.29
75900403,81834,15,186.89
75900403,25536,11,208.09
75900403,48869,20,901.09
75900717,26798,4,18.59
75914081,57224,18,54.99
75914081,87809,2,436.79
75914081,68080,15,141.29
75914081,47174,4,390.69
75914081,16749,21,231.39
75914081,36209,17,189.99
75914300,36224,1,56.09
75914300,94390,24,43.79
75914300,54586,1,98.49
75914300,47174,6,390.69
75914300,36262,25,233.99
75916311,61311,5,160.19
75916311,82305,1,271.99
75921284,53392,7,112.99
75921284,69218,1,184.09
75921284,58241,1,203.99
75921284,48349,14,51.69
75921284,15578,21,78.69
75925737,23045,12,713.69
75925737,36224,5,56.09
75925737,52648,8,195.89
75935491,22393,25,1060.09
75935491,39417,1,192.59
75945052,76061,2,229.99
75945052,57051,2,58.39
75951308,57051,2,58.39
75951308,14979,11,582.09
75961197,25536,22,208.09
75961197,79564,17,34.99
75962473,25979,2,215.99
75962473,87809,1,436.79
75962473,46935,1,118.99
75962473,48996,1,64.79
75968524,18398,4,283.19
75968524,35273,6,213.19
75975617,15626,6,429.09
75975617,26270,5,749.99
75988592,61311,17,160.19
75988592,36262,4,233.99
76024733,26270,10,749.99
76024733,20430,18,198.89
76024733,57224,3,54.99
76035788,61911,19,279.89
76035788,20430,2,198.89
76036228,73115,4,172.99
76036956,57224,9,54.99
76036956,52126,5,326.99
76040169,20430,4,198.89
76045890,20430,1,198.89
76045890,41515,3,1273.69
76056930,20430,1,198.89
76056930,32938,1,1148.89
76056930,44331,9,121.79
76057936,35273,17,213.19
76064116,66820,13,221.99
76064116,50150,1,390.59
76072394,14979,3,582.09
76072394,82664,1,269.69
76073641,10023,19,181.29
76076110,72911,4,382.29
76091970,77617,6,226.99
76091970,92839,1,84.09
76091970,22393,8,1060.09
76096172,15081,20,108.99
76099746,64279,1,126.39
76120514,89133,3,292.19
76136160,80349,3,203.59
76136160,95646,3,323.09
76136160,21230,3,90.79
76136160,32511,22,62.59
76136160,75767,1,243.99
76136160,96141,3,909.49
76139097,63748,1,91.19
76139097,64388,22,290.09
76139097,25979,16,215.99
76139097,41515,18,1273.69
76139097,75767,3,243.99
76139097,66578,20,268.19
76140915,24242,2,116.99
76140915,52661,7,797.29
76147388,36224,4,56.09
76148900,92839,19,84.09
76148900,80625,2,690.09
76151736,48996,20,64.79
76151736,14920,23,249.99
76151736,61311,3,160.19
76151736,60647,4,264.09
76151736,95646,11,323.09
76151736,32938,3,1148.89
76156800,39417,3,192.59
76166485,48289,14,85.59
76166485,49147,9,352.19
76166485,41515,19,1273.69
76166485,98451,21,1292.09
76173968,87426,1,180.29
76173968,23364,20,143.99
76173968,46421,2,185.89
76173968,61911,18,279.89
76173968,95339,10,58.89
76173968,25979,4,215.99
76173968,35273,6,213.19
76184522,46935,11,118.99
76185220,57860,23,198.49
76185220,75721,6,174.59
76190403,20430,20,198.89
76190403,68723,4,96.89
76190403,16086,16,36.99
76190403,37490,13,159.99
76196692,32457,7,550.79
76196692,68723,9,96.89
76196692,11575,9,233.29
76196692,68479,6,46.29
76234171,95339,1,58.89
76234171,37489,1,17.69
76234171,36224,25,56.09
76234171,35798,23,82.99
76247192,98451,1,1292.09
76247192,57801,18,63.79
76247192,19021,17,253.09
76251491,20054,8,196.99
76264770,54586,1,98.49
76264770,89968,5,206.49
76264770,13169,12,1030.09
76267016,68080,8,141.29
76267016,57545,24,12.49
76267016,46421,11,185.89
76273654,54586,10,98.49
76278720,68080,5,141.29
76278720,92898,4,1162.99
76278720,25536,16,208.09
76286556,32640,1,234.89
76286556,10621,2,165.19
76287509,84547,1,205.49
76287509,37742,18,193.59
76287968,64388,22,290.09
76287968,36591,1,162.99
76287968,54586,1,98.49
76287968,24242,6,116.99
76287968,95646,25,323.09
76287968,46499,20,299.49
76288577,73489,5,251.09
76288577,87148,1,4.99
76288577,11453,3,1304.19
76288577,95646,20,323.09
76296115,77670,22,244.59
76296115,36591,8,162.99
76296115,26740,24,216.59
76297925,68479,20,46.29
76297925,41515,2,1273.69
76297925,20430,1,198.89
76298615,77617,9,226.99
76298615,46421,18,185.89
76301957,84547,19,205.49
76301957,57224,12,54.99
76301957,39417,12,192.59
76301957,32091,5,81.39
76301957,97298,8,29.99
76301957,45172,24,205.99
76301957,24242,5,116.99
76305248,89968,23,206.49
76305248,20074,19,1064.09
76305248,16805,18,279.49
76314782,20430,2,198.89
76314782,14979,6,582.09
76314782,64388,8,290.09
76314782,57224,9,54.99
76319430,84482,6,223.49
76319430,64388,25,290.09
76319430,16805,21,279.49
76327176,14979,2,582.09
76327176,87809,1,436.79
76327176,19409,12,67.99
76330953,96141,18,909.49
76330953,54586,1,98.49
76330953,75721,5,174.59
76330953,37742,14,193.59
76330953,86809,10,71.29
76330953,77617,21,226.99
76330953,98451,6,1292.09
76338046,20430,3,198.89
76338046,79564,1,34.99
76338046,39417,3,192.59
76338046,89968,4,206.49
76338046,97298,5,29.99
76338677,14979,12,582.09
76338677,22393,17,1060.09
76338677,46421,10,185.89
76338677,60647,10,264.09
76338677,32457,1,550.79
76338677,10153,1,602.09
76338677,24242,12,116.99
76344322,48289,1,85.59
76345902,80349,11,203.59
76347088,20430,3,198.89
76347088,52648,3,195.89
76370925,46421,3,185.89
76370925,66452,1,169.99
76370925,57051,5,58.39
76370925,35273,1,213.19
76370925,87809,13,436.79
76374293,75767,5,243.99
76374293,21230,1,90.79
76374293,64279,7,126.39
76374293,48996,4,64.79
76374293,47632,25,168.29
76374293,59301,21,43.99
76374293,36591,19,162.99
76374293,36496,6,5.69
76383372,47632,25,168.29
76418602,11575,10,233.29
76418602,22057,17,294.89
76418602,51181,2,184.29
76473168,47632,10,168.29
76474708,34871,7,6.59
76475146,52648,12,195.89
76475146,57579,1,162.99
76475146,26245,5,107.79
76475146,85459,10,239.79
76483285,24242,25,116.99
76483285,64388,19,290.09
76507816,26740,14,216.59
76507816,29892,21,44.09
76511507,66578,1,268.19
76511507,62011,3,72.79
76511507,23045,23,713.69
76511507,22393,23,1060.09
76511507,16749,1,231.39
76529686,57874,2,234.09
76555903,96141,21,909.49
76555903,37489,1,17.69
76555923,20054,3,196.99
76555923,14979,9,582.09
76555923,48289,17,85.59
76555923,85973,1,177.59
76568047,16749,17,231.39
76568047,87148,22,4.99
76568047,49147,5,352.19
76572381,14920,7,249.99
76572381,12576,14,134.49
76585001,10023,2,181.29
76585001,80625,1,690.09
76589474,37742,8,193.59
76589474,57545,7,12.49
76589474,64279,2,126.39
76600604,25536,4,208.09
76602210,75438,1,59.19
76602210,61677,12,192.69
76602210,26750,5,78.79
76602210,32938,18,1148.89
76602210,89968,1,206.49
76602210,32457,16,550.79
76602210,48996,16,64.79
76613632,17582,8,83.39
76616047,54586,1,98.49
76616047,16353,6,105.99
76620015,71227,2,166.29
76620015,76830,4,210.09
76620015,66578,21,268.19
76620015,64279,14,126.39
76625396,83295,3,123.99
76625396,36224,5,56.09
76625396,80349,1,203.59
76626629,14920,19,249.99
76626629,81834,2,186.89
76632607,47437,2,898.99
76640231,36224,3,56.09
76664435,87809,1,436.79
76664783,45172,1,205.99
76664783,11811,8,250.49
76664783,66452,1,169.99
76664783,26245,2,107.79
76664783,16749,19,231.39
76696618,78853,19,26.29
76705458,39417,9,192.59
76715543,90808,21,77.19
76718748,15578,1,78.69
76718748,26245,4,107.79
76718748,87426,4,180.29
76718748,64279,1,126.39
76721930,19409,8,67.99
76721930,11426,2,1071.19
76721930,46935,2,118.99
76721930,77670,20,244.59
76731971,20054,1,196.99
76757484,68479,5,46.29
76757484,78853,5,26.29
76757883,14979,1,582.09
76757883,47437,1,898.99
76757883,25536,2,208.09
76757883,75721,23,174.59
76757883,85459,12,239.79
76765630,45172,1,205.99
76765630,68080,3,141.29
76780245,77617,12,226.99
76780245,20054,4,196.99
76792691,98451,5,1292.09
76792772,59301,4,43.99
76792772,85076,1,893.99
76792772,36224,23,56.09
76792772,23045,10,713.69
76792772,80349,12,203.59
76792772,68479,13,46.29
76807199,37490,4,159.99
76816415,11426,11,1071.19
76816415,22057,5,294.89
76818657,86809,3,71.29
76829521,84547,3,205.49
76829814,69218,10,184.09
76840141,18476,12,11.09
76847668,20074,10,1064.09
76850608,85076,15,893.99
76850608,16749,2,231.39
76857734,57051,10,58.39
76857734,26740,20,216.59
76866980,81834,19,186.89
76866980,39417,5,192.59
76867651,47632,6,168.29
76867651,59301,9,43.99
76867651,66578,23,268.19
76886085,46935,6,118.99
76901009,11575,1,233.29
76938609,59301,5,43.99
76938609,37490,1,159.99
76938609,39417,9,192.59
76938609,54586,19,98.49
76938609,41515,10,1273.69
76938609,81834,25,186.89
76939085,46421,2,185.89
76939085,32091,9,81.39
76942923,47632,11,168.29
76951667,77617,2,226.99
76965058,11575,10,233.29
76965058,16353,10,105.99
76971723,75438,18,59.19
76972968,20054,1,196.99
76972968,19403,8,228.99
76972968,47174,8,390.69
76972968,47437,13,898.99
76996051,19409,5,67.99
76997761,80349,4,203.59
76998724,36224,1,56.09
77027576,75438,16,59.19
77027576,27849,10,123.59
77027576,57545,1,12.49
77027576,66452,6,169.99
77027576,25979,1,215.99
77027576,76830,3,210.09
77038754,18398,2,283.19
77060865,26740,11,216.59
77060865,39417,1,192.59
77062923,69729,16,209.19
77062923,90808,18,77.19
77062923,36209,24,189.99
77068809,61311,5,160.19
77068809,26245,8,107.79
77081772,46421,1,185.89
77081772,87789,1,294.99
77087981,40999,1,120.99
77087981,95646,10,323.09
77101379,12224,4,734.79
77109923,32511,5,62.59
77109923,57224,15,54.99
77109923,85973,24,177.59
77109923,58241,22,203.99
77109923,61311,1,160.19
77109923,63748,24,91.19
77126038,48289,22,85.59
77126038,85973,1,177.59
77131530,27600,1,1470.79
77140086,11313,8,78.49
77140086,47437,1,898.99
77140562,80978,2,280.69
77140562,15918,23,32.99
77140562,16805,2,279.49
77140562,10621,24,165.19
77140562,61311,24,160.19
77140562,48996,3,64.79
77140562,26740,12,216.59
77149352,52111,1,173.99
77149352,86725,20,260.79
77149352,14979,18,582.09
77149352,85076,8,893.99
77150613,32511,11,62.59
77163665,85076,2,893.99
77163665,34241,8,143.99
77163665,15626,2,429.09
77163665,36591,17,162.99
77163665,14920,25,249.99
77163665,69729,14,209.19
77163665,97210,17,241.29
77163665,90808,3,77.19
77166890,46499,2,299.49
77178575,48349,21,51.69
77178575,92839,4,84.09
77178575,71645,6,403.99
77179057,61677,10,192.69
77179057,78853,7,26.29
77179057,87809,12,436.79
77184378,26270,9,749.99
77184378,95339,8,58.89
77184378,26399,24,179.19
77184378,46421,2,185.89
77184378,37742,21,193.59
77184378,97210,3,241.29
77189815,46421,5,185.89
77189815,15918,12,32.99
77189815,26740,6,216.59
77214788,87809,1,436.79
77214788,47632,14,168.29
77214788,58241,1,203.99
77214788,75767,21,243.99
77219477,22393,7,1060.09
77219477,47632,5,168.29
77219477,79564,7,34.99
77241372,32457,12,550.79
77241372,92839,2,84.09
77241372,57801,7,63.79
77241372,70801,4,215.99
77241372,87809,21,436.79
77253986,20074,4,1064.09
77259365,32511,9,62.59
77259451,52648,8,195.89
77268793,26740,1,216.59
77268793,48510,1,68.99
77270643,37490,3,159.99
77288749,20430,1,198.89
77288749,27600,1,1470.79
77288749,36496,25,5.69
77288749,46935,4,118.99
77293679,87148,13,4.99
77293679,22057,3,294.89
77293679,61311,21,160.19
77293679,86286,3,261.59
77300187,33935,2,201.99
77306893,21230,24,90.79
77306893,57224,15,54.99
77306893,97298,21,29.99
77306893,20074,1,1064.09
77306893,85076,6,893.99
77314797,57874,9,234.09
77314797,87426,17,180.29
77314797,46935,1,118.99
77314797,32457,14,550.79
77316020,35798,1,82.99
77331545,54586,5,98.49
77331545,86809,18,71.29
77331914,15918,14,32.99
77331914,34241,1,143.99
77331914,20054,11,196.99
77331914,26245,2,107.79
77331914,57874,2,234.09
77331914,35273,12,213.19
77338758,77617,15,226.99
77338758,87574,1,130.19
77338758,61911,13,279.89
77338758,97210,2,241.29
77338758,36262,6,233.99
77338758,47632,1,168.29
77338758,16353,11,105.99
77340021,48289,13,85.59
77349018,46421,1,185.89
77349018,26740,18,216.59
77349018,58241,6,203.99
77349018,64833,10,418.99
77360697,81834,17,186.89
77363927,26270,11,749.99
77363927,48869,6,901.09
77363927,89968,4,206.49
77375364,48869,2,901.09
77375364,46935,5,118.99
77375364,20074,1,1064.09
77385757,39417,4,192.59
77385757,35273,3,213.19
77385757,33606,14,285.99
77385757,41345,21,812.29
77385757,41515,9,1273.69
77396156,75767,20,243.99
77406592,69037,2,35.99
77406592,57545,3,12.49
77439005,75767,12,243.99
77439005,14042,2,77.29
77439215,57874,1,234.09
77447405,85076,7,893.99
77461874,90808,4,77.19
77461874,75721,3,174.59
77461874,68723,8,96.89
77469361,80349,1,203.59
77469361,32457,2,550.79
77473822,36224,19,56.09
77478260,37742,1,193.59
77496998,63748,1,91.19
77496998,16805,22,279.49
77511723,20430,14,198.89
77511723,87148,2,4.99
77511723,16749,3,231.39
77511723,22393,5,1060.09
77513499,89968,21,206.49
77513499,33935,8,201.99
77513499,48289,7,85.59
77524996,37489,6,17.69
77526416,84482,1,223.49
77526416,23364,8,143.99
77526416,20054,6,196.99
77530112,82410,2,171.99
77533987,85076,4,893.99
77533987,98451,1,1292.09
77533987,90808,1,77.19
77533987,64388,25,290.09
77534825,48606,12,391.49
77534825,41345,7,812.29
77537033,85076,1,893.99
77541437,87426,14,180.29
77553783,48996,2,64.79
77553783,47632,3,168.29
77553783,32511,2,62.59
77553783,48335,4,111.49
77553783,46935,1,118.99
77553783,97298,1,29.99
77553783,52648,1,195.89
77577972,95339,10,58.89
77577972,66578,1,268.19
77586341,63748,1,91.19
77586341,46421,1,185.89
77586341,75721,20,174.59
77586341,85459,5,239.79
77595955,47437,12,898.99
77595955,58241,8,203.99
77595955,77617,3,226.99
77603709,80625,8,690.09
77603709,35798,3,82.99
77603709,64279,13,126.39
77603709,52648,15,195.89
77603709,95646,1,323.09
77603709,39417,22,192.59
77607771,54586,5,98.49
77607771,20054,24,196.99
77607771,58650,2,11.09
77607771,15626,21,429.09
77607771,98451,1,1292.09
77610807,71645,1,403.99
77610807,85459,1,239.79
77625536,19409,4,67.99
77653020,32640,9,234.89
77653020,97298,1,29.99
77653020,80625,2,690.09
77653020,68080,3,141.29
77653020,62011,10,72.79
77670521,64388,19,290.09
77679095,79564,6,34.99
77679095,66452,25,169.99
77679095,98451,4,1292.09
77679095,78853,2,26.29
77679095,26245,17,107.79
77679095,53392,4,112.99
77689610,23045,3,713.69
77691933,64388,3,290.09
77691933,44513,3,53.19
77691933,33606,16,285.99
77693334,14979,19,582.09
77708165,32457,9,550.79
77708165,62011,5,72.79
77709988,15578,23,78.69
77710047,15918,2,32.99
77710047,47632,4,168.29
77711977,36591,1,162.99
77711977,40999,4,120.99
77711977,58241,1,203.99
77712097,26740,5,216.59
77715689,84547,9,205.49
77715689,17582,3,83.39
77715689,10023,7,181.29
77726359,20430,19,198.89
77730426,68080,7,141.29
77732495,79564,6,34.99
77732495,45172,15,205.99
77732495,68080,21,141.29
77739772,10023,12,181.29
77739772,95646,7,323.09
77739772,84547,22,205.49
77739772,21230,10,90.79
77745687,26245,25,107.79
77748567,98451,2,1292.09
77763460,47174,18,390.69
77763460,23045,2,713.69
77783695,20430,25,198.89
77788077,18398,9,283.19
77788077,54586,1,98.49
77788077,57224,3,54.99
77788077,35273,1,213.19
77803902,32457,11,550.79
77816515,77617,10,226.99
77816515,58241,12,203.99
77818271,86809,25,71.29
77818469,76830,6,210.09
77821666,19409,1,67.99
77821666,54586,17,98.49
77821666,37489,7,17.69
77823616,14979,1,582.09
77823616,90808,20,77.19
77823616,16805,2,279.49
77824753,95339,5,58.89
77824753,97210,3,241.29
77824753,41515,1,1273.69
77824753,29892,2,44.09
77824753,52111,13,173.99
77830408,77670,1,244.59
77830408,90808,10,77.19
77830408,37490,1,159.99
77830408,37742,15,193.59
77834410,35273,1,213.19
77834410,26245,7,107.79
77841413,47632,6,168.29
77841413,83295,5,123.99
77841413,58241,18,203.99
77841413,11313,16,78.49
77841413,44513,4,53.19
77853585,26245,3,107.79
77853585,99654,5,265.39
77853585,86809,1,71.29
77853585,68479,11,46.29
77853585,11575,2,233.29
77853585,26270,3,749.99
77858873,32640,5,234.89
77868536,58650,15,11.09
77868536,10621,18,165.19
77868536,26740,15,216.59
77868536,33606,2,285.99
77868536,24242,11,116.99
77869933,87426,11,180.29
77869933,92898,24,1162.99
77869933,34871,1,6.59
77904780,46421,5,185.89
77904780,20430,1,198.89
77904780,37489,8,17.69
77909037,46421,16,185.89
77912611,94652,1,32.39
77912611,32511,8,62.59
77912611,94612,14,266.79
77922028,90808,1,77.19
77922028,21230,12,90.79
77922028,39417,11,192.59
77922028,54586,19,98.49
77922217,90808,11,77.19
77922217,50462,8,174.99
77928468,47632,1,168.29
77928468,17582,5,83.39
77930299,57874,5,234.09
77930299,57545,1,12.49
77940742,37489,24,17.69
77940742,47632,16,168.29
77940742,77617,18,226.99
77946658,85459,6,239.79
77946658,25979,2,215.99
77946658,86809,1,71.29
77946658,32091,20,81.39
77952936,81834,17,186.89
77952936,63748,25,91.19
77959744,54586,13,98.49
77959744,39417,23,192.59
77959744,78853,16,26.29
77959744,25979,4,215.99
77959744,22393,13,1060.09
77959960,61311,3,160.19
77959960,49147,2,352.19
77959960,57224,3,54.99
77959960,35798,2,82.99
77959960,11575,3,233.29
77965599,75721,1,174.59
77965599,62011,13,72.79
77968850,24242,3,116.99
77968850,16805,4,279.49
77968850,87809,22,436.79
77987093,77617,1,226.99
77987093,80625,21,690.09
77990757,63493,1,215.09
77990757,80625,9,690.09
77990757,92839,1,84.09
77990757,15918,7,32.99
77990757,52648,1,195.89
77992647,37742,7,193.59
77992647,25536,8,208.09
77992647,16749,9,231.39
77992647,21230,12,90.79
77994203,26750,3,78.79
77994203,20054,1,196.99
77994203,47437,4,898.99
77995460,69991,10,1268.79
77997053,99654,25,265.39
77997053,37742,24,193.59
78007066,15918,1,32.99
78007066,61311,10,160.19
78018146,85459,4,239.79
78048970,32511,24,62.59
78048970,47174,1,390.69
78048970,46421,6,185.89
78048970,94077,6,185.09
78050130,15626,14,429.09
78050130,85973,25,177.59
78050130,78853,2,26.29
78050442,25536,14,208.09
78050442,26270,1,749.99
78064468,47174,18,390.69
78064468,47632,14,168.29
78066054,51061,18,192.39
78076277,89968,7,206.49
78076277,77670,13,244.59
78080075,48510,18,68.99
78084225,41515,21,1273.69
78084225,53392,1,112.99
78084225,97210,22,241.29
78084225,36262,12,233.99
78091612,39417,5,192.59
78091612,19403,11,228.99
78091612,77617,1,226.99
78095252,26994,22,84.39
78095868,15578,13,78.69
78123902,84547,10,205.49
78123902,87809,1,436.79
78123902,16749,14,231.39
78123902,36224,3,56.09
78135037,86809,3,71.29
78139418,50462,3,174.99
78139418,84547,1,205.49
78139418,92839,24,84.09
78139418,11453,2,1304.19
78148372,19021,5,253.09
78148372,81834,8,186.89
78148372,58650,1,11.09
78148372,35798,17,82.99
78148372,61311,1,160.19
78148372,77617,2,226.99
78153081,63748,8,91.19
78153081,58241,1,203.99
78153081,25536,8,208.09
78161419,36591,6,162.99
78168525,86809,1,71.29
78168525,92839,1,84.09
78168525,66578,20,268.19
78168525,80349,5,203.59
78168525,10621,1,165.19
78177027,76830,14,210.09
78185947,57051,15,58.39
78185947,53392,11,112.99
78205130,90808,1,77.19
78205130,47632,3,168.29
78206810,63985,2,78.79
78206810,85076,4,893.99
78206810,48869,22,901.09
78214343,32091,23,81.39
78220948,92839,1,84.09
78220948,57874,1,234.09
78220948,64388,3,290.09
78220948,36496,16,5.69
78220948,66452,22,169.99
78220948,69991,2,1268.79
78233545,63985,4,78.79
78233545,16086,17,36.99
78233545,28650,7,96.69
78233545,44115,20,1320.79
78233950,84547,18,205.49
78233950,89968,5,206.49
78254561,37490,8,159.99
78254561,64388,2,290.09
78263823,11575,13,233.29
78266227,54586,25,98.49
78266227,75767,3,243.99
78269411,11453,2,1304.19
78284105,80349,2,203.59
78284105,20430,7,198.89
78284105,64388,1,290.09
78284105,46421,3,185.89
78284105,13185,7,205.29
78286453,15918,5,32.99
78291593,15918,15,32.99
78317890,62011,1,72.79
78317890,68723,2,96.89
78317890,57874,8,234.09
78363738,78853,19,26.29
78363738,15578,6,78.69
78363738,52111,1,173.99
78363738,61311,24,160.19
78364180,44115,1,1320.79
78364180,98451,1,1292.09
78387114,90808,1,77.19
78387114,58241,11,203.99
78387114,96141,25,909.49
78387114,21508,18,97.89
78387273,77617,12,226.99
78387273,95339,5,58.89
78387273,47632,6,168.29
78387273,41515,2,1273.69
78405148,57224,3,54.99
78421861,63748,7,91.19
78428606,85076,2,893.99
78428606,48510,1,68.99
78428606,36224,5,56.09
78428606,86809,10,71.29
78428606,92839,5,84.09
78428606,48289,1,85.59
78437244,25979,11,215.99
78440090,37490,2,159.99
78440090,77617,1,226.99
78440090,28650,2,96.69
78440090,39417,5,192.59
78457435,21230,15,90.79
78468567,75767,2,243.99
78479553,90808,9,77.19
78479553,85076,22,893.99
78479553,95646,1,323.09
78485038,44331,3,121.79
78488748,95646,15,323.09
78488748,68080,5,141.29
78490850,78853,25,26.29
78490850,20054,10,196.99
78490850,15578,1,78.69
78490850,22057,25,294.89
78490850,61311,17,160.19
78499494,22393,1,1060.09
78499494,26245,20,107.79
78501366,87809,1,436.79
78504294,36224,11,56.09
78504294,28650,7,96.69
78509119,16086,13,36.99
78509119,61311,19,160.19
78517953,79564,4,34.99
78534569,22057,15,294.89
78534569,26270,7,749.99
78535180,81641,3,228.09
78535180,75721,2,174.59
78535180,58241,7,203.99
78535180,61093,14,240.99
78535180,57874,1,234.09
78536013,22057,10,294.89
78536013,35273,7,213.19
78536013,46421,1,185.89
78536013,21230,1,90.79
78536013,81834,5,186.89
78536013,20430,24,198.89
78544600,35273,1,213.19
78565669,26740,16,216.59
78565669,14109,1,225.49
78568056,97298,18,29.99
78578994,35798,17,82.99
78578994,64388,1,290.09
78578994,37489,4,17.69
78579423,46935,25,118.99
78579423,26270,2,749.99
78579423,36209,7,189.99
78579423,35273,5,213.19
78579423,79564,18,34.99
78579423,95339,7,58.89
78581940,81834,3,186.89
78581958,21230,12,90.79
78582972,33606,4,285.99
78588465,39417,11,192.59
78601501,21230,7,90.79
78601501,26740,19,216.59
78601501,14979,17,582.09
78601501,98451,5,1292.09
78622531,69991,2,1268.79
78631995,85076,1,893.99
78642216,75721,19,174.59
78642216,97298,15,29.99
78642216,87809,1,436.79
78642216,57224,14,54.99
78659174,45172,3,205.99
78659174,39417,3,192.59
78659174,20054,16,196.99
78659174,26740,17,216.59
78659174,76830,8,210.09
78659174,21508,5,97.89
78659426,26994,5,84.39
78661446,72692,18,46.69
78663248,35798,12,82.99
78663248,14979,2,582.09
78663248,47632,19,168.29
78672261,35273,21,213.19
78672261,57224,2,54.99
78672261,26740,1,216.59
78672261,59301,1,43.99
78672486,99654,20,265.39
78672486,41515,2,1273.69
78672486,35798,19,82.99
78672486,10023,19,181.29
78672486,85459,18,239.79
78684765,13185,1,205.29
78684765,17582,1,83.39
78684765,73489,25,251.09
78691896,57874,15,234.09
78691896,57224,23,54.99
78698809,16749,2,231.39
78698809,37489,1,17.69
78698809,11313,17,78.49
78730543,22393,1,1060.09
78730543,64279,23,126.39
78730543,20430,9,198.89
78730543,48510,17,68.99
78730543,37742,9,193.59
78730543,36224,17,56.09
78730543,58241,1,203.99
78732121,48869,2,901.09
78732121,23045,1,713.69
78732802,57224,1,54.99
78732802,27600,2,1470.79
78743031,26740,17,216.59
78743031,97210,1,241.29
78743031,19409,17,67.99
78748523,34871,17,6.59
78748523,11575,20,233.29
78748523,80978,1,280.69
78748523,86809,5,71.29
78748523,64279,1,126.39
78749900,77670,5,244.59
78749900,61311,13,160.19
78762130,90808,2,77.19
78762130,46935,5,118.99
78762130,57545,3,12.49
78762130,85076,4,893.99
78762130,47632,7,168.29
78778487,14109,21,225.49
78778487,95339,1,58.89
78780772,95339,13,58.89
78786416,16353,10,105.99
78786416,35273,5,213.19
78786416,26270,3,749.99
78787448,47632,14,168.29
78787448,14109,3,225.49
78787448,85973,1,177.59
78787448,16805,1,279.49
78787448,34871,12,6.59
78787448,16749,12,231.39
78787448,70780,12,122.19
78789500,37489,10,17.69
78789500,92046,18,166.49
78790451,64388,6,290.09
78792465,24242,7,116.99
78792465,26270,7,749.99
78805301,78853,14,26.29
78810552,46835,14,112.29
78813093,64279,21,126.39
78818290,98451,1,1292.09
78823876,85973,5,177.59
78823876,20054,5,196.99
78826570,33606,3,285.99
78826570,90808,2,77.19
78834038,84547,17,205.49
78845027,14920,3,249.99
78865805,22393,24,1060.09
78867156,76830,12,210.09
78903410,58241,2,203.99
78903410,71227,15,166.29
78903619,85973,2,177.59
78903619,15626,8,429.09
78903619,47632,1,168.29
78903619,57874,2,234.09
78925269,75767,14,243.99
78930838,95646,14,323.09
78930838,20430,1,198.89
78936544,39417,2,192.59
78936544,82305,20,271.99
78936544,57051,1,58.39
78996712,81834,17,186.89
78996712,56178,1,1474.59
78996712,15918,7,32.99
78996712,71227,1,166.29
79006359,96141,1,909.49
79006359,16805,2,279.49
79006359,81834,5,186.89
79006523,41226,5,288.09
79006523,89133,1,292.19
79008062,29892,15,44.09
79015835,39417,18,192.59
79016103,23045,3,713.69
79016103,35273,10,213.19
79018299,99654,18,265.39
79018299,16236,2,4.99
79018299,36224,12,56.09
79020901,77617,2,226.99
79032694,10621,3,165.19
79032694,14109,22,225.49
79032694,41515,2,1273.69
79032694,36224,2,56.09
79033004,89968,24,206.49
79033004,68080,19,141.29
79035977,72692,11,46.69
79041930,68080,4,141.29
79041930,16236,1,4.99
79041930,54586,2,98.49
79041930,57874,17,234.09
79041930,27600,3,1470.79
79041930,96141,22,909.49
79042928,36224,2,56.09
79045443,15081,19,108.99
79045443,66452,9,169.99
79045443,48510,2,68.99
79045443,75767,12,243.99
79045443,11313,22,78.49
79045801,47437,14,898.99
79045801,78853,4,26.29
79045801,36591,4,162.99
79050992,47174,1,390.69
79051351,57874,7,234.09
79057671,35273,1,213.19
79063549,94514,1,254.99
79063549,16749,4,231.39
79092318,80978,23,280.69
79092318,23045,4,713.69
79092318,13185,5,205.29
79094730,20054,3,196.99
79100418,13185,1,205.29
79100418,32511,1,62.59
79108875,26270,18,749.99
79115032,58241,24,203.99
79115032,96141,23,909.49
79118752,14042,7,77.29
79119565,32457,11,550.79
79119565,10023,17,181.29
79121496,75767,14,243.99
79121496,14979,9,582.09
79125116,87148,1,4.99
79125116,14920,11,249.99
79129149,85076,1,893.99
79129149,14979,8,582.09
79129475,85076,24,893.99
79129475,69218,1,184.09
79140542,20054,13,196.99
79140542,64388,1,290.09
79146366,16353,22,105.99
79146366,64279,1,126.39
79146366,33606,8,285.99
79150873,10023,13,181.29
79150873,23045,19,713.69
79150873,85076,6,893.99
79150873,83295,4,123.99
79150873,59301,3,43.99
79150873,10153,20,602.09
79169506,23045,4,713.69
79169506,14979,23,582.09
79177693,37489,2,17.69
79177693,95523,9,82.19
79182730,68080,6,141.29
79182730,57545,6,12.49
79182730,97298,13,29.99
79182730,15578,5,78.69
79182730,25536,18,208.09
79182730,44115,11,1320.79
79186075,85459,19,239.79
79209740,80349,20,203.59
79209740,54586,1,98.49
79209838,82664,8,269.69
79227136,37490,5,159.99
79227136,15578,2,78.69
79227136,20054,3,196.99
79243943,89133,11,292.19
79243943,21230,16,90.79
79252984,11575,8,233.29
79257670,78853,1,26.29
79257670,95339,5,58.89
79269855,62011,3,72.79
79269855,37742,6,193.59
79269855,61311,19,160.19
79286322,26270,1,749.99
79288726,63985,15,78.79
79288726,29892,12,44.09
79288726,27600,13,1470.79
79288726,47632,4,168.29
79295106,37489,11,17.69
79295106,78853,9,26.29
79295106,75721,1,174.59
79305520,47437,4,898.99
79305520,48289,7,85.59
79305520,57860,12,198.49
79318146,46935,13,118.99
79318146,11575,25,233.29
79326692,37489,18,17.69
79326692,81834,19,186.89
79326692,35273,3,213.19
79326692,27849,6,123.59
79326692,87809,10,436.79
79328007,94612,3,266.79
79328007,46421,1,185.89
79343650,32511,6,62.59
79343650,64388,1,290.09
79355893,87809,2,436.79
79355893,47437,23,898.99
79364996,20054,1,196.99
79368645,78853,3,26.29
79387984,95646,18,323.09
79387984,97210,6,241.29
79387984,77617,16,226.99
79387984,41515,1,1273.69
79387984,98451,20,1292.09
79396713,46935,3,118.99
79403882,80625,4,690.09
79410447,75721,6,174.59
79410447,44513,6,53.19
79410447,78853,24,26.29
79410447,52661,2,797.29
79410447,41515,1,1273.69
79415269,20054,20,196.99
79415269,28650,3,96.69
79415269,47174,13,390.69
79415269,87148,1,4.99
79415269,25536,1,208.09
79415269,35798,3,82.99
79431011,41515,24,1273.69
79431310,61311,20,160.19
79431310,10023,5,181.29
79431310,90808,1,77.19
79441149,82410,23,171.99
79444512,86809,6,71.29
79444512,47437,4,898.99
79444512,58650,3,11.09
79456114,85076,10,893.99
79456114,33606,7,285.99
79457637,53392,3,112.99
79457637,96141,9,909.49
79457637,48289,8,85.59
79457637,97210,1,241.29
79458956,16353,4,105.99
79475793,84482,3,223.49
79475793,92046,1,166.49
79501766,81834,1,186.89
79501766,54586,23,98.49
79501766,62011,3,72.79
79502530,83295,6,123.99
79502530,37489,11,17.69
79502530,80625,14,690.09
79502530,16353,4,105.99
79502530,92839,19,84.09
79502632,57874,1,234.09
79517237,90808,1,77.19
79517237,37490,1,159.99
79517237,10621,1,165.19
79517237,23045,20,713.69
79529161,39417,23,192.59
79529161,15578,25,78.69
79529161,24242,5,116.99
79545466,85459,25,239.79
79568827,29892,2,44.09
79570755,75767,24,243.99
79570755,98451,15,1292.09
79570755,20430,4,198.89
79570755,57801,17,63.79
79590620,76830,17,210.09
79590620,80625,6,690.09
79590620,95646,14,323.09
79590620,37489,4,17.69
79590620,26740,9,216.59
79590620,41515,2,1273.69
79595614,94514,5,254.99
79604495,71227,19,166.29
79612665,68723,14,96.89
79612665,52111,13,173.99
79643960,85973,1,177.59
79643960,81834,1,186.89
79648173,10023,23,181.29
79648173,71227,1,166.29
79648173,54586,4,98.49
79649071,15578,1,78.69
79649071,66578,11,268.19
79649071,85973,8,177.59
79649071,11313,4,78.49
79649071,63985,18,78.79
79649071,48510,1,68.99
79659964,54586,7,98.49
79662348,25536,9,208.09
79665781,92046,4,166.49
79665781,10023,15,181.29
79665781,19021,11,253.09
79665781,99654,5,265.39
79665781,15918,1,32.99
79691637,80625,5,690.09
79691637,83295,1,123.99
79691637,87809,23,436.79
79691637,79564,1,34.99
79691637,22393,15,1060.09
79698621,99654,4,265.39
79698621,14979,20,582.09
79698621,77617,1,226.99
79700513,46935,14,118.99
79700513,19409,25,67.99
79700513,29892,1,44.09
79700513,10621,1,165.19
79705299,66452,1,169.99
79710029,20074,22,1064.09
79710029,20054,3,196.99
79715504,20054,1,196.99
79717548,68723,21,96.89
79721936,36496,1,5.69
79721936,87426,1,180.29
79723472,19409,2,67.99
79723472,87148,18,4.99
79723472,19177,5,100.79
79733891,85973,2,177.59
79733891,25979,24,215.99
79742047,98451,25,1292.09
79742047,12576,1,134.49
79756087,97298,13,29.99
79757938,19021,11,253.09
79798345,10621,2,165.19
79798345,95646,17,323.09
79798459,94652,13,32.39
79827277,26270,19,749.99
79827277,49147,6,352.19
79835292,26270,19,749.99
79838719,78853,10,26.29
79838719,87426,18,180.29
79838719,41515,6,1273.69
79838719,90808,4,77.19
79838719,89968,5,206.49
79842387,12576,12,134.49
79842387,32457,1,550.79
79842387,47632,14,168.29
79842387,20430,19,198.89
79842387,16749,6,231.39
79842387,54586,9,98.49
79873342,37490,5,159.99
79873342,57545,17,12.49
79873969,52661,22,797.29
79879606,41515,2,1273.69
79879606,59301,2,43.99
79879606,46421,13,185.89
79879606,32640,1,234.89
79893335,87789,18,294.99
79902903,85076,15,893.99
79902903,47437,1,898.99
79902903,19409,19,67.99
79905491,15918,12,32.99
79905491,98451,7,1292.09
79918269,99654,12,265.39
79936406,35273,5,213.19
79936406,69729,10,209.19
79936406,36224,2,56.09
79936406,37489,11,17.69
79939168,46421,1,185.89
79939168,75767,25,243.99
79939168,92839,18,84.09
79939168,16805,9,279.49
79958186,57224,15,54.99
79958186,73489,11,251.09
79982664,58241,21,203.99
79982664,46421,4,185.89
79982664,81834,1,186.89
79984204,36224,12,56.09
79989079,35798,5,82.99
79989079,37742,20,193.59
79989079,41515,5,1273.69
79989079,32457,15,550.79
79989079,87148,21,4.99
79989079,24242,10,116.99
79989079,85973,17,177.59
79989214,32511,2,62.59
79998938,12576,8,134.49
80008739,95646,11,323.09
80008739,17582,1,83.39
80024879,98451,9,1292.09
80024879,19403,1,228.99
80024879,26270,12,749.99
80024879,85459,3,239.79
80024879,32640,1,234.89
80028396,73115,10,172.99
80028396,32511,21,62.59
80033219,57545,1,12.49
80033219,51098,3,30.89
80033219,35273,4,213.19
80038683,58781,7,290.99
80040745,36496,6,5.69
80045524,75767,11,243.99
80045524,19409,23,67.99
80045524,48510,1,68.99
80047473,86809,1,71.29
80059584,57224,25,54.99
80059584,21230,3,90.79
80087448,69729,11,209.19
80087448,63985,10,78.79
80087448,20430,5,198.89
80088450,57224,14,54.99
80088450,15578,13,78.69
80090835,47437,14,898.99
80090835,85459,1,239.79
80090835,16749,2,231.39
80090835,16353,10,105.99
80091587,33606,5,285.99
80091587,61311,17,160.19
80091587,95339,1,58.89
80091587,87148,18,4.99
80091587,23045,1,713.69
80091587,26270,5,749.99
80104523,47174,5,390.69
80104523,27849,6,123.59
80104523,85076,6,893.99
80104523,17582,14,83.39
80120625,14109,18,225.49
80134349,35798,2,82.99
80134349,23045,6,713.69
80134349,24242,10,116.99
80134349,58241,1,203.99
80134349,47437,1,898.99
80142956,86286,10,261.59
80142956,76830,5,210.09
80142956,37490,1,159.99
80144189,39417,5,192.59
80144189,36224,22,56.09
80144189,33606,1,285.99
80144189,37742,1,193.59
80147702,37742,3,193.59
80147857,96141,22,909.49
80147857,19021,11,253.09
80147857,14979,1,582.09
80147857,37489,25,17.69
80147857,16353,13,105.99
80147857,47437,18,898.99
80147857,32457,1,550.79
80147857,64388,1,290.09
80159690,85459,4,239.79
80159690,80625,16,690.09
80165400,56178,3,1474.59
80165400,21508,3,97.89
80178658,29892,1,44.09
80178658,66452,1,169.99
80178658,61311,6,160.19
80178658,37489,17,17.69
80195740,86809,7,71.29
80195740,54586,7,98.49
80195740,25536,24,208.09
80195740,73489,1,251.09
80195740,22393,1,1060.09
80195740,81834,8,186.89
80195740,57224,2,54.99
80195740,81641,5,228.09
80233217,20054,5,196.99
80233217,35273,16,213.19
80233217,78853,14,26.29
80233217,95646,8,323.09
80233217,86809,18,71.29
80233217,33606,20,285.99
80239937,35798,1,82.99
80239937,20430,23,198.89
80245758,69218,1,184.09
80257399,14109,17,225.49
80257399,47632,1,168.29
80263776,22393,10,1060.09
80263776,96141,10,909.49
80263776,81641,12,228.09
80263776,69991,23,1268.79
80263776,58241,10,203.99
80290265,97298,6,29.99
80297110,76830,1,210.09
80297110,64388,3,290.09
80297110,39417,13,192.59
80297110,22393,16,1060.09
80297110,32091,12,81.39
80297110,48510,1,68.99
80297110,87809,24,436.79
80299759,52648,20,195.89
80299759,26270,2,749.99
80320919,92839,17,84.09
80320919,58241,2,203.99
80323635,66578,22,268.19
80323635,46421,11,185.89
80323635,36224,1,56.09
80324791,25536,21,208.09
80324791,11575,1,233.29
80324791,16086,1,36.99
80324791,98451,3,1292.09
80326207,64388,1,290.09
80326207,48510,6,68.99
80326207,75721,5,174.59
80326410,27849,6,123.59
80345555,75767,10,243.99
80345555,36591,21,162.99
80345555,10023,1,181.29
80345555,68723,23,96.89
80345555,16086,1,36.99
80358931,79564,13,34.99
80358931,36224,14,56.09
80410639,11426,1,1071.19
80410639,11453,16,1304.19
80410639,19409,2,67.99
80410639,66452,10,169.99
80410639,75721,7,174.59
80418097,33606,17,285.99
80428012,16749,1,231.39
80430865,57224,1,54.99
80430865,86809,11,71.29
80432874,68080,13,141.29
80432874,37489,17,17.69
80432874,26270,1,749.99
80432874,26740,10,216.59
80432874,54586,7,98.49
80432874,66452,9,169.99
80432874,22393,1,1060.09
80437783,95339,1,58.89
80439101,62011,1,72.79
80451983,58781,6,290.99
80459802,48510,7,68.99
80470638,97298,1,29.99
80470638,95646,4,323.09
80474558,47437,20,898.99
80474558,24242,15,116.99
80491752,66452,2,169.99
80492855,75767,1,243.99
80492855,36224,16,56.09
80492855,60647,23,264.09
80509701,15918,20,32.99
80509701,77670,2,244.59
80509701,72692,1,46.69
80509701,75767,17,243.99
80509701,36224,1,56.09
80509701,62011,2,72.79
80528010,75767,6,243.99
80528010,63493,7,215.09
80528010,26270,9,749.99
80528010,47632,3,168.29
80528010,35798,4,82.99
80531673,26994,9,84.39
80531673,78853,19,26.29
80531673,11313,6,78.49
80531673,95339,6,58.89
80533956,85076,1,893.99
80533956,26740,1,216.59
80533956,68080,14,141.29
80533956,35273,4,213.19
80533956,15918,1,32.99
80533956,94612,24,266.79
80534966,17576,18,214.09
80534966,98451,1,1292.09
80534966,95646,21,323.09
80541303,32511,1,62.59
80541303,10023,1,181.29
80541303,71227,9,166.29
80544709,92046,20,166.49
80544709,69037,1,35.99
80544709,14920,11,249.99
80544709,57224,11,54.99
80544709,32511,1,62.59
80544709,71645,25,403.99
80555295,92839,2,84.09
80560925,22393,14,1060.09
80567696,20888,1,65.99
80588822,79564,1,34.99
80599061,37489,3,17.69
80599061,11575,2,233.29
80599061,36496,15,5.69
80599061,50462,8,174.99
80616352,57224,15,54.99
80617890,97210,22,241.29
80617890,48996,19,64.79
80629863,95339,4,58.89
80644632,26740,15,216.59
80649389,71645,2,403.99
80649389,22393,7,1060.09
80654574,41820,16,21.99
80672396,18070,1,277.99
80687440,57051,1,58.39
80694146,17582,6,83.39
80702632,53078,13,293.39
80702632,32457,1,550.79
80702632,47437,18,898.99
80702632,33606,22,285.99
80705437,23045,18,713.69
80705437,20430,1,198.89
80705437,15626,5,429.09
80745703,37742,8,193.59
80745703,56178,19,1474.59
80746934,66452,1,169.99
80746934,13185,2,205.29
80746934,33606,2,285.99
80746934,89968,10,206.49
80746934,71645,16,403.99
80762737,66578,2,268.19
80766025,16353,3,105.99
80766025,57874,14,234.09
80766025,25979,16,215.99
80766309,35798,1,82.99
80766309,83295,9,123.99
80771984,87809,2,436.79
80771984,46421,12,185.89
80771984,78853,1,26.29
80773369,52648,25,195.89
80773369,57874,11,234.09
80793865,15918,12,32.99
80798295,75721,22,174.59
80798295,54586,9,98.49
80798295,32457,2,550.79
80798295,36496,7,5.69
80798295,48996,5,64.79
80798295,78853,10,26.29
80800436,37490,1,159.99
80800436,68080,7,141.29
80805421,36496,10,5.69
80816450,92839,7,84.09
80824293,37742,13,193.59
80824293,68080,17,141.29
80824293,66578,15,268.19
80841623,14109,2,225.49
80853562,22057,17,294.89
80855300,47632,7,168.29
80855300,32511,8,62.59
80855300,39417,1,192.59
80868387,61677,14,192.69
80868387,15918,19,32.99
80868387,35798,3,82.99
80868387,32938,1,1148.89
80869552,10621,14,165.19
80880811,26740,7,216.59
80880811,66452,1,169.99
80880811,57224,13,54.99
80880811,47437,2,898.99
80899079,13185,1,205.29
80899079,15626,19,429.09
80899079,85459,21,239.79
80899079,36224,1,56.09
80911425,63748,22,91.19
80921129,26270,11,749.99
80921129,81834,1,186.89
80921756,16086,12,36.99
80931960,76830,4,210.09
80938824,53392,1,112.99
80938824,16805,10,279.49
80943494,16086,2,36.99
80948694,64833,4,418.99
80948694,94612,7,266.79
80960446,20430,11,198.89
80960446,78853,5,26.29
80960446,69729,24,209.19
80960446,50462,22,174.99
80960446,14109,5,225.49
80969973,57224,16,54.99
80969973,94077,3,185.09
80987797,48510,1,68.99
80987797,64279,14,126.39
80987797,19409,2,67.99
80987797,16805,1,279.49
80987797,87809,4,436.79
80988608,86139,1,289.19
80988608,33935,13,201.99
80990887,99654,2,265.39
80990887,95339,2,58.89
80999264,25536,2,208.09
80999264,57545,1,12.49
80999264,76830,8,210.09
81000728,36496,22,5.69
81008902,95646,1,323.09
81008902,53392,5,112.99
81008902,77617,5,226.99
81024247,62011,3,72.79
81024247,10621,2,165.19
81024247,37490,1,159.99
81024247,16086,5,36.99
81041201,47632,4,168.29
81041201,41515,16,1273.69
81041201,85459,5,239.79
81041201,17582,24,83.39
81041201,46421,1,185.89
81041201,57224,16,54.99
81054374,11313,11,78.49
81071406,79564,6,34.99
81076876,41515,3,1273.69
81079835,63985,17,78.79
81085250,47174,3,390.69
81085250,20054,21,196.99
81085250,84547,1,205.49
81085250,41820,1,21.99
81100134,97210,3,241.29
81100134,69218,21,184.09
81100134,87426,2,180.29
81100134,77617,3,226.99
81106218,48996,16,64.79
81122030,21230,25,90.79
81122030,81834,3,186.89
81122030,35273,24,213.19
81127875,36224,17,56.09
81135825,68479,4,46.29
81135825,41515,18,1273.69
81135825,44513,1,53.19
81149745,32091,6,81.39
81149745,10023,1,181.29
81149745,14979,2,582.09
81149745,23364,15,143.99
81149745,97210,3,241.29
81161997,50150,2,390.59
81161997,92839,7,84.09
81170717,58650,5,11.09
81170717,16749,17,231.39
81170717,87809,21,436.79
81179438,33209,4,384.69
81188443,26245,3,107.79
81191878,36224,7,56.09
81191878,36496,1,5.69
81194841,44331,1,121.79
81194841,58241,20,203.99
81213995,16805,10,279.49
81214907,57224,1,54.99
81215423,36591,1,162.99
81217783,10023,3,181.29
81230380,14920,1,249.99
81230380,41515,17,1273.69
81230380,13185,1,205.29
81230380,26270,11,749.99
81232428,25536,1,208.09
81232428,54586,1,98.49
81232428,15626,22,429.09
81232428,20430,17,198.89
81232428,23045,2,713.69
81234499,71227,1,166.29
81234499,54586,1,98.49
81234499,77617,22,226.99
81249191,36262,14,233.99
81253795,84547,16,205.49
81264489,44513,13,53.19
81264489,86809,3,71.29
81264489,72692,1,46.69
81264489,68080,1,141.29
81264489,16749,2,231.39
81264489,89968,6,206.49
81264489,76061,6,229.99
81273018,47632,3,168.29
81273018,68080,24,141.29
81273018,89968,18,206.49
81273018,69991,1,1268.79
81273018,45172,2,205.99
81274878,84547,25,205.49
81274878,20054,2,196.99
81279038,58241,1,203.99
81279038,45172,1,205.99
81279038,47174,1,390.69
81279038,57545,14,12.49
81279684,17582,3,83.39
81279684,64388,22,290.09
81279684,68080,17,141.29
81279684,57224,5,54.99
81282557,24242,21,116.99
81295920,75438,1,59.19
81301905,10023,8,181.29
81306965,48289,2,85.59
81321867,64388,23,290.09
81321867,75438,1,59.19
81321867,57874,5,234.09
81324825,84547,14,205.49
81324825,97298,8,29.99
81324825,50462,3,174.99
81327560,76061,25,229.99
81327560,58650,13,11.09
81327560,37489,25,17.69
81327560,22393,10,1060.09
81329191,69037,6,35.99
81355824,16749,16,231.39
81355824,57051,4,58.39
81355824,95339,5,58.89
81365269,69729,7,209.19
81365269,58781,13,290.99
81365269,20430,12,198.89
81374739,61311,18,160.19
81374739,37489,11,17.69
81374739,33606,7,285.99
81374739,41515,4,1273.69
81374739,97298,3,29.99
81376862,37490,8,159.99
81376862,58241,1,203.99
81376862,66452,24,169.99
81390998,52648,8,195.89
81390998,99654,13,265.39
81390998,24242,11,116.99
81390998,64388,25,290.09
81410977,29892,8,44.09
81410977,86809,1,71.29
81410977,46421,3,185.89
81415736,75767,3,243.99
81415736,68080,6,141.29
81415736,85076,23,893.99
81415736,16749,8,231.39
81419488,11453,25,1304.19
81419488,71487,20,1086.99
81419488,14109,10,225.49
81421538,97210,14,241.29
81421538,26740,8,216.59
81421953,17582,2,83.39
81432260,86809,1,71.29
81432260,57545,7,12.49
81434118,10023,3,181.29
81450549,87789,1,294.99
81471616,39417,1,192.59
81471616,16086,17,36.99
81485777,15626,12,429.09
81496993,23045,17,713.69
81507006,15626,1,429.09
81507006,45172,4,205.99
81507847,11453,19,1304.19
81536816,33606,24,285.99
81557857,27600,15,1470.79
81557857,24242,5,116.99
81563333,41039,14,218.69
81564221,16353,25,105.99
81564221,57874,10,234.09
81564221,46421,20,185.89
81564221,90808,16,77.19
81564221,80349,25,203.59
81566112,98451,16,1292.09
81566638,89968,7,206.49
81569024,47174,2,390.69
81569024,48510,21,68.99
81569024,86809,2,71.29
81569024,21508,13,97.89
81569024,81641,6,228.09
81578428,87148,2,4.99
81590708,63748,12,91.19
81596375,16086,16,36.99
81596486,47174,1,390.69
81596486,57224,8,54.99
81596486,81641,5,228.09
81596486,96141,23,909.49
81597280,87809,8,436.79
81597280,36496,10,5.69
81597280,35798,18,82.99
81613236,57545,10,12.49
81613236,87809,2,436.79
81613236,57874,21,234.09
81613236,52648,11,195.89
81613236,48510,18,68.99
81613236,32091,6,81.39
81613236,97210,6,241.29
81635860,39417,18,192.59
81635860,86809,16,71.29
81635860,64279,3,126.39
81635860,77617,6,226.99
81635860,15578,15,78.69
81635860,47437,24,898.99
81640766,45172,15,205.99
81640766,58241,18,203.99
81644380,95646,1,323.09
81647665,25979,23,215.99
81647665,10621,22,165.19
81647665,57545,12,12.49
81647665,26270,14,749.99
81647665,69218,9,184.09
81675055,22393,1,1060.09
81675055,20430,23,198.89
81675055,80349,15,203.59
81675055,77617,7,226.99
81675055,57874,1,234.09
81679617,15578,7,78.69
81679617,83295,12,123.99
81679617,54586,1,98.49
81690489,86809,13,71.29
81692324,41345,7,812.29
81692324,89968,17,206.49
81693273,94514,8,254.99
81693273,26270,22,749.99
81693273,95646,8,323.09
81693273,66452,4,169.99
81694583,26740,1,216.59
81694583,46421,24,185.89
81694583,35273,5,213.19
81694583,32457,11,550.79
81724409,57224,1,54.99
81724409,25536,2,208.09
81727466,41226,1,288.09
81727466,47437,13,898.99
81750678,90808,1,77.19
81750678,26270,10,749.99
81756798,37490,4,159.99
81756798,19403,1,228.99
81756798,20430,3,198.89
81759958,47174,14,390.69
81759958,26245,7,107.79
81759958,46421,1,185.89
81769466,26270,12,749.99
81769466,35798,3,82.99
81771615,16749,2,231.39
81777110,37742,7,193.59
81777110,20054,13,196.99
81777110,77670,3,244.59
81787185,48996,10,64.79
81787185,11575,4,233.29
81787185,54586,3,98.49
81787185,17582,1,83.39
81787185,48869,1,901.09
81787185,94652,15,32.39
81787185,61311,1,160.19
81813475,37489,7,17.69
81820474,16749,13,231.39
81820474,52111,18,173.99
81830545,64388,4,290.09
81830545,20074,3,1064.09
81830545,82664,23,269.69
81853598,48869,1,901.09
81853598,36224,20,56.09
81853598,44115,12,1320.79
81855017,57224,20,54.99
81855017,32640,19,234.89
81862589,20054,3,196.99
81877742,66578,22,268.19
81877742,10023,1,181.29
81877742,47174,6,390.69
81877742,25979,11,215.99
81877742,32091,5,81.39
81880634,58241,17,203.99
81897179,19409,7,67.99
81906452,47174,1,390.69
81906452,46421,24,185.89
81906452,90808,3,77.19
81958710,57545,3,12.49
81958710,47632,1,168.29
81963239,20054,3,196.99
81963239,84547,2,205.49
81963239,72692,1,46.69
81963239,10023,2,181.29
81963239,52111,19,173.99
81963239,87426,1,180.29
81963239,11453,1,1304.19
81971070,86809,18,71.29
81980196,32640,1,234.89
82005360,10571,9,84.99
82015695,58241,22,203.99
82020264,13185,8,205.29
82020264,86854,17,207.99
82020264,11453,1,1304.19
82027718,26270,1,749.99
82027718,36224,2,56.09
82027718,20054,12,196.99
82027718,46421,1,185.89
82048207,48510,3,68.99
82048207,57860,5,198.49
82048207,57874,5,234.09
82048207,95646,22,323.09
82061534,20054,3,196.99
82061534,26740,14,216.59
82061534,32457,1,550.79
82061534,57051,7,58.39
82061534,89968,15,206.49
82074119,35273,14,213.19
82097509,32938,1,1148.89
82097509,12852,17,262.49
82097509,20430,18,198.89
82100800,22393,5,1060.09
82100800,64388,6,290.09
82100800,19021,1,253.09
82100800,20054,15,196.99
82100800,66185,3,659.99
82125531,39417,7,192.59
82125531,11313,7,78.49
82125531,87789,1,294.99
82134522,86809,2,71.29
82146705,26270,18,749.99
82146705,78853,1,26.29
82146705,34871,25,6.59
82146705,87809,7,436.79
82147530,78853,2,26.29
82155078,75721,21,174.59
82163178,87148,1,4.99
82169932,95523,23,82.19
82169932,32457,8,550.79
82172516,46935,9,118.99
82174327,64279,7,126.39
82174327,86809,6,71.29
82176894,22057,5,294.89
82177828,20430,2,198.89
82177828,89968,15,206.49
82177828,84482,16,223.49
82177828,26270,4,749.99
82186255,14109,1,225.49
82188555,22057,5,294.89
82193407,36496,1,5.69
82193407,57545,23,12.49
82193407,77670,18,244.59
82205233,37489,7,17.69
82205233,64388,25,290.09
82226971,87809,13,436.79
82226971,52648,3,195.89
82226971,33606,4,285.99
82241524,27849,15,123.59
82241524,22393,16,1060.09
82241524,36224,19,56.09
82241524,35273,2,213.19
82241524,71227,13,166.29
82249687,61093,20,240.99
82249687,39417,14,192.59
82249687,94514,22,254.99
82253472,26270,4,749.99
82253472,90808,5,77.19
82253472,46421,20,185.89
82253472,34871,22,6.59
82253472,27849,15,123.59
82263405,56178,10,1474.59
82263405,57874,3,234.09
82268953,16353,2,105.99
82268953,47174,1,390.69
82269752,11811,2,250.49
82269752,22393,20,1060.09
82271595,81834,2,186.89
82271595,52648,14,195.89
82271595,89968,5,206.49
82271595,36209,2,189.99
82271595,87426,15,180.29
82271595,22393,7,1060.09
82271595,14109,7,225.49
82275881,14979,3,582.09
82277971,85076,8,893.99
82280853,15918,4,32.99
82298928,86809,13,71.29
82298928,79564,19,34.99
82298928,84547,19,205.49
82299544,26270,5,749.99
82299544,11453,9,1304.19
82309811,11575,22,233.29
82309811,25536,3,208.09
82309811,89968,7,206.49
82309811,47437,1,898.99
82309811,90808,19,77.19
82312334,70780,3,122.19
82312334,22393,7,1060.09
82312334,57545,1,12.49
82312334,10621,13,165.19
82312334,11575,20,233.29
82312334,95339,7,58.89
82312334,32511,22,62.59
82312334,81834,3,186.89
82331092,15578,3,78.69
82331092,64388,14,290.09
82337824,85076,8,893.99
82362124,39417,10,192.59
82362124,71227,1,166.29
82362124,95646,5,323.09
82382822,78853,4,26.29
82382822,98451,2,1292.09
82382822,35273,15,213.19
82382822,52648,3,195.89
82388438,32091,14,81.39
82388438,11313,7,78.49
82388438,64388,15,290.09
82388438,46421,1,185.89
82388438,41515,3,1273.69
82388438,75767,2,243.99
82397423,18398,25,283.19
82415027,16749,5,231.39
82415027,75721,1,174.59
82440567,61093,1,240.99
82449458,86809,4,71.29
82449458,66452,1,169.99
82449458,95646,4,323.09
82449458,98451,1,1292.09
82467266,64388,1,290.09
82492200,92839,8,84.09
82517534,37489,1,17.69
82517534,75767,3,243.99
82520696,95646,19,323.09
82520696,10621,4,165.19
82520696,69037,6,35.99
82520696,20430,19,198.89
82521117,47632,9,168.29
82524015,47437,1,898.99
82524015,68479,1,46.29
82545159,77617,10,226.99
82551420,33606,14,285.99
82552257,64388,23,290.09
82552257,75767,10,243.99
82555195,10023,20,181.29
82555195,53392,1,112.99
82555195,26740,3,216.59
82555195,95646,11,323.09
82555195,66578,3,268.19
82606115,81834,3,186.89
82606115,99654,1,265.39
82607843,84547,2,205.49
82607843,16749,2,231.39
82611088,82067,2,40.79
82611088,96141,8,909.49
82611088,78853,24,26.29
82611088,15578,4,78.69
82616305,22393,10,1060.09
82616305,95523,11,82.19
82616305,35273,23,213.19
82616305,78853,3,26.29
82616305,47632,6,168.29
82616968,46835,8,112.29
82616968,99654,1,265.39
82616968,36496,8,5.69
82619138,64388,1,290.09
82619138,17582,1,83.39
82628017,39417,22,192.59
82628017,64279,22,126.39
82628017,47632,9,168.29
82631305,59301,6,43.99
82631305,20054,1,196.99
82631305,97210,2,241.29
82641877,18398,17,283.19
82643227,81834,2,186.89
82643227,36496,21,5.69
82643227,32457,14,550.79
82643227,32091,13,81.39
82663329,17582,1,83.39
82678330,36224,14,56.09
82678330,98451,1,1292.09
82684161,47437,4,898.99
82684161,36591,23,162.99
82684161,94514,2,254.99
82684161,16353,15,105.99
82684161,11575,1,233.29
82684161,57224,5,54.99
82691483,32511,7,62.59
82691483,92839,16,84.09
82691483,91580,7,262.59
82691483,29892,7,44.09
82691483,47632,3,168.29
82694907,11313,1,78.49
82694907,15578,9,78.69
82694907,35273,10,213.19
82699571,53078,13,293.39
82699571,10621,14,165.19
82699571,63748,3,91.19
82709633,26740,12,216.59
82709633,86809,2,71.29
82709633,46421,4,185.89
82710412,15578,25,78.69
82710692,10621,1,165.19
82729419,85076,13,893.99
82729419,79834,1,151.19
82733901,16086,1,36.99
82734958,46421,10,185.89
82778022,68723,1,96.89
82778022,52648,8,195.89
82778022,36209,2,189.99
82778022,11575,9,233.29
82778022,32511,19,62.59
82783343,57224,15,54.99
82783343,54586,22,98.49
82783343,35798,7,82.99
82783343,63985,1,78.79
82783343,33606,11,285.99
82783343,37489,5,17.69
82783343,66185,19,659.99
82798870,85973,20,177.59
82805017,16353,13,105.99
82805017,15578,7,78.69
82805017,19021,4,253.09
82805017,75721,1,174.59
82805017,81834,23,186.89
82806840,36262,8,233.99
82828623,20430,9,198.89
82828623,15918,1,32.99
82828623,47437,16,898.99
82832886,52648,10,195.89
82833855,57224,19,54.99
82838066,58781,23,290.99
82847057,97298,5,29.99
82847057,35273,4,213.19
82852726,20430,1,198.89
82852726,14979,23,582.09
82852726,89968,1,206.49
82853553,47632,20,168.29
82853553,62011,12,72.79
82856455,58241,1,203.99
82856455,36224,18,56.09
82856455,36496,4,5.69
82856455,37489,6,17.69
82856455,26740,2,216.59
82856455,98451,20,1292.09
82863837,96141,15,909.49
82869590,76830,1,210.09
82875244,66578,3,268.19
82875244,57545,20,12.49
82887001,15578,1,78.69
82887001,63748,2,91.19
82887001,64279,5,126.39
82887001,80625,4,690.09
82903321,19409,21,67.99
82903321,22393,14,1060.09
82903321,39417,15,192.59
82903321,46421,15,185.89
82909073,71645,4,403.99
82909073,96141,1,909.49
82909073,46421,3,185.89
82909073,57874,7,234.09
82912043,98451,17,1292.09
82913122,25979,8,215.99
82913122,23045,21,713.69
82914113,85973,5,177.59
82916017,80625,2,690.09
82916017,10023,10,181.29
82916017,27057,20,353.39
82916017,47437,2,898.99
82916017,61311,1,160.19
82928329,57860,1,198.49
82928329,84547,15,205.49
82930598,20430,3,198.89
82930598,78649,4,1059.49
82930598,22393,19,1060.09
82946800,75767,2,243.99
82955419,79564,1,34.99
82955419,27849,10,123.59
82959772,26740,15,216.59
82982899,20430,6,198.89
82982899,27849,4,123.59
82982899,26399,1,179.19
82982899,84547,6,205.49
82985240,26245,14,107.79
82985240,32091,2,81.39
82985240,27849,13,123.59
82985240,20054,4,196.99
82988779,57224,12,54.99
82990453,26740,1,216.59
82990453,20054,6,196.99
83002329,76830,3,210.09
83004274,12576,20,134.49
83004274,46935,25,118.99
83007782,20430,5,198.89
83043864,64388,5,290.09
83043864,68723,14,96.89
83043864,26270,1,749.99
83053965,63985,2,78.79
83063228,35798,1,82.99
83063228,25979,1,215.99
83063228,47174,24,390.69
83063228,20054,23,196.99
83063228,52648,1,195.89
83063228,99654,1,265.39
83063228,24242,1,116.99
83066856,32511,23,62.59
83066856,16749,1,231.39
83081567,57224,5,54.99
83081567,14920,2,249.99
83081567,99654,7,265.39
83081567,69729,25,209.19
83081567,36224,2,56.09
83081567,97210,1,241.29
83081567,26245,4,107.79
83081567,47632,1,168.29
83090758,27849,1,123.59
83090758,66185,22,659.99
83090758,21230,13,90.79
83090976,11575,3,233.29
83113544,11453,2,1304.19
83114186,17582,5,83.39
83114186,64388,17,290.09
83125272,26245,14,107.79
83133479,20054,2,196.99
83133479,57801,3,63.79
83151641,97298,1,29.99
83151641,36496,11,5.69
83151641,79564,1,34.99
83151641,61911,1,279.89
83170748,87809,5,436.79
83197811,63748,2,91.19
83211444,86809,3,71.29
83211444,58241,7,203.99
83211444,16086,6,36.99
83211444,36224,3,56.09
83211444,54586,6,98.49
83211444,85572,7,30.99
83211444,32511,22,62.59
83224480,85973,13,177.59
83224480,35273,21,213.19
83227150,76830,8,210.09
83227150,68080,15,141.29
83227150,27057,12,353.39
83234622,72692,8,46.69
83235959,26245,1,107.79
83235959,15918,3,32.99
83235959,22393,16,1060.09
83237264,64279,21,126.39
83237264,33209,8,384.69
83239232,58763,13,134.49
83239232,47174,3,390.69
83239232,45172,1,205.99
83254122,83295,2,123.99
83254122,54586,10,98.49
83254122,64388,1,290.09
83254122,26740,10,216.59
83254122,33606,1,285.99
83255713,32511,24,62.59
83255713,32457,1,550.79
83255713,37490,1,159.99
83255713,36224,11,56.09
83255713,94612,4,266.79
83259473,61311,20,160.19
83259473,71645,1,403.99
83259473,75721,13,174.59
83260118,95646,23,323.09
83261353,75767,10,243.99
83268475,68080,1,141.29
83268475,90808,6,77.19
83268475,69037,17,35.99
83268475,15918,2,32.99
83268475,26270,14,749.99
83268475,46421,1,185.89
83271142,71645,24,403.99
83271142,32457,2,550.79
83274831,73115,1,172.99
83274831,85973,2,177.59
83274831,26245,8,107.79
83274831,66578,4,268.19
83274831,16805,22,279.49
83274831,20054,18,196.99
83278631,22057,24,294.89
83278631,54586,8,98.49
83281849,27849,9,123.59
83282142,20054,3,196.99
83282370,20430,4,198.89
83282370,15918,3,32.99
83282370,78853,3,26.29
83291691,26750,6,78.79
83291691,46421,1,185.89
83305049,46421,20,185.89
83305049,80349,2,203.59
83306530,37742,16,193.59
83306530,20430,3,198.89
83306530,78853,8,26.29
83326588,56178,1,1474.59
83326588,14979,3,582.09
83326588,13185,15,205.29
83334373,39417,8,192.59
83334373,46421,1,185.89
83334373,52648,1,195.89
83353278,85076,24,893.99
83353278,57545,16,12.49
83370889,12576,2,134.49
83378855,15578,4,78.69
83378855,36209,10,189.99
83378855,59301,10,43.99
83378855,66452,1,169.99
83399550,90808,1,77.19
83399881,78853,6,26.29
83399881,22057,6,294.89
83399881,15578,1,78.69
83399881,26270,23,749.99
83399881,92839,5,84.09
83402162,15081,4,108.99
83402162,20054,20,196.99
83402162,87809,11,436.79
83417610,42020,1,49.99
83420222,35798,4,82.99
83420222,78853,7,26.29
83422198,47632,16,168.29
83422198,57874,1,234.09
83422198,58241,8,203.99
83422198,44513,21,53.19
83422198,41515,5,1273.69
83422198,48606,6,391.49
83422198,22393,10,1060.09
83422198,16749,6,231.39
83422932,72692,1,46.69
83422932,75767,2,243.99
83422932,80349,17,203.59
83450872,58241,17,203.99
83450872,61311,1,160.19
83451851,32457,16,550.79
83451851,54586,1,98.49
83451851,26245,6,107.79
83456299,35798,1,82.99
83456299,77670,3,244.59
83456299,64388,1,290.09
83461125,61311,3,160.19
83467108,23045,9,713.69
83478700,52648,23,195.89
83478700,80625,6,690.09
83478700,82664,1,269.69
83478700,39417,1,192.59
83478700,97210,3,241.29
83478700,32640,15,234.89
83478700,89968,16,206.49
83478700,76830,4,210.09
83505399,39417,20,192.59
83505399,26270,17,749.99
83506639,62011,21,72.79
83506639,85459,19,239.79
83506639,66452,1,169.99
83506639,20054,12,196.99
83507337,17582,1,83.39
83509395,79834,22,151.19
83509395,46421,7,185.89
83509395,13185,21,205.29
83509395,99654,5,265.39
83509395,78853,15,26.29
83513579,64388,9,290.09
83513579,58241,18,203.99
83513579,32457,1,550.79
83513579,36591,1,162.99
83518616,10621,1,165.19
83534990,41515,1,1273.69
83534990,26270,1,749.99
83534990,87809,4,436.79
83534990,57224,6,54.99
83534990,77670,1,244.59
83534990,39417,1,192.59
83534990,48510,1,68.99
83534990,27849,13,123.59
83547093,72692,5,46.69
83547093,20430,18,198.89
83554317,79564,7,34.99
83557911,66452,1,169.99
83563523,34871,20,6.59
83563523,61311,25,160.19
83570010,46935,17,118.99
83570010,48996,12,64.79
83573034,16749,1,231.39
83573034,48996,1,64.79
83576297,63748,4,91.19
83576297,11426,1,1071.19
83598667,32091,1,81.39
83598667,16749,8,231.39
83601251,40999,5,120.99
83601251,25979,22,215.99
83601354,26750,8,78.79
83601354,89968,3,206.49
83601354,76830,19,210.09
83618814,32640,22,234.89
83618814,51098,6,30.89
83618814,14109,20,225.49
83618814,22393,2,1060.09
83618814,85459,10,239.79
83634034,98451,5,1292.09
83643350,61911,19,279.89
83643350,64388,3,290.09
83643350,46421,10,185.89
83644952,36496,14,5.69
83644952,32640,3,234.89
83644952,14979,4,582.09
83644952,81834,16,186.89
83644952,54586,20,98.49
83644952,64388,9,290.09
83644952,35798,1,82.99
83657386,86809,1,71.29
83657386,37490,8,159.99
83662988,71645,22,403.99
83662988,52648,6,195.89
83666375,61311,10,160.19
83666375,68080,1,141.29
83681888,68080,20,141.29
83690563,41515,5,1273.69
83702926,20054,25,196.99
83702926,66452,7,169.99
83702926,56178,21,1474.59
83702926,20430,1,198.89
83702926,86809,4,71.29
83742826,71645,8,403.99
83761661,87426,2,180.29
83761661,16086,1,36.99
83761661,86809,4,71.29
83761661,27849,16,123.59
83768686,37489,2,17.69
83768686,52111,3,173.99
83769612,19011,1,198.89
83769612,80349,15,203.59
83769612,92046,18,166.49
83776101,46421,15,185.89
83776101,57874,25,234.09
83776101,85973,24,177.59
83782117,35273,20,213.19
83782117,48996,1,64.79
83782117,75721,3,174.59
83789357,85076,4,893.99
83789357,36262,25,233.99
83789357,36224,2,56.09
83789357,68723,8,96.89
83789357,14042,17,77.29
83789987,48510,4,68.99
83789987,61311,4,160.19
83808367,61311,1,160.19
83824747,60647,6,264.09
83824747,32091,2,81.39
83832925,58241,3,203.99
83832925,35798,6,82.99
83832925,22393,1,1060.09
83838947,63748,1,91.19
83838947,57224,8,54.99
83838947,26740,1,216.59
83838947,68479,7,46.29
83840384,52111,4,173.99
83845331,90808,3,77.19
83845331,68080,1,141.29
83855317,15578,19,78.69
83868658,57545,1,12.49
83872630,57801,18,63.79
83876576,36224,4,56.09
83876576,52648,13,195.89
83876576,41515,22,1273.69
83876576,44513,21,53.19
83876576,85973,3,177.59
83876576,44331,9,121.79
83878073,85459,11,239.79
83878073,87789,11,294.99
83892475,64388,19,290.09
83900532,64388,1,290.09
83900532,37490,12,159.99
83900532,82664,7,269.69
83914629,77617,22,226.99
83919905,52111,2,173.99
83919905,32511,9,62.59
83919905,77617,1,226.99
83919905,16353,9,105.99
83919905,78853,4,26.29
83936854,16086,10,36.99
83936854,36496,21,5.69
83936854,57874,1,234.09
83940454,20430,1,198.89
83942395,21230,5,90.79
83950334,58241,25,203.99
83950334,47174,4,390.69
83967525,58241,1,203.99
83967525,68479,2,46.29
83967525,84547,16,205.49
83968275,75721,1,174.59
83973870,87148,23,4.99
83979156,16086,12,36.99
84000487,64833,9,418.99
84000516,85459,15,239.79
84000516,11575,1,233.29
84015727,84547,1,205.49
84018772,71227,16,166.29
84023482,12224,9,734.79
84023482,57545,14,12.49
84026573,15081,15,108.99
84036820,95339,2,58.89
84036820,68080,21,141.29
84044161,27600,10,1470.79
84044161,77670,1,244.59
84044161,64388,7,290.09
84050150,32511,2,62.59
84067948,16805,17,279.49
84072317,71227,8,166.29
84080390,85459,4,239.79
84080390,26750,1,78.79
84080390,69037,19,35.99
84086553,20430,1,198.89
84086553,95646,4,323.09
84093797,37742,22,193.59
84098682,20430,2,198.89
84098682,46935,21,118.99
84099168,95339,19,58.89
84100675,16749,3,231.39
84100675,48869,2,901.09
84100675,68080,2,141.29
84125567,71227,18,166.29
84141944,94612,6,266.79
84153272,36496,18,5.69
84153272,66578,4,268.19
84191941,11575,21,233.29
84191941,35798,22,82.99
84191941,15578,1,78.69
84191941,20054,1,196.99
84193140,36496,6,5.69
84193140,15626,15,429.09
84195296,97210,11,241.29
84195296,80625,16,690.09
84195296,26245,1,107.79
84195296,89968,2,206.49
84214974,22057,3,294.89
84232673,41515,1,1273.69
84232673,78853,4,26.29
84232673,76830,5,210.09
84263471,53392,19,112.99
84263471,35273,22,213.19
84263471,57224,9,54.99
84263471,77617,3,226.99
84264080,26740,24,216.59
84270718,66578,14,268.19
84271901,15918,6,32.99
84271901,80625,17,690.09
84273477,32457,18,550.79
84273477,94077,6,185.09
84281242,80625,1,690.09
84284319,47437,2,898.99
84284319,77670,9,244.59
84288253,32457,1,550.79
84288253,52648,2,195.89
84292058,68080,1,141.29
84293321,16749,22,231.39
84293977,16353,5,105.99
84293977,15578,1,78.69
84293977,27849,4,123.59
84293977,15918,19,32.99
84323774,85459,2,239.79
84328377,47174,14,390.69
84328377,80625,5,690.09
84328377,57874,10,234.09
84328377,57545,9,12.49
84340189,47174,1,390.69
84359003,95646,2,323.09
84381306,33606,8,285.99
84381306,64388,18,290.09
84381306,32457,6,550.79
84381306,20430,8,198.89
84381306,96141,1,909.49
84381306,46420,2,41.59
84384910,48510,15,68.99
84384910,86854,5,207.99
84387434,59301,19,43.99
84387434,47174,19,390.69
84387434,27849,4,123.59
84387434,32457,1,550.79
84398467,20430,9,198.89
84404277,36209,21,189.99
84404277,81834,1,186.89
84404277,66578,15,268.19
84404277,15578,1,78.69
84404277,47437,1,898.99
84404277,53392,14,112.99
84423977,81641,7,228.09
84423977,75721,22,174.59
84425587,16353,2,105.99
84425587,77617,1,226.99
84425587,37681,12,185.69
84425587,36224,23,56.09
84425587,20430,16,198.89
84425587,95646,14,323.09
84437726,41039,1,218.69
84437726,85076,5,893.99
84437726,69037,1,35.99
84437726,83295,1,123.99
84437726,75721,9,174.59
84460606,16749,4,231.39
84460606,25979,6,215.99
84471721,66452,19,169.99
84471721,58650,25,11.09
84471721,25979,10,215.99
84471721,35273,17,213.19
84471721,78853,23,26.29
84471721,24242,7,116.99
84471721,95646,16,323.09
84471721,10023,4,181.29
84478668,14920,1,249.99
84491019,52648,4,195.89
84491019,71645,1,403.99
84502828,46935,1,118.99
84502828,44513,9,53.19
84502828,11575,1,233.29
84502828,32091,5,81.39
84502828,47632,2,168.29
84510161,20054,19,196.99
84516388,49147,17,352.19
84516832,61093,1,240.99
84521156,71227,2,166.29
84521156,10621,4,165.19
84536248,35273,1,213.19
84536248,78853,3,26.29
84540490,37490,4,159.99
84546142,92839,11,84.09
84557129,20054,20,196.99
84557129,87809,2,436.79
84557129,37681,16,185.69
84558700,62011,1,72.79
84573811,64388,1,290.09
84586788,41515,1,1273.69
84586788,10023,22,181.29
84586788,76830,6,210.09
84586788,89968,1,206.49
84586788,69037,24,35.99
84586788,12576,2,134.49
84586788,82664,21,269.69
84586788,44115,1,1320.79
84602615,16749,1,231.39
84612853,86809,18,71.29
84614887,79564,2,34.99
84614887,21230,1,90.79
84614887,92839,20,84.09
84615759,11313,21,78.49
84615759,16353,6,105.99
84615759,37490,1,159.99
84615759,36224,17,56.09
84615759,76830,7,210.09
84615759,46421,1,185.89
84620344,95646,6,323.09
84620344,20054,25,196.99
84624989,37490,16,159.99
84647929,77617,1,226.99
84647929,86809,13,71.29
84647929,35798,11,82.99
84647929,21230,1,90.79
84647929,84547,7,205.49
84657227,11575,2,233.29
84657227,72692,1,46.69
84662177,87789,23,294.99
84676247,57224,1,54.99
84676247,47632,8,168.29
84676247,57874,1,234.09
84677123,26740,9,216.59
84679295,95646,4,323.09
84679295,37681,1,185.69
84679295,14042,8,77.29
84679295,11313,9,78.49
84694502,27849,22,123.59
84694502,16086,4,36.99
84694502,94077,12,185.09
84694502,81641,1,228.09
84694502,64388,1,290.09
84694502,37742,14,193.59
84694502,86809,1,71.29
84703958,15918,12,32.99
84703958,27849,5,123.59
84703958,35798,5,82.99
84715035,37742,1,193.59
84719470,22393,7,1060.09
84719470,15578,15,78.69
84719470,66578,22,268.19
84719470,58241,3,203.99
84723460,52648,14,195.89
84727333,57224,3,54.99
84732051,19409,2,67.99
84732051,46421,10,185.89
84732051,61311,8,160.19
84746067,20430,11,198.89
84746067,55048,2,186.19
84755552,17582,22,83.39
84755552,25979,3,215.99
84759319,12576,11,134.49
84785582,32511,1,62.59
84794871,25979,6,215.99
84794871,90808,1,77.19
84795856,15578,7,78.69
84801324,36591,21,162.99
84801324,35273,8,213.19
84801324,26740,3,216.59
84801324,32457,2,550.79
84801324,37489,9,17.69
84813208,94390,12,43.79
84813596,19409,20,67.99
84813596,16805,23,279.49
84817470,68723,1,96.89
84823415,90808,9,77.19
84836022,69991,17,1268.79
84840117,89968,21,206.49
84840117,92046,6,166.49
84840117,78853,1,26.29
84844741,16353,1,105.99
84844741,37490,10,159.99
84862340,77617,5,226.99
84862340,57224,2,54.99
84862340,66452,1,169.99
84862340,75767,2,243.99
84862340,69218,14,184.09
84873483,48510,2,68.99
84873483,15918,24,32.99
84873483,54586,15,98.49
84874592,78853,22,26.29
84874592,77617,3,226.99
84881909,36224,7,56.09
84887908,21508,1,97.89
84887908,85973,8,177.59
84887908,90808,15,77.19
84887908,99654,10,265.39
84895529,86854,23,207.99
84902664,32511,12,62.59
84902664,41039,3,218.69
84912938,64279,2,126.39
84913683,85076,18,893.99
84937770,26740,3,216.59
84937770,62011,21,72.79
84937770,47632,19,168.29
84939312,47632,1,168.29
84947007,68080,2,141.29
84947007,64388,1,290.09
84947007,57860,19,198.49
84963784,69037,9,35.99
84964779,63748,14,91.19
84964779,85973,22,177.59
84964779,80625,15,690.09
84964779,53392,7,112.99
84964779,57545,9,12.49
84965637,66185,4,659.99
84965637,11453,6,1304.19
84965637,39417,16,192.59
84966978,46421,24,185.89
84966978,90808,23,77.19
84968376,21230,7,90.79
84968376,57801,12,63.79
84970273,78649,4,1059.49
84970273,35273,3,213.19
84970273,64388,2,290.09
84970273,72692,24,46.69
84970273,15918,22,32.99
84970273,60647,3,264.09
84977958,57874,1,234.09
84977958,52111,6,173.99
84977958,21508,4,97.89
85010805,25536,4,208.09
85010805,48510,10,68.99
85016901,85973,20,177.59
85018621,11313,1,78.49
85018621,66452,20,169.99
85018621,13185,12,205.29
85021308,36224,3,56.09
85021308,52648,2,195.89
85021308,46421,11,185.89
85045658,20054,6,196.99
85045658,26399,2,179.19
85048901,63493,10,215.09
85048992,75767,20,243.99
85048992,35798,6,82.99
85054906,52648,4,195.89
85054906,77617,18,226.99
85067953,36496,1,5.69
85067953,54586,1,98.49
85067953,11453,8,1304.19
85067953,77670,2,244.59
85072811,39417,18,192.59
85100437,11453,1,1304.19
85100437,46935,12,118.99
85100437,87148,10,4.99
85114326,16353,1,105.99
85120350,37489,5,17.69
85129322,37489,16,17.69
85133276,54586,10,98.49
85133276,76830,1,210.09
85133276,35798,12,82.99
85133276,50462,10,174.99
85134142,85973,6,177.59
85138457,32457,11,550.79
85138457,36496,1,5.69
85138457,10621,7,165.19
85153480,81641,21,228.09
85153480,22057,2,294.89
85156197,32457,12,550.79
85156197,12576,1,134.49
85156197,82067,24,40.79
85156197,48869,1,901.09
85156197,80625,2,690.09
85156197,95646,7,323.09
85177375,80349,1,203.59
85179475,58650,6,11.09
85179475,61311,21,160.19
85181617,64388,1,290.09
85181617,77617,3,226.99
85181617,37489,2,17.69
85219764,64388,11,290.09
85224067,81834,6,186.89
85224067,68080,3,141.29
85232645,48606,2,391.49
85232645,52648,14,195.89
85236755,32511,8,62.59
85236755,54586,4,98.49
85236755,11313,4,78.49
85236755,69991,5,1268.79
85244401,56751,3,27.29
85244401,26270,10,749.99
85244401,14042,6,77.29
85244401,39417,4,192.59
85244401,32511,3,62.59
85253616,45172,22,205.99
85257893,78649,5,1059.49
85257893,11313,24,78.49
85271048,20074,1,1064.09
85271050,32457,1,550.79
85271050,11575,17,233.29
85271050,36496,3,5.69
85280574,57224,8,54.99
85280574,57051,2,58.39
85280574,76830,10,210.09
85280574,99654,2,265.39
85287969,77617,9,226.99
85292590,77617,8,226.99
85292590,46935,22,118.99
85292590,39417,11,192.59
85296338,64279,5,126.39
85296338,20430,12,198.89
85296338,89968,7,206.49
85297543,47437,1,898.99
85297543,10023,1,181.29
85299418,11575,4,233.29
85299418,48510,5,68.99
85299418,92839,1,84.09
85299418,37490,1,159.99
85299418,56751,8,27.29
85299418,41345,14,812.29
85300041,75721,1,174.59
85300041,22393,13,1060.09
85300041,84547,14,205.49
85300041,52111,3,173.99
85300041,45172,16,205.99
85300041,85973,3,177.59
85317454,46421,1,185.89
85317454,36496,23,5.69
85346928,84547,4,205.49
85351357,11575,22,233.29
85351357,32091,4,81.39
85355060,14979,7,582.09
85356249,25979,23,215.99
85356249,36496,2,5.69
85384784,81834,9,186.89
85396994,13185,4,205.29
85398108,16353,1,105.99
85398108,36224,3,56.09
85404752,72692,1,46.69
85413790,37490,8,159.99
85413790,20054,15,196.99
85413790,24242,1,116.99
85420074,21230,22,90.79
85422291,15578,7,78.69
85422291,58241,8,203.99
85422291,11575,19,233.29
85422291,47632,2,168.29
85422291,57874,8,234.09
85422291,32457,8,550.79
85422291,57224,23,54.99
85422291,69218,2,184.09
85423938,52648,6,195.89
85436998,48996,25,64.79
85439767,46935,2,118.99
85443041,87789,22,294.99
85443041,64388,20,290.09
85443041,62011,3,72.79
85451327,22057,1,294.89
85451327,92839,1,84.09
85452051,57874,11,234.09
85452051,27849,8,123.59
85455602,62011,22,72.79
85455602,84547,1,205.49
85455602,29892,1,44.09
85455602,27849,20,123.59
85456161,50462,21,174.99
85456161,15081,21,108.99
85456161,64388,3,290.09
85456161,10621,10,165.19
85464108,69991,4,1268.79
85473817,84547,20,205.49
85473817,47632,6,168.29
85473817,85459,13,239.79
85473817,17582,6,83.39
85498453,39417,22,192.59
85498453,78853,4,26.29
85498947,23045,9,713.69
85498947,10023,1,181.29
85498947,45172,12,205.99
85508647,19409,3,67.99
85508647,16086,16,36.99
85508647,59301,20,43.99
85514770,14979,1,582.09
85514770,79564,14,34.99
85514770,26750,16,78.79
85514770,92839,17,84.09
85515743,95523,5,82.19
85527315,36496,8,5.69
85530115,47174,2,390.69
85530115,98451,5,1292.09
85539359,16086,12,36.99
85539359,54586,12,98.49
85539359,36224,1,56.09
85549654,53392,13,112.99
85580063,75767,3,243.99
85580063,87426,14,180.29
85580063,13185,1,205.29
85581193,20430,22,198.89
85581193,89968,9,206.49
85581193,26270,6,749.99
85581193,80625,7,690.09
85590931,84547,12,205.49
85603640,99654,24,265.39
85603640,70780,1,122.19
85603640,48510,24,68.99
85603640,27600,4,1470.79
85603640,66452,12,169.99
85603640,25536,4,208.09
85627605,58241,2,203.99
85627605,33606,1,285.99
85627605,11575,6,233.29
85633274,52648,6,195.89
85633274,41515,4,1273.69
85641983,77617,8,226.99
85647123,97298,23,29.99
85647123,27849,17,123.59
85680736,48996,25,64.79
85680736,36224,1,56.09
85681353,19021,7,253.09
85681353,37489,16,17.69
85681353,47437,5,898.99
85681353,77617,5,226.99
85681353,46421,16,185.89
85681353,58781,16,290.99
85681353,41515,1,1273.69
85681353,33606,2,285.99
85684331,26245,22,107.79
85700226,68479,4,46.29
85700226,11453,1,1304.19
85700226,15918,1,32.99
85705608,77617,5,226.99
85705608,33606,13,285.99
85710868,80349,10,203.59
85711526,71645,24,403.99
85711526,57874,20,234.09
85711526,66452,6,169.99
85715224,23045,11,713.69
85715224,57860,8,198.49
85715224,90808,1,77.19
85729702,10023,16,181.29
85729702,48869,4,901.09
85733390,26740,5,216.59
85733390,11453,19,1304.19
85733390,98451,22,1292.09
85733390,16086,7,36.99
85733390,16749,23,231.39
85733390,15578,6,78.69
85741021,84547,19,205.49
85741021,48996,19,64.79
85741021,48869,2,901.09
85759888,32511,1,62.59
85773661,46421,4,185.89
85773661,25536,11,208.09
85778806,47437,7,898.99
85778806,89968,14,206.49
85778806,52648,2,195.89
85778806,79564,11,34.99
85780820,75438,12,59.19
85780820,11575,23,233.29
85780820,54586,9,98.49
85780820,72692,2,46.69
85784503,21230,24,90.79
85784503,98451,1,1292.09
85784503,76830,24,210.09
85786017,25979,7,215.99
85786017,29892,14,44.09
85786017,36224,1,56.09
85786017,10023,19,181.29
85792939,57545,4,12.49
85801893,75721,16,174.59
85802820,58763,12,134.49
85802820,26740,2,216.59
85802820,92839,21,84.09
85810395,75438,4,59.19
85810395,32457,9,550.79
85810604,39417,5,192.59
85810604,54586,24,98.49
85810604,47437,11,898.99
85810604,16805,4,279.49
85817216,35798,1,82.99
85834555,19021,19,253.09
85844403,32457,8,550.79
85845250,92839,10,84.09
85846250,75767,1,243.99
85853310,64388,24,290.09
85857829,80349,1,203.59
85857829,61093,9,240.99
85857829,16086,12,36.99
85887996,68723,2,96.89
85887996,86809,6,71.29
85891799,79163,23,738.99
85891799,66578,7,268.19
85891799,47174,2,390.69
85894568,78853,3,26.29
85894568,32640,3,234.89
85894568,35798,18,82.99
85894568,21508,1,97.89
85895607,32511,10,62.59
85922429,57224,16,54.99
85922429,97210,7,241.29
85922429,71227,17,166.29
85922429,48349,4,51.69
85925582,39417,19,192.59
85925582,80625,11,690.09
85937705,13185,22,205.29
85937705,52111,13,173.99
85938307,22393,1,1060.09
85949052,34871,18,6.59
85955259,47437,10,898.99
85973022,47437,3,898.99
85973022,84547,3,205.49
85973022,69991,14,1268.79
85985183,58241,1,203.99
85987462,36224,4,56.09
85988674,75767,13,243.99
85988674,68723,1,96.89
85989983,79834,25,151.19
85989983,86809,17,71.29
85991599,33209,2,384.69
86004237,87574,18,130.19
86004237,99654,1,265.39
86004237,89968,7,206.49
86004237,16086,1,36.99
86010742,86809,7,71.29
86025867,54586,11,98.49
86025867,73115,16,172.99
86025867,33935,2,201.99
86033270,79564,7,34.99
86033270,92839,13,84.09
86034503,37681,1,185.69
86039906,58241,1,203.99
86039906,20430,8,198.89
86039906,68080,2,141.29
86042581,71227,1,166.29
86049617,57874,9,234.09
86107460,75721,17,174.59
86107460,32640,23,234.89
86107460,64279,10,126.39
86107460,41039,6,218.69
86109042,32091,18,81.39
86109042,50462,17,174.99
86119501,47437,4,898.99
86119501,37742,3,193.59
86119501,45172,5,205.99
86119501,85973,1,177.59
86132458,75767,22,243.99
86132458,36496,7,5.69
86135168,54586,1,98.49
86135168,25979,16,215.99
86135168,58763,23,134.49
86135168,75721,1,174.59
86135956,78853,24,26.29
86162725,39417,9,192.59
86162725,64388,10,290.09
86162725,22393,1,1060.09
86162725,36224,10,56.09
86162725,37489,2,17.69
86162725,46421,7,185.89
86162725,57224,1,54.99
86162725,54586,1,98.49
86170643,86809,7,71.29
86176324,94514,1,254.99
86176324,37742,16,193.59
86176324,49147,12,352.19
86176324,22057,15,294.89
86176324,85973,1,177.59
86180561,36224,4,56.09
86180561,11313,2,78.49
86180561,57224,8,54.99
86187796,25979,1,215.99
86187796,26270,4,749.99
86190125,20430,18,198.89
86199446,10023,1,181.29
86199446,14042,24,77.29
86206467,75721,1,174.59
86206467,32457,1,550.79
86206467,25979,1,215.99
86230754,35273,11,213.19
86237859,58241,13,203.99
86237859,94514,2,254.99
86237859,83295,15,123.99
86237859,69991,9,1268.79
86237859,60647,4,264.09
86238559,11575,10,233.29
86238846,26740,11,216.59
86238846,72692,19,46.69
86238846,20074,19,1064.09
86238846,37489,15,17.69
86238846,15626,17,429.09
86238846,10023,19,181.29
86244455,19409,4,67.99
86245457,62011,4,72.79
86255270,36224,2,56.09
86255270,68479,22,46.29
86268457,22393,3,1060.09
86287516,33606,1,285.99
86287516,46421,19,185.89
86287516,12576,5,134.49
86314934,52648,7,195.89
86314934,69991,6,1268.79
86314934,73489,24,251.09
86314934,20074,11,1064.09
86320955,27536,13,216.99
86320955,23045,5,713.69
86322203,85973,5,177.59
86322203,57224,4,54.99
86322203,16236,8,4.99
86322203,47174,8,390.69
86322203,62011,1,72.79
86322203,29892,9,44.09
86322203,52648,11,195.89
86324721,16805,5,279.49
86343050,32457,4,550.79
86343050,26750,4,78.79
86348853,80978,24,280.69
86348853,97298,13,29.99
86363566,13185,7,205.29
86363566,32091,3,81.39
86363566,68723,19,96.89
86363566,47632,3,168.29
86363566,69991,19,1268.79
86363566,21508,13,97.89
86363566,71645,14,403.99
86363566,79564,1,34.99
86367477,10571,22,84.99
86370240,32457,4,550.79
86371870,85076,7,893.99
86371870,35798,12,82.99
86371870,47174,12,390.69
86373011,77670,4,244.59
86373259,26245,13,107.79
86373259,41515,13,1273.69
86373259,37742,1,193.59
86373259,20074,15,1064.09
86392794,24242,5,116.99
86392794,33935,20,201.99
86392794,32457,2,550.79
86412237,11575,8,233.29
86415261,85076,9,893.99
86415261,35273,1,213.19
86415261,21508,1,97.89
86424082,66452,1,169.99
86424082,68479,3,46.29
86434083,35798,10,82.99
86434219,26399,13,179.19
86453087,47632,3,168.29
86455139,16236,8,4.99
86455139,20054,25,196.99
86455139,11313,23,78.49
86462703,85973,2,177.59
86462703,66578,11,268.19
86466975,63748,8,91.19
86466975,14979,17,582.09
86484191,22057,21,294.89
86518988,69218,12,184.09
86518988,20430,6,198.89
86518988,68080,7,141.29
86536447,89968,4,206.49
86536447,19409,4,67.99
86540283,66452,10,169.99
86547489,51181,2,184.29
86547489,47632,8,168.29
86547489,11575,2,233.29
86547489,92839,16,84.09
86559967,15081,22,108.99
86561293,75438,1,59.19
86561293,46421,3,185.89
86561293,50462,2,174.99
86561293,20430,13,198.89
86561293,95646,25,323.09
86561293,68080,20,141.29
86561293,15578,13,78.69
86561293,87148,12,4.99
86567490,16353,2,105.99
86567490,48289,20,85.59
86567490,35273,7,213.19
86567490,46421,12,185.89
86577210,46421,1,185.89
86577210,52648,8,195.89
86577210,87789,11,294.99
86578966,63748,16,91.19
86580006,85459,10,239.79
86593153,78853,1,26.29
86593153,26245,14,107.79
86593153,47437,4,898.99
86593153,35273,11,213.19
86604179,25536,5,208.09
86604179,26270,22,749.99
86610986,11313,8,78.49
86610986,36224,1,56.09
86610986,87148,5,4.99
86614281,95646,17,323.09
86614281,32640,2,234.89
86614281,75767,15,243.99
86614281,90808,12,77.19
86652210,33606,11,285.99
86667861,27057,22,353.39
86667861,32640,2,234.89
86674676,68080,1,141.29
86674676,66452,1,169.99
86674676,10621,8,165.19
86678776,86809,20,71.29
86690965,37489,1,17.69
86690965,46421,1,185.89
86690965,44513,1,53.19
86693515,57545,1,12.49
86693515,47437,11,898.99
86693515,79564,5,34.99
86693515,86809,4,71.29
86693515,92839,14,84.09
86693515,66452,12,169.99
86693831,57874,7,234.09
86693831,48289,18,85.59
86697552,14979,2,582.09
86697771,23045,2,713.69
86697771,90808,3,77.19
86697771,87809,20,436.79
86704107,64279,14,126.39
86704107,92839,3,84.09
86726573,57051,1,58.39
86740961,20054,5,196.99
86758615,41515,1,1273.69
86758615,37489,16,17.69
86758615,26740,6,216.59
86758615,78853,2,26.29
86758615,64279,2,126.39
86758615,11575,10,233.29
86758615,61311,19,160.19
86767207,27600,2,1470.79
86767207,66578,1,268.19
86790752,64388,4,290.09
86790752,37489,7,17.69
86800191,32457,6,550.79
86800191,75721,4,174.59
86800191,33606,3,285.99
86800191,23045,1,713.69
86800191,11313,6,78.49
86800191,36209,2,189.99
86800380,39417,15,192.59
86817965,94514,1,254.99
86817965,46421,1,185.89
86818101,84547,4,205.49
86818101,77617,23,226.99
86828381,80349,3,203.59
86828381,46421,1,185.89
86828381,64279,9,126.39
86828381,15578,25,78.69
86828381,32457,25,550.79
86830952,52648,1,195.89
86830952,33606,3,285.99
86830952,57224,1,54.99
86837838,36496,10,5.69
86853283,97298,21,29.99
86871809,47174,10,390.69
86885139,19409,1,67.99
86887662,37490,22,159.99
86904368,77617,1,226.99
86917827,87809,13,436.79
86917827,53392,21,112.99
86917827,16749,12,231.39
86917827,26245,5,107.79
86917827,78649,17,1059.49
86917827,22393,17,1060.09
86920154,80625,2,690.09
86920154,47174,20,390.69
86920154,48996,3,64.79
86920154,68080,15,141.29
86920154,58241,1,203.99
86933516,97298,1,29.99
86933516,47174,1,390.69
86935723,87809,7,436.79
86935723,14109,12,225.49
86935723,71645,3,403.99
86940696,69729,2,209.19
86940696,20430,7,198.89
86940696,81834,12,186.89
86940696,48289,1,85.59
86949740,32640,3,234.89
86949740,54586,2,98.49
86949740,47174,10,390.69
86949740,20054,2,196.99
86949740,26245,17,107.79
86949740,62011,1,72.79
86949740,84547,22,205.49
86978485,94514,13,254.99
86983662,32457,1,550.79
86995849,10621,18,165.19
86995849,90808,5,77.19
86997915,92839,23,84.09
86997915,80625,3,690.09
86997915,15918,5,32.99
87008129,87148,15,4.99
87008129,35798,23,82.99
87011942,22057,1,294.89
87011942,57801,1,63.79
87011942,61311,22,160.19
87011942,50462,16,174.99
87022097,80625,1,690.09
87022097,57224,8,54.99
87032763,76061,6,229.99
87032763,11313,8,78.49
87032763,47174,1,390.69
87036854,26270,12,749.99
87054622,36224,1,56.09
87055770,85572,9,30.99
87060285,86809,1,71.29
87062675,61311,2,160.19
87062675,58650,7,11.09
87062675,83295,9,123.99
87062675,68080,25,141.29
87062675,10621,16,165.19
87062675,14109,7,225.49
87066826,47174,3,390.69
87066826,77670,25,244.59
87069319,69729,1,209.19
87069319,90808,1,77.19
87069319,61311,3,160.19
87069319,95339,16,58.89
87075380,47632,3,168.29
87075380,21230,1,90.79
87087550,81834,3,186.89
87087550,36496,6,5.69
87089257,52648,6,195.89
87093394,37489,22,17.69
87098330,26245,5,107.79
87099980,54586,1,98.49
87104075,81834,1,186.89
87104075,92839,8,84.09
87104075,26270,24,749.99
87142886,33606,9,285.99
87142886,23045,23,713.69
87155997,16805,23,279.49
87155997,32091,17,81.39
87155997,87809,2,436.79
87155997,47632,9,168.29
87155997,64388,1,290.09
87161344,16353,3,105.99
87161344,41515,5,1273.69
87163731,92046,14,166.49
87163731,20054,3,196.99
87163731,20430,7,198.89
87163731,16353,1,105.99
87164068,46421,17,185.89
87164068,69037,19,35.99
87164593,23045,4,713.69
87164593,21508,17,97.89
87164593,41515,1,1273.69
87164593,77670,13,244.59
87164593,15918,1,32.99
87164593,61311,8,160.19
87164593,68080,19,141.29
87165250,48510,14,68.99
87165250,21508,2,97.89
87165250,90808,12,77.19
87167631,39417,15,192.59
87167631,11575,3,233.29
87167631,10023,1,181.29
87167631,22393,24,1060.09
87167631,87148,9,4.99
87170526,12576,5,134.49
87170526,14920,1,249.99
87172688,37489,1,17.69
87180740,66452,1,169.99
87205305,29892,11,44.09
87205305,11313,23,78.49
87205305,26270,2,749.99
87205305,90808,1,77.19
87205305,84547,7,205.49
87220475,16749,4,231.39
87220475,86725,23,260.79
87234032,51061,5,192.39
87236318,99613,1,287.89
87250482,90808,2,77.19
87250482,64388,1,290.09
87250482,72692,19,46.69
87250482,20430,19,198.89
87250482,35273,5,213.19
87254709,78853,6,26.29
87254709,35798,1,82.99
87280996,52111,4,173.99
87280996,98451,10,1292.09
87280996,79834,8,151.19
87280996,44331,15,121.79
87280996,76830,9,210.09
87280996,87789,2,294.99
87291620,95646,7,323.09
87291620,54586,3,98.49
87308845,16086,14,36.99
87313565,33344,1,1109.59
87313565,86809,15,71.29
87313565,56178,3,1474.59
87316244,52648,10,195.89
87316244,35273,10,213.19
87328497,87148,2,4.99
87328497,97210,12,241.29
87328497,52648,12,195.89
87333913,89968,15,206.49
87340068,54586,6,98.49
87340068,26245,14,107.79
87365728,16353,22,105.99
87386423,62011,2,72.79
87386423,19021,2,253.09
87386423,16353,3,105.99
87386423,80349,3,203.59
87386423,47437,13,898.99
87393477,95646,1,323.09
87393477,22393,1,1060.09
87393477,47632,18,168.29
87413135,23045,2,713.69
87413135,57224,1,54.99
87414906,58781,20,290.99
87452573,39417,13,192.59
87452573,26270,3,749.99
87452756,61311,19,160.19
87456208,68080,1,141.29
87456208,58650,8,11.09
87456208,70801,4,215.99
87456208,68479,1,46.29
87503360,35798,4,82.99
87510920,26245,8,107.79
87510920,26270,13,749.99
87510920,16749,8,231.39
87510920,64388,4,290.09
87510920,86809,1,71.29
87510920,20430,5,198.89
87510920,58650,3,11.09
87510920,17582,23,83.39
87511395,75767,16,243.99
87512440,20430,4,198.89
87529564,27849,2,123.59
87529564,56178,5,1474.59
87530257,32457,5,550.79
87530257,57874,21,234.09
87530257,11575,1,233.29
87530257,46935,23,118.99
87535028,20074,4,1064.09
87535028,78853,2,26.29
87535028,85973,22,177.59
87535028,11313,8,78.49
87535028,21230,10,90.79
87544104,53392,10,112.99
87544104,87574,6,130.19
87545341,45172,17,205.99
87573045,26750,2,78.79
87573045,21508,9,97.89
87591359,86809,1,71.29
87607523,45172,9,205.99
87608827,66452,17,169.99
87616498,17582,1,83.39
87630661,51181,8,184.29
87630661,29892,6,44.09
87630661,20430,14,198.89
87637884,26270,2,749.99
87638302,85459,1,239.79
87638302,69037,1,35.99
87647047,25536,7,208.09
87647047,32457,1,550.79
87647047,87574,25,130.19
87647047,46935,5,118.99
87647047,39417,5,192.59
87647047,95339,8,58.89
87647047,75721,13,174.59
87651535,58650,10,11.09
87651535,63985,4,78.79
87652870,25536,1,208.09
87652870,89968,21,206.49
87654458,25979,1,215.99
87654458,86809,2,71.29
87657805,95646,3,323.09
87666508,98451,8,1292.09
87666508,61311,18,160.19
87666508,23045,5,713.69
87666508,95523,15,82.19
87667506,81834,18,186.89
87682416,94514,18,254.99
87682416,87148,18,4.99
87682416,81641,20,228.09
87692684,36224,4,56.09
87692684,66578,8,268.19
87692684,82638,3,22.99
87692920,46421,2,185.89
87692920,26270,25,749.99
87701921,41039,12,218.69
87701921,27849,23,123.59
87703834,15578,1,78.69
87703834,17582,1,83.39
87704318,85076,14,893.99
87705632,11313,21,78.49
87708790,75438,1,59.19
87708790,98451,15,1292.09
87710337,26740,21,216.59
87717542,95339,21,58.89
87717542,15626,3,429.09
87717542,32640,6,234.89
87717542,69991,2,1268.79
87727070,87789,8,294.99
87727070,68723,1,96.89
87745822,64388,1,290.09
87760755,36224,25,56.09
87760755,52648,17,195.89
87760755,48606,1,391.49
87760755,85973,5,177.59
87760755,15626,3,429.09
87760755,60647,15,264.09
87760755,46421,3,185.89
87760755,11453,3,1304.19
87763959,25979,17,215.99
87774107,20430,1,198.89
87774107,32511,17,62.59
87774107,68080,1,141.29
87774107,99654,9,265.39
87785114,39417,6,192.59
87789904,23045,6,713.69
87793984,79564,14,34.99
87793984,26270,3,749.99
87793984,97210,2,241.29
87818541,64388,5,290.09
87826831,85076,6,893.99
87826831,78853,9,26.29
87826831,48869,17,901.09
87827163,27849,17,123.59
87827163,48996,7,64.79
87834135,61311,11,160.19
87834135,36496,17,5.69
87837787,75721,1,174.59
87839579,50150,25,390.59
87839579,39417,1,192.59
87839579,32511,6,62.59
87839579,66452,4,169.99
87839579,41515,13,1273.69
87839579,52111,15,173.99
87843852,61311,8,160.19
87843852,69991,21,1268.79
87843852,57874,25,234.09
87846572,14979,4,582.09
87846572,39417,2,192.59
87846572,76830,2,210.09
87852841,46421,8,185.89
87856414,75767,7,243.99
87856414,47437,13,898.99
87856414,15918,1,32.99
87856556,99654,1,265.39
87856556,33209,2,384.69
87856556,48510,14,68.99
87860765,20430,11,198.89
87860765,11575,23,233.29
87860765,85459,6,239.79
87860765,64388,14,290.09
87860765,87148,16,4.99
87876507,26245,7,107.79
87876507,26270,11,749.99
87876507,52111,2,173.99
87876507,14042,12,77.29
87879036,68723,1,96.89
87898915,95646,6,323.09
87907182,47632,1,168.29
87913666,78853,1,26.29
87941728,37742,1,193.59
87941728,37489,4,17.69
87941728,78853,2,26.29
87941728,58241,3,203.99
87941728,26750,4,78.79
87941728,75721,25,174.59
87943894,63985,11,78.79
87943894,97298,25,29.99
87944002,35573,12,580.69
87944002,87809,2,436.79
87944002,19021,7,253.09
87950436,10023,3,181.29
87955694,26740,7,216.59
87955694,44513,2,53.19
87955694,26270,18,749.99
87956955,79564,7,34.99
87956955,23045,12,713.69
87961998,14042,3,77.29
87961998,23323,8,293.99
87996849,21230,1,90.79
87996849,29892,1,44.09
87996849,52661,13,797.29
87996849,32511,14,62.59
87996849,89968,14,206.49
87996849,35798,1,82.99
87996849,76830,5,210.09
88004482,94514,4,254.99
88004482,22393,5,1060.09
88004482,41515,18,1273.69
88008814,86809,14,71.29
88037746,77617,12,226.99
88048233,89968,17,206.49
88048233,39417,23,192.59
88048233,95646,15,323.09
88062652,15578,1,78.69
88064819,28650,1,96.69
88078734,47174,17,390.69
88085316,27600,3,1470.79
88085316,83295,17,123.99
88085316,47632,21,168.29
88085316,77617,7,226.99
88085316,54586,18,98.49
88086348,64388,1,290.09
88086348,17582,23,83.39
88086348,25979,19,215.99
88096492,85459,20,239.79
88096492,37742,7,193.59
88096492,85076,9,893.99
88105386,78853,3,26.29
88108572,19409,1,67.99
88108572,32457,2,550.79
88108572,87809,1,436.79
88108572,53392,20,112.99
88119301,57224,16,54.99
88121083,94612,10,266.79
88123187,36224,2,56.09
88123187,89968,20,206.49
88123187,82638,4,22.99
88123187,77670,3,244.59
88123187,35273,8,213.19
88124439,62011,6,72.79
88130800,29892,1,44.09
88130800,23045,1,713.69
88130800,77617,12,226.99
88130800,94514,13,254.99
88134023,36224,9,56.09
88134023,92839,18,84.09
88134023,41345,23,812.29
88152654,15918,22,32.99
88153310,54586,15,98.49
88153310,20074,1,1064.09
88158848,37742,21,193.59
88159755,17582,20,83.39
88161472,19409,11,67.99
88161472,94077,8,185.09
88165771,77670,1,244.59
88165771,68080,23,141.29
88180562,68479,2,46.29
88198824,11313,14,78.49
88198824,39417,3,192.59
88214186,20430,19,198.89
88214186,10023,10,181.29
88223622,89968,6,206.49
88228540,48510,25,68.99
88228540,80349,3,203.59
88229676,10621,15,165.19
88229676,33606,1,285.99
88229676,20074,1,1064.09
88229676,16749,3,231.39
88230501,26245,24,107.79
88230501,24242,2,116.99
88235399,52648,18,195.89
88235399,33209,1,384.69
88235399,97298,11,29.99
88235399,32511,20,62.59
88240395,37489,18,17.69
88240395,77670,4,244.59
88270744,13185,19,205.29
88276755,58650,3,11.09
88297723,68479,1,46.29
88297723,66452,17,169.99
88297723,68080,9,141.29
88351774,35273,1,213.19
88351774,33935,25,201.99
88351774,11313,22,78.49
88364894,17582,13,83.39
88374853,20054,7,196.99
88381274,96141,1,909.49
88381274,57874,7,234.09
88382376,41039,3,218.69
88394766,85973,5,177.59
88394766,64388,21,290.09
88394766,57874,6,234.09
88394766,39417,9,192.59
88403705,11575,23,233.29
88411632,26270,13,749.99
88411632,24242,1,116.99
88411632,75767,14,243.99
88423665,85076,25,893.99
88423665,16749,10,231.39
88423665,25979,13,215.99
88424658,48869,3,901.09
88424658,73115,5,172.99
88424658,41515,1,1273.69
88424658,81834,7,186.89
88424658,86809,4,71.29
88431606,53392,1,112.99
88443262,81834,1,186.89
88443262,57051,11,58.39
88443262,79564,8,34.99
88446449,48869,1,901.09
88456760,39417,19,192.59
88479680,15918,4,32.99
88479680,57860,25,198.49
88479680,33606,16,285.99
88479680,22393,1,1060.09
88479680,25536,15,208.09
88479680,78853,2,26.29
88479680,77670,6,244.59
88479680,81641,17,228.09
88485730,87789,14,294.99
88485730,78853,21,26.29
88485730,75721,11,174.59
88485730,32091,1,81.39
88485730,30919,2,135.79
88485730,85459,2,239.79
88485730,35273,12,213.19
88489816,94077,17,185.09
88492463,37489,12,17.69
88492463,57545,8,12.49
88492463,24242,1,116.99
88492463,14109,16,225.49
88492463,95646,4,323.09
88502793,75767,5,243.99
88508689,75438,1,59.19
88520484,52111,15,173.99
88520484,19409,15,67.99
88520484,87789,20,294.99
88520484,12377,6,175.59
88520484,85076,13,893.99
88527205,75721,2,174.59
88527205,86809,16,71.29
88527205,11313,2,78.49
88527205,37489,13,17.69
88545830,41515,7,1273.69
88545830,47174,2,390.69
88545830,95646,14,323.09
88545830,22057,21,294.89
88560701,54586,7,98.49
88560701,85076,1,893.99
88560701,57224,1,54.99
88563149,20430,24,198.89
88563636,46421,8,185.89
88563636,27600,6,1470.79
88563636,37742,4,193.59
88563636,13185,21,205.29
88569449,16353,5,105.99
88569449,32511,3,62.59
88569449,10023,24,181.29
88569449,26245,5,107.79
88569449,11575,7,233.29
88584469,23045,1,713.69
88584469,47437,22,898.99
88584469,47174,1,390.69
88584469,11313,9,78.49
88584469,37742,4,193.59
88589785,63985,1,78.79
88589785,89968,1,206.49
88589785,13185,17,205.29
88589785,26270,4,749.99
88589785,35273,24,213.19
88596359,12224,1,734.79
88596776,36591,8,162.99
88596776,41515,2,1273.69
88608869,96141,3,909.49
88615292,58241,6,203.99
88615292,48996,11,64.79
88615340,15578,7,78.69
88620183,19409,14,67.99
88624738,12576,14,134.49
88624738,20054,15,196.99
88656964,25536,1,208.09
88656964,79564,6,34.99
88656964,42020,3,49.99
88660096,95646,11,323.09
88660096,17582,19,83.39
88667968,26270,24,749.99
88667968,32091,3,81.39
88667968,61311,13,160.19
88670389,64279,16,126.39
88670389,11453,5,1304.19
88677158,39417,25,192.59
88700642,57224,8,54.99
88700642,87148,6,4.99
88700642,95339,9,58.89
88707019,40999,7,120.99
88707019,37490,3,159.99
88716213,26270,1,749.99
88723764,22057,23,294.89
88733243,89968,16,206.49
88733243,47632,24,168.29
88736924,19011,5,198.89
88750377,52648,2,195.89
88750377,12576,2,134.49
88750377,57860,1,198.49
88751832,71645,25,403.99
88751832,76830,23,210.09
88751832,37742,3,193.59
88751832,76061,17,229.99
88770356,37742,18,193.59
88780077,32511,15,62.59
88780077,86809,7,71.29
88780077,37489,9,17.69
88784481,92046,1,166.49
88784481,85076,13,893.99
88790657,94612,3,266.79
88790657,20054,10,196.99
88790657,37490,25,159.99
88790657,58241,14,203.99
88795183,92839,1,84.09
88795183,35273,2,213.19
88795183,10621,7,165.19
88795183,97210,5,241.29
88802459,61093,2,240.99
88804486,28650,19,96.69
88815746,56751,9,27.29
88815746,46421,12,185.89
88815746,19409,20,67.99
88815746,36224,17,56.09
88815746,86286,2,261.59
88815746,64388,6,290.09
88815746,22393,10,1060.09
88829242,83295,1,123.99
88829242,53392,6,112.99
88830207,83295,1,123.99
88830207,52648,12,195.89
88831187,83295,8,123.99
88831187,16086,1,36.99
88864825,50462,8,174.99
88869531,95646,22,323.09
88869531,16805,2,279.49
88869531,37490,19,159.99
88869531,36496,3,5.69
88872314,79564,1,34.99
88872314,16805,19,279.49
88872314,33209,8,384.69
88876573,69218,8,184.09
88876573,41515,3,1273.69
88876573,90808,17,77.19
88876573,85076,13,893.99
88900918,35798,2,82.99
88900918,79564,6,34.99
88909265,46935,9,118.99
88912993,22393,1,1060.09
88912993,87426,24,180.29
88912993,20430,10,198.89
88912993,94652,2,32.39
88922223,32640,16,234.89
88941533,25979,17,215.99
88966144,14109,19,225.49
88966144,77617,22,226.99
88966144,51181,2,184.29
88966144,46835,8,112.29
88966144,15918,8,32.99
88998307,22393,5,1060.09
88998307,90808,2,77.19
89001517,15626,6,429.09
89001517,17582,19,83.39
89014909,60647,1,264.09
89025984,16353,24,105.99
89025984,32511,7,62.59
89043543,75721,13,174.59
89050941,47437,7,898.99
89050941,53392,20,112.99
89050941,78853,23,26.29
89050941,96141,14,909.49
89057671,52111,3,173.99
89057671,89133,1,292.19
89066455,80978,12,280.69
89066455,78649,9,1059.49
89066455,11575,11,233.29
89077714,85459,1,239.79
89077714,45172,6,205.99
89079159,52648,12,195.89
89079159,57874,14,234.09
89100930,98451,24,1292.09
89100930,37490,18,159.99
89111307,20430,21,198.89
89111314,22057,13,294.89
89133994,69037,4,35.99
89133994,69991,11,1268.79
89133994,32640,18,234.89
89133994,84547,5,205.49
89133994,80978,12,280.69
89134370,52648,1,195.89
89134370,37742,10,193.59
89136085,97210,17,241.29
89141691,97298,21,29.99
89141691,23364,15,143.99
89150650,10621,19,165.19
89150650,79564,4,34.99
89159723,68723,14,96.89
89159963,48869,7,901.09
89159963,16086,2,36.99
89164090,85076,3,893.99
89170977,75438,1,59.19
89170977,35273,8,213.19
89180742,75721,1,174.59
89180742,79564,24,34.99
89183403,80349,18,203.59
89186664,80349,1,203.59
89186664,69218,14,184.09
89186664,97298,20,29.99
89211409,85076,5,893.99
89211409,75721,2,174.59
89215793,83295,21,123.99
89218828,35273,1,213.19
89219835,26270,1,749.99
89232381,61311,3,160.19
89232381,19021,1,253.09
89232381,39417,24,192.59
89239242,90808,8,77.19
89239242,78853,11,26.29
89239242,86809,3,71.29
89239242,41515,12,1273.69
89239242,63748,18,91.19
89254053,68080,1,141.29
89254053,15578,14,78.69
89254053,54586,2,98.49
89264376,57874,18,234.09
89264376,12576,25,134.49
89264376,86809,19,71.29
89264376,64873,13,77.99
89282398,16353,1,105.99
89282398,78853,10,26.29
89282398,95646,8,323.09
89326943,97210,1,241.29
89338145,48996,14,64.79
89338145,32091,1,81.39
89338145,21230,1,90.79
89338145,57224,9,54.99
89338145,19409,25,67.99
89354539,47437,25,898.99
89354539,48996,1,64.79
89354878,32457,4,550.79
89358074,32457,4,550.79
89365850,42020,1,49.99
89384769,35273,1,213.19
89384769,26740,4,216.59
89392914,64388,8,290.09
89418990,32640,2,234.89
89418990,14979,20,582.09
89422069,87809,2,436.79
89422069,54586,6,98.49
89434001,61311,15,160.19
89434001,57545,5,12.49
89434001,15081,2,108.99
89434001,13185,10,205.29
89434001,11575,2,233.29
89440076,15918,1,32.99
89440076,95646,19,323.09
89440076,22057,1,294.89
89451314,60647,3,264.09
89451314,35798,18,82.99
89451314,36496,6,5.69
89451314,15626,23,429.09
89451314,15918,1,32.99
89464966,68723,1,96.89
89464966,26245,20,107.79
89464966,36496,2,5.69
89464966,69218,10,184.09
89467766,10023,1,181.29
89470582,37489,1,17.69
89470582,39417,12,192.59
89476456,85459,1,239.79
89476456,63748,6,91.19
89476456,54586,8,98.49
89476456,26245,7,107.79
89476968,48869,16,901.09
89476968,35798,1,82.99
89476968,16353,2,105.99
89486543,15081,1,108.99
89486543,80625,2,690.09
89486543,48996,1,64.79
89486543,57051,1,58.39
89486543,97210,15,241.29
89511164,36496,18,5.69
89522947,22393,4,1060.09
89522947,26740,12,216.59
89522947,41515,5,1273.69
89531239,36224,8,56.09
89531239,14920,1,249.99
89531452,27849,2,123.59
89531452,37489,16,17.69
89534828,58650,1,11.09
89534828,66452,17,169.99
89534828,23045,2,713.69
89537440,41345,9,812.29
89537440,14042,19,77.29
89537440,68080,24,141.29
89537440,46421,4,185.89
89547913,77617,1,226.99
89547913,46935,3,118.99
89547913,21508,1,97.89
89547913,80625,1,690.09
89547913,37489,8,17.69
89548232,83295,12,123.99
89559078,32511,15,62.59
89559078,26270,2,749.99
89559078,25979,8,215.99
89559078,50462,1,174.99
89559078,75721,6,174.59
89559078,57224,1,54.99
89559078,15918,18,32.99
89559704,37489,4,17.69
89559704,64388,10,290.09
89559704,47632,4,168.29
89570680,76830,10,210.09
89570680,79564,1,34.99
89575499,75721,1,174.59
89575499,71227,1,166.29
89575499,26245,24,107.79
89575499,39417,13,192.59
89588786,16086,5,36.99
89588786,53392,21,112.99
89591903,56178,1,1474.59
89601051,84547,1,205.49
89601051,86809,4,71.29
89601051,92839,18,84.09
89601051,16805,9,279.49
89601051,41515,2,1273.69
89604724,68723,4,96.89
89604724,69729,21,209.19
89604724,25979,1,215.99
89604724,81834,1,186.89
89604724,61311,3,160.19
89609935,57224,21,54.99
89616366,54586,18,98.49
89616366,11313,15,78.49
89628086,11453,1,1304.19
89628086,47632,5,168.29
89628604,69991,7,1268.79
89628604,20430,1,198.89
89628604,10023,11,181.29
89628604,36496,8,5.69
89637857,76830,4,210.09
89637857,83295,23,123.99
89637857,21230,8,90.79
89637857,71645,1,403.99
89637857,25979,11,215.99
89637857,78853,18,26.29
89637857,75721,7,174.59
89637857,92046,22,166.49
89653009,21230,18,90.79
89653009,45172,1,205.99
89653009,11426,3,1071.19
89666353,22057,16,294.89
89678661,71227,14,166.29
89678661,27600,20,1470.79
89678661,46835,1,112.29
89681209,75767,5,243.99
89681209,22393,16,1060.09
89689593,21230,1,90.79
89689593,77617,1,226.99
89689593,20430,21,198.89
89695873,16749,16,231.39
89695873,58241,1,203.99
89695873,94077,3,185.09
89695873,11313,1,78.49
89695873,23045,2,713.69
89702900,99654,1,265.39
89702900,75767,10,243.99
89715478,78853,3,26.29
89717414,41515,1,1273.69
89717414,28650,1,96.69
89717414,15626,6,429.09
89717414,57874,2,234.09
89717414,81834,3,186.89
89726329,68080,12,141.29
89726329,19403,18,228.99
89726329,80349,9,203.59
89726329,29892,12,44.09
89750266,80625,19,690.09
89750266,47437,2,898.99
89750266,63985,5,78.79
89750266,46421,24,185.89
89750266,58241,11,203.99
89764029,52648,2,195.89
89764029,26750,11,78.79
89764029,23045,7,713.69
89765029,63985,3,78.79
89776881,21230,19,90.79
89776881,26270,9,749.99
89779147,16749,3,231.39
89782175,32640,8,234.89
89784688,96141,5,909.49
89784688,58241,10,203.99
89784688,69991,21,1268.79
89785911,17582,1,83.39
89791405,35273,18,213.19
89791405,30041,2,112.09
89791405,86809,11,71.29
89792263,58241,3,203.99
89792263,57224,11,54.99
89792263,66578,1,268.19
89800876,20054,6,196.99
89800876,39417,7,192.59
89800876,87809,17,436.79
89814254,78853,9,26.29
89822777,26270,5,749.99
89822777,22393,5,1060.09
89822777,75721,17,174.59
89836010,37490,2,159.99
89845947,14109,1,225.49
89845947,26270,7,749.99
89845947,22057,1,294.89
89850092,68080,12,141.29
89852739,22393,6,1060.09
89852739,66578,2,268.19
89852739,26270,2,749.99
89857857,69218,10,184.09
89865595,59301,17,43.99
89865595,37742,16,193.59
89865595,37490,8,159.99
89865595,21230,24,90.79
89869552,64279,19,126.39
89869552,25536,15,208.09
89869552,41515,1,1273.69
89869552,26245,12,107.79
89878573,84547,13,205.49
89883770,77617,9,226.99
89884258,85973,1,177.59
89884258,11575,21,233.29
89884258,97210,16,241.29
89884258,16236,2,4.99
89888753,68723,1,96.89
89891817,57545,3,12.49
89912618,32640,2,234.89
89921962,97298,7,29.99
89922154,57051,2,58.39
89933994,57801,3,63.79
89933994,81834,13,186.89
89933994,15578,13,78.69
89957414,95523,1,82.19
89962896,90808,10,77.19
89964880,32457,1,550.79
89964880,97298,4,29.99
89964880,80978,15,280.69
89970659,54586,4,98.49
89970659,41515,12,1273.69
89984190,48869,1,901.09
89998387,24242,2,116.99
89998387,11313,2,78.49
89998387,78649,13,1059.49
89998387,23045,1,713.69
89998387,79564,10,34.99
90008472,26270,24,749.99
90020996,14109,1,225.49
90020996,77617,1,226.99
90020996,36224,25,56.09
90020996,41515,1,1273.69
90020996,52648,23,195.89
90025998,75721,9,174.59
90025998,41515,20,1273.69
90044406,22057,4,294.89
90044406,48510,1,68.99
90044406,33935,25,201.99
90044406,25979,9,215.99
90059801,16353,5,105.99
90080063,20054,9,196.99
90080063,58241,14,203.99
90080063,75438,16,59.19
90087587,62011,10,72.79
90091180,77670,7,244.59
90091180,48996,1,64.79
90091180,99654,10,265.39
90102970,85459,1,239.79
90102970,61311,2,160.19
90115377,26740,16,216.59
90115377,97298,15,29.99
90122269,86809,17,71.29
90122269,32457,1,550.79
90123752,27849,4,123.59
90149385,11313,16,78.49
90150200,19409,13,67.99
90158703,48289,10,85.59
90158703,48869,2,901.09
90158703,77617,2,226.99
90158703,48996,16,64.79
90163490,10023,3,181.29
90163490,25979,1,215.99
90170367,46421,3,185.89
90171499,77617,7,226.99
90171499,89968,1,206.49
90171499,34871,3,6.59
90190536,52648,1,195.89
90190536,33606,6,285.99
90224262,87809,1,436.79
90226923,77617,25,226.99
90226930,37489,5,17.69
90245065,66820,12,221.99
90245065,59301,25,43.99
90245065,69729,1,209.19
90261672,23045,1,713.69
90261672,15918,3,32.99
90261672,53392,1,112.99
90262104,57874,6,234.09
90262104,16749,4,231.39
90262104,80625,14,690.09
90271056,76830,1,210.09
90271056,77617,16,226.99
90271056,10023,19,181.29
90271056,47174,3,390.69
90275701,26740,1,216.59
90275702,35273,19,213.19
90275702,27849,2,123.59
90275702,83295,20,123.99
90275702,23045,4,713.69
90285421,10023,10,181.29
90285421,69991,17,1268.79
90301979,16086,15,36.99
90301979,37489,3,17.69
90301979,45172,20,205.99
90301979,52648,3,195.89
90302003,61311,7,160.19
90302003,22393,8,1060.09
90302003,98451,11,1292.09
90302003,90808,23,77.19
90302003,95339,13,58.89
90310543,26270,11,749.99
90310543,35273,24,213.19
90310543,58763,1,134.49
90310543,26245,6,107.79
90320780,57224,7,54.99
90320780,41039,7,218.69
90320780,26750,12,78.79
90320780,87809,16,436.79
90320780,37742,21,193.59
90322800,36496,2,5.69
90329305,37490,5,159.99
90329305,16749,4,231.39
90330661,23045,7,713.69
90330661,81834,4,186.89
90330661,52648,15,195.89
90332576,75721,9,174.59
90355629,84547,15,205.49
90358240,37742,9,193.59
90365958,57874,6,234.09
90365958,15918,4,32.99
90365958,15578,3,78.69
90365958,97210,12,241.29
90367139,68723,18,96.89
90367139,85459,4,239.79
90374630,87809,25,436.79
90378139,25979,5,215.99
90383174,37489,1,17.69
90383174,42020,15,49.99
90383174,46499,8,299.49
90383174,77617,6,226.99
90383174,86809,17,71.29
90388056,94612,6,266.79
90388056,85973,6,177.59
90388056,64388,2,290.09
90391689,20054,1,196.99
90391689,26399,18,179.19
90391689,11453,6,1304.19
90400996,25536,4,208.09
90400996,44513,20,53.19
90400996,82638,8,22.99
90400996,15918,1,32.99
90400996,57224,6,54.99
90411627,48510,21,68.99
90411627,33209,1,384.69
90411627,97210,1,241.29
90414008,68479,23,46.29
90414008,58241,23,203.99
90414008,66578,6,268.19
90418617,26399,5,179.19
90418617,68723,1,96.89
90420682,14979,22,582.09
90420682,22393,1,1060.09
90420682,19409,10,67.99
90425143,47437,6,898.99
90456684,77670,16,244.59
90456684,75767,17,243.99
90456684,11313,7,78.49
90511984,73489,1,251.09
90515490,37489,5,17.69
90515490,68080,4,141.29
90515490,41515,16,1273.69
90515490,19409,2,67.99
90519541,76061,2,229.99
90539457,68723,1,96.89
90540179,22393,6,1060.09
90557382,48510,12,68.99
90557382,86854,1,207.99
90561457,32457,19,550.79
90561457,45172,11,205.99
90582694,86286,6,261.59
90589049,91580,7,262.59
90610734,77617,11,226.99
90610734,12576,1,134.49
90610734,58781,5,290.99
90610734,16749,25,231.39
90610734,47632,8,168.29
90610734,57545,4,12.49
90612323,44115,5,1320.79
90612323,36224,1,56.09
90631922,10023,1,181.29
90631922,21230,4,90.79
90631922,85076,14,893.99
90631922,58241,11,203.99
90632089,11313,22,78.49
90632089,14920,12,249.99
90639205,20054,12,196.99
90639205,95339,1,58.89
90639205,62011,22,72.79
90652656,32511,17,62.59
90660383,21230,12,90.79
90660383,25979,1,215.99
90663173,75438,25,59.19
90663173,41515,18,1273.69
90663173,81641,9,228.09
90663613,47437,2,898.99
90680277,14920,8,249.99
90680277,44115,1,1320.79
90689670,85459,1,239.79
90689670,89968,18,206.49
90706905,20430,1,198.89
90706905,68080,6,141.29
90706905,85076,4,893.99
90710441,57874,1,234.09
90710441,54586,1,98.49
90712959,26270,2,749.99
90712959,54586,23,98.49
90759267,58781,1,290.99
90759267,45172,1,205.99
90759267,57874,1,234.09
90770252,47437,1,898.99
90770252,64388,11,290.09
90770252,32511,3,62.59
90770252,92839,12,84.09
90777684,41515,11,1273.69
90798905,26245,10,107.79
90798905,16086,1,36.99
90814444,36496,2,5.69
90815553,78853,2,26.29
90815553,15578,13,78.69
90830326,11575,21,233.29
90830326,16353,3,105.99
90830326,24242,1,116.99
90835088,26740,2,216.59
90838443,36224,16,56.09
90839897,63985,10,78.79
90839897,95523,4,82.19
90839897,36496,2,5.69
90841903,33606,22,285.99
90847050,95646,5,323.09
90847050,27600,25,1470.79
90847050,54586,21,98.49
90847050,37489,5,17.69
90847050,26740,11,216.59
90854465,64388,18,290.09
90854465,37489,6,17.69
90854465,92839,19,84.09
90854465,52111,10,173.99
90854465,95646,1,323.09
90854465,44331,18,121.79
90854465,75721,13,174.59
90863117,66578,9,268.19
90869133,97210,13,241.29
90869133,16749,24,231.39
90872332,69991,4,1268.79
90877463,92839,21,84.09
90877463,89968,7,206.49
90877463,14979,5,582.09
90880043,85076,24,893.99
90882954,20054,25,196.99
90882954,71227,1,166.29
90882954,87789,1,294.99
90882954,46420,25,41.59
90885983,41515,1,1273.69
90885983,47437,21,898.99
90900870,10023,10,181.29
90930188,83295,19,123.99
90972046,57801,17,63.79
90972046,85973,5,177.59
90972046,80625,3,690.09
90972046,76830,19,210.09
90993780,17582,3,83.39
90998140,64279,16,126.39
90998140,68479,6,46.29
