order_id,customer_id,order_date,status,shipped_date,delivery_date,exp_delivery_date
9405343,142213,2024-05-10,Delivered,2024-05-13,2024-05-13,2024-05-14
8231590,129751,2025-12-23,Delivered,2025-12-25,2025-12-26,2025-12-27
9680588,625721,2024-09-30,Delivered,2024-10-02,2024-10-06,2024-10-06
5392266,686075,2024-10-04,Delivered,2024-10-07,2024-10-08,2024-10-09
9523664,871476,2024-11-04,Delivered,2024-11-05,2024-11-05,2024-11-06
8786443,846420,2025-09-01,Delivered,2025-09-02,2025-09-07,2025-09-08
8360213,341288,2024-03-13,Delivered,2024-03-15,2024-03-16,2024-03-16
6672378,721946,2025-10-15,Delivered,2025-10-17,2025-10-19,2025-10-20
7138604,182627,2024-08-14,Delivered,2024-08-15,2024-08-21,2024-08-21
6460447,863587,2024-12-25,Canceled,,,2024-12-30
9090619,658623,2025-05-09,Delivered,2025-05-11,2025-05-12,2025-05-13
6388799,355400,2026-04-24,Delivered,2026-04-27,2026-05-01,2026-05-01
7578173,716113,2024-02-11,Delivered,2024-02-13,2024-02-15,2024-02-13
8684245,767542,2025-07-10,Canceled,,,2025-07-12
8903637,367095,2025-02-10,Canceled,,,2025-02-17
5869056,826501,2024-07-06,Delivered,2024-07-08,2024-07-12,2024-07-12
5934769,897143,2025-03-02,Delivered,2025-03-05,2025-03-04,2025-03-04
7944005,821466,2026-05-12,Delivered,2026-05-15,2026-05-13,2026-05-14
8736545,822063,2026-05-01,Canceled,,,2026-05-05
9612649,182467,2025-06-24,Canceled,,,2025-06-27
8826076,986827,2025-07-22,Delivered,2025-07-23,2025-07-28,2025-07-26
6623437,637234,2026-04-06,Delivered,2026-04-07,2026-04-10,2026-04-10
9030099,401601,2025-02-09,Canceled,,,2025-02-16
9504823,422451,2025-10-19,Delivered,2025-10-22,2025-10-21,2025-10-22
5713679,910004,2025-02-10,Delivered,2025-02-11,2025-02-13,2025-02-14
7863680,589131,2025-06-22,Delivered,2025-06-23,2025-06-25,2025-06-25
8411113,564637,2025-10-06,Delivered,2025-10-09,2025-10-10,2025-10-10
6028392,870763,2026-03-16,Delivered,2026-03-17,2026-03-22,2026-03-22
8386121,870899,2024-01-07,Delivered,2024-01-08,2024-01-14,2024-01-14
6315835,908977,2025-11-27,Canceled,,,2025-12-01
5545072,449247,2025-06-26,Delivered,2025-06-28,2025-07-03,2025-07-03
9100254,853789,2026-02-20,Delivered,2026-02-21,2026-02-26,2026-02-26
6775261,341288,2024-03-09,Delivered,2024-03-11,2024-03-16,2024-03-15
8171613,377511,2025-09-04,Delivered,2025-09-07,2025-09-09,2025-09-09
8973805,628313,2025-12-05,Delivered,2025-12-07,2025-12-09,2025-12-09
5719770,601916,2024-10-15,Delivered,2024-10-16,2024-10-21,2024-10-22
6967522,932463,2025-07-08,Delivered,2025-07-10,2025-07-11,2025-07-12
9425331,736059,2025-03-24,Delivered,2025-03-25,2025-03-31,2025-03-31
9154423,926952,2024-05-07,Delivered,2024-05-09,2024-05-09,2024-05-10
6656652,227324,2024-10-10,Delivered,2024-10-13,2024-10-17,2024-10-17
5528956,701800,2024-06-23,Delivered,2024-06-24,2024-06-26,2024-06-27
7447491,278240,2025-03-10,Delivered,2025-03-11,2025-03-15,2025-03-15
5168212,787277,2024-02-18,Delivered,2024-02-20,2024-02-20,2024-02-20
6807749,422623,2024-03-26,Canceled,,,2024-03-29
5632239,546980,2026-04-30,Canceled,,,2026-05-06
9774504,865388,2025-08-22,Canceled,,,2025-08-25
5984551,456331,2024-04-01,Canceled,,,2024-04-04
8337002,802667,2024-07-20,Delivered,2024-07-21,2024-07-26,2024-07-26
8566517,358607,2025-02-09,Delivered,2025-02-12,2025-02-14,2025-02-14
8484555,831295,2026-02-21,Delivered,2026-02-24,2026-02-26,2026-02-26
6009048,415568,2025-10-09,Delivered,2025-10-11,2025-10-11,2025-10-11
8558429,632280,2025-11-23,Delivered,2025-11-26,2025-11-30,2025-11-30
6422842,461249,2024-10-03,Delivered,2024-10-04,2024-10-05,2024-10-05
7606464,162894,2024-06-06,Delivered,2024-06-08,2024-06-09,2024-06-09
8331232,197793,2024-11-25,Canceled,,,2024-11-28
9576323,313933,2024-05-06,Delivered,2024-05-08,2024-05-10,2024-05-10
9384901,348237,2024-09-02,Delivered,2024-09-04,2024-09-07,2024-09-07
9841757,588557,2024-06-26,Delivered,2024-06-29,2024-07-01,2024-06-30
8620361,862847,2024-11-13,Delivered,2024-11-14,2024-11-15,2024-11-15
9022493,985447,2025-10-17,Canceled,,,2025-10-19
8299127,559381,2025-01-24,Delivered,2025-01-26,2025-01-29,2025-01-30
6445296,210665,2025-04-06,Delivered,2025-04-07,2025-04-13,2025-04-13
5637506,177103,2025-06-07,Canceled,,,2025-06-09
9212829,176517,2024-05-25,Delivered,2024-05-28,2024-05-29,2024-05-29
6162796,693830,2025-12-05,Delivered,2025-12-07,2025-12-07,2025-12-08
6511265,479353,2024-02-21,Canceled,,,2024-02-26
7617416,800005,2025-10-16,Delivered,2025-10-18,2025-10-21,2025-10-21
8896027,946567,2024-01-16,Canceled,,,2024-01-18
9777294,806537,2025-07-16,Canceled,,,2025-07-21
6521256,656251,2024-11-09,Delivered,2024-11-12,2024-11-14,2024-11-12
6056618,314353,2026-04-08,Delivered,2026-04-11,2026-04-12,2026-04-12
7161185,483542,2025-11-01,Canceled,,,2025-11-03
9144267,500156,2025-02-20,Delivered,2025-02-23,2025-02-24,2025-02-24
8395867,392075,2025-10-20,Canceled,,,2025-10-23
9630910,824156,2024-09-08,Canceled,,,2024-09-10
8553479,663750,2025-02-21,Delivered,2025-02-23,2025-02-23,2025-02-23
8690654,571832,2025-11-19,Delivered,2025-11-20,2025-11-23,2025-11-22
5355804,274389,2024-06-16,Delivered,2024-06-18,2024-06-18,2024-06-18
8823909,936020,2024-07-13,Delivered,2024-07-15,2024-07-16,2024-07-16
5859832,368402,2025-05-23,Delivered,2025-05-25,2025-05-28,2025-05-28
8291881,971728,2024-10-16,Canceled,,,2024-10-19
8717180,189511,2024-02-10,Delivered,2024-02-11,2024-02-15,2024-02-15
5771770,835244,2024-02-13,Delivered,2024-02-14,2024-02-19,2024-02-17
7245379,608136,2024-07-31,Delivered,2024-08-01,2024-08-05,2024-08-03
9352117,469038,2025-06-03,Delivered,2025-06-04,2025-06-10,2025-06-10
9788063,890170,2024-10-08,Delivered,2024-10-11,2024-10-12,2024-10-12
8014087,172132,2024-12-04,Delivered,2024-12-07,2024-12-11,2024-12-11
8860890,631981,2025-11-06,Canceled,,,2025-11-12
6182316,745830,2026-01-06,Delivered,2026-01-08,2026-01-12,2026-01-12
7801648,444519,2024-03-15,Delivered,2024-03-17,2024-03-19,2024-03-19
8826079,520521,2025-10-10,Canceled,,,2025-10-15
9502810,101773,2025-07-17,Delivered,2025-07-20,2025-07-22,2025-07-23
8108839,396451,2026-04-01,Delivered,2026-04-04,2026-04-06,2026-04-06
6447318,264136,2025-03-14,Canceled,,,2025-03-20
6612973,271720,2024-05-11,Delivered,2024-05-12,2024-05-13,2024-05-13
7646170,922157,2026-01-27,Canceled,,,2026-01-30
6269483,437902,2025-04-28,Delivered,2025-05-01,2025-05-01,2025-05-01
9217417,745414,2025-04-08,Canceled,,,2025-04-12
5462722,678043,2025-03-18,Delivered,2025-03-20,2025-03-21,2025-03-21
5217204,324345,2024-01-18,Delivered,2024-01-20,2024-01-21,2024-01-22
6586352,278794,2025-04-06,Delivered,2025-04-07,2025-04-10,2025-04-10
7452108,802667,2026-01-22,Delivered,2026-01-23,2026-01-26,2026-01-26
5588728,285751,2024-09-08,Delivered,2024-09-09,2024-09-15,2024-09-15
6868183,347582,2025-05-05,Delivered,2025-05-08,2025-05-08,2025-05-08
8703374,680099,2024-09-29,Delivered,2024-10-02,2024-10-05,2024-10-05
7006361,324130,2024-12-22,Delivered,2024-12-23,2024-12-29,2024-12-29
7106669,300896,2025-08-27,Delivered,2025-08-29,2025-09-03,2025-09-03
7861507,853789,2024-08-25,Delivered,2024-08-28,2024-08-27,2024-08-27
7259774,686075,2026-02-17,Canceled,,,2026-02-19
6078578,103717,2025-07-02,Delivered,2025-07-05,2025-07-09,2025-07-09
7398737,664365,2025-01-11,Delivered,2025-01-14,2025-01-17,2025-01-17
9012543,468845,2025-11-06,Delivered,2025-11-07,2025-11-11,2025-11-11
5804341,459536,2025-03-09,Delivered,2025-03-12,2025-03-11,2025-03-11
5549338,355123,2024-09-15,Delivered,2024-09-17,2024-09-20,2024-09-20
7901297,668969,2025-08-27,Delivered,2025-08-28,2025-09-02,2025-09-02
7639801,983456,2026-02-07,Delivered,2026-02-08,2026-02-11,2026-02-11
9344410,448671,2025-06-22,Delivered,2025-06-23,2025-06-29,2025-06-29
6557684,226935,2024-08-09,Delivered,2024-08-11,2024-08-16,2024-08-16
6516092,157443,2024-08-10,Canceled,,,2024-08-13
5555445,409222,2024-09-14,Canceled,,,2024-09-21
9675571,185544,2024-03-22,Canceled,,,2024-03-27
5950208,577110,2025-05-29,Delivered,2025-05-31,2025-06-02,2025-06-02
9746189,714867,2025-10-29,Delivered,2025-11-01,2025-11-02,2025-11-02
7795480,343467,2025-12-02,Delivered,2025-12-05,2025-12-06,2025-12-06
5706699,652530,2025-08-22,Delivered,2025-08-24,2025-08-26,2025-08-26
8729706,638009,2024-07-09,Delivered,2024-07-11,2024-07-14,2024-07-15
5772413,624902,2024-01-07,Canceled,,,2024-01-11
5016155,578975,2024-11-30,Delivered,2024-12-03,2024-12-01,2024-12-02
8782816,153045,2025-06-02,Delivered,2025-06-04,2025-06-03,2025-06-04
5218186,773971,2024-02-10,Delivered,2024-02-13,2024-02-15,2024-02-16
8647239,618392,2025-06-17,Canceled,,,2025-06-23
8826971,714867,2026-01-16,Delivered,2026-01-18,2026-01-21,2026-01-21
8960711,461249,2024-10-13,Delivered,2024-10-15,2024-10-18,2024-10-18
8585610,133659,2026-01-20,Canceled,,,2026-01-22
6656068,827157,2024-09-23,Delivered,2024-09-25,2024-09-30,2024-09-30
5981207,528231,2025-07-18,Canceled,,,2025-07-22
6757685,768854,2026-02-28,Delivered,2026-03-02,2026-03-01,2026-03-02
5815298,996840,2025-02-14,Canceled,,,2025-02-17
8281592,385765,2024-05-12,Canceled,,,2024-05-15
7497590,573962,2026-05-14,Shipped,2026-05-15,,2026-05-19
7623235,391476,2024-02-02,Delivered,2024-02-03,2024-02-06,2024-02-06
7045047,834549,2025-11-30,Canceled,,,2025-12-06
9643402,547494,2026-01-24,Canceled,,,2026-01-28
6647881,549245,2024-08-26,Delivered,2024-08-28,2024-08-31,2024-08-31
6620373,246413,2025-02-04,Canceled,,,2025-02-07
8357520,615060,2025-03-12,Delivered,2025-03-14,2025-03-15,2025-03-15
7482920,738720,2024-04-08,Delivered,2024-04-09,2024-04-15,2024-04-15
6353521,131244,2026-01-04,Delivered,2026-01-07,2026-01-07,2026-01-08
7925780,475644,2025-07-29,Canceled,,,2025-07-31
7704435,966785,2025-01-01,Delivered,2025-01-03,2025-01-06,2025-01-06
5068091,986827,2025-06-03,Delivered,2025-06-06,2025-06-07,2025-06-07
6869851,437758,2025-07-11,Delivered,2025-07-14,2025-07-13,2025-07-13
8026143,891093,2025-06-09,Delivered,2025-06-11,2025-06-16,2025-06-16
7053759,309267,2025-05-07,Canceled,,,2025-05-10
7039049,147504,2026-03-19,Delivered,2026-03-20,2026-03-25,2026-03-25
6466614,741674,2024-08-12,Canceled,,,2024-08-14
5742777,781446,2024-01-29,Delivered,2024-01-30,2024-02-04,2024-02-04
5277362,783691,2024-06-17,Delivered,2024-06-20,2024-06-20,2024-06-20
5840810,520040,2025-09-13,Delivered,2025-09-15,2025-09-17,2025-09-17
6346340,688153,2025-12-26,Delivered,2025-12-27,2025-12-29,2025-12-29
7829468,653408,2026-03-16,Delivered,2026-03-17,2026-03-19,2026-03-19
7515827,576786,2024-07-13,Canceled,,,2024-07-17
8384785,558933,2025-07-07,Delivered,2025-07-08,2025-07-08,2025-07-09
8784550,138399,2024-05-17,Delivered,2024-05-18,2024-05-25,2024-05-23
7747316,853240,2025-09-21,Canceled,,,2025-09-23
9997629,665158,2025-05-30,Delivered,2025-06-02,2025-06-01,2025-06-01
5578898,825391,2025-03-28,Canceled,,,2025-04-02
7451435,370902,2026-05-04,Delivered,2026-05-05,2026-05-09,2026-05-09
9859720,474440,2024-04-29,Delivered,2024-05-02,2024-05-05,2024-05-05
9938900,347582,2025-08-31,Canceled,,,2025-09-03
8004508,747850,2025-10-28,Canceled,,,2025-11-03
9788562,639593,2026-02-08,Canceled,,,2026-02-10
8766515,662275,2024-04-05,Delivered,2024-04-07,2024-04-10,2024-04-11
8952930,989921,2025-07-25,Delivered,2025-07-26,2025-08-01,2025-08-01
5354655,259097,2024-10-14,Delivered,2024-10-15,2024-10-15,2024-10-16
6950121,585100,2025-12-31,Delivered,2026-01-03,2026-01-07,2026-01-07
5799373,925013,2024-08-18,Delivered,2024-08-21,2024-08-24,2024-08-25
9027276,266071,2025-07-09,Canceled,,,2025-07-13
5015626,256445,2025-10-11,Delivered,2025-10-14,2025-10-15,2025-10-15
8023048,704201,2024-11-08,Delivered,2024-11-11,2024-11-14,2024-11-14
8595318,216242,2026-03-04,Delivered,2026-03-05,2026-03-06,2026-03-07
9469945,982027,2026-02-18,Delivered,2026-02-21,2026-02-27,2026-02-25
6056515,763829,2025-05-30,Canceled,,,2025-06-04
8101191,166165,2025-04-23,Delivered,2025-04-24,2025-04-28,2025-04-28
9629326,793384,2026-02-07,Canceled,,,2026-02-12
6645649,411797,2025-07-27,Delivered,2025-07-29,2025-07-31,2025-07-31
6565401,681343,2025-10-22,Delivered,2025-10-23,2025-10-28,2025-10-28
5344878,816318,2025-11-19,Delivered,2025-11-21,2025-11-23,2025-11-21
5561816,714867,2024-07-26,Canceled,,,2024-07-29
7229299,226516,2024-07-11,Delivered,2024-07-12,2024-07-16,2024-07-16
6815321,326895,2024-11-06,Delivered,2024-11-09,2024-11-12,2024-11-12
7766153,483629,2025-09-07,Delivered,2025-09-08,2025-09-11,2025-09-11
7572083,722503,2024-03-02,Delivered,2024-03-04,2024-03-06,2024-03-04
8111299,518373,2024-10-30,Delivered,2024-11-02,2024-11-04,2024-11-04
8257735,660081,2024-12-31,Delivered,2025-01-01,2025-01-07,2025-01-06
6618786,455505,2024-04-05,Delivered,2024-04-07,2024-04-10,2024-04-10
8322315,893188,2026-04-16,Delivered,2026-04-17,2026-04-22,2026-04-23
8949599,445705,2026-04-26,Delivered,2026-04-27,2026-05-02,2026-05-02
9280643,697530,2024-03-22,Delivered,2024-03-25,2024-03-24,2024-03-24
9325311,168093,2024-05-31,Canceled,,,2024-06-02
6933160,965401,2024-02-06,Delivered,2024-02-08,2024-02-12,2024-02-12
8665376,903013,2025-01-20,Delivered,2025-01-21,2025-01-23,2025-01-24
9198937,899929,2026-02-09,Delivered,2026-02-11,2026-02-12,2026-02-12
8637141,606680,2026-03-15,Delivered,2026-03-16,2026-03-18,2026-03-18
6973611,829884,2025-02-19,Delivered,2025-02-21,2025-02-23,2025-02-23
8517818,591798,2024-08-12,Canceled,,,2024-08-17
7519098,870214,2026-03-30,Delivered,2026-04-01,2026-04-06,2026-04-05
7616419,213609,2026-01-10,Delivered,2026-01-13,2026-01-15,2026-01-15
7595668,450905,2024-12-24,Delivered,2024-12-26,2024-12-28,2024-12-28
9861602,629903,2025-10-14,Canceled,,,2025-10-19
9259391,543481,2024-02-25,Delivered,2024-02-27,2024-03-01,2024-03-01
5982063,326130,2025-03-26,Delivered,2025-03-28,2025-03-28,2025-03-28
5254661,188834,2025-08-02,Delivered,2025-08-05,2025-08-09,2025-08-09
8387364,871411,2024-12-27,Delivered,2024-12-28,2025-01-04,2025-01-02
6627284,498658,2026-01-13,Delivered,2026-01-15,2026-01-17,2026-01-17
6109711,757685,2025-04-08,Delivered,2025-04-11,2025-04-15,2025-04-15
8460388,284229,2024-04-15,Canceled,,,2024-04-22
8762045,815198,2026-02-27,Delivered,2026-02-28,2026-03-05,2026-03-06
6618045,273148,2025-07-23,Delivered,2025-07-25,2025-08-01,2025-07-30
9735681,350405,2024-04-19,Delivered,2024-04-22,2024-04-26,2024-04-26
6171190,856086,2025-04-28,Delivered,2025-04-30,2025-05-04,2025-05-04
5227504,282480,2025-05-14,Delivered,2025-05-17,2025-05-20,2025-05-20
8162565,827712,2025-08-26,Delivered,2025-08-29,2025-09-01,2025-09-01
5193094,772324,2025-03-15,Delivered,2025-03-17,2025-03-18,2025-03-18
7304802,399105,2024-07-29,Canceled,,,2024-08-04
6179471,466813,2024-09-30,Delivered,2024-10-02,2024-10-07,2024-10-06
9870127,599948,2025-04-19,Delivered,2025-04-20,2025-04-25,2025-04-25
7470673,753516,2025-05-03,Delivered,2025-05-04,2025-05-09,2025-05-07
6231628,550664,2026-04-28,Delivered,2026-04-29,2026-04-30,2026-04-30
6175553,611233,2024-02-20,Delivered,2024-02-23,2024-02-24,2024-02-24
5640629,284171,2025-12-24,Delivered,2025-12-27,2025-12-29,2025-12-30
5751450,976638,2024-02-15,Canceled,,,2024-02-22
6467333,172965,2024-12-02,Canceled,,,2024-12-08
7234358,930281,2024-12-13,Delivered,2024-12-15,2024-12-15,2024-12-15
8748856,201255,2025-03-30,Delivered,2025-04-02,2025-04-05,2025-04-05
7203219,526156,2024-03-05,Delivered,2024-03-08,2024-03-09,2024-03-10
6782399,795847,2024-02-25,Delivered,2024-02-27,2024-03-01,2024-03-01
7862178,437408,2024-10-27,Delivered,2024-10-29,2024-10-30,2024-10-30
5420557,354801,2026-03-26,Delivered,2026-03-28,2026-03-31,2026-03-31
8614371,478411,2025-03-09,Delivered,2025-03-11,2025-03-14,2025-03-12
9054337,801474,2026-01-11,Delivered,2026-01-14,2026-01-15,2026-01-16
9542389,974628,2025-02-07,Delivered,2025-02-10,2025-02-14,2025-02-14
6421736,539122,2025-02-20,Delivered,2025-02-21,2025-02-26,2025-02-26
5501248,886325,2025-02-16,Canceled,,,2025-02-22
9830591,354646,2024-06-15,Delivered,2024-06-18,2024-06-20,2024-06-20
9857225,260227,2024-02-23,Delivered,2024-02-26,2024-02-25,2024-02-26
6736842,839485,2024-05-24,Delivered,2024-05-25,2024-05-28,2024-05-28
9216445,196168,2025-06-05,Canceled,,,2025-06-10
9027629,119927,2024-08-22,Delivered,2024-08-24,2024-08-25,2024-08-25
6127346,145561,2025-08-29,Canceled,,,2025-09-01
5995448,371782,2025-05-29,Delivered,2025-06-01,2025-05-31,2025-05-31
5791879,736565,2024-01-19,Delivered,2024-01-20,2024-01-21,2024-01-21
6161020,314181,2025-02-04,Delivered,2025-02-05,2025-02-07,2025-02-07
5155363,452713,2024-07-15,Delivered,2024-07-18,2024-07-21,2024-07-21
6808001,575755,2024-09-12,Canceled,,,2024-09-19
9291624,192055,2024-10-15,Canceled,,,2024-10-21
6266882,143064,2025-06-19,Delivered,2025-06-20,2025-06-23,2025-06-23
9966436,161733,2025-12-02,Delivered,2025-12-05,2025-12-08,2025-12-08
9238592,389688,2025-05-25,Delivered,2025-05-27,2025-05-31,2025-06-01
6610358,751517,2024-08-06,Delivered,2024-08-07,2024-08-10,2024-08-11
9928501,546173,2024-07-21,Delivered,2024-07-23,2024-07-27,2024-07-27
9998042,587623,2024-06-10,Delivered,2024-06-11,2024-06-16,2024-06-16
5343415,422623,2025-12-21,Canceled,,,2025-12-25
5879582,818987,2024-11-09,Delivered,2024-11-12,2024-11-12,2024-11-12
8096075,413769,2025-04-28,Delivered,2025-04-29,2025-05-02,2025-05-02
5021632,421517,2024-10-19,Delivered,2024-10-20,2024-10-21,2024-10-21
8083247,332311,2025-05-12,Delivered,2025-05-13,2025-05-15,2025-05-16
7930782,103402,2024-04-25,Delivered,2024-04-26,2024-04-29,2024-04-30
7500364,772875,2024-02-11,Canceled,,,2024-02-13
9111015,588461,2026-03-26,Delivered,2026-03-28,2026-04-02,2026-04-02
8571966,988662,2024-11-02,Delivered,2024-11-03,2024-11-06,2024-11-06
5659558,940064,2024-04-17,Delivered,2024-04-19,2024-04-24,2024-04-24
8645492,127941,2024-04-10,Canceled,,,2024-04-16
9687647,534303,2025-04-15,Canceled,,,2025-04-20
5510956,535020,2026-02-07,Delivered,2026-02-10,2026-02-14,2026-02-14
8256859,303322,2024-01-11,Delivered,2024-01-12,2024-01-15,2024-01-15
9302164,349489,2026-02-07,Delivered,2026-02-09,2026-02-11,2026-02-11
5288878,182627,2024-05-23,Canceled,,,2024-05-27
6992160,736745,2024-08-23,Canceled,,,2024-08-26
5319789,106402,2025-04-10,Delivered,2025-04-13,2025-04-13,2025-04-13
7603474,354646,2025-12-05,Delivered,2025-12-07,2025-12-08,2025-12-08
5258400,989227,2024-11-15,Delivered,2024-11-17,2024-11-21,2024-11-21
5051439,824586,2024-05-03,Delivered,2024-05-04,2024-05-06,2024-05-06
7740813,444432,2025-08-28,Delivered,2025-08-30,2025-08-30,2025-08-30
7265683,705050,2025-10-14,Delivered,2025-10-17,2025-10-19,2025-10-19
8523456,762423,2024-06-15,Delivered,2024-06-16,2024-06-16,2024-06-17
9368874,592841,2024-04-08,Delivered,2024-04-09,2024-04-12,2024-04-12
5142146,578634,2026-04-05,Delivered,2026-04-07,2026-04-08,2026-04-08
5664752,234568,2024-02-22,Delivered,2024-02-24,2024-02-28,2024-02-28
6682478,575528,2024-01-18,Delivered,2024-01-19,2024-01-21,2024-01-21
5994095,766549,2024-01-23,Canceled,,,2024-01-30
7300218,325595,2024-09-23,Delivered,2024-09-24,2024-09-25,2024-09-25
6771871,235215,2025-05-20,Delivered,2025-05-22,2025-05-26,2025-05-26
7015355,895702,2025-05-26,Delivered,2025-05-27,2025-05-31,2025-05-31
8492070,742848,2025-05-17,Canceled,,,2025-05-23
5008155,245534,2024-05-09,Delivered,2024-05-12,2024-05-14,2024-05-14
8000825,837852,2026-01-07,Delivered,2026-01-09,2026-01-09,2026-01-09
9140620,861319,2024-01-24,Delivered,2024-01-27,2024-01-31,2024-01-31
7197731,964278,2025-09-15,Delivered,2025-09-17,2025-09-17,2025-09-17
6644416,930117,2026-01-27,Delivered,2026-01-28,2026-01-29,2026-01-29
6558309,817644,2025-09-11,Delivered,2025-09-12,2025-09-16,2025-09-16
5858626,891093,2024-09-05,Delivered,2024-09-06,2024-09-10,2024-09-10
5903647,551524,2024-06-14,Canceled,,,2024-06-16
6004257,456331,2025-01-29,Delivered,2025-02-01,2025-02-02,2025-01-31
7885954,288073,2025-01-05,Delivered,2025-01-08,2025-01-07,2025-01-07
7231910,933510,2024-04-11,Canceled,,,2024-04-13
9817717,105814,2025-09-26,Delivered,2025-09-28,2025-09-29,2025-09-29
7788148,918771,2024-04-08,Canceled,,,2024-04-13
6090961,570735,2026-02-03,Delivered,2026-02-06,2026-02-04,2026-02-05
9847989,444525,2025-06-21,Delivered,2025-06-23,2025-06-26,2025-06-26
5687881,722503,2025-11-03,Delivered,2025-11-05,2025-11-06,2025-11-05
8976000,781453,2026-01-06,Delivered,2026-01-07,2026-01-10,2026-01-10
9993192,129751,2024-10-24,Delivered,2024-10-26,2024-10-31,2024-10-31
5903982,355123,2024-08-07,Delivered,2024-08-08,2024-08-14,2024-08-14
8178673,663658,2025-08-26,Delivered,2025-08-28,2025-09-03,2025-09-01
5395876,531071,2024-08-28,Canceled,,,2024-09-02
5557508,184002,2024-01-02,Delivered,2024-01-04,2024-01-08,2024-01-08
6970847,701949,2024-09-15,Delivered,2024-09-18,2024-09-21,2024-09-21
8181593,112038,2025-03-01,Delivered,2025-03-04,2025-03-07,2025-03-07
7456114,448121,2025-12-28,Canceled,,,2026-01-04
5551666,443939,2024-12-27,Canceled,,,2024-12-29
9111298,563513,2025-08-24,Canceled,,,2025-08-27
8492155,556732,2025-10-11,Delivered,2025-10-13,2025-10-13,2025-10-13
7659141,175576,2025-03-25,Delivered,2025-03-26,2025-04-01,2025-04-01
9772974,683397,2026-04-28,Canceled,,,2026-05-05
6080724,364236,2024-04-06,Canceled,,,2024-04-10
5151571,883300,2025-07-21,Delivered,2025-07-22,2025-07-23,2025-07-23
8092189,589710,2026-05-05,Delivered,2026-05-07,2026-05-07,2026-05-07
9814602,802258,2025-09-26,Delivered,2025-09-29,2025-09-29,2025-09-29
7538636,323508,2024-01-23,Canceled,,,2024-01-27
9546904,922157,2025-02-15,Delivered,2025-02-17,2025-02-16,2025-02-17
6711149,772324,2025-10-28,Canceled,,,2025-11-02
8337990,382602,2024-06-25,Delivered,2024-06-26,2024-06-30,2024-06-30
5210207,664607,2025-08-29,Delivered,2025-08-30,2025-09-04,2025-09-05
9781684,643269,2024-01-30,Delivered,2024-02-02,2024-02-07,2024-02-05
5228972,789275,2025-11-14,Delivered,2025-11-17,2025-11-21,2025-11-20
5625181,607719,2024-07-25,Delivered,2024-07-26,2024-07-28,2024-07-28
8527791,969325,2024-11-15,Delivered,2024-11-18,2024-11-21,2024-11-21
9360762,877572,2024-08-24,Delivered,2024-08-25,2024-08-28,2024-08-28
5114019,461888,2025-10-05,Delivered,2025-10-08,2025-10-08,2025-10-08
5901059,729575,2025-03-17,Delivered,2025-03-19,2025-03-24,2025-03-24
5688960,633590,2026-03-13,Canceled,,,2026-03-18
7854875,940010,2024-06-27,Delivered,2024-06-29,2024-07-01,2024-07-01
6817719,599219,2025-06-27,Delivered,2025-06-29,2025-07-02,2025-07-02
8492623,265649,2025-03-01,Delivered,2025-03-02,2025-03-03,2025-03-04
5151368,918771,2024-01-18,Delivered,2024-01-19,2024-01-25,2024-01-25
8229624,146542,2024-12-01,Delivered,2024-12-04,2024-12-05,2024-12-06
7449384,595404,2024-02-11,Delivered,2024-02-12,2024-02-18,2024-02-18
6763386,893188,2025-07-06,Delivered,2025-07-07,2025-07-09,2025-07-09
7511421,960394,2024-01-17,Canceled,,,2024-01-20
8052771,152179,2025-06-21,Delivered,2025-06-24,2025-06-22,2025-06-23
6640898,384913,2024-05-25,Delivered,2024-05-28,2024-05-26,2024-05-27
7237680,539589,2024-09-27,Delivered,2024-09-30,2024-10-04,2024-10-04
9134755,882544,2026-03-21,Canceled,,,2026-03-25
6741256,940064,2024-05-10,Delivered,2024-05-13,2024-05-13,2024-05-12
6057792,133326,2024-02-02,Canceled,,,2024-02-09
5493429,284229,2024-10-06,Delivered,2024-10-08,2024-10-08,2024-10-09
5025019,378428,2025-12-21,Delivered,2025-12-24,2025-12-23,2025-12-23
9893835,505426,2025-08-13,Delivered,2025-08-14,2025-08-14,2025-08-15
8473329,712554,2025-10-05,Canceled,,,2025-10-07
5279945,636265,2024-11-25,Delivered,2024-11-27,2024-12-01,2024-12-01
5977597,309398,2025-10-04,Delivered,2025-10-06,2025-10-06,2025-10-06
8117322,171262,2024-03-05,Delivered,2024-03-06,2024-03-08,2024-03-07
6647920,543481,2024-04-19,Delivered,2024-04-20,2024-04-22,2024-04-22
7808245,654816,2024-12-17,Delivered,2024-12-19,2024-12-19,2024-12-19
6689978,374680,2024-06-19,Canceled,,,2024-06-23
5243061,919264,2024-03-02,Delivered,2024-03-04,2024-03-07,2024-03-07
8009932,823108,2026-04-01,Delivered,2026-04-02,2026-04-04,2026-04-04
6849175,694731,2024-02-26,Canceled,,,2024-02-29
6502122,913894,2025-07-25,Delivered,2025-07-28,2025-07-30,2025-07-30
7884741,701800,2025-08-26,Delivered,2025-08-27,2025-08-29,2025-08-30
8624280,671015,2024-09-03,Canceled,,,2024-09-05
6449459,505341,2025-09-06,Delivered,2025-09-07,2025-09-08,2025-09-08
7585908,201414,2025-01-13,Delivered,2025-01-16,2025-01-17,2025-01-17
9702585,173201,2024-09-18,Canceled,,,2024-09-25
9586804,576877,2025-07-04,Delivered,2025-07-05,2025-07-09,2025-07-09
9711254,584106,2026-02-08,Canceled,,,2026-02-10
9525658,699425,2024-02-13,Delivered,2024-02-14,2024-02-19,2024-02-19
5146293,219629,2024-10-29,Delivered,2024-11-01,2024-11-02,2024-11-02
7520201,308802,2024-03-07,Delivered,2024-03-09,2024-03-12,2024-03-12
9999099,826501,2024-08-21,Canceled,,,2024-08-28
9156182,189771,2024-07-08,Delivered,2024-07-10,2024-07-13,2024-07-13
5362487,919182,2024-12-28,Delivered,2024-12-31,2024-12-31,2024-12-31
7220704,544920,2024-07-16,Delivered,2024-07-18,2024-07-21,2024-07-21
8454438,869440,2026-03-03,Delivered,2026-03-05,2026-03-08,2026-03-08
7317565,961322,2024-07-16,Delivered,2024-07-18,2024-07-23,2024-07-23
9625208,325595,2025-10-24,Canceled,,,2025-10-28
7772113,211341,2026-05-13,Delivered,2026-05-16,2026-05-20,2026-05-20
7707033,139019,2025-11-16,Delivered,2025-11-17,2025-11-22,2025-11-22
7988669,607868,2024-03-15,Delivered,2024-03-17,2024-03-21,2024-03-21
5815944,172792,2024-12-24,Canceled,,,2024-12-29
8393377,939482,2024-03-27,Canceled,,,2024-03-29
9782938,308894,2025-03-29,Canceled,,,2025-04-02
6764279,513741,2025-04-28,Canceled,,,2025-05-03
6367204,587002,2024-05-14,Canceled,,,2024-05-16
7372420,703634,2024-02-29,Canceled,,,2024-03-02
5264992,536390,2024-02-04,Delivered,2024-02-06,2024-02-07,2024-02-07
7793441,203831,2025-04-29,Delivered,2025-04-30,2025-05-06,2025-05-06
8778793,179046,2024-12-23,Delivered,2024-12-24,2024-12-29,2024-12-29
7426037,669605,2025-06-25,Delivered,2025-06-26,2025-07-01,2025-07-01
5836699,691912,2024-11-25,Canceled,,,2024-12-01
5675717,250647,2024-01-22,Delivered,2024-01-25,2024-01-29,2024-01-29
9745822,961322,2025-10-29,Canceled,,,2025-10-31
6718420,842411,2025-03-15,Delivered,2025-03-16,2025-03-17,2025-03-17
8100472,329642,2024-11-21,Delivered,2024-11-22,2024-11-25,2024-11-25
6669549,244247,2025-04-22,Delivered,2025-04-24,2025-04-25,2025-04-26
9754717,685181,2024-10-31,Delivered,2024-11-02,2024-11-03,2024-11-04
5823298,468203,2024-11-09,Delivered,2024-11-10,2024-11-15,2024-11-15
5012331,782535,2024-10-14,Canceled,,,2024-10-21
6966674,699425,2025-09-08,Delivered,2025-09-11,2025-09-13,2025-09-13
9304135,872840,2024-06-27,Canceled,,,2024-06-30
9858349,171262,2025-09-03,Delivered,2025-09-06,2025-09-05,2025-09-05
5617347,324643,2026-01-01,Delivered,2026-01-02,2026-01-07,2026-01-07
8325662,726258,2024-07-12,Delivered,2024-07-14,2024-07-21,2024-07-19
8358607,766269,2024-03-22,Delivered,2024-03-24,2024-03-26,2024-03-26
9174287,571145,2026-05-14,Delivered,2026-05-16,2026-05-17,2026-05-17
8696091,377746,2025-11-25,Canceled,,,2025-11-27
5222760,207473,2024-07-13,Delivered,2024-07-15,2024-07-19,2024-07-19
8022169,476395,2026-04-26,Canceled,,,2026-04-28
6301690,701800,2026-04-08,Canceled,,,2026-04-10
5608217,823378,2024-02-29,Delivered,2024-03-02,2024-03-03,2024-03-03
9256048,618119,2024-04-29,Delivered,2024-04-30,2024-05-05,2024-05-06
7787274,651231,2025-05-19,Canceled,,,2025-05-21
9230281,950916,2026-03-31,Canceled,,,2026-04-07
8177031,472060,2025-09-12,Canceled,,,2025-09-19
9451359,827659,2025-12-26,Delivered,2025-12-27,2026-01-03,2026-01-01
5359388,648913,2024-02-29,Delivered,2024-03-03,2024-03-04,2024-03-05
7190777,341288,2024-05-24,Delivered,2024-05-27,2024-05-30,2024-05-30
6586581,651231,2026-03-21,Delivered,2026-03-22,2026-03-27,2026-03-27
7184636,622987,2024-01-06,Canceled,,,2024-01-09
6211347,926403,2025-10-10,Delivered,2025-10-11,2025-10-12,2025-10-12
9948566,198907,2025-02-22,Canceled,,,2025-03-01
5117524,806073,2025-02-08,Delivered,2025-02-09,2025-02-12,2025-02-12
5274389,374896,2025-03-02,Delivered,2025-03-05,2025-03-05,2025-03-05
9318263,505116,2026-01-28,Delivered,2026-01-30,2026-02-06,2026-02-04
9455096,634723,2025-06-17,Canceled,,,2025-06-20
9923867,972335,2025-04-16,Delivered,2025-04-17,2025-04-18,2025-04-18
6198967,469685,2024-09-26,Delivered,2024-09-28,2024-10-02,2024-10-02
7739402,172574,2024-06-26,Delivered,2024-06-27,2024-06-28,2024-06-28
9528419,925013,2025-05-22,Canceled,,,2025-05-25
7721746,612340,2024-07-14,Canceled,,,2024-07-20
9060661,571832,2025-10-10,Canceled,,,2025-10-13
9311088,535970,2024-02-02,Delivered,2024-02-04,2024-02-05,2024-02-06
6676849,281926,2026-04-09,Delivered,2026-04-11,2026-04-11,2026-04-11
9566175,682144,2025-11-22,Delivered,2025-11-24,2025-11-26,2025-11-26
5378205,680238,2026-05-15,Delivered,2026-05-17,2026-05-20,2026-05-20
6608334,986088,2024-09-21,Delivered,2024-09-24,2024-09-28,2024-09-28
9011918,380028,2024-07-28,Delivered,2024-07-30,2024-08-01,2024-07-31
5198869,264686,2026-02-11,Delivered,2026-02-14,2026-02-18,2026-02-18
6798128,724932,2024-05-03,Delivered,2024-05-05,2024-05-08,2024-05-08
8793287,139434,2026-04-20,Canceled,,,2026-04-22
8955165,837715,2024-11-27,Delivered,2024-11-28,2024-11-29,2024-11-29
6729313,557592,2024-09-19,Delivered,2024-09-20,2024-09-25,2024-09-25
5692463,502219,2025-03-22,Delivered,2025-03-25,2025-03-24,2025-03-24
6286849,864491,2024-05-26,Delivered,2024-05-27,2024-05-29,2024-05-29
5434050,346174,2026-03-18,Delivered,2026-03-19,2026-03-21,2026-03-22
8088867,324597,2025-02-18,Delivered,2025-02-19,2025-02-20,2025-02-20
9628644,694731,2025-11-06,Canceled,,,2025-11-13
9655411,959099,2025-04-28,Delivered,2025-04-29,2025-05-05,2025-05-05
8435252,232413,2025-04-18,Delivered,2025-04-20,2025-04-24,2025-04-25
9755262,147504,2025-03-19,Canceled,,,2025-03-22
7565789,219565,2025-01-11,Delivered,2025-01-14,2025-01-13,2025-01-13
9356723,921414,2025-09-01,Canceled,,,2025-09-04
7976070,968524,2025-03-09,Delivered,2025-03-11,2025-03-15,2025-03-15
6721780,218972,2025-10-20,Delivered,2025-10-21,2025-10-26,2025-10-26
5516318,336650,2025-11-05,Delivered,2025-11-06,2025-11-06,2025-11-07
8832863,968524,2024-12-20,Delivered,2024-12-22,2024-12-22,2024-12-22
7114004,352249,2025-10-10,Delivered,2025-10-13,2025-10-14,2025-10-15
9366286,164879,2024-07-21,Delivered,2024-07-22,2024-07-24,2024-07-24
8848309,550664,2025-04-14,Delivered,2025-04-17,2025-04-20,2025-04-20
9623942,353961,2025-08-28,Delivered,2025-08-31,2025-09-03,2025-09-04
5651308,358607,2025-03-11,Delivered,2025-03-14,2025-03-16,2025-03-16
6584329,632496,2025-01-04,Delivered,2025-01-06,2025-01-10,2025-01-10
7150377,120324,2026-03-27,Delivered,2026-03-30,2026-04-01,2026-04-01
5188091,526117,2024-01-23,Canceled,,,2024-01-25
9970472,346277,2025-10-27,Canceled,,,2025-10-29
7928253,520040,2024-05-15,Delivered,2024-05-16,2024-05-19,2024-05-19
5986434,174441,2025-04-06,Delivered,2025-04-08,2025-04-12,2025-04-12
7296802,649697,2025-09-16,Delivered,2025-09-18,2025-09-22,2025-09-23
5119601,354646,2025-07-02,Delivered,2025-07-05,2025-07-07,2025-07-07
7679489,920934,2024-02-29,Delivered,2024-03-02,2024-03-04,2024-03-04
5480616,397005,2024-10-06,Delivered,2024-10-07,2024-10-10,2024-10-09
5603113,444207,2025-06-13,Delivered,2025-06-15,2025-06-20,2025-06-20
9643533,543814,2024-03-27,Delivered,2024-03-30,2024-04-02,2024-04-02
5847057,212718,2025-04-08,Delivered,2025-04-10,2025-04-13,2025-04-13
7036369,878967,2026-04-29,Canceled,,,2026-05-04
8240427,847581,2026-01-15,Delivered,2026-01-17,2026-01-19,2026-01-19
5628853,988456,2025-08-18,Delivered,2025-08-20,2025-08-21,2025-08-21
9146208,195656,2025-06-03,Delivered,2025-06-05,2025-06-09,2025-06-09
5280863,470774,2026-02-17,Delivered,2026-02-18,2026-02-20,2026-02-20
5019756,765046,2024-01-10,Canceled,,,2024-01-17
5312090,898975,2024-07-27,Canceled,,,2024-07-31
7316512,308573,2024-10-23,Delivered,2024-10-26,2024-10-28,2024-10-28
9317662,523389,2024-04-18,Delivered,2024-04-19,2024-04-21,2024-04-21
8001567,913864,2026-04-11,Delivered,2026-04-12,2026-04-17,2026-04-17
7553661,987204,2025-04-15,Delivered,2025-04-16,2025-04-18,2025-04-18
5915666,244247,2025-08-08,Canceled,,,2025-08-13
6133839,850800,2024-04-02,Delivered,2024-04-04,2024-04-06,2024-04-06
6613159,971482,2025-05-21,Canceled,,,2025-05-28
7104174,518098,2025-11-28,Canceled,,,2025-11-30
9247457,524707,2024-04-08,Delivered,2024-04-09,2024-04-10,2024-04-10
5868481,414910,2025-12-31,Canceled,,,2026-01-03
5070406,725380,2024-09-24,Delivered,2024-09-25,2024-09-27,2024-09-27
9887747,800674,2024-11-17,Canceled,,,2024-11-19
7385910,364659,2025-07-12,Delivered,2025-07-14,2025-07-17,2025-07-17
7729308,646622,2024-05-17,Delivered,2024-05-18,2024-05-22,2024-05-22
6387589,881177,2025-12-09,Delivered,2025-12-12,2025-12-14,2025-12-14
7670315,711680,2024-09-23,Canceled,,,2024-09-28
7741635,897143,2026-05-11,Canceled,,,2026-05-15
7088818,609231,2025-03-03,Delivered,2025-03-06,2025-03-09,2025-03-09
9799836,653081,2024-07-07,Delivered,2024-07-09,2024-07-13,2024-07-14
8231183,749813,2024-08-08,Canceled,,,2024-08-12
6225641,289630,2025-08-20,Canceled,,,2025-08-23
7711124,466346,2025-03-10,Delivered,2025-03-12,2025-03-15,2025-03-14
8029488,313795,2024-03-16,Delivered,2024-03-18,2024-03-18,2024-03-18
8618538,160738,2024-06-14,Delivered,2024-06-17,2024-06-20,2024-06-20
5656973,172574,2025-04-01,Canceled,,,2025-04-08
7278065,855855,2024-11-04,Delivered,2024-11-05,2024-11-08,2024-11-08
7255949,890170,2025-04-30,Delivered,2025-05-03,2025-05-02,2025-05-02
5848325,988324,2024-09-10,Delivered,2024-09-12,2024-09-17,2024-09-17
6303305,884897,2024-03-26,Delivered,2024-03-27,2024-04-02,2024-04-01
9731028,134225,2025-06-22,Delivered,2025-06-25,2025-06-28,2025-06-28
9547231,665158,2024-02-18,Delivered,2024-02-19,2024-02-23,2024-02-24
8736703,886931,2025-08-13,Canceled,,,2025-08-18
5513765,132146,2025-05-12,Delivered,2025-05-13,2025-05-15,2025-05-15
5525651,246413,2025-05-22,Delivered,2025-05-23,2025-05-29,2025-05-29
5491205,127032,2024-08-08,Delivered,2024-08-11,2024-08-10,2024-08-10
6600177,762423,2024-07-12,Canceled,,,2024-07-17
6083830,906527,2025-06-15,Delivered,2025-06-16,2025-06-22,2025-06-21
6016342,369452,2025-05-21,Delivered,2025-05-22,2025-05-26,2025-05-26
7796148,378535,2025-05-07,Delivered,2025-05-08,2025-05-11,2025-05-11
6221792,524045,2024-10-23,Delivered,2024-10-24,2024-10-28,2024-10-28
9939322,230889,2025-01-09,Delivered,2025-01-11,2025-01-15,2025-01-15
7145373,213609,2025-05-02,Delivered,2025-05-04,2025-05-07,2025-05-07
5904894,646781,2025-02-15,Delivered,2025-02-18,2025-02-19,2025-02-19
9162868,429164,2026-01-18,Delivered,2026-01-19,2026-01-24,2026-01-24
8618172,985506,2025-05-04,Canceled,,,2025-05-06
5919304,125990,2025-05-12,Delivered,2025-05-14,2025-05-17,2025-05-17
5928474,613425,2025-08-27,Delivered,2025-08-29,2025-08-31,2025-08-31
5807301,561124,2025-07-28,Delivered,2025-07-31,2025-08-03,2025-08-03
7582883,237795,2024-08-06,Delivered,2024-08-08,2024-08-10,2024-08-10
9321027,970720,2024-02-11,Delivered,2024-02-14,2024-02-15,2024-02-15
6964455,235300,2025-08-21,Delivered,2025-08-22,2025-08-25,2025-08-25
6321626,795847,2025-04-25,Delivered,2025-04-27,2025-04-29,2025-04-28
7101307,688508,2024-02-07,Canceled,,,2024-02-10
5316955,353080,2024-03-31,Canceled,,,2024-04-06
8407646,831076,2024-02-13,Delivered,2024-02-16,2024-02-18,2024-02-18
7875504,703766,2024-07-04,Delivered,2024-07-07,2024-07-07,2024-07-07
6136861,867934,2025-09-06,Canceled,,,2025-09-13
8450454,576877,2025-03-24,Canceled,,,2025-03-31
5640851,943776,2025-05-08,Delivered,2025-05-09,2025-05-11,2025-05-11
6104903,440131,2025-08-14,Delivered,2025-08-15,2025-08-20,2025-08-20
6035572,539122,2025-12-19,Delivered,2025-12-21,2025-12-25,2025-12-25
8254854,132663,2025-05-29,Delivered,2025-06-01,2025-05-31,2025-05-31
8463913,359778,2026-02-14,Delivered,2026-02-16,2026-02-19,2026-02-20
9727626,896907,2026-04-25,Delivered,2026-04-26,2026-05-02,2026-05-02
7504593,669827,2025-06-25,Delivered,2025-06-26,2025-06-28,2025-06-28
9330742,839808,2024-10-03,Canceled,,,2024-10-08
5738549,934904,2024-02-16,Delivered,2024-02-17,2024-02-20,2024-02-21
5506234,528231,2026-02-08,Canceled,,,2026-02-14
5015486,384076,2024-08-07,Delivered,2024-08-09,2024-08-12,2024-08-12
5646059,862569,2024-01-31,Canceled,,,2024-02-03
5539225,146228,2025-05-25,Delivered,2025-05-27,2025-06-01,2025-06-01
6381578,347582,2024-06-21,Delivered,2024-06-23,2024-06-27,2024-06-27
6736706,915451,2024-02-07,Delivered,2024-02-10,2024-02-10,2024-02-10
6839209,534572,2024-03-07,Canceled,,,2024-03-10
5192360,120422,2024-11-10,Delivered,2024-11-12,2024-11-13,2024-11-14
6028128,295085,2025-02-03,Delivered,2025-02-06,2025-02-09,2025-02-09
8521252,584106,2026-02-12,Delivered,2026-02-15,2026-02-17,2026-02-17
8814774,351997,2024-06-23,Delivered,2024-06-25,2024-06-25,2024-06-25
9862907,760356,2025-04-10,Delivered,2025-04-11,2025-04-14,2025-04-14
8200626,389666,2025-11-12,Delivered,2025-11-14,2025-11-16,2025-11-16
7829139,724932,2025-07-15,Delivered,2025-07-17,2025-07-18,2025-07-19
8092701,537983,2024-06-03,Canceled,,,2024-06-08
8273205,429657,2024-01-25,Delivered,2024-01-28,2024-02-01,2024-02-01
8898194,287330,2024-09-02,Delivered,2024-09-03,2024-09-09,2024-09-08
7061393,182582,2025-09-03,Delivered,2025-09-04,2025-09-10,2025-09-10
6566655,279451,2024-09-01,Delivered,2024-09-03,2024-09-07,2024-09-07
6857217,308894,2024-06-06,Delivered,2024-06-08,2024-06-12,2024-06-12
9599912,701253,2024-05-06,Delivered,2024-05-07,2024-05-13,2024-05-13
6611947,344907,2025-05-17,Delivered,2025-05-18,2025-05-23,2025-05-24
8256714,403578,2025-05-22,Delivered,2025-05-23,2025-05-25,2025-05-25
9235753,577110,2025-07-03,Delivered,2025-07-06,2025-07-06,2025-07-06
7578918,320861,2025-01-28,Delivered,2025-01-31,2025-02-04,2025-02-04
5834170,969634,2024-08-06,Delivered,2024-08-08,2024-08-11,2024-08-11
7461479,386544,2024-10-07,Delivered,2024-10-10,2024-10-11,2024-10-11
7020353,165290,2024-06-25,Delivered,2024-06-26,2024-06-28,2024-06-28
7577668,106182,2024-10-20,Canceled,,,2024-10-23
7361820,794963,2025-05-28,Delivered,2025-05-30,2025-06-04,2025-06-04
8297406,497542,2024-08-12,Delivered,2024-08-13,2024-08-19,2024-08-19
6424940,928381,2025-01-22,Delivered,2025-01-24,2025-01-29,2025-01-29
6469817,165858,2024-08-10,Delivered,2024-08-13,2024-08-13,2024-08-13
9238820,119927,2025-11-05,Canceled,,,2025-11-09
5189799,945664,2025-01-19,Delivered,2025-01-21,2025-01-23,2025-01-24
9082452,758765,2024-12-28,Delivered,2024-12-30,2025-01-01,2025-01-01
7213242,535050,2024-10-05,Delivered,2024-10-06,2024-10-10,2024-10-10
5467940,820775,2024-01-26,Delivered,2024-01-28,2024-02-01,2024-02-02
7632194,820184,2026-02-08,Delivered,2026-02-10,2026-02-15,2026-02-15
6675322,361736,2025-08-11,Delivered,2025-08-12,2025-08-15,2025-08-15
9298647,970917,2025-11-06,Delivered,2025-11-07,2025-11-10,2025-11-10
9793260,520884,2026-04-11,Delivered,2026-04-12,2026-04-17,2026-04-17
5114179,676510,2024-08-19,Delivered,2024-08-21,2024-08-25,2024-08-25
7875103,501641,2024-05-20,Delivered,2024-05-22,2024-05-22,2024-05-23
8080414,272634,2026-02-18,Delivered,2026-02-20,2026-02-24,2026-02-24
5062144,614723,2026-02-25,Delivered,2026-02-26,2026-03-02,2026-03-03
7267666,378517,2024-01-28,Delivered,2024-01-30,2024-02-03,2024-02-03
6357366,774751,2025-02-21,Canceled,,,2025-02-26
9401574,170674,2025-06-30,Delivered,2025-07-01,2025-07-03,2025-07-02
5576192,171262,2024-10-03,Delivered,2024-10-05,2024-10-06,2024-10-07
8657375,571579,2024-05-24,Canceled,,,2024-05-27
9558372,516791,2025-05-15,Delivered,2025-05-16,2025-05-20,2025-05-20
6941403,674553,2024-07-11,Delivered,2024-07-12,2024-07-16,2024-07-14
8332398,203896,2026-03-31,Delivered,2026-04-01,2026-04-05,2026-04-06
6278461,518373,2025-11-20,Delivered,2025-11-23,2025-11-24,2025-11-24
7779638,598216,2025-10-09,Delivered,2025-10-12,2025-10-14,2025-10-14
8738067,964749,2024-12-14,Delivered,2024-12-16,2024-12-17,2024-12-17
9125822,350921,2024-07-19,Delivered,2024-07-21,2024-07-21,2024-07-21
6502631,515712,2024-12-03,Delivered,2024-12-04,2024-12-05,2024-12-05
5719611,721946,2025-03-06,Delivered,2025-03-07,2025-03-11,2025-03-10
5220445,989921,2025-09-22,Canceled,,,2025-09-27
9210450,921874,2024-12-26,Canceled,,,2024-12-28
9114286,230679,2024-12-28,Canceled,,,2024-12-30
6552102,614084,2026-04-20,Canceled,,,2026-04-22
8916343,841666,2025-01-05,Delivered,2025-01-07,2025-01-11,2025-01-12
7404896,232413,2024-08-16,Delivered,2024-08-17,2024-08-19,2024-08-19
6026032,321048,2025-01-09,Canceled,,,2025-01-12
5422876,688215,2026-03-01,Delivered,2026-03-02,2026-03-05,2026-03-05
8126278,238890,2024-12-09,Delivered,2024-12-12,2024-12-11,2024-12-11
9890618,290672,2024-09-05,Delivered,2024-09-08,2024-09-06,2024-09-07
5667462,228093,2025-03-27,Delivered,2025-03-28,2025-04-03,2025-04-03
7934557,997546,2024-01-25,Delivered,2024-01-28,2024-01-28,2024-01-28
8863536,803204,2024-03-26,Canceled,,,2024-03-29
9803052,550664,2026-04-18,Delivered,2026-04-21,2026-04-20,2026-04-21
9269253,676566,2025-03-16,Delivered,2025-03-19,2025-03-20,2025-03-21
5705284,469412,2025-02-07,Canceled,,,2025-02-12
8130007,245534,2024-08-23,Delivered,2024-08-25,2024-08-28,2024-08-28
7848535,266071,2025-10-01,Canceled,,,2025-10-05
7819843,249715,2025-07-10,Canceled,,,2025-07-13
5763999,282480,2025-09-01,Canceled,,,2025-09-05
9628915,267457,2025-03-15,Delivered,2025-03-17,2025-03-21,2025-03-21
7617127,505116,2025-10-01,Delivered,2025-10-03,2025-10-07,2025-10-07
9974072,607868,2024-01-19,Delivered,2024-01-20,2024-01-24,2024-01-25
7997153,403445,2024-11-08,Delivered,2024-11-10,2024-11-14,2024-11-14
8087432,823270,2024-11-23,Delivered,2024-11-26,2024-11-29,2024-11-29
6404808,906315,2024-05-29,Canceled,,,2024-06-02
8558243,442027,2024-07-13,Delivered,2024-07-14,2024-07-19,2024-07-19
7147361,378535,2025-02-01,Delivered,2025-02-04,2025-02-07,2025-02-07
7070462,820775,2025-12-04,Delivered,2025-12-07,2025-12-06,2025-12-06
7662817,329974,2024-03-24,Delivered,2024-03-25,2024-03-31,2024-03-31
6179110,753534,2025-02-09,Delivered,2025-02-12,2025-02-13,2025-02-12
6155345,483366,2025-09-06,Canceled,,,2025-09-12
5805542,622987,2024-03-13,Delivered,2024-03-16,2024-03-20,2024-03-20
9059362,974190,2025-01-21,Canceled,,,2025-01-25
6663030,766549,2025-11-29,Delivered,2025-11-30,2025-12-01,2025-12-01
6075545,573417,2024-04-05,Canceled,,,2024-04-09
9627913,534303,2026-04-28,Delivered,2026-04-29,2026-05-05,2026-05-03
7562597,738577,2024-05-30,Delivered,2024-06-02,2024-06-04,2024-06-05
6187413,151021,2026-03-06,Delivered,2026-03-07,2026-03-12,2026-03-12
7218693,594379,2025-03-18,Delivered,2025-03-21,2025-03-20,2025-03-20
9399767,320861,2024-01-16,Delivered,2024-01-18,2024-01-20,2024-01-20
9022718,427766,2024-01-04,Delivered,2024-01-06,2024-01-07,2024-01-07
6439236,393328,2025-03-02,Delivered,2025-03-04,2025-03-08,2025-03-09
9752352,823378,2026-04-27,Delivered,2026-04-28,2026-05-06,2026-05-04
9485733,558176,2024-03-23,Delivered,2024-03-25,2024-03-29,2024-03-30
5500971,795612,2025-09-26,Canceled,,,2025-09-29
6359824,790731,2024-04-30,Delivered,2024-05-01,2024-05-04,2024-05-04
5188699,210665,2025-07-29,Delivered,2025-08-01,2025-07-31,2025-07-31
6299529,114338,2025-09-30,Delivered,2025-10-02,2025-10-04,2025-10-04
5638124,874683,2024-10-05,Delivered,2024-10-06,2024-10-11,2024-10-11
8850000,736745,2024-08-31,Canceled,,,2024-09-02
6445662,751924,2025-03-17,Delivered,2025-03-20,2025-03-19,2025-03-19
8220877,968962,2025-11-10,Canceled,,,2025-11-13
7637032,571029,2026-02-03,Delivered,2026-02-05,2026-02-10,2026-02-10
5892278,771088,2024-06-24,Delivered,2024-06-26,2024-06-27,2024-06-27
7046576,503380,2026-04-17,Delivered,2026-04-19,2026-04-19,2026-04-19
7203650,408528,2025-01-05,Delivered,2025-01-07,2025-01-07,2025-01-07
6221460,192410,2024-02-18,Canceled,,,2024-02-24
5274737,446954,2024-11-05,Canceled,,,2024-11-12
7620335,346629,2024-01-27,Delivered,2024-01-29,2024-02-02,2024-02-03
7815258,251275,2024-02-04,Canceled,,,2024-02-11
9115798,130094,2025-04-13,Canceled,,,2025-04-18
9325955,303440,2025-11-17,Delivered,2025-11-20,2025-11-19,2025-11-19
5932931,485415,2024-02-21,Delivered,2024-02-22,2024-02-25,2024-02-25
7048708,612262,2026-01-14,Delivered,2026-01-16,2026-01-16,2026-01-17
5894976,795928,2025-01-27,Delivered,2025-01-28,2025-02-03,2025-02-03
7441167,211341,2024-03-22,Delivered,2024-03-23,2024-03-27,2024-03-27
8044205,926403,2025-11-25,Delivered,2025-11-27,2025-11-26,2025-11-27
8185552,131757,2024-07-19,Delivered,2024-07-21,2024-07-22,2024-07-22
6150800,945362,2025-01-16,Delivered,2025-01-17,2025-01-22,2025-01-22
8127920,374492,2024-10-06,Delivered,2024-10-07,2024-10-10,2024-10-10
6905347,470858,2025-05-22,Delivered,2025-05-23,2025-05-30,2025-05-29
5507989,958179,2024-08-07,Canceled,,,2024-08-09
6834419,563187,2026-03-28,Delivered,2026-03-31,2026-04-04,2026-04-02
5507196,853305,2025-03-22,Canceled,,,2025-03-29
6161772,773540,2026-03-13,Canceled,,,2026-03-16
7354074,120480,2026-01-23,Delivered,2026-01-25,2026-01-28,2026-01-28
5548132,478411,2025-04-21,Delivered,2025-04-22,2025-04-24,2025-04-24
6842184,565504,2024-11-19,Canceled,,,2024-11-23
5131388,127941,2025-07-12,Delivered,2025-07-15,2025-07-18,2025-07-18
5127574,891952,2025-09-06,Delivered,2025-09-09,2025-09-12,2025-09-11
5969453,862400,2024-04-14,Delivered,2024-04-17,2024-04-20,2024-04-20
5948930,712451,2025-07-24,Delivered,2025-07-26,2025-07-26,2025-07-26
6769441,184714,2025-08-05,Delivered,2025-08-07,2025-08-09,2025-08-10
5552906,824156,2024-06-26,Delivered,2024-06-27,2024-06-29,2024-06-29
7362997,540226,2024-12-10,Canceled,,,2024-12-13
8559228,899550,2024-08-07,Delivered,2024-08-10,2024-08-10,2024-08-10
7536442,345884,2026-04-24,Delivered,2026-04-25,2026-04-27,2026-04-27
7578914,289019,2024-03-18,Delivered,2024-03-21,2024-03-20,2024-03-20
6551168,587115,2025-10-13,Delivered,2025-10-15,2025-10-16,2025-10-16
5701703,245095,2025-01-06,Canceled,,,2025-01-11
7365557,647091,2026-03-13,Delivered,2026-03-14,2026-03-19,2026-03-18
7083177,452737,2026-01-15,Canceled,,,2026-01-17
8900471,207473,2025-10-09,Delivered,2025-10-12,2025-10-13,2025-10-13
9010837,161324,2025-05-12,Delivered,2025-05-13,2025-05-15,2025-05-15
9212531,414569,2024-01-29,Delivered,2024-01-31,2024-02-02,2024-02-01
5233091,480612,2025-06-08,Delivered,2025-06-10,2025-06-16,2025-06-15
8114766,547494,2024-01-28,Delivered,2024-01-29,2024-02-03,2024-02-04
7817037,717476,2025-03-21,Canceled,,,2025-03-25
6158409,767542,2025-02-03,Canceled,,,2025-02-09
6116840,697983,2024-01-11,Delivered,2024-01-13,2024-01-16,2024-01-16
9013300,359295,2026-01-18,Canceled,,,2026-01-22
8978355,299659,2026-01-30,Delivered,2026-02-02,2026-02-01,2026-02-01
5197444,903035,2025-04-01,Canceled,,,2025-04-08
6064396,140804,2025-12-31,Canceled,,,2026-01-02
8585473,520040,2024-05-30,Delivered,2024-05-31,2024-06-04,2024-06-04
5445216,912609,2025-10-19,Delivered,2025-10-21,2025-10-26,2025-10-26
7565032,361303,2025-03-11,Delivered,2025-03-14,2025-03-17,2025-03-16
9725833,780776,2025-03-19,Delivered,2025-03-22,2025-03-24,2025-03-25
8912274,469435,2024-02-11,Delivered,2024-02-12,2024-02-18,2024-02-17
8351259,972097,2025-04-29,Canceled,,,2025-05-06
8968084,705397,2024-10-31,Canceled,,,2024-11-06
9896481,327823,2026-02-09,Delivered,2026-02-10,2026-02-15,2026-02-16
9346504,654634,2026-01-01,Delivered,2026-01-03,2026-01-05,2026-01-05
8773862,908475,2024-10-28,Delivered,2024-10-31,2024-11-02,2024-11-02
6542090,946305,2024-06-24,Delivered,2024-06-25,2024-06-26,2024-06-26
7948905,913694,2024-07-15,Canceled,,,2024-07-22
8379310,143015,2025-01-30,Delivered,2025-02-02,2025-02-03,2025-02-03
9963122,704788,2026-01-17,Delivered,2026-01-19,2026-01-20,2026-01-20
8657728,567951,2024-05-12,Delivered,2024-05-14,2024-05-16,2024-05-15
7564566,744674,2026-02-04,Delivered,2026-02-05,2026-02-06,2026-02-07
5653104,897441,2025-11-02,Canceled,,,2025-11-09
5533837,197966,2024-03-04,Delivered,2024-03-05,2024-03-09,2024-03-09
6775792,599380,2025-05-21,Canceled,,,2025-05-27
7916392,774079,2025-07-17,Delivered,2025-07-20,2025-07-19,2025-07-19
5129331,738457,2024-05-28,Delivered,2024-05-31,2024-05-31,2024-05-31
8756703,491435,2024-10-01,Delivered,2024-10-03,2024-10-04,2024-10-04
8644530,964278,2026-03-20,Canceled,,,2026-03-25
7432335,883790,2025-08-01,Delivered,2025-08-04,2025-08-10,2025-08-08
8190289,368402,2025-10-14,Delivered,2025-10-15,2025-10-16,2025-10-17
8789135,459536,2026-05-10,Delivered,2026-05-11,2026-05-14,2026-05-13
6408385,103717,2025-07-10,Delivered,2025-07-12,2025-07-12,2025-07-12
8751614,762055,2025-01-14,Delivered,2025-01-16,2025-01-16,2025-01-16
8379587,535673,2025-05-12,Delivered,2025-05-13,2025-05-18,2025-05-18
6593839,887352,2024-02-22,Canceled,,,2024-02-25
6826755,411882,2024-03-13,Delivered,2024-03-14,2024-03-17,2024-03-17
9737356,157443,2024-02-25,Canceled,,,2024-03-01
8446690,132663,2025-04-05,Canceled,,,2025-04-09
9244883,913864,2025-12-23,Canceled,,,2025-12-26
5220528,444525,2025-10-13,Delivered,2025-10-15,2025-10-20,2025-10-20
5336043,550770,2025-03-07,Delivered,2025-03-10,2025-03-08,2025-03-09
8715253,180089,2024-05-15,Canceled,,,2024-05-19
5949443,154615,2024-09-13,Canceled,,,2024-09-16
5888854,736565,2025-05-09,Delivered,2025-05-10,2025-05-13,2025-05-13
7371279,379766,2026-03-14,Delivered,2026-03-17,2026-03-18,2026-03-18
9186776,728437,2025-01-07,Delivered,2025-01-09,2025-01-10,2025-01-10
7635516,580292,2025-04-05,Canceled,,,2025-04-11
5400333,219169,2025-05-19,Delivered,2025-05-20,2025-05-21,2025-05-21
7987860,154909,2025-08-04,Delivered,2025-08-05,2025-08-08,2025-08-08
6543622,237235,2025-10-14,Delivered,2025-10-16,2025-10-18,2025-10-18
6074889,884475,2025-05-01,Canceled,,,2025-05-04
5381514,739979,2025-11-15,Delivered,2025-11-16,2025-11-21,2025-11-21
5798178,582662,2024-04-29,Delivered,2024-05-01,2024-05-02,2024-05-02
5554065,272634,2026-05-01,Delivered,2026-05-03,2026-05-08,2026-05-08
6208240,835244,2025-03-16,Delivered,2025-03-17,2025-03-20,2025-03-21
9056603,266889,2024-01-06,Delivered,2024-01-09,2024-01-11,2024-01-11
5068908,215233,2024-02-27,Delivered,2024-02-28,2024-03-04,2024-03-05
7365205,789606,2025-10-07,Canceled,,,2025-10-09
6194445,181247,2025-04-01,Delivered,2025-04-02,2025-04-06,2025-04-06
6078662,221552,2025-02-09,Canceled,,,2025-02-15
8098235,736130,2024-02-14,Delivered,2024-02-17,2024-02-16,2024-02-16
9780826,772097,2026-05-04,Canceled,,,2026-05-09
6874012,857537,2024-01-17,Canceled,,,2024-01-24
6975262,721254,2025-09-12,Delivered,2025-09-13,2025-09-16,2025-09-16
6160183,622707,2025-10-21,Canceled,,,2025-10-23
6763525,972335,2024-02-15,Delivered,2024-02-17,2024-02-19,2024-02-19
9629736,429164,2026-01-27,Delivered,2026-01-30,2026-02-02,2026-02-02
5719012,491559,2024-10-12,Delivered,2024-10-14,2024-10-16,2024-10-16
7554624,108491,2025-09-19,Delivered,2025-09-22,2025-09-26,2025-09-26
6948667,941204,2025-02-02,Delivered,2025-02-04,2025-02-06,2025-02-06
6780025,945964,2024-02-14,Delivered,2024-02-16,2024-02-20,2024-02-20
5937074,739427,2025-09-16,Delivered,2025-09-17,2025-09-21,2025-09-21
8408137,843788,2024-06-26,Delivered,2024-06-29,2024-06-30,2024-06-30
5623947,392477,2024-12-07,Canceled,,,2024-12-11
8618683,108574,2026-03-08,Delivered,2026-03-09,2026-03-14,2026-03-14
8406760,731661,2026-01-06,Delivered,2026-01-07,2026-01-13,2026-01-13
8956649,950155,2025-09-19,Delivered,2025-09-22,2025-09-24,2025-09-24
7578678,227257,2024-01-26,Delivered,2024-01-27,2024-01-30,2024-01-31
7578624,355123,2024-09-29,Delivered,2024-10-01,2024-10-05,2024-10-05
8467159,614013,2024-03-31,Canceled,,,2024-04-02
9883972,790855,2025-03-02,Delivered,2025-03-04,2025-03-04,2025-03-04
9081591,201639,2024-07-21,Delivered,2024-07-22,2024-07-26,2024-07-26
5332762,698384,2024-10-25,Delivered,2024-10-28,2024-10-28,2024-10-28
9091442,897615,2025-11-12,Delivered,2025-11-15,2025-11-15,2025-11-15
5960287,185461,2026-01-28,Canceled,,,2026-02-01
5939569,553633,2024-10-11,Delivered,2024-10-13,2024-10-15,2024-10-15
9421237,986982,2024-11-05,Delivered,2024-11-06,2024-11-10,2024-11-10
9865733,779112,2024-06-10,Canceled,,,2024-06-16
7772452,782054,2024-04-26,Delivered,2024-04-29,2024-05-01,2024-05-02
5569942,970720,2025-04-22,Delivered,2025-04-23,2025-04-29,2025-04-29
5922266,488571,2025-12-08,Delivered,2025-12-09,2025-12-14,2025-12-14
5987372,795613,2025-12-11,Delivered,2025-12-13,2025-12-16,2025-12-16
8104394,146489,2025-11-16,Delivered,2025-11-17,2025-11-19,2025-11-19
9144709,145471,2025-03-26,Delivered,2025-03-28,2025-03-31,2025-03-31
9573071,862560,2024-06-08,Delivered,2024-06-11,2024-06-11,2024-06-11
8805516,543143,2025-07-17,Canceled,,,2025-07-19
6076953,513037,2024-11-15,Canceled,,,2024-11-17
7012231,145649,2025-02-23,Canceled,,,2025-02-27
9889698,739427,2025-09-15,Canceled,,,2025-09-19
5503557,757924,2024-02-03,Delivered,2024-02-05,2024-02-12,2024-02-10
6654687,459536,2024-01-20,Delivered,2024-01-23,2024-01-22,2024-01-22
9150005,935457,2025-08-05,Canceled,,,2025-08-11
5985097,109853,2025-04-01,Canceled,,,2025-04-05
7700848,638289,2026-03-26,Canceled,,,2026-03-28
8094964,925206,2025-10-29,Delivered,2025-11-01,2025-11-05,2025-11-05
9326679,304110,2024-01-30,Delivered,2024-01-31,2024-02-04,2024-02-04
8360896,952547,2025-02-11,Delivered,2025-02-14,2025-02-14,2025-02-14
5087770,829884,2025-03-22,Canceled,,,2025-03-25
6524779,916990,2024-12-06,Canceled,,,2024-12-12
8375101,683286,2024-12-21,Delivered,2024-12-22,2024-12-24,2024-12-24
7528533,803055,2024-03-09,Canceled,,,2024-03-12
6092428,573866,2025-05-28,Delivered,2025-05-30,2025-05-31,2025-05-31
6763568,418862,2024-04-21,Delivered,2024-04-24,2024-04-23,2024-04-24
8382344,264686,2025-11-09,Delivered,2025-11-12,2025-11-14,2025-11-14
6491053,681128,2025-05-13,Delivered,2025-05-14,2025-05-17,2025-05-15
7536189,391369,2025-06-24,Delivered,2025-06-25,2025-06-30,2025-06-30
7843052,319684,2026-03-05,Delivered,2026-03-07,2026-03-12,2026-03-12
9273847,335137,2024-09-29,Canceled,,,2024-10-02
9510766,353080,2024-12-10,Delivered,2024-12-13,2024-12-12,2024-12-12
7395844,591798,2025-10-15,Delivered,2025-10-16,2025-10-20,2025-10-20
8156859,844031,2025-09-17,Delivered,2025-09-18,2025-09-21,2025-09-22
9871755,938742,2024-09-30,Delivered,2024-10-03,2024-10-02,2024-10-02
6732223,569945,2024-04-21,Delivered,2024-04-23,2024-04-27,2024-04-27
8741151,662761,2024-12-20,Delivered,2024-12-23,2024-12-21,2024-12-22
5580400,505341,2025-10-10,Delivered,2025-10-11,2025-10-15,2025-10-15
7358487,379946,2026-02-25,Delivered,2026-02-28,2026-02-27,2026-02-27
8872906,141832,2025-12-05,Delivered,2025-12-07,2025-12-13,2025-12-11
9625668,989208,2025-04-22,Delivered,2025-04-24,2025-04-29,2025-04-29
9168006,215233,2024-06-12,Delivered,2024-06-15,2024-06-15,2024-06-15
7905783,864491,2025-07-11,Delivered,2025-07-13,2025-07-15,2025-07-14
5216483,359249,2025-09-22,Delivered,2025-09-25,2025-09-24,2025-09-24
9355026,267082,2024-11-14,Delivered,2024-11-17,2024-11-17,2024-11-17
5193455,801474,2024-03-22,Delivered,2024-03-24,2024-03-25,2024-03-26
7994531,950916,2025-08-18,Canceled,,,2025-08-25
8854744,607774,2026-01-16,Delivered,2026-01-18,2026-01-22,2026-01-20
5549268,148458,2026-01-19,Delivered,2026-01-22,2026-01-21,2026-01-21
5566221,223172,2024-06-27,Delivered,2024-06-28,2024-07-02,2024-07-02
9175172,664742,2024-02-06,Delivered,2024-02-08,2024-02-09,2024-02-09
9434365,987204,2026-03-23,Delivered,2026-03-26,2026-03-25,2026-03-26
7165680,362778,2025-06-10,Delivered,2025-06-13,2025-06-14,2025-06-14
7573699,431495,2024-05-13,Delivered,2024-05-15,2024-05-19,2024-05-19
7341205,424314,2025-12-13,Delivered,2025-12-16,2025-12-15,2025-12-16
5411730,514850,2024-10-26,Delivered,2024-10-27,2024-10-30,2024-10-30
5507064,631958,2025-04-06,Canceled,,,2025-04-10
6309869,265156,2024-07-01,Canceled,,,2024-07-04
9088166,986209,2024-01-05,Delivered,2024-01-06,2024-01-11,2024-01-11
7184748,656711,2024-02-23,Delivered,2024-02-25,2024-03-02,2024-02-29
9269452,531712,2025-05-12,Delivered,2025-05-13,2025-05-17,2025-05-17
7143196,972176,2026-05-05,Delivered,2026-05-07,2026-05-07,2026-05-08
6425938,579318,2024-05-31,Delivered,2024-06-01,2024-06-02,2024-06-02
7316780,191161,2024-06-25,Delivered,2024-06-28,2024-06-27,2024-06-27
7573958,443341,2025-07-07,Delivered,2025-07-08,2025-07-12,2025-07-12
6938263,517479,2024-06-24,Delivered,2024-06-26,2024-06-30,2024-06-30
8704075,215233,2025-01-10,Delivered,2025-01-12,2025-01-15,2025-01-15
6718736,177060,2024-06-02,Delivered,2024-06-03,2024-06-08,2024-06-08
8405890,679077,2025-09-27,Delivered,2025-09-29,2025-10-02,2025-10-02
8269295,505341,2024-12-24,Delivered,2024-12-26,2024-12-31,2024-12-31
8588354,410244,2025-03-11,Delivered,2025-03-14,2025-03-14,2025-03-15
5437551,891952,2024-01-24,Delivered,2024-01-25,2024-01-26,2024-01-27
7404110,822063,2025-11-30,Canceled,,,2025-12-02
7596763,362246,2025-02-25,Delivered,2025-02-27,2025-03-02,2025-03-02
9519219,238205,2026-03-31,Canceled,,,2026-04-05
8332291,211341,2024-11-21,Delivered,2024-11-22,2024-11-28,2024-11-28
8846486,915922,2025-08-02,Delivered,2025-08-04,2025-08-06,2025-08-06
5979183,172933,2025-12-16,Canceled,,,2025-12-18
6002681,859782,2026-05-06,Delivered,2026-05-07,2026-05-12,2026-05-12
9517819,446954,2025-08-27,Delivered,2025-08-30,2025-08-31,2025-08-31
9395844,949884,2024-06-25,Delivered,2024-06-27,2024-07-01,2024-07-01
5637712,142213,2025-08-13,Delivered,2025-08-16,2025-08-19,2025-08-19
8415150,903531,2024-02-22,Delivered,2024-02-25,2024-02-25,2024-02-26
5569174,892280,2024-10-08,Delivered,2024-10-11,2024-10-10,2024-10-11
9413097,988432,2024-09-29,Canceled,,,2024-10-05
6415963,493537,2025-10-01,Canceled,,,2025-10-06
9108571,424500,2025-10-06,Delivered,2025-10-08,2025-10-11,2025-10-11
8695438,621841,2026-03-05,Delivered,2026-03-06,2026-03-07,2026-03-07
6847675,777568,2025-01-16,Canceled,,,2025-01-18
7481748,329258,2026-02-02,Delivered,2026-02-04,2026-02-04,2026-02-04
8736290,702733,2025-08-10,Delivered,2025-08-11,2025-08-12,2025-08-12
8889383,903531,2024-08-24,Canceled,,,2024-08-30
7417798,956375,2025-12-16,Canceled,,,2025-12-21
9933514,495533,2024-11-25,Delivered,2024-11-27,2024-12-02,2024-12-02
8503259,632280,2025-09-15,Delivered,2025-09-17,2025-09-19,2025-09-19
8675505,289630,2024-02-13,Delivered,2024-02-14,2024-02-17,2024-02-17
9344294,731718,2025-10-30,Delivered,2025-10-31,2025-11-05,2025-11-05
7446824,955662,2026-04-11,Delivered,2026-04-14,2026-04-13,2026-04-13
8144869,260295,2025-05-23,Delivered,2025-05-26,2025-06-01,2025-05-30
6052159,378535,2024-06-01,Canceled,,,2024-06-04
8882353,282710,2024-12-18,Delivered,2024-12-21,2024-12-22,2024-12-23
6971799,376807,2024-12-18,Delivered,2024-12-20,2024-12-19,2024-12-20
7033010,881886,2026-03-01,Delivered,2026-03-03,2026-03-08,2026-03-08
5858531,853258,2024-03-17,Delivered,2024-03-19,2024-03-18,2024-03-19
9332597,725550,2025-09-04,Delivered,2025-09-07,2025-09-07,2025-09-07
9361826,788637,2025-08-26,Delivered,2025-08-28,2025-09-02,2025-09-02
5877066,102973,2025-06-19,Canceled,,,2025-06-21
7664621,153945,2024-08-11,Delivered,2024-08-13,2024-08-13,2024-08-13
8484581,942956,2024-07-13,Delivered,2024-07-16,2024-07-19,2024-07-19
9156620,904751,2025-12-05,Delivered,2025-12-07,2025-12-07,2025-12-07
7743847,973835,2024-04-04,Delivered,2024-04-05,2024-04-06,2024-04-06
7389915,493537,2024-09-16,Delivered,2024-09-17,2024-09-23,2024-09-23
6014249,919488,2025-05-02,Delivered,2025-05-05,2025-05-08,2025-05-08
6791998,964278,2025-11-04,Delivered,2025-11-07,2025-11-08,2025-11-08
7811212,176365,2024-10-09,Canceled,,,2024-10-15
7326040,391704,2024-04-26,Canceled,,,2024-05-01
7951937,951201,2024-06-26,Delivered,2024-06-28,2024-07-02,2024-07-03
7881656,983532,2024-02-18,Delivered,2024-02-20,2024-02-21,2024-02-21
8675769,724932,2024-08-26,Canceled,,,2024-08-29
8831682,259493,2025-04-21,Delivered,2025-04-23,2025-04-26,2025-04-26
5250799,969752,2024-12-05,Delivered,2024-12-08,2024-12-12,2024-12-12
8861126,299659,2026-04-28,Delivered,2026-04-29,2026-05-05,2026-05-05
5511941,531071,2025-05-21,Delivered,2025-05-24,2025-05-24,2025-05-24
8994539,934904,2025-06-23,Delivered,2025-06-25,2025-06-27,2025-06-28
8707474,813793,2024-10-24,Delivered,2024-10-25,2024-10-29,2024-10-29
5463636,925206,2026-05-04,Delivered,2026-05-05,2026-05-08,2026-05-08
7589939,659951,2024-08-15,Delivered,2024-08-17,2024-08-17,2024-08-17
8131304,310743,2024-05-19,Canceled,,,2024-05-24
7830235,368690,2025-07-26,Canceled,,,2025-07-30
6765572,433632,2024-07-06,Canceled,,,2024-07-10
5224820,443341,2025-03-31,Delivered,2025-04-01,2025-04-04,2025-04-04
5165323,748458,2025-09-01,Delivered,2025-09-04,2025-09-03,2025-09-04
5597572,208699,2024-12-24,Delivered,2024-12-26,2024-12-30,2024-12-30
9067921,102689,2025-11-26,Canceled,,,2025-11-30
6642822,531071,2024-07-26,Canceled,,,2024-08-01
5871409,472060,2024-09-13,Delivered,2024-09-16,2024-09-18,2024-09-18
7199406,986982,2025-11-13,Delivered,2025-11-15,2025-11-19,2025-11-19
5875181,523956,2025-03-03,Delivered,2025-03-05,2025-03-08,2025-03-09
6269636,617781,2024-06-12,Delivered,2024-06-14,2024-06-15,2024-06-16
8948989,156213,2024-06-22,Delivered,2024-06-23,2024-06-28,2024-06-29
6443582,628750,2024-10-07,Delivered,2024-10-09,2024-10-10,2024-10-10
7948107,419149,2024-02-03,Delivered,2024-02-06,2024-02-05,2024-02-06
9930409,587192,2026-02-02,Delivered,2026-02-05,2026-02-05,2026-02-05
6471443,945687,2026-02-03,Delivered,2026-02-05,2026-02-05,2026-02-05
5909686,527809,2026-05-08,Delivered,2026-05-10,2026-05-14,2026-05-14
6538791,224205,2024-04-28,Delivered,2024-04-29,2024-05-05,2024-05-05
9820930,760356,2025-08-26,Delivered,2025-08-29,2025-08-28,2025-08-28
9649148,632323,2024-11-05,Delivered,2024-11-08,2024-11-07,2024-11-07
7997898,447329,2026-04-26,Canceled,,,2026-05-03
8203587,666847,2024-09-23,Delivered,2024-09-26,2024-09-29,2024-09-29
8756400,862847,2025-06-05,Delivered,2025-06-08,2025-06-08,2025-06-08
6066847,624108,2025-08-02,Delivered,2025-08-04,2025-08-04,2025-08-04
7167052,398151,2026-01-02,Canceled,,,2026-01-09
5438440,536802,2026-05-07,Canceled,,,2026-05-09
8076342,711868,2025-11-30,Delivered,2025-12-01,2025-12-04,2025-12-04
8070459,431737,2024-03-06,Delivered,2024-03-08,2024-03-11,2024-03-11
7868314,916449,2025-09-15,Delivered,2025-09-17,2025-09-19,2025-09-19
6363844,252640,2025-04-13,Canceled,,,2025-04-18
7739012,523808,2025-02-28,Delivered,2025-03-02,2025-03-05,2025-03-06
5877495,551607,2024-10-06,Canceled,,,2024-10-11
9178093,414012,2025-09-13,Delivered,2025-09-15,2025-09-15,2025-09-15
8935484,390120,2025-04-17,Delivered,2025-04-19,2025-04-21,2025-04-19
7421939,522060,2025-05-12,Delivered,2025-05-15,2025-05-13,2025-05-14
9460971,686075,2025-08-22,Delivered,2025-08-23,2025-08-26,2025-08-27
7979781,450905,2026-03-15,Delivered,2026-03-16,2026-03-22,2026-03-22
8616077,146542,2025-02-18,Delivered,2025-02-20,2025-02-23,2025-02-23
7690369,782054,2025-05-26,Delivered,2025-05-29,2025-05-30,2025-05-30
6308731,539898,2025-11-08,Canceled,,,2025-11-13
8385259,546815,2024-07-14,Delivered,2024-07-16,2024-07-20,2024-07-20
7583977,996865,2024-04-09,Delivered,2024-04-11,2024-04-13,2024-04-11
6306094,609253,2025-01-09,Delivered,2025-01-12,2025-01-16,2025-01-16
7262083,579318,2025-07-29,Canceled,,,2025-08-03
6812160,201913,2024-10-07,Delivered,2024-10-09,2024-10-12,2024-10-12
8672247,704596,2024-08-17,Delivered,2024-08-19,2024-08-20,2024-08-20
7582049,324130,2025-07-03,Delivered,2025-07-05,2025-07-10,2025-07-10
6295653,508396,2025-01-30,Delivered,2025-02-02,2025-02-02,2025-02-02
9238646,314353,2025-05-27,Delivered,2025-05-30,2025-05-30,2025-05-30
6134529,982554,2025-11-08,Delivered,2025-11-11,2025-11-16,2025-11-14
6291251,189814,2024-02-05,Delivered,2024-02-06,2024-02-10,2024-02-10
5198566,426858,2024-10-26,Canceled,,,2024-11-02
6550520,188834,2025-11-18,Canceled,,,2025-11-22
6066898,774079,2024-02-04,Canceled,,,2024-02-07
5430236,653306,2024-10-21,Delivered,2024-10-24,2024-10-28,2024-10-28
7308551,389666,2025-06-10,Canceled,,,2025-06-16
5611061,271720,2025-09-28,Canceled,,,2025-09-30
5029596,561239,2026-03-11,Canceled,,,2026-03-17
8509699,666432,2024-01-23,Delivered,2024-01-25,2024-01-29,2024-01-29
7454258,700383,2025-12-16,Delivered,2025-12-17,2025-12-20,2025-12-21
9788520,556839,2025-12-14,Delivered,2025-12-15,2025-12-16,2025-12-16
8404243,485178,2026-01-22,Delivered,2026-01-23,2026-01-28,2026-01-27
5352011,665427,2025-12-20,Delivered,2025-12-21,2025-12-25,2025-12-25
8838705,439498,2026-01-20,Delivered,2026-01-23,2026-01-25,2026-01-25
6358387,296412,2026-04-26,Delivered,2026-04-27,2026-04-29,2026-04-29
8154043,992717,2024-11-07,Delivered,2024-11-10,2024-11-12,2024-11-12
7855945,582662,2026-03-04,Delivered,2026-03-05,2026-03-07,2026-03-07
6311849,343467,2025-01-31,Delivered,2025-02-02,2025-02-07,2025-02-07
5517585,835343,2024-04-07,Canceled,,,2024-04-13
5896354,769987,2025-09-29,Delivered,2025-10-02,2025-10-01,2025-10-01
7337013,350867,2024-08-05,Delivered,2024-08-06,2024-08-10,2024-08-10
9307952,753064,2025-03-06,Canceled,,,2025-03-08
8869902,336574,2026-03-28,Canceled,,,2026-04-02
8517957,501641,2024-04-22,Canceled,,,2024-04-28
5395096,230734,2025-03-17,Canceled,,,2025-03-23
8449372,289019,2024-03-09,Canceled,,,2024-03-12
8786751,416797,2025-02-14,Canceled,,,2025-02-19
6945088,148050,2024-04-06,Delivered,2024-04-09,2024-04-08,2024-04-08
8683614,501126,2024-06-26,Canceled,,,2024-07-03
6428082,282973,2025-12-07,Delivered,2025-12-08,2025-12-12,2025-12-13
8136771,448588,2025-03-31,Delivered,2025-04-02,2025-04-03,2025-04-03
5281433,423993,2026-04-09,Delivered,2026-04-11,2026-04-14,2026-04-14
5460917,416950,2025-11-14,Delivered,2025-11-16,2025-11-16,2025-11-16
9811518,120480,2024-05-06,Canceled,,,2024-05-13
7001716,172792,2024-01-20,Canceled,,,2024-01-23
6348846,468154,2025-04-14,Delivered,2025-04-16,2025-04-16,2025-04-16
5983272,969634,2025-05-01,Delivered,2025-05-03,2025-05-05,2025-05-05
9806244,870319,2025-09-27,Delivered,2025-09-30,2025-10-03,2025-10-03
7872858,557409,2024-05-27,Canceled,,,2024-06-01
8269236,550137,2025-06-16,Canceled,,,2025-06-23
6636849,379786,2024-04-04,Canceled,,,2024-04-10
6504697,679364,2026-05-14,Shipped,2026-05-16,,2026-05-16
5496680,714953,2024-11-03,Delivered,2024-11-06,2024-11-10,2024-11-10
8141393,662336,2025-02-21,Delivered,2025-02-23,2025-02-24,2025-02-24
5008974,457806,2025-01-21,Canceled,,,2025-01-24
8543977,595404,2025-04-26,Delivered,2025-04-29,2025-04-29,2025-04-28
7913987,593152,2024-09-29,Canceled,,,2024-10-04
5349606,822131,2024-04-13,Delivered,2024-04-15,2024-04-19,2024-04-19
8329950,440981,2025-09-14,Delivered,2025-09-16,2025-09-19,2025-09-19
9767468,294851,2026-03-28,Delivered,2026-03-29,2026-04-04,2026-04-04
8257026,919264,2025-12-04,Delivered,2025-12-07,2025-12-10,2025-12-10
5952227,611650,2026-01-05,Delivered,2026-01-06,2026-01-10,2026-01-11
7816947,787351,2026-01-11,Delivered,2026-01-12,2026-01-16,2026-01-16
9538304,964226,2025-03-06,Delivered,2025-03-09,2025-03-09,2025-03-09
9360705,265409,2024-03-23,Delivered,2024-03-25,2024-03-30,2024-03-30
7125828,956375,2024-03-09,Delivered,2024-03-11,2024-03-15,2024-03-15
7286151,269930,2024-03-08,Delivered,2024-03-11,2024-03-14,2024-03-14
7946394,618119,2024-06-03,Canceled,,,2024-06-08
6062047,598733,2024-11-18,Canceled,,,2024-11-25
6823857,855948,2024-12-25,Delivered,2024-12-26,2024-12-31,2024-12-31
8329606,402020,2026-03-27,Delivered,2026-03-28,2026-04-01,2026-04-01
7097529,793384,2026-01-02,Canceled,,,2026-01-05
9868526,242321,2026-03-31,Delivered,2026-04-02,2026-04-05,2026-04-05
7217839,404309,2024-06-14,Canceled,,,2024-06-21
5605574,887443,2025-03-01,Canceled,,,2025-03-06
5868082,601776,2024-08-04,Delivered,2024-08-07,2024-08-06,2024-08-06
5228614,486814,2024-05-16,Delivered,2024-05-17,2024-05-20,2024-05-20
5278894,445705,2024-05-20,Canceled,,,2024-05-27
6431425,882169,2025-09-20,Delivered,2025-09-22,2025-09-23,2025-09-23
5278395,102973,2025-04-13,Delivered,2025-04-16,2025-04-20,2025-04-20
9511132,299055,2026-02-04,Canceled,,,2026-02-07
9779217,642895,2026-02-24,Canceled,,,2026-03-01
8148222,246413,2025-03-22,Delivered,2025-03-23,2025-03-27,2025-03-27
9124467,255287,2025-12-14,Delivered,2025-12-15,2025-12-20,2025-12-20
8388253,486831,2024-11-18,Canceled,,,2024-11-22
5285976,662275,2024-04-30,Delivered,2024-05-02,2024-05-02,2024-05-02
7495408,428914,2024-01-24,Canceled,,,2024-01-29
5490534,123005,2025-02-06,Delivered,2025-02-07,2025-02-13,2025-02-13
8455455,428930,2025-09-19,Canceled,,,2025-09-22
6206136,178711,2025-09-22,Delivered,2025-09-23,2025-09-26,2025-09-26
7054815,178686,2026-01-14,Delivered,2026-01-17,2026-01-19,2026-01-19
6564484,366314,2024-02-23,Delivered,2024-02-24,2024-02-29,2024-03-01
5810266,551860,2026-03-25,Delivered,2026-03-27,2026-03-30,2026-03-30
8041517,346205,2024-03-14,Delivered,2024-03-17,2024-03-19,2024-03-19
6005116,452457,2024-12-12,Delivered,2024-12-13,2024-12-19,2024-12-19
8911171,313933,2026-05-07,Delivered,2026-05-10,2026-05-15,2026-05-14
7642792,681542,2025-03-16,Delivered,2025-03-18,2025-03-19,2025-03-19
6045295,881369,2024-11-26,Delivered,2024-11-29,2024-11-30,2024-11-30
8156698,765620,2026-05-09,Delivered,2026-05-10,2026-05-11,2026-05-12
8965936,171849,2024-01-11,Delivered,2024-01-14,2024-01-16,2024-01-16
9951297,901577,2024-10-07,Canceled,,,2024-10-14
6500158,308727,2024-07-05,Delivered,2024-07-07,2024-07-07,2024-07-07
9836698,143015,2025-06-13,Delivered,2025-06-14,2025-06-17,2025-06-18
8420407,331251,2025-09-01,Delivered,2025-09-03,2025-09-10,2025-09-08
5230373,851759,2025-12-15,Delivered,2025-12-16,2025-12-18,2025-12-18
7829675,246991,2026-02-08,Delivered,2026-02-11,2026-02-13,2026-02-13
9387332,374492,2026-03-22,Delivered,2026-03-23,2026-03-24,2026-03-24
8610536,192055,2024-12-02,Canceled,,,2024-12-06
7966594,353690,2024-02-12,Delivered,2024-02-15,2024-02-16,2024-02-17
6965918,413058,2024-11-08,Delivered,2024-11-11,2024-11-12,2024-11-12
5676248,542666,2025-01-29,Canceled,,,2025-02-04
7270051,152727,2024-11-21,Delivered,2024-11-24,2024-11-25,2024-11-25
6776677,912270,2024-01-24,Canceled,,,2024-01-31
7268975,332360,2024-10-06,Delivered,2024-10-07,2024-10-10,2024-10-10
6494322,168941,2026-05-06,Delivered,2026-05-08,2026-05-07,2026-05-08
6505715,988432,2025-02-28,Delivered,2025-03-01,2025-03-05,2025-03-04
5275198,877236,2024-09-10,Delivered,2024-09-12,2024-09-12,2024-09-12
9154565,590110,2025-07-22,Delivered,2025-07-25,2025-07-27,2025-07-28
5391551,988662,2024-11-14,Delivered,2024-11-16,2024-11-18,2024-11-18
7405864,289630,2024-03-04,Delivered,2024-03-06,2024-03-07,2024-03-07
6820230,496922,2026-02-01,Delivered,2026-02-04,2026-02-03,2026-02-03
5659929,859396,2024-02-21,Delivered,2024-02-24,2024-02-28,2024-02-28
5379586,543814,2025-12-26,Delivered,2025-12-27,2025-12-29,2025-12-29
8820426,994141,2025-11-28,Delivered,2025-12-01,2025-12-05,2025-12-05
8837058,582446,2025-09-02,Delivered,2025-09-05,2025-09-07,2025-09-07
6412409,630458,2024-05-17,Delivered,2024-05-20,2024-05-20,2024-05-20
6392252,900961,2026-01-16,Delivered,2026-01-19,2026-01-22,2026-01-21
6202991,207175,2025-11-04,Delivered,2025-11-07,2025-11-08,2025-11-08
9709012,121869,2025-11-24,Delivered,2025-11-26,2025-11-30,2025-11-30
8915656,679364,2025-12-22,Canceled,,,2025-12-26
7129011,718849,2026-01-16,Canceled,,,2026-01-18
7788993,308496,2024-11-01,Canceled,,,2024-11-07
9250185,904711,2024-06-04,Delivered,2024-06-07,2024-06-12,2024-06-11
9751401,154909,2025-08-19,Delivered,2025-08-20,2025-08-26,2025-08-26
6614626,766269,2025-07-05,Canceled,,,2025-07-09
8357235,802559,2025-05-05,Delivered,2025-05-07,2025-05-07,2025-05-07
9082217,528184,2026-01-01,Canceled,,,2026-01-06
7458342,262246,2025-05-12,Delivered,2025-05-14,2025-05-19,2025-05-19
6379027,221263,2024-09-30,Delivered,2024-10-01,2024-10-05,2024-10-05
9536031,203996,2025-08-01,Delivered,2025-08-04,2025-08-08,2025-08-08
8334521,265409,2025-09-09,Delivered,2025-09-11,2025-09-13,2025-09-13
5276642,395023,2025-07-06,Delivered,2025-07-08,2025-07-12,2025-07-12
5688213,399105,2024-05-23,Delivered,2024-05-26,2024-05-27,2024-05-27
9078086,790203,2025-12-18,Delivered,2025-12-21,2025-12-25,2025-12-25
8287332,156802,2024-07-07,Canceled,,,2024-07-09
8952471,236435,2025-08-23,Delivered,2025-08-24,2025-08-25,2025-08-25
9444192,557239,2024-03-26,Delivered,2024-03-27,2024-04-02,2024-04-02
8776703,470037,2024-06-03,Delivered,2024-06-05,2024-06-10,2024-06-10
6790336,170841,2024-08-22,Delivered,2024-08-25,2024-08-25,2024-08-25
9216639,926823,2024-10-22,Delivered,2024-10-25,2024-10-25,2024-10-25
9327948,538997,2025-02-28,Canceled,,,2025-03-07
5481118,290802,2024-07-01,Delivered,2024-07-04,2024-07-06,2024-07-06
5990563,930281,2024-11-30,Canceled,,,2024-12-05
5870998,559469,2026-03-11,Delivered,2026-03-12,2026-03-17,2026-03-17
5534689,269430,2025-12-26,Delivered,2025-12-29,2025-12-31,2026-01-01
6733193,176066,2024-12-05,Delivered,2024-12-06,2024-12-07,2024-12-07
5277545,915573,2026-01-02,Delivered,2026-01-05,2026-01-08,2026-01-09
7936609,431737,2024-01-30,Delivered,2024-02-01,2024-02-03,2024-02-03
6443882,100599,2024-06-07,Canceled,,,2024-06-09
9869879,975679,2024-12-09,Delivered,2024-12-12,2024-12-13,2024-12-13
6261591,592738,2025-12-08,Canceled,,,2025-12-15
6743806,363626,2024-04-03,Delivered,2024-04-06,2024-04-05,2024-04-05
9442864,521947,2025-01-01,Delivered,2025-01-03,2025-01-07,2025-01-07
6866643,758765,2025-04-28,Canceled,,,2025-05-02
8054374,456331,2026-01-18,Canceled,,,2026-01-24
6379077,653306,2025-06-07,Delivered,2025-06-08,2025-06-15,2025-06-13
6241060,748052,2025-12-25,Delivered,2025-12-28,2025-12-31,2025-12-31
6764744,937302,2025-01-24,Delivered,2025-01-26,2025-01-28,2025-01-28
8904538,628313,2024-04-21,Delivered,2024-04-22,2024-04-25,2024-04-25
9142267,483542,2024-10-10,Delivered,2024-10-12,2024-10-13,2024-10-13
7813753,444061,2024-05-28,Delivered,2024-05-29,2024-05-30,2024-05-30
5371078,603787,2024-06-20,Delivered,2024-06-21,2024-06-22,2024-06-22
7262905,146228,2024-09-25,Canceled,,,2024-09-28
7403533,211005,2025-03-01,Canceled,,,2025-03-07
9397972,792094,2024-02-03,Delivered,2024-02-05,2024-02-09,2024-02-09
5251429,799330,2025-01-11,Delivered,2025-01-12,2025-01-17,2025-01-17
8334748,589131,2025-07-31,Canceled,,,2025-08-04
7031336,587623,2026-04-21,Delivered,2026-04-24,2026-04-26,2026-04-26
6569639,632351,2026-04-05,Canceled,,,2026-04-07
7214141,127941,2026-04-23,Delivered,2026-04-26,2026-04-27,2026-04-27
7337544,378085,2024-05-22,Delivered,2024-05-24,2024-05-26,2024-05-26
9615910,362829,2026-03-29,Delivered,2026-04-01,2026-04-03,2026-04-04
8348079,583863,2024-02-03,Delivered,2024-02-04,2024-02-10,2024-02-10
9604409,774079,2025-03-12,Delivered,2025-03-13,2025-03-19,2025-03-19
7100058,563688,2025-02-24,Delivered,2025-02-26,2025-03-02,2025-03-02
8437330,921874,2024-09-09,Delivered,2024-09-12,2024-09-16,2024-09-16
5290609,256226,2024-04-03,Delivered,2024-04-05,2024-04-08,2024-04-08
7338240,378082,2024-11-28,Delivered,2024-11-29,2024-11-30,2024-11-30
5919764,626986,2024-07-27,Canceled,,,2024-07-31
6420321,179046,2025-10-04,Delivered,2025-10-05,2025-10-06,2025-10-06
8507451,836833,2024-01-10,Canceled,,,2024-01-16
5879378,261450,2025-06-08,Canceled,,,2025-06-10
8322028,410160,2024-02-20,Canceled,,,2024-02-25
8073837,778998,2026-05-14,Canceled,,,2026-05-18
7725311,705748,2025-04-02,Delivered,2025-04-05,2025-04-06,2025-04-06
7608799,556068,2026-03-16,Delivered,2026-03-18,2026-03-21,2026-03-21
6088815,273148,2025-08-12,Delivered,2025-08-14,2025-08-17,2025-08-17
8918176,384913,2025-02-22,Delivered,2025-02-24,2025-02-28,2025-03-01
9911885,397005,2026-05-04,Delivered,2026-05-07,2026-05-09,2026-05-09
7077285,774020,2025-09-26,Delivered,2025-09-27,2025-10-01,2025-10-02
6647419,350867,2024-05-02,Delivered,2024-05-05,2024-05-08,2024-05-08
9932298,992697,2025-09-02,Delivered,2025-09-04,2025-09-06,2025-09-06
9788261,377896,2024-01-19,Delivered,2024-01-20,2024-01-22,2024-01-22
8932819,744883,2026-05-09,Canceled,,,2026-05-12
5467175,871411,2026-01-15,Delivered,2026-01-17,2026-01-22,2026-01-22
6109600,711868,2024-04-09,Delivered,2024-04-10,2024-04-12,2024-04-12
6013066,260448,2026-04-11,Delivered,2026-04-13,2026-04-14,2026-04-14
7498418,754813,2024-01-01,Delivered,2024-01-04,2024-01-05,2024-01-05
8195016,986209,2025-05-10,Canceled,,,2025-05-15
5649272,603787,2025-11-11,Canceled,,,2025-11-17
8234042,350021,2025-10-30,Canceled,,,2025-11-06
5291867,915922,2024-01-06,Canceled,,,2024-01-10
7616155,908577,2024-04-01,Delivered,2024-04-03,2024-04-06,2024-04-07
8972684,475190,2025-09-29,Delivered,2025-10-01,2025-10-01,2025-10-01
8188134,599219,2025-11-02,Delivered,2025-11-05,2025-11-08,2025-11-08
5611197,940247,2026-01-21,Canceled,,,2026-01-26
5423260,882544,2024-06-24,Delivered,2024-06-26,2024-06-28,2024-06-28
6248358,379946,2024-12-12,Delivered,2024-12-15,2024-12-14,2024-12-14
8584174,148225,2025-04-03,Delivered,2025-04-04,2025-04-06,2025-04-06
8076464,108491,2024-07-26,Delivered,2024-07-28,2024-08-01,2024-08-01
7210714,662093,2024-03-19,Delivered,2024-03-20,2024-03-21,2024-03-21
7464187,763928,2025-10-30,Delivered,2025-11-01,2025-11-04,2025-11-04
5692424,979060,2025-06-30,Delivered,2025-07-03,2025-07-07,2025-07-07
9924118,196168,2025-10-25,Delivered,2025-10-27,2025-10-31,2025-10-31
5373283,402020,2025-05-14,Delivered,2025-05-16,2025-05-18,2025-05-19
7224523,829308,2024-08-01,Canceled,,,2024-08-07
6664375,708158,2024-12-11,Delivered,2024-12-12,2024-12-17,2024-12-17
9104391,505341,2025-12-06,Delivered,2025-12-09,2025-12-11,2025-12-12
8900019,244247,2026-01-08,Delivered,2026-01-10,2026-01-12,2026-01-13
5277835,932250,2025-10-29,Delivered,2025-10-31,2025-11-01,2025-11-02
6400536,153849,2024-03-22,Delivered,2024-03-24,2024-03-26,2024-03-26
8476545,256226,2024-12-30,Canceled,,,2025-01-03
8845354,191161,2026-03-20,Delivered,2026-03-23,2026-03-28,2026-03-27
5275836,132146,2024-12-28,Delivered,2024-12-31,2025-01-01,2025-01-02
7769491,739717,2024-08-04,Delivered,2024-08-05,2024-08-05,2024-08-06
5089006,356787,2024-10-29,Delivered,2024-10-31,2024-11-05,2024-11-05
6724570,325595,2025-08-06,Canceled,,,2025-08-10
7695987,194769,2024-04-12,Delivered,2024-04-13,2024-04-18,2024-04-18
8469138,399628,2025-07-25,Delivered,2025-07-27,2025-07-30,2025-07-30
6412447,197992,2024-12-13,Canceled,,,2024-12-16
6993666,572398,2025-10-01,Delivered,2025-10-04,2025-10-03,2025-10-03
8784131,908554,2025-08-18,Delivered,2025-08-19,2025-08-25,2025-08-25
6567362,805188,2024-10-12,Delivered,2024-10-13,2024-10-14,2024-10-14
7300409,661894,2025-04-30,Delivered,2025-05-01,2025-05-04,2025-05-04
8330200,913423,2025-12-21,Delivered,2025-12-22,2025-12-26,2025-12-26
7252526,716338,2024-09-04,Delivered,2024-09-07,2024-09-11,2024-09-11
7730472,399628,2026-03-23,Delivered,2026-03-25,2026-03-26,2026-03-26
8332150,739427,2024-05-15,Delivered,2024-05-16,2024-05-22,2024-05-22
5080609,182690,2025-10-03,Delivered,2025-10-06,2025-10-08,2025-10-08
7467141,488571,2025-09-07,Delivered,2025-09-10,2025-09-12,2025-09-12
9507136,558176,2025-08-14,Canceled,,,2025-08-16
7997072,934692,2025-04-26,Delivered,2025-04-29,2025-05-01,2025-05-02
5724957,739979,2025-01-14,Delivered,2025-01-16,2025-01-16,2025-01-16
5713263,736130,2026-03-27,Delivered,2026-03-28,2026-04-05,2026-04-03
9908578,854717,2025-07-05,Canceled,,,2025-07-11
9975812,884897,2025-06-16,Canceled,,,2025-06-19
5263160,232915,2024-12-06,Delivered,2024-12-08,2024-12-08,2024-12-08
8394028,821590,2025-11-18,Canceled,,,2025-11-22
7686249,239816,2025-01-22,Canceled,,,2025-01-26
8296040,188425,2024-11-16,Delivered,2024-11-18,2024-11-20,2024-11-21
6974002,749840,2025-05-16,Delivered,2025-05-18,2025-05-22,2025-05-22
6475904,599380,2024-09-16,Delivered,2024-09-18,2024-09-18,2024-09-19
6561417,304110,2025-02-27,Delivered,2025-03-01,2025-03-04,2025-03-05
8391172,386042,2024-03-10,Canceled,,,2024-03-12
9070307,503457,2024-07-22,Delivered,2024-07-23,2024-07-25,2024-07-25
5597962,380028,2026-03-05,Delivered,2026-03-08,2026-03-08,2026-03-09
5967697,761532,2024-05-15,Delivered,2024-05-16,2024-05-21,2024-05-21
5645388,701253,2024-11-15,Delivered,2024-11-18,2024-11-19,2024-11-19
9122037,715448,2025-05-03,Delivered,2025-05-06,2025-05-05,2025-05-05
9267118,558933,2024-09-14,Delivered,2024-09-17,2024-09-17,2024-09-17
7825159,151021,2025-01-13,Delivered,2025-01-14,2025-01-16,2025-01-16
5956751,110139,2024-03-16,Delivered,2024-03-19,2024-03-22,2024-03-23
6507480,353480,2025-04-26,Delivered,2025-04-27,2025-04-30,2025-04-30
7916221,992717,2024-10-27,Canceled,,,2024-10-30
6437516,922157,2025-09-14,Canceled,,,2025-09-20
8809310,930117,2026-05-06,Delivered,2026-05-09,2026-05-09,2026-05-09
6497753,571832,2025-05-31,Delivered,2025-06-01,2025-06-04,2025-06-04
9879820,448588,2026-02-14,Delivered,2026-02-17,2026-02-20,2026-02-20
5647417,788637,2024-05-07,Canceled,,,2024-05-12
8400919,240814,2026-04-06,Delivered,2026-04-07,2026-04-10,2026-04-10
7442506,986827,2024-01-13,Delivered,2024-01-15,2024-01-20,2024-01-20
6171191,228594,2025-07-24,Delivered,2025-07-27,2025-07-30,2025-07-31
6223341,975522,2025-07-09,Canceled,,,2025-07-11
6096731,363615,2024-03-08,Canceled,,,2024-03-11
6191451,765046,2024-03-18,Delivered,2024-03-20,2024-03-24,2024-03-25
7920502,564637,2024-09-27,Canceled,,,2024-10-01
7069992,908320,2024-09-22,Delivered,2024-09-24,2024-09-24,2024-09-24
9582537,866536,2024-11-21,Delivered,2024-11-24,2024-11-28,2024-11-28
7157945,274389,2025-11-17,Delivered,2025-11-20,2025-11-20,2025-11-20
5592981,355570,2025-12-30,Canceled,,,2026-01-03
9630167,989545,2025-08-20,Delivered,2025-08-21,2025-08-23,2025-08-23
8716824,596756,2025-03-28,Delivered,2025-03-30,2025-04-01,2025-04-01
7771168,741390,2024-11-11,Delivered,2024-11-12,2024-11-13,2024-11-13
9013167,903035,2024-08-01,Delivered,2024-08-03,2024-08-06,2024-08-06
8273756,567576,2025-09-28,Delivered,2025-10-01,2025-10-01,2025-10-01
5726778,913934,2024-06-03,Delivered,2024-06-05,2024-06-06,2024-06-06
9110077,502810,2025-10-23,Delivered,2025-10-24,2025-10-26,2025-10-26
8399184,575763,2026-02-15,Canceled,,,2026-02-17
8140416,261450,2025-01-24,Delivered,2025-01-27,2025-01-30,2025-01-30
9064809,958182,2024-12-18,Delivered,2024-12-20,2024-12-22,2024-12-22
6357247,800646,2024-10-20,Canceled,,,2024-10-23
6341145,722656,2025-02-03,Delivered,2025-02-06,2025-02-09,2025-02-07
7167228,613425,2024-08-22,Delivered,2024-08-24,2024-08-26,2024-08-26
8053791,335113,2024-12-12,Delivered,2024-12-13,2024-12-19,2024-12-19
9368815,656932,2025-06-26,Delivered,2025-06-27,2025-06-29,2025-06-29
9365951,997546,2025-04-28,Canceled,,,2025-05-05
6975961,227257,2024-09-15,Delivered,2024-09-16,2024-09-23,2024-09-22
8657412,173201,2026-03-15,Delivered,2026-03-16,2026-03-18,2026-03-18
8631337,736745,2026-03-02,Delivered,2026-03-03,2026-03-04,2026-03-04
5117950,309044,2024-08-16,Delivered,2024-08-19,2024-08-22,2024-08-22
9191377,763984,2024-05-28,Delivered,2024-05-30,2024-06-02,2024-05-31
9909909,979940,2026-05-05,Canceled,,,2026-05-07
9694483,781533,2026-02-18,Canceled,,,2026-02-23
6814357,613117,2024-05-22,Delivered,2024-05-24,2024-05-23,2024-05-24
6970482,169403,2026-05-10,Delivered,2026-05-11,2026-05-17,2026-05-17
7370906,158900,2024-05-31,Delivered,2024-06-03,2024-06-03,2024-06-03
5399726,194423,2024-05-26,Canceled,,,2024-05-30
9309867,618119,2026-04-06,Delivered,2026-04-08,2026-04-13,2026-04-13
6686299,203225,2024-04-07,Delivered,2024-04-08,2024-04-09,2024-04-09
6631643,148225,2024-10-17,Canceled,,,2024-10-19
8958620,424314,2024-01-10,Delivered,2024-01-13,2024-01-14,2024-01-14
9288630,466813,2024-10-07,Delivered,2024-10-09,2024-10-13,2024-10-13
6829899,108491,2024-02-28,Canceled,,,2024-03-04
8291398,905819,2025-02-24,Delivered,2025-02-25,2025-03-02,2025-03-02
5942755,352249,2024-08-01,Delivered,2024-08-04,2024-08-05,2024-08-06
7950128,746447,2024-05-29,Delivered,2024-05-30,2024-06-01,2024-06-01
9834380,536774,2024-08-03,Canceled,,,2024-08-07
6530981,449709,2026-03-03,Canceled,,,2026-03-09
8263683,141672,2024-12-23,Delivered,2024-12-26,2024-12-28,2024-12-29
8478319,800499,2025-01-03,Delivered,2025-01-06,2025-01-05,2025-01-05
9382614,726928,2024-11-03,Delivered,2024-11-06,2024-11-06,2024-11-05
8404201,413769,2024-06-02,Delivered,2024-06-04,2024-06-06,2024-06-07
8209006,671412,2024-07-08,Delivered,2024-07-09,2024-07-15,2024-07-13
9342499,831076,2024-06-18,Canceled,,,2024-06-24
5197935,486814,2024-05-11,Delivered,2024-05-13,2024-05-14,2024-05-14
9547416,530749,2025-09-08,Canceled,,,2025-09-13
5185641,781403,2024-05-29,Canceled,,,2024-06-01
9037684,596756,2024-12-14,Delivered,2024-12-17,2024-12-18,2024-12-19
9939559,230734,2024-03-12,Delivered,2024-03-14,2024-03-14,2024-03-14
8097243,591699,2025-07-17,Delivered,2025-07-19,2025-07-18,2025-07-19
8498718,781533,2025-06-15,Delivered,2025-06-17,2025-06-18,2025-06-18
7817746,460663,2025-05-05,Delivered,2025-05-06,2025-05-12,2025-05-12
7001367,550089,2025-06-08,Delivered,2025-06-09,2025-06-14,2025-06-14
5426571,547494,2024-03-05,Canceled,,,2024-03-11
5211763,468203,2024-12-08,Canceled,,,2024-12-14
5414913,489244,2026-04-22,Canceled,,,2026-04-25
6563768,197923,2024-10-06,Delivered,2024-10-08,2024-10-10,2024-10-10
6200580,538446,2025-07-07,Canceled,,,2025-07-12
9064599,869864,2025-12-11,Canceled,,,2025-12-16
8058450,338651,2025-04-11,Delivered,2025-04-12,2025-04-18,2025-04-18
5113418,398151,2025-05-07,Delivered,2025-05-10,2025-05-12,2025-05-12
6692093,945687,2026-04-16,Canceled,,,2026-04-21
8432329,817941,2026-04-22,Delivered,2026-04-23,2026-04-28,2026-04-28
5132175,891937,2024-07-26,Canceled,,,2024-07-31
7356472,992931,2024-05-05,Delivered,2024-05-06,2024-05-12,2024-05-12
8945491,542374,2026-04-25,Delivered,2026-04-27,2026-04-26,2026-04-27
5048042,265759,2024-07-16,Delivered,2024-07-17,2024-07-21,2024-07-21
6303492,228093,2024-06-27,Delivered,2024-06-30,2024-07-03,2024-07-04
9700258,105506,2024-10-05,Canceled,,,2024-10-07
5299084,575435,2025-07-09,Delivered,2025-07-12,2025-07-13,2025-07-13
6970168,940181,2025-03-21,Delivered,2025-03-24,2025-03-26,2025-03-26
6863243,739717,2025-10-01,Delivered,2025-10-03,2025-10-08,2025-10-08
8796716,387813,2024-11-12,Delivered,2024-11-13,2024-11-18,2024-11-16
5729772,525942,2025-04-30,Canceled,,,2025-05-05
7221844,418897,2025-10-10,Delivered,2025-10-13,2025-10-13,2025-10-14
6191288,885395,2024-10-09,Delivered,2024-10-12,2024-10-14,2024-10-15
5935003,584106,2024-08-20,Canceled,,,2024-08-26
6811267,943671,2026-02-14,Delivered,2026-02-17,2026-02-20,2026-02-20
8961700,691119,2026-04-22,Delivered,2026-04-24,2026-04-28,2026-04-28
7421656,823811,2024-06-19,Delivered,2024-06-20,2024-06-24,2024-06-24
8771304,706574,2025-02-03,Delivered,2025-02-04,2025-02-07,2025-02-07
6480962,669827,2024-03-07,Canceled,,,2024-03-11
9184415,431737,2026-04-26,Delivered,2026-04-27,2026-04-29,2026-04-29
9770938,918011,2024-08-23,Delivered,2024-08-24,2024-08-30,2024-08-30
6909830,236306,2026-02-21,Delivered,2026-02-23,2026-02-25,2026-02-25
9855195,688956,2024-01-29,Delivered,2024-01-31,2024-02-01,2024-02-01
6471564,444525,2025-07-11,Canceled,,,2025-07-14
6206957,983794,2026-01-20,Canceled,,,2026-01-25
8419531,541409,2024-02-21,Delivered,2024-02-24,2024-02-25,2024-02-26
9222015,971776,2025-04-30,Delivered,2025-05-02,2025-05-02,2025-05-03
7334730,905819,2024-05-16,Delivered,2024-05-19,2024-05-23,2024-05-23
9786353,227767,2025-05-27,Delivered,2025-05-30,2025-06-03,2025-06-03
7749184,811444,2024-08-01,Delivered,2024-08-04,2024-08-04,2024-08-04
7181285,485191,2025-09-30,Delivered,2025-10-01,2025-10-06,2025-10-06
6323746,926097,2025-06-21,Canceled,,,2025-06-26
9183784,642895,2024-10-04,Delivered,2024-10-07,2024-10-10,2024-10-11
8494591,174299,2024-01-24,Delivered,2024-01-25,2024-01-30,2024-01-30
6056643,983794,2025-06-17,Delivered,2025-06-19,2025-06-20,2025-06-20
7066766,750810,2024-05-20,Delivered,2024-05-21,2024-05-25,2024-05-25
7068191,330080,2024-11-20,Delivered,2024-11-23,2024-11-24,2024-11-25
8315348,364659,2025-12-05,Delivered,2025-12-06,2025-12-11,2025-12-12
9815966,255813,2025-07-01,Delivered,2025-07-03,2025-07-08,2025-07-08
9284564,961322,2025-02-03,Delivered,2025-02-04,2025-02-07,2025-02-05
6797395,447235,2024-05-04,Delivered,2024-05-06,2024-05-07,2024-05-07
6185388,340174,2024-07-24,Delivered,2024-07-25,2024-07-29,2024-07-29
7595226,736130,2025-02-04,Canceled,,,2025-02-11
5249804,575763,2024-07-28,Canceled,,,2024-08-01
8953794,792509,2025-02-02,Delivered,2025-02-03,2025-02-04,2025-02-04
6458454,982554,2025-04-11,Delivered,2025-04-12,2025-04-14,2025-04-14
9320646,989227,2025-04-12,Delivered,2025-04-14,2025-04-18,2025-04-18
5716994,350867,2024-11-29,Delivered,2024-12-01,2024-12-05,2024-12-05
7899308,342720,2024-05-13,Delivered,2024-05-16,2024-05-19,2024-05-19
9213949,905635,2025-02-23,Delivered,2025-02-26,2025-02-27,2025-02-28
5879266,656251,2024-10-27,Delivered,2024-10-30,2024-10-31,2024-10-31
8493420,897143,2024-05-01,Delivered,2024-05-03,2024-05-06,2024-05-06
5631711,124302,2024-07-30,Delivered,2024-08-02,2024-08-01,2024-08-01
9204206,324597,2025-05-25,Delivered,2025-05-26,2025-05-31,2025-05-31
5213534,551524,2024-02-05,Delivered,2024-02-06,2024-02-10,2024-02-10
9945291,926823,2026-04-19,Delivered,2026-04-21,2026-04-26,2026-04-26
9246038,508930,2026-01-26,Delivered,2026-01-28,2026-01-29,2026-01-28
5258470,883826,2025-01-01,Delivered,2025-01-03,2025-01-05,2025-01-04
9481696,857168,2025-05-15,Delivered,2025-05-18,2025-05-19,2025-05-19
9708585,805000,2025-09-05,Delivered,2025-09-06,2025-09-12,2025-09-12
5523437,736059,2024-07-21,Delivered,2024-07-22,2024-07-27,2024-07-27
7204303,863587,2025-01-10,Canceled,,,2025-01-17
5162847,827659,2024-02-04,Delivered,2024-02-07,2024-02-10,2024-02-10
6743621,269430,2024-05-14,Delivered,2024-05-15,2024-05-19,2024-05-19
6938813,845957,2026-03-27,Delivered,2026-03-28,2026-03-31,2026-03-30
8305417,475190,2025-05-23,Delivered,2025-05-25,2025-05-29,2025-05-30
6484742,618317,2024-03-08,Canceled,,,2024-03-12
8670783,613425,2024-05-31,Delivered,2024-06-03,2024-06-07,2024-06-07
6229703,263032,2025-10-07,Delivered,2025-10-10,2025-10-14,2025-10-14
7253919,531071,2025-07-02,Delivered,2025-07-03,2025-07-11,2025-07-09
7534464,810526,2024-07-12,Delivered,2024-07-13,2024-07-14,2024-07-14
7762449,377746,2025-03-07,Delivered,2025-03-09,2025-03-09,2025-03-10
6065555,252640,2025-07-06,Delivered,2025-07-08,2025-07-12,2025-07-13
6557583,393243,2025-01-15,Canceled,,,2025-01-18
9059280,833442,2025-11-23,Delivered,2025-11-24,2025-11-26,2025-11-25
8014806,144412,2024-01-23,Delivered,2024-01-26,2024-01-30,2024-01-30
7172579,197251,2024-12-24,Delivered,2024-12-26,2024-12-26,2024-12-26
6141569,363319,2026-04-05,Delivered,2026-04-06,2026-04-09,2026-04-09
8269111,778748,2024-06-13,Canceled,,,2024-06-18
9098052,773088,2024-03-14,Canceled,,,2024-03-19
6950933,699929,2025-07-12,Delivered,2025-07-15,2025-07-15,2025-07-15
6122817,270395,2025-06-09,Delivered,2025-06-10,2025-06-11,2025-06-12
9063230,635280,2024-08-12,Delivered,2024-08-13,2024-08-15,2024-08-16
6505328,311383,2024-05-29,Delivered,2024-05-30,2024-06-04,2024-06-05
6554987,320861,2024-03-28,Canceled,,,2024-04-04
6239031,519902,2025-05-26,Delivered,2025-05-28,2025-05-31,2025-05-31
5854871,295892,2026-03-29,Delivered,2026-04-01,2026-04-05,2026-04-05
7645547,548462,2024-06-12,Canceled,,,2024-06-17
7921809,986982,2025-01-06,Canceled,,,2025-01-10
6997433,454803,2025-03-24,Delivered,2025-03-26,2025-03-30,2025-03-29
6224786,587002,2024-06-03,Delivered,2024-06-05,2024-06-10,2024-06-10
7685075,314353,2024-05-03,Canceled,,,2024-05-06
5420978,211764,2024-11-16,Delivered,2024-11-18,2024-11-22,2024-11-23
5808113,479742,2024-03-06,Delivered,2024-03-09,2024-03-09,2024-03-09
8291283,586490,2025-01-21,Delivered,2025-01-23,2025-01-23,2025-01-23
9852549,550770,2024-03-11,Delivered,2024-03-13,2024-03-18,2024-03-18
6573676,769987,2024-10-16,Delivered,2024-10-19,2024-10-20,2024-10-20
6559486,317881,2024-01-26,Delivered,2024-01-27,2024-01-28,2024-01-28
9753809,900961,2024-10-03,Delivered,2024-10-04,2024-10-07,2024-10-07
8712712,356736,2025-09-02,Delivered,2025-09-04,2025-09-07,2025-09-07
7127371,459536,2025-04-20,Delivered,2025-04-22,2025-04-26,2025-04-26
8032410,899929,2024-08-11,Canceled,,,2024-08-17
5810361,903531,2026-04-09,Delivered,2026-04-12,2026-04-12,2026-04-12
5715921,839808,2024-08-16,Delivered,2024-08-18,2024-08-23,2024-08-23
8310412,227324,2025-12-29,Canceled,,,2026-01-03
7837460,501574,2025-03-26,Delivered,2025-03-28,2025-04-01,2025-04-01
5574588,913217,2025-08-04,Delivered,2025-08-07,2025-08-07,2025-08-07
8540688,725185,2025-12-10,Delivered,2025-12-12,2025-12-15,2025-12-15
5035353,416797,2024-05-04,Delivered,2024-05-06,2024-05-10,2024-05-11
9585598,938722,2025-05-27,Delivered,2025-05-28,2025-06-03,2025-06-03
8346889,403445,2024-05-03,Delivered,2024-05-05,2024-05-06,2024-05-07
6455341,582662,2025-07-26,Delivered,2025-07-28,2025-07-28,2025-07-28
7484478,536822,2025-04-28,Delivered,2025-04-30,2025-05-03,2025-05-01
9973508,395023,2026-02-16,Delivered,2026-02-17,2026-02-20,2026-02-21
7726212,754813,2025-07-23,Delivered,2025-07-26,2025-07-26,2025-07-27
5891204,886931,2024-04-16,Delivered,2024-04-17,2024-04-18,2024-04-18
6885239,627290,2024-05-13,Canceled,,,2024-05-15
6671804,152727,2024-02-21,Delivered,2024-02-24,2024-02-26,2024-02-26
9874297,289630,2024-05-01,Delivered,2024-05-03,2024-05-07,2024-05-08
8567107,379786,2026-01-12,Canceled,,,2026-01-17
8574347,913373,2024-09-30,Canceled,,,2024-10-07
5039033,178957,2025-08-31,Canceled,,,2025-09-05
7860735,345884,2025-06-07,Delivered,2025-06-10,2025-06-09,2025-06-10
8894740,172965,2025-08-08,Delivered,2025-08-09,2025-08-10,2025-08-10
7715453,593446,2026-03-29,Delivered,2026-03-30,2026-04-04,2026-04-05
6249406,386042,2024-08-08,Delivered,2024-08-10,2024-08-13,2024-08-14
9823131,744986,2025-03-28,Delivered,2025-03-31,2025-04-03,2025-04-03
8406649,565230,2025-03-26,Delivered,2025-03-29,2025-03-31,2025-03-31
8314470,676818,2024-04-19,Delivered,2024-04-21,2024-04-23,2024-04-23
7557064,888539,2025-08-12,Canceled,,,2025-08-16
9017325,746447,2024-08-29,Delivered,2024-08-30,2024-09-01,2024-09-01
5551108,129556,2024-09-25,Canceled,,,2024-10-01
5784350,533914,2025-01-30,Delivered,2025-01-31,2025-01-31,2025-02-01
9295271,134305,2025-10-11,Delivered,2025-10-13,2025-10-15,2025-10-15
5719047,481995,2025-09-01,Canceled,,,2025-09-03
6780035,184216,2025-08-23,Delivered,2025-08-24,2025-08-30,2025-08-30
6129171,172792,2025-10-08,Delivered,2025-10-11,2025-10-14,2025-10-13
5032034,922471,2024-09-14,Delivered,2024-09-15,2024-09-16,2024-09-16
8804019,947458,2024-06-02,Canceled,,,2024-06-05
6300598,139581,2024-01-20,Delivered,2024-01-22,2024-01-26,2024-01-26
6621589,646781,2024-04-24,Delivered,2024-04-25,2024-04-27,2024-04-27
9809612,755383,2024-07-31,Delivered,2024-08-01,2024-08-02,2024-08-02
5995561,338596,2025-11-05,Canceled,,,2025-11-08
9890147,843788,2026-01-29,Delivered,2026-02-01,2026-02-05,2026-02-05
5732055,804314,2024-07-06,Delivered,2024-07-07,2024-07-11,2024-07-11
9507516,944962,2024-06-15,Delivered,2024-06-16,2024-06-21,2024-06-21
7206951,379946,2025-09-13,Canceled,,,2025-09-18
8352213,183958,2026-04-26,Delivered,2026-04-29,2026-05-02,2026-05-02
7765021,259493,2024-07-13,Delivered,2024-07-14,2024-07-18,2024-07-18
8061384,760356,2025-04-01,Delivered,2025-04-03,2025-04-06,2025-04-07
5454821,324993,2025-07-06,Delivered,2025-07-08,2025-07-13,2025-07-13
8445954,759580,2025-04-13,Delivered,2025-04-14,2025-04-17,2025-04-17
6822947,400096,2024-03-25,Delivered,2024-03-26,2024-04-03,2024-04-01
8629172,613641,2024-12-29,Canceled,,,2025-01-05
9867897,169113,2024-08-05,Delivered,2024-08-06,2024-08-10,2024-08-10
9266332,299312,2025-12-25,Canceled,,,2025-12-29
7853969,773918,2025-12-02,Canceled,,,2025-12-04
5531426,916449,2024-04-05,Delivered,2024-04-07,2024-04-12,2024-04-12
8172719,859396,2024-06-04,Delivered,2024-06-06,2024-06-11,2024-06-11
8843044,550137,2025-05-19,Delivered,2025-05-21,2025-05-25,2025-05-25
8527568,881177,2025-01-11,Delivered,2025-01-13,2025-01-16,2025-01-16
8025489,987025,2026-04-08,Delivered,2026-04-11,2026-04-10,2026-04-10
7979587,925622,2026-01-07,Delivered,2026-01-08,2026-01-14,2026-01-14
9869265,500156,2025-07-16,Delivered,2025-07-19,2025-07-21,2025-07-22
5631056,108491,2025-03-18,Delivered,2025-03-19,2025-03-21,2025-03-21
8180057,714953,2026-02-09,Delivered,2026-02-10,2026-02-15,2026-02-15
8459952,346277,2024-02-02,Delivered,2024-02-05,2024-02-08,2024-02-08
9909864,973835,2025-05-15,Canceled,,,2025-05-20
8714636,629959,2025-12-13,Delivered,2025-12-15,2025-12-16,2025-12-16
8405548,449218,2024-10-02,Delivered,2024-10-03,2024-10-09,2024-10-09
5515413,561239,2025-01-14,Delivered,2025-01-17,2025-01-21,2025-01-21
6541691,364525,2025-09-22,Delivered,2025-09-25,2025-09-25,2025-09-25
6156886,398151,2025-05-20,Delivered,2025-05-23,2025-05-26,2025-05-25
6655169,326040,2025-01-29,Canceled,,,2025-02-01
8172896,546173,2024-02-22,Canceled,,,2024-02-29
7304676,684929,2026-04-02,Delivered,2026-04-05,2026-04-07,2026-04-07
7569831,591798,2024-09-21,Delivered,2024-09-24,2024-09-26,2024-09-26
9799129,362778,2025-08-18,Canceled,,,2025-08-23
9809619,639728,2024-09-23,Delivered,2024-09-25,2024-09-25,2024-09-25
7914706,335615,2024-05-28,Delivered,2024-05-29,2024-06-03,2024-06-03
5873598,387782,2024-12-31,Delivered,2025-01-03,2025-01-05,2025-01-05
7426963,158900,2024-12-21,Delivered,2024-12-24,2024-12-24,2024-12-25
6967099,778324,2024-12-12,Canceled,,,2024-12-17
8777493,888539,2025-11-11,Delivered,2025-11-13,2025-11-13,2025-11-13
5038003,326130,2026-05-08,Delivered,2026-05-10,2026-05-10,2026-05-10
7255908,145649,2025-03-05,Delivered,2025-03-06,2025-03-12,2025-03-12
6653412,506235,2024-09-06,Delivered,2024-09-08,2024-09-13,2024-09-13
7113439,255813,2024-09-15,Delivered,2024-09-16,2024-09-20,2024-09-20
6300889,121322,2024-10-11,Delivered,2024-10-14,2024-10-17,2024-10-18
7489385,925981,2024-07-27,Canceled,,,2024-07-30
5868951,705397,2025-11-08,Canceled,,,2025-11-10
8507203,770030,2025-05-01,Delivered,2025-05-04,2025-05-07,2025-05-07
6303022,507524,2024-12-26,Delivered,2024-12-27,2025-01-01,2024-12-30
8605635,595158,2024-07-18,Delivered,2024-07-20,2024-07-24,2024-07-22
6657018,561999,2024-05-12,Delivered,2024-05-15,2024-05-18,2024-05-19
6003620,818709,2025-07-11,Delivered,2025-07-12,2025-07-13,2025-07-13
9172924,871476,2025-04-27,Delivered,2025-04-30,2025-04-29,2025-04-29
8925180,131244,2024-07-25,Canceled,,,2024-07-31
8937406,395459,2024-03-18,Delivered,2024-03-21,2024-03-24,2024-03-24
7278154,577110,2025-06-18,Delivered,2025-06-21,2025-06-24,2025-06-24
7293561,718849,2025-08-21,Delivered,2025-08-22,2025-08-24,2025-08-25
6240795,551096,2024-12-07,Canceled,,,2024-12-14
6519230,238579,2025-12-07,Delivered,2025-12-09,2025-12-10,2025-12-10
6217402,908577,2024-10-18,Delivered,2024-10-19,2024-10-21,2024-10-21
5828502,882544,2024-09-26,Delivered,2024-09-27,2024-09-30,2024-09-30
6559692,804314,2025-06-26,Canceled,,,2025-06-28
7529321,715870,2024-09-14,Delivered,2024-09-17,2024-09-20,2024-09-20
6100498,488571,2026-04-10,Delivered,2026-04-12,2026-04-16,2026-04-16
5903576,625721,2025-04-17,Delivered,2025-04-18,2025-04-20,2025-04-20
9952183,160144,2026-01-27,Delivered,2026-01-29,2026-01-31,2026-01-31
9022953,230521,2025-08-03,Delivered,2025-08-04,2025-08-05,2025-08-05
6608926,146542,2024-05-23,Delivered,2024-05-25,2024-05-26,2024-05-26
9305150,482554,2024-10-06,Delivered,2024-10-09,2024-10-12,2024-10-13
5777156,158845,2026-02-05,Delivered,2026-02-08,2026-02-11,2026-02-11
9834687,886325,2025-09-22,Delivered,2025-09-24,2025-09-25,2025-09-25
5237024,551607,2024-08-03,Canceled,,,2024-08-10
6950976,766563,2025-06-17,Canceled,,,2025-06-20
7159006,899550,2025-11-15,Delivered,2025-11-17,2025-11-18,2025-11-19
8722502,250069,2025-06-20,Delivered,2025-06-23,2025-06-24,2025-06-24
6711296,867460,2024-06-14,Delivered,2024-06-17,2024-06-20,2024-06-20
5872054,267082,2024-10-16,Delivered,2024-10-17,2024-10-19,2024-10-20
8805922,502810,2024-12-08,Delivered,2024-12-11,2024-12-12,2024-12-12
7740248,530749,2025-02-24,Canceled,,,2025-02-28
5846712,810219,2025-02-17,Delivered,2025-02-19,2025-02-20,2025-02-20
5262185,675462,2024-02-23,Delivered,2024-02-24,2024-02-28,2024-02-28
6481904,676566,2025-02-04,Delivered,2025-02-05,2025-02-09,2025-02-09
9957007,493124,2025-06-20,Canceled,,,2025-06-22
8064808,947272,2024-10-27,Delivered,2024-10-30,2024-11-02,2024-11-02
9533615,752878,2024-02-15,Delivered,2024-02-17,2024-02-21,2024-02-22
6983154,351083,2025-09-16,Delivered,2025-09-19,2025-09-22,2025-09-22
9693581,550664,2025-09-27,Delivered,2025-09-28,2025-10-04,2025-10-04
7742470,969325,2024-08-07,Delivered,2024-08-09,2024-08-14,2024-08-14
5123663,487151,2025-04-11,Canceled,,,2025-04-17
9245614,469038,2025-08-09,Delivered,2025-08-10,2025-08-15,2025-08-15
6726285,652108,2024-09-17,Canceled,,,2024-09-19
6972581,731977,2024-04-26,Delivered,2024-04-29,2024-04-28,2024-04-28
6411732,409222,2025-04-09,Canceled,,,2025-04-11
8975824,302511,2024-10-03,Delivered,2024-10-04,2024-10-09,2024-10-09
5848269,713762,2026-01-25,Canceled,,,2026-01-31
5204646,368355,2025-08-01,Canceled,,,2025-08-03
7503334,627335,2026-03-15,Delivered,2026-03-18,2026-03-20,2026-03-20
7634633,479742,2025-11-21,Canceled,,,2025-11-24
6738711,972335,2024-04-12,Delivered,2024-04-15,2024-04-18,2024-04-18
7706379,883041,2026-01-19,Delivered,2026-01-20,2026-01-23,2026-01-24
5734647,531712,2024-03-12,Delivered,2024-03-14,2024-03-17,2024-03-17
6825257,943671,2026-04-20,Delivered,2026-04-23,2026-04-23,2026-04-24
7666127,800280,2025-05-12,Delivered,2025-05-13,2025-05-14,2025-05-14
8577654,250069,2024-06-01,Delivered,2024-06-02,2024-06-04,2024-06-04
6692457,498591,2024-04-29,Delivered,2024-05-01,2024-05-06,2024-05-06
7472600,678443,2025-06-04,Canceled,,,2025-06-10
6888887,260891,2025-10-18,Delivered,2025-10-21,2025-10-24,2025-10-24
5548937,430876,2025-03-19,Delivered,2025-03-21,2025-03-24,2025-03-24
8686758,306854,2025-09-22,Delivered,2025-09-24,2025-09-23,2025-09-24
5653042,112038,2024-11-25,Canceled,,,2024-11-28
5541127,668969,2026-02-25,Delivered,2026-02-27,2026-02-27,2026-02-27
8193686,835343,2026-01-29,Delivered,2026-02-01,2026-02-02,2026-02-02
6931337,786735,2026-01-13,Canceled,,,2026-01-19
6640779,492077,2025-06-04,Delivered,2025-06-07,2025-06-11,2025-06-11
7921221,680097,2024-12-23,Delivered,2024-12-24,2024-12-30,2024-12-30
7191036,856215,2024-01-10,Delivered,2024-01-13,2024-01-13,2024-01-13
8743328,161483,2024-10-19,Delivered,2024-10-21,2024-10-26,2024-10-26
5713989,975467,2024-02-12,Delivered,2024-02-13,2024-02-14,2024-02-14
8007487,755383,2026-01-12,Delivered,2026-01-13,2026-01-16,2026-01-16
7184968,793300,2025-02-19,Delivered,2025-02-20,2025-02-21,2025-02-21
6771480,290305,2024-01-28,Canceled,,,2024-02-04
7039338,182690,2024-06-21,Canceled,,,2024-06-26
9243872,219346,2026-04-30,Delivered,2026-05-02,2026-05-07,2026-05-07
6395651,409571,2026-01-19,Delivered,2026-01-22,2026-01-25,2026-01-25
7714945,910620,2024-05-14,Delivered,2024-05-16,2024-05-21,2024-05-21
7539176,147504,2024-03-21,Canceled,,,2024-03-27
5903892,274446,2026-05-12,Delivered,2026-05-13,2026-05-19,2026-05-19
9066500,790909,2024-07-05,Canceled,,,2024-07-07
8440730,165290,2024-11-20,Delivered,2024-11-23,2024-11-25,2024-11-23
9567685,575528,2024-08-28,Canceled,,,2024-09-04
9793619,540869,2024-06-14,Delivered,2024-06-16,2024-06-19,2024-06-19
6180629,759580,2026-02-19,Canceled,,,2026-02-21
6234098,546173,2025-04-24,Delivered,2025-04-25,2025-04-30,2025-04-29
5273516,799287,2024-03-05,Delivered,2024-03-08,2024-03-11,2024-03-11
8339167,142185,2024-12-13,Delivered,2024-12-16,2024-12-20,2024-12-18
9524847,930541,2024-04-07,Delivered,2024-04-09,2024-04-11,2024-04-11
6115277,964749,2024-11-01,Delivered,2024-11-04,2024-11-03,2024-11-03
9778250,540218,2025-10-20,Delivered,2025-10-23,2025-10-24,2025-10-24
9964945,883790,2024-07-01,Delivered,2024-07-03,2024-07-03,2024-07-03
7136639,735324,2024-07-23,Delivered,2024-07-25,2024-07-28,2024-07-28
7860447,695164,2024-04-03,Delivered,2024-04-06,2024-04-07,2024-04-07
9622594,401022,2024-12-02,Canceled,,,2024-12-08
5348587,731977,2025-08-05,Canceled,,,2025-08-11
6457304,656968,2025-07-15,Delivered,2025-07-16,2025-07-18,2025-07-18
9296829,967611,2024-06-24,Delivered,2024-06-26,2024-06-29,2024-06-29
7547116,530311,2025-09-28,Delivered,2025-10-01,2025-09-30,2025-09-30
7907253,526833,2025-11-25,Canceled,,,2025-11-29
8865986,972335,2025-03-21,Delivered,2025-03-22,2025-03-25,2025-03-25
5994020,606983,2026-02-20,Delivered,2026-02-22,2026-02-22,2026-02-22
9669570,236435,2025-10-31,Delivered,2025-11-03,2025-11-02,2025-11-02
8503245,872246,2025-07-04,Canceled,,,2025-07-08
9805864,208529,2025-10-29,Delivered,2025-10-31,2025-11-02,2025-11-01
5838686,413118,2024-02-21,Delivered,2024-02-22,2024-02-25,2024-02-24
9732760,552855,2024-06-12,Delivered,2024-06-14,2024-06-16,2024-06-16
9313644,953085,2026-04-24,Delivered,2026-04-26,2026-04-28,2026-04-28
5715360,742412,2025-06-18,Delivered,2025-06-20,2025-06-24,2025-06-24
8583782,833247,2024-03-18,Delivered,2024-03-19,2024-03-22,2024-03-23
6476354,107540,2024-05-21,Delivered,2024-05-23,2024-05-25,2024-05-25
8096631,163491,2024-08-30,Delivered,2024-09-02,2024-09-08,2024-09-06
7460690,905635,2024-01-23,Delivered,2024-01-26,2024-01-30,2024-01-30
6639755,462147,2026-04-23,Canceled,,,2026-04-27
5895721,809176,2024-05-28,Delivered,2024-05-29,2024-06-03,2024-06-03
7537029,206053,2024-06-12,Canceled,,,2024-06-18
7703170,825391,2024-10-31,Delivered,2024-11-03,2024-11-07,2024-11-07
7087141,762652,2024-04-11,Delivered,2024-04-13,2024-04-16,2024-04-14
8508365,724932,2024-04-28,Delivered,2024-05-01,2024-04-30,2024-04-30
7841322,521947,2025-05-16,Canceled,,,2025-05-23
5837292,567574,2024-12-15,Delivered,2024-12-16,2024-12-22,2024-12-22
6680308,869864,2025-05-19,Delivered,2025-05-21,2025-05-26,2025-05-26
6820200,595948,2025-04-26,Canceled,,,2025-04-29
9339385,365618,2024-01-14,Delivered,2024-01-17,2024-01-19,2024-01-19
8637455,114835,2025-08-13,Canceled,,,2025-08-19
5930959,934794,2024-07-15,Delivered,2024-07-18,2024-07-21,2024-07-21
6870967,243139,2024-09-15,Delivered,2024-09-18,2024-09-22,2024-09-20
8475182,670511,2024-05-24,Canceled,,,2024-05-30
8908636,630108,2025-10-01,Delivered,2025-10-04,2025-10-03,2025-10-03
7439298,561694,2024-12-26,Delivered,2024-12-28,2024-12-28,2024-12-28
8238252,802258,2025-05-04,Delivered,2025-05-07,2025-05-10,2025-05-08
5685640,740725,2024-02-03,Delivered,2024-02-04,2024-02-09,2024-02-10
8616128,300337,2025-03-04,Delivered,2025-03-07,2025-03-08,2025-03-08
5842778,155843,2024-07-14,Canceled,,,2024-07-19
8601619,736565,2024-11-14,Delivered,2024-11-15,2024-11-21,2024-11-21
5090998,554582,2026-01-25,Canceled,,,2026-01-31
7673595,627276,2024-01-07,Delivered,2024-01-09,2024-01-10,2024-01-10
7287612,141832,2024-01-20,Delivered,2024-01-23,2024-01-26,2024-01-26
7021718,427730,2025-06-26,Delivered,2025-06-29,2025-07-03,2025-07-03
6900160,678443,2025-04-16,Delivered,2025-04-17,2025-04-23,2025-04-23
8797314,800674,2025-03-29,Canceled,,,2025-04-02
5166418,397005,2025-09-29,Delivered,2025-10-02,2025-10-03,2025-10-03
9060923,992717,2025-07-26,Delivered,2025-07-29,2025-07-28,2025-07-28
6987478,950132,2024-06-15,Delivered,2024-06-16,2024-06-23,2024-06-21
8209089,579123,2024-01-28,Delivered,2024-01-29,2024-01-29,2024-01-30
8939458,168517,2025-06-16,Delivered,2025-06-18,2025-06-22,2025-06-22
5656221,177649,2025-02-21,Delivered,2025-02-23,2025-02-28,2025-02-28
6065803,582087,2024-10-18,Canceled,,,2024-10-21
9178833,517479,2024-02-27,Canceled,,,2024-03-01
7178199,680238,2025-07-17,Delivered,2025-07-20,2025-07-20,2025-07-20
9059103,693423,2025-01-10,Canceled,,,2025-01-13
5034067,948749,2026-03-19,Delivered,2026-03-20,2026-03-22,2026-03-22
8503118,403578,2025-05-12,Canceled,,,2025-05-18
8144635,243139,2024-05-26,Delivered,2024-05-28,2024-05-29,2024-05-29
7007729,488571,2024-12-17,Delivered,2024-12-18,2024-12-21,2024-12-22
5655184,171262,2025-12-21,Delivered,2025-12-22,2025-12-28,2025-12-28
6460286,970914,2025-09-05,Delivered,2025-09-07,2025-09-09,2025-09-09
5906114,576919,2024-08-31,Delivered,2024-09-01,2024-09-06,2024-09-04
8803643,513037,2025-03-22,Delivered,2025-03-25,2025-03-29,2025-03-29
9434620,487477,2026-03-22,Delivered,2026-03-25,2026-03-27,2026-03-27
9989651,260053,2026-05-07,Delivered,2026-05-08,2026-05-13,2026-05-11
7538200,425845,2025-05-11,Delivered,2025-05-12,2025-05-17,2025-05-18
5003428,747453,2024-07-09,Delivered,2024-07-12,2024-07-12,2024-07-12
8253688,124813,2026-03-01,Delivered,2026-03-03,2026-03-04,2026-03-04
8783692,571029,2026-02-01,Canceled,,,2026-02-08
6177985,335615,2024-01-09,Delivered,2024-01-11,2024-01-12,2024-01-12
9983513,590110,2026-04-14,Delivered,2026-04-16,2026-04-20,2026-04-20
8575091,385470,2025-06-30,Canceled,,,2025-07-02
8743872,377304,2025-11-25,Delivered,2025-11-27,2025-12-02,2025-12-02
6181196,378535,2025-03-20,Delivered,2025-03-21,2025-03-22,2025-03-22
5441441,532322,2024-12-26,Delivered,2024-12-29,2024-12-28,2024-12-28
7288850,665990,2026-02-18,Delivered,2026-02-20,2026-02-19,2026-02-20
5747197,552855,2024-10-21,Delivered,2024-10-23,2024-10-23,2024-10-23
9652416,350132,2026-02-18,Canceled,,,2026-02-23
8607377,734836,2025-12-04,Canceled,,,2025-12-08
6423574,681128,2024-07-11,Delivered,2024-07-12,2024-07-14,2024-07-14
6638942,160144,2025-02-06,Delivered,2025-02-08,2025-02-13,2025-02-13
5546800,440035,2025-05-10,Canceled,,,2025-05-13
5886792,481913,2025-02-16,Delivered,2025-02-17,2025-02-18,2025-02-19
8162624,598733,2024-12-08,Canceled,,,2024-12-11
8722779,824586,2024-06-22,Delivered,2024-06-25,2024-06-30,2024-06-29
9630125,628750,2025-12-22,Delivered,2025-12-25,2025-12-27,2025-12-27
8793872,947272,2024-04-01,Canceled,,,2024-04-08
7630010,102805,2024-10-28,Delivered,2024-10-30,2024-11-04,2024-11-04
9682518,483629,2025-07-21,Delivered,2025-07-22,2025-07-28,2025-07-28
8230677,884475,2025-03-22,Delivered,2025-03-24,2025-03-29,2025-03-28
7162975,308573,2025-06-19,Delivered,2025-06-22,2025-06-24,2025-06-25
9122155,485415,2024-04-16,Canceled,,,2024-04-20
7168347,303440,2024-11-22,Delivered,2024-11-24,2024-11-29,2024-11-29
5119736,884256,2026-03-01,Delivered,2026-03-02,2026-03-08,2026-03-08
5981642,793384,2024-01-10,Delivered,2024-01-12,2024-01-14,2024-01-14
6206452,571579,2024-02-04,Delivered,2024-02-05,2024-02-11,2024-02-11
8050283,332311,2024-08-12,Canceled,,,2024-08-15
7890044,765905,2025-07-28,Canceled,,,2025-08-01
7069999,782535,2024-03-21,Delivered,2024-03-22,2024-03-26,2024-03-26
6012357,564226,2024-05-08,Canceled,,,2024-05-13
8800468,946335,2025-10-29,Delivered,2025-11-01,2025-10-31,2025-11-01
7809130,950916,2025-08-31,Delivered,2025-09-03,2025-09-07,2025-09-07
7736397,543973,2024-03-13,Delivered,2024-03-15,2024-03-20,2024-03-20
5010155,981334,2025-03-13,Delivered,2025-03-14,2025-03-19,2025-03-19
7185205,328552,2025-03-18,Delivered,2025-03-19,2025-03-23,2025-03-23
8280715,843167,2025-06-15,Canceled,,,2025-06-18
5862406,106182,2025-08-27,Delivered,2025-08-30,2025-08-29,2025-08-29
8644484,348237,2024-01-31,Delivered,2024-02-01,2024-02-02,2024-02-02
5941155,884309,2025-07-09,Delivered,2025-07-10,2025-07-13,2025-07-13
7474304,563246,2026-02-14,Canceled,,,2026-02-18
6962696,721254,2024-10-20,Canceled,,,2024-10-22
9542448,174878,2024-08-13,Delivered,2024-08-14,2024-08-20,2024-08-20
7280471,158900,2024-04-09,Canceled,,,2024-04-13
5409892,707040,2025-05-10,Delivered,2025-05-13,2025-05-16,2025-05-16
6901650,638169,2026-02-27,Canceled,,,2026-03-05
8909572,246570,2024-07-05,Delivered,2024-07-08,2024-07-08,2024-07-08
6054450,642491,2025-01-13,Delivered,2025-01-14,2025-01-15,2025-01-16
8176234,543692,2024-09-11,Canceled,,,2024-09-14
8999407,194769,2024-07-22,Delivered,2024-07-25,2024-07-29,2024-07-29
7821087,219946,2026-02-16,Canceled,,,2026-02-21
7360064,211341,2024-06-03,Delivered,2024-06-06,2024-06-10,2024-06-10
7899893,499889,2024-06-19,Canceled,,,2024-06-24
8691047,418862,2026-04-18,Delivered,2026-04-19,2026-04-19,2026-04-20
8507824,704238,2026-01-04,Delivered,2026-01-06,2026-01-10,2026-01-10
9940520,329471,2025-12-21,Delivered,2025-12-24,2025-12-29,2025-12-27
5481642,807166,2024-05-25,Delivered,2024-05-27,2024-05-28,2024-05-28
9881095,249811,2025-02-03,Delivered,2025-02-06,2025-02-09,2025-02-09
7468537,890785,2025-11-26,Canceled,,,2025-11-30
5746690,722656,2024-07-09,Delivered,2024-07-10,2024-07-13,2024-07-13
7164249,174870,2026-01-16,Delivered,2026-01-19,2026-01-22,2026-01-22
6086565,131244,2024-07-24,Delivered,2024-07-26,2024-07-29,2024-07-27
7984534,427905,2025-08-21,Delivered,2025-08-24,2025-08-28,2025-08-26
5518490,182760,2024-11-10,Delivered,2024-11-11,2024-11-14,2024-11-14
7958109,763686,2024-09-14,Delivered,2024-09-15,2024-09-16,2024-09-16
8290994,621546,2024-11-11,Delivered,2024-11-13,2024-11-18,2024-11-18
6649378,203198,2024-01-12,Delivered,2024-01-14,2024-01-18,2024-01-18
8428302,760021,2025-10-14,Canceled,,,2025-10-19
5471634,792094,2026-03-14,Delivered,2026-03-17,2026-03-20,2026-03-20
6829288,237377,2025-05-26,Delivered,2025-05-27,2025-06-02,2025-06-02
9273599,449499,2025-07-04,Delivered,2025-07-05,2025-07-08,2025-07-09
7768988,701800,2024-11-13,Delivered,2024-11-15,2024-11-19,2024-11-20
7702206,177649,2025-04-15,Delivered,2025-04-17,2025-04-16,2025-04-17
6346067,738720,2024-04-17,Canceled,,,2024-04-23
9253791,624563,2024-01-23,Canceled,,,2024-01-27
9385986,827659,2024-11-27,Delivered,2024-11-29,2024-11-30,2024-11-30
6560646,718439,2024-11-06,Canceled,,,2024-11-09
6592402,904214,2024-05-16,Delivered,2024-05-17,2024-05-18,2024-05-18
5972123,189814,2025-02-26,Delivered,2025-02-27,2025-03-01,2025-03-01
6762643,168093,2025-04-01,Canceled,,,2025-04-05
6246286,851413,2025-05-14,Canceled,,,2025-05-19
8586131,881886,2026-02-13,Canceled,,,2026-02-17
9078474,718439,2025-06-18,Delivered,2025-06-19,2025-06-25,2025-06-25
9292806,570735,2024-11-02,Delivered,2024-11-04,2024-11-05,2024-11-06
6813502,528184,2024-10-04,Canceled,,,2024-10-09
7589376,518801,2026-05-04,Canceled,,,2026-05-11
6700143,605254,2024-06-21,Delivered,2024-06-24,2024-06-26,2024-06-26
8010944,734836,2025-12-15,Canceled,,,2025-12-20
9494460,401338,2025-11-20,Delivered,2025-11-23,2025-11-25,2025-11-25
8059864,562462,2025-03-13,Delivered,2025-03-14,2025-03-16,2025-03-16
9856579,563187,2026-05-09,Delivered,2026-05-10,2026-05-12,2026-05-13
5906567,614013,2026-03-03,Canceled,,,2026-03-08
8885953,768676,2026-01-08,Delivered,2026-01-11,2026-01-10,2026-01-10
8910243,541409,2026-04-05,Delivered,2026-04-08,2026-04-10,2026-04-10
8433401,108060,2025-09-04,Delivered,2025-09-05,2025-09-08,2025-09-08
7073948,813793,2026-02-06,Delivered,2026-02-08,2026-02-08,2026-02-08
9297034,587002,2025-11-07,Delivered,2025-11-09,2025-11-11,2025-11-12
8036443,386488,2025-09-23,Delivered,2025-09-25,2025-09-28,2025-09-28
9293408,794769,2025-07-22,Delivered,2025-07-25,2025-07-29,2025-07-29
8286728,713762,2025-02-18,Delivered,2025-02-21,2025-02-21,2025-02-22
9828283,220465,2025-07-16,Delivered,2025-07-19,2025-07-22,2025-07-23
6241763,683397,2025-03-19,Canceled,,,2025-03-24
6189162,190872,2025-09-15,Delivered,2025-09-17,2025-09-18,2025-09-18
7802671,203198,2024-08-30,Delivered,2024-09-01,2024-09-06,2024-09-06
7262968,594379,2025-04-19,Canceled,,,2025-04-26
6900709,609892,2024-06-09,Canceled,,,2024-06-12
9091445,823846,2025-11-23,Delivered,2025-11-26,2025-11-27,2025-11-27
8414041,779172,2024-08-21,Delivered,2024-08-22,2024-08-28,2024-08-28
6645409,423993,2026-05-09,Canceled,,,2026-05-15
8531047,757685,2024-11-16,Delivered,2024-11-19,2024-11-20,2024-11-20
8399450,468203,2024-06-29,Delivered,2024-07-01,2024-07-01,2024-07-01
6481724,285652,2026-02-23,Delivered,2026-02-26,2026-02-28,2026-02-28
9216030,579123,2025-05-13,Delivered,2025-05-16,2025-05-17,2025-05-18
9171856,882544,2024-11-22,Delivered,2024-11-25,2024-11-29,2024-11-29
5813304,416797,2025-04-10,Delivered,2025-04-12,2025-04-17,2025-04-15
5644472,260422,2024-12-08,Delivered,2024-12-10,2024-12-14,2024-12-14
8870997,778998,2025-11-14,Canceled,,,2025-11-17
5972026,549433,2025-06-03,Delivered,2025-06-05,2025-06-05,2025-06-05
8667666,178463,2024-03-17,Delivered,2024-03-19,2024-03-20,2024-03-21
8111455,121869,2024-04-03,Delivered,2024-04-05,2024-04-07,2024-04-07
6779908,479201,2025-11-13,Canceled,,,2025-11-18
7873036,913694,2026-01-10,Canceled,,,2026-01-15
7792047,485709,2025-06-19,Canceled,,,2025-06-26
7911656,591897,2026-03-17,Delivered,2026-03-19,2026-03-23,2026-03-23
6638060,711046,2025-02-02,Canceled,,,2025-02-06
7259426,766269,2024-12-27,Delivered,2024-12-30,2024-12-29,2024-12-30
8097929,823846,2024-07-23,Canceled,,,2024-07-26
5399775,333752,2024-07-27,Delivered,2024-07-29,2024-07-29,2024-07-29
8565084,807166,2026-04-22,Delivered,2026-04-25,2026-04-26,2026-04-27
9765737,520172,2024-07-16,Delivered,2024-07-19,2024-07-18,2024-07-18
9373593,901909,2025-03-30,Canceled,,,2025-04-02
7826000,410160,2025-10-22,Delivered,2025-10-25,2025-10-25,2025-10-25
9215718,297383,2024-09-27,Delivered,2024-09-30,2024-10-03,2024-10-01
6077656,943776,2024-04-02,Delivered,2024-04-03,2024-04-07,2024-04-07
7211818,468623,2025-05-06,Delivered,2025-05-07,2025-05-08,2025-05-09
9514068,561124,2026-02-10,Delivered,2026-02-13,2026-02-12,2026-02-12
8464542,493537,2025-09-15,Delivered,2025-09-17,2025-09-20,2025-09-19
6975280,579187,2025-01-08,Delivered,2025-01-11,2025-01-11,2025-01-11
5512871,916449,2025-09-24,Canceled,,,2025-09-28
9812846,672536,2024-12-14,Delivered,2024-12-16,2024-12-21,2024-12-21
8873167,794769,2026-01-05,Delivered,2026-01-06,2026-01-07,2026-01-07
6262225,837715,2025-05-01,Delivered,2025-05-04,2025-05-08,2025-05-08
9366349,910208,2026-04-19,Delivered,2026-04-21,2026-04-22,2026-04-22
7797813,387782,2025-06-15,Delivered,2025-06-17,2025-06-21,2025-06-21
7728570,575575,2024-02-03,Delivered,2024-02-06,2024-02-06,2024-02-07
7321249,614663,2024-05-03,Canceled,,,2024-05-06
6018384,952993,2025-07-05,Canceled,,,2025-07-07
8746972,717113,2024-02-06,Delivered,2024-02-07,2024-02-08,2024-02-08
9868641,264136,2024-07-23,Delivered,2024-07-24,2024-07-25,2024-07-25
6714425,768676,2024-07-17,Delivered,2024-07-19,2024-07-24,2024-07-24
7509896,683397,2026-03-16,Canceled,,,2026-03-22
6839948,591081,2024-01-23,Delivered,2024-01-25,2024-01-29,2024-01-30
5714293,859396,2025-02-22,Delivered,2025-02-25,2025-02-28,2025-02-28
7619190,710169,2025-02-21,Delivered,2025-02-22,2025-02-26,2025-02-27
9747721,871476,2026-03-30,Delivered,2026-04-02,2026-04-01,2026-04-01
5995837,597643,2025-07-11,Delivered,2025-07-12,2025-07-15,2025-07-13
7208793,717457,2025-03-25,Delivered,2025-03-27,2025-03-29,2025-03-30
6332854,403445,2025-01-03,Canceled,,,2025-01-09
5597502,507524,2024-06-19,Delivered,2024-06-20,2024-06-21,2024-06-22
7988215,980660,2026-01-19,Delivered,2026-01-21,2026-01-24,2026-01-25
7117563,502630,2025-08-08,Delivered,2025-08-11,2025-08-13,2025-08-13
7600651,471507,2024-12-18,Delivered,2024-12-19,2024-12-24,2024-12-24
5278291,297383,2024-08-25,Delivered,2024-08-26,2024-08-29,2024-08-29
9863663,811256,2024-05-09,Delivered,2024-05-12,2024-05-11,2024-05-11
8367017,560959,2025-04-22,Canceled,,,2025-04-25
8880668,622230,2024-04-11,Delivered,2024-04-14,2024-04-17,2024-04-16
8266323,905635,2025-01-24,Delivered,2025-01-25,2025-01-29,2025-01-29
6233395,246570,2025-08-05,Canceled,,,2025-08-12
7611220,162535,2025-04-10,Delivered,2025-04-11,2025-04-17,2025-04-15
6196260,307963,2025-09-02,Delivered,2025-09-03,2025-09-07,2025-09-07
9615796,992512,2024-02-03,Delivered,2024-02-04,2024-02-10,2024-02-10
8026013,919264,2025-02-21,Canceled,,,2025-02-25
9149202,519066,2024-05-26,Delivered,2024-05-29,2024-05-31,2024-05-31
7195311,440802,2025-12-05,Delivered,2025-12-08,2025-12-11,2025-12-11
5276774,958729,2026-04-17,Canceled,,,2026-04-24
7594073,890785,2024-10-02,Delivered,2024-10-05,2024-10-04,2024-10-04
5189499,108491,2024-12-03,Delivered,2024-12-05,2024-12-10,2024-12-10
8104253,557592,2025-06-01,Delivered,2025-06-02,2025-06-03,2025-06-04
6332818,350021,2025-01-19,Delivered,2025-01-21,2025-01-21,2025-01-21
9067516,277934,2024-05-29,Delivered,2024-05-30,2024-06-02,2024-06-02
8902734,454508,2024-09-02,Delivered,2024-09-03,2024-09-08,2024-09-08
5165536,926952,2026-03-01,Delivered,2026-03-03,2026-03-08,2026-03-08
6686613,457455,2024-08-16,Delivered,2024-08-18,2024-08-19,2024-08-19
8088521,326895,2026-01-13,Canceled,,,2026-01-16
7109630,242291,2025-11-11,Delivered,2025-11-13,2025-11-15,2025-11-16
8874559,383201,2026-04-26,Delivered,2026-04-29,2026-04-30,2026-05-01
8615538,970127,2025-12-12,Canceled,,,2025-12-14
8190688,103717,2025-02-11,Delivered,2025-02-13,2025-02-15,2025-02-15
6941665,415779,2025-09-25,Delivered,2025-09-26,2025-10-02,2025-10-02
5419364,680096,2026-01-17,Delivered,2026-01-20,2026-01-21,2026-01-22
8798169,423232,2024-04-06,Delivered,2024-04-09,2024-04-14,2024-04-12
8704095,127824,2025-03-23,Delivered,2025-03-24,2025-03-28,2025-03-28
9784346,897615,2025-08-09,Delivered,2025-08-10,2025-08-16,2025-08-16
9097849,396451,2024-09-07,Delivered,2024-09-10,2024-09-13,2024-09-14
7688309,622707,2025-03-17,Canceled,,,2025-03-24
5645237,872840,2024-09-02,Canceled,,,2024-09-09
5003881,711484,2024-12-14,Delivered,2024-12-16,2024-12-23,2024-12-21
9888703,535673,2025-07-30,Canceled,,,2025-08-02
5236214,731661,2024-05-02,Delivered,2024-05-03,2024-05-04,2024-05-04
8315435,359947,2024-01-24,Delivered,2024-01-25,2024-01-29,2024-01-29
7966513,480303,2024-07-01,Delivered,2024-07-04,2024-07-06,2024-07-06
5825922,182627,2024-03-09,Canceled,,,2024-03-13
7373518,936020,2025-11-15,Delivered,2025-11-16,2025-11-21,2025-11-21
5193894,607774,2024-08-16,Delivered,2024-08-17,2024-08-23,2024-08-23
9090836,770487,2024-09-05,Delivered,2024-09-08,2024-09-11,2024-09-09
6422553,145561,2025-09-12,Delivered,2025-09-14,2025-09-18,2025-09-18
6916500,168941,2024-10-24,Canceled,,,2024-10-30
7352922,543973,2024-07-08,Delivered,2024-07-09,2024-07-11,2024-07-11
8423718,671015,2026-03-10,Canceled,,,2026-03-13
5860210,207581,2024-09-20,Delivered,2024-09-22,2024-09-26,2024-09-26
8041306,530728,2025-08-30,Canceled,,,2025-09-04
5350268,267414,2026-04-19,Delivered,2026-04-22,2026-04-25,2026-04-25
7281249,143015,2025-04-04,Delivered,2025-04-06,2025-04-07,2025-04-07
5992737,454992,2024-07-27,Delivered,2024-07-29,2024-08-01,2024-08-02
5524660,183074,2025-10-01,Delivered,2025-10-04,2025-10-03,2025-10-04
9186121,515922,2025-06-24,Delivered,2025-06-25,2025-06-26,2025-06-26
5418355,688866,2026-04-23,Delivered,2026-04-25,2026-04-30,2026-04-30
9306493,766158,2024-02-26,Canceled,,,2024-02-28
6282954,680933,2025-10-01,Delivered,2025-10-04,2025-10-03,2025-10-03
9727732,722656,2024-03-08,Canceled,,,2024-03-15
6271253,644559,2024-09-08,Delivered,2024-09-11,2024-09-13,2024-09-13
6167344,983791,2024-06-12,Delivered,2024-06-13,2024-06-17,2024-06-18
5441649,776796,2024-07-25,Delivered,2024-07-28,2024-07-31,2024-07-31
9928609,845957,2024-09-20,Delivered,2024-09-21,2024-09-27,2024-09-27
6204080,408528,2025-08-20,Canceled,,,2025-08-24
7665140,172132,2026-04-19,Delivered,2026-04-21,2026-04-26,2026-04-26
5738539,450905,2024-12-10,Delivered,2024-12-13,2024-12-13,2024-12-13
6766709,481995,2025-11-28,Delivered,2025-11-30,2025-12-04,2025-12-04
5238068,456717,2024-12-22,Delivered,2024-12-24,2024-12-27,2024-12-27
5036681,987204,2025-12-29,Delivered,2025-12-31,2026-01-01,2026-01-01
6504384,407757,2024-05-16,Delivered,2024-05-17,2024-05-21,2024-05-21
9908533,518373,2026-01-30,Delivered,2026-02-02,2026-02-05,2026-02-05
7985474,346629,2024-08-31,Delivered,2024-09-03,2024-09-03,2024-09-03
5375494,838237,2025-02-04,Delivered,2025-02-06,2025-02-07,2025-02-08
5537081,609231,2025-12-20,Delivered,2025-12-23,2025-12-24,2025-12-24
5785741,551860,2024-08-20,Delivered,2024-08-22,2024-08-26,2024-08-26
7548881,112861,2025-07-27,Delivered,2025-07-29,2025-07-30,2025-07-30
8701097,960408,2024-05-16,Canceled,,,2024-05-20
7153480,725905,2024-02-10,Delivered,2024-02-12,2024-02-12,2024-02-12
8739363,658198,2025-06-24,Delivered,2025-06-25,2025-06-30,2025-06-30
6480460,878480,2025-10-29,Delivered,2025-10-30,2025-11-05,2025-11-05
9799877,993744,2024-11-02,Delivered,2024-11-04,2024-11-08,2024-11-08
5459813,483713,2025-11-22,Delivered,2025-11-24,2025-11-24,2025-11-24
7914498,297816,2025-04-21,Delivered,2025-04-24,2025-04-28,2025-04-28
8104993,820775,2024-10-17,Canceled,,,2024-10-23
7701144,576086,2026-01-25,Delivered,2026-01-26,2026-01-29,2026-01-30
6061563,526156,2026-03-29,Delivered,2026-04-01,2026-04-03,2026-04-03
7018616,563298,2025-02-09,Delivered,2025-02-11,2025-02-12,2025-02-12
9039815,185965,2025-11-19,Canceled,,,2025-11-23
9228010,262471,2025-04-28,Delivered,2025-04-29,2025-05-03,2025-05-03
6575289,960394,2024-07-03,Delivered,2024-07-05,2024-07-06,2024-07-07
5234163,883790,2025-03-20,Canceled,,,2025-03-25
7117741,292401,2024-06-01,Canceled,,,2024-06-05
9148464,403507,2025-10-17,Delivered,2025-10-20,2025-10-22,2025-10-23
7893499,854540,2025-02-02,Canceled,,,2025-02-09
9027279,651499,2024-02-26,Canceled,,,2024-02-29
7457512,440544,2026-04-24,Delivered,2026-04-27,2026-05-01,2026-05-01
7628219,347861,2024-01-17,Delivered,2024-01-18,2024-01-19,2024-01-19
8160353,607868,2025-09-11,Delivered,2025-09-14,2025-09-14,2025-09-14
9564960,279516,2025-05-25,Delivered,2025-05-27,2025-05-30,2025-05-28
7375640,466960,2025-11-27,Delivered,2025-11-28,2025-12-01,2025-12-01
7378615,926097,2025-02-19,Delivered,2025-02-21,2025-02-24,2025-02-24
6144228,336574,2025-01-02,Delivered,2025-01-05,2025-01-07,2025-01-07
8205921,890870,2024-11-20,Canceled,,,2024-11-24
6945237,803055,2024-06-29,Delivered,2024-07-01,2024-07-03,2024-07-03
6640646,156213,2025-10-27,Delivered,2025-10-29,2025-10-30,2025-10-30
6767789,122394,2024-05-01,Delivered,2024-05-02,2024-05-03,2024-05-03
7060506,194769,2025-10-03,Canceled,,,2025-10-10
9681706,284692,2024-01-21,Delivered,2024-01-23,2024-01-23,2024-01-23
9563710,632401,2025-07-31,Delivered,2025-08-01,2025-08-02,2025-08-02
7579822,270128,2026-03-26,Canceled,,,2026-03-29
8476054,855638,2025-02-08,Delivered,2025-02-09,2025-02-13,2025-02-13
7874353,392004,2025-03-03,Canceled,,,2025-03-07
5555409,723939,2026-03-30,Delivered,2026-04-02,2026-04-01,2026-04-01
9787646,557239,2025-08-10,Delivered,2025-08-12,2025-08-19,2025-08-17
5352682,989921,2026-05-06,Delivered,2026-05-08,2026-05-07,2026-05-08
6737922,113266,2026-01-18,Delivered,2026-01-21,2026-01-21,2026-01-21
7440716,280222,2025-05-22,Delivered,2025-05-24,2025-05-24,2025-05-25
9709814,994905,2024-10-16,Delivered,2024-10-18,2024-10-23,2024-10-23
6676297,749813,2025-07-07,Delivered,2025-07-08,2025-07-13,2025-07-13
5445164,233636,2025-12-25,Delivered,2025-12-26,2025-12-30,2025-12-31
9690520,400009,2025-03-14,Delivered,2025-03-15,2025-03-16,2025-03-16
6156601,372793,2025-03-09,Delivered,2025-03-12,2025-03-13,2025-03-14
7471186,751924,2024-04-22,Canceled,,,2024-04-24
5748227,938171,2026-03-23,Delivered,2026-03-26,2026-03-26,2026-03-26
6748635,513037,2025-07-28,Delivered,2025-07-30,2025-08-04,2025-08-04
5345129,320392,2025-07-25,Delivered,2025-07-28,2025-07-27,2025-07-27
5985738,486945,2025-05-20,Delivered,2025-05-21,2025-05-24,2025-05-25
8541997,751517,2025-12-09,Delivered,2025-12-12,2025-12-12,2025-12-12
5411337,929151,2025-05-29,Delivered,2025-05-30,2025-06-06,2025-06-05
8402315,878325,2025-06-26,Delivered,2025-06-29,2025-06-29,2025-06-29
7136392,449555,2024-11-15,Delivered,2024-11-17,2024-11-22,2024-11-22
7205751,776796,2024-02-09,Delivered,2024-02-12,2024-02-13,2024-02-13
9879278,707727,2024-02-10,Delivered,2024-02-13,2024-02-17,2024-02-17
5344103,970127,2026-03-05,Delivered,2026-03-08,2026-03-09,2026-03-09
6689016,140605,2025-11-17,Canceled,,,2025-11-23
8071407,470037,2025-12-12,Delivered,2025-12-15,2025-12-18,2025-12-18
9747691,203996,2025-07-10,Delivered,2025-07-12,2025-07-13,2025-07-14
7039154,910208,2024-09-24,Canceled,,,2024-09-29
7438215,218959,2025-11-03,Delivered,2025-11-04,2025-11-10,2025-11-09
5996221,392136,2025-03-30,Delivered,2025-03-31,2025-04-06,2025-04-06
9071197,763928,2024-03-13,Canceled,,,2024-03-15
9060345,223172,2024-09-12,Delivered,2024-09-15,2024-09-19,2024-09-19
6631183,402099,2024-05-04,Canceled,,,2024-05-10
6710354,820892,2025-06-30,Delivered,2025-07-03,2025-07-05,2025-07-05
7388282,757937,2024-07-07,Canceled,,,2024-07-12
6960606,347745,2025-02-16,Canceled,,,2025-02-20
5356281,434617,2026-02-13,Delivered,2026-02-16,2026-02-16,2026-02-16
8807457,845957,2024-08-21,Delivered,2024-08-24,2024-08-27,2024-08-25
5931392,703139,2024-04-03,Canceled,,,2024-04-09
9588972,844031,2026-01-17,Delivered,2026-01-20,2026-01-21,2026-01-21
6273891,831295,2026-02-01,Canceled,,,2026-02-03
5837790,661894,2025-11-27,Delivered,2025-11-28,2025-12-02,2025-12-02
9457014,108060,2024-10-28,Delivered,2024-10-30,2024-11-04,2024-11-04
6338843,498382,2025-10-11,Delivered,2025-10-13,2025-10-15,2025-10-15
5771937,237235,2025-01-30,Delivered,2025-01-31,2025-02-04,2025-02-03
8212047,544611,2024-03-14,Delivered,2024-03-15,2024-03-16,2024-03-16
5141534,883301,2024-06-03,Delivered,2024-06-04,2024-06-10,2024-06-10
8639258,347582,2024-04-22,Canceled,,,2024-04-27
6579993,273148,2026-04-07,Delivered,2026-04-08,2026-04-11,2026-04-11
9772926,699929,2024-04-16,Delivered,2024-04-17,2024-04-20,2024-04-21
6383802,599380,2024-02-29,Canceled,,,2024-03-03
6843326,232915,2025-03-18,Delivered,2025-03-19,2025-03-23,2025-03-23
5562276,994141,2025-06-08,Delivered,2025-06-09,2025-06-12,2025-06-10
9429893,124813,2024-10-25,Delivered,2024-10-26,2024-11-03,2024-11-01
8155870,773540,2024-10-21,Delivered,2024-10-22,2024-10-23,2024-10-23
8869712,692002,2025-07-18,Delivered,2025-07-21,2025-07-22,2025-07-22
9370692,760356,2026-04-01,Delivered,2026-04-02,2026-04-07,2026-04-07
5952033,731262,2025-05-08,Delivered,2025-05-10,2025-05-13,2025-05-14
5712663,269930,2026-03-23,Delivered,2026-03-25,2026-03-29,2026-03-29
5228783,792509,2025-07-11,Delivered,2025-07-13,2025-07-13,2025-07-13
9563631,468845,2025-03-18,Delivered,2025-03-19,2025-03-26,2025-03-24
5509574,726928,2024-10-03,Delivered,2024-10-05,2024-10-06,2024-10-06
6293954,680099,2026-03-26,Delivered,2026-03-27,2026-03-31,2026-03-31
6975833,244283,2025-01-09,Delivered,2025-01-11,2025-01-12,2025-01-12
9543832,236435,2025-05-26,Delivered,2025-05-28,2025-05-31,2025-06-01
9673368,391773,2024-08-16,Delivered,2024-08-19,2024-08-20,2024-08-20
7021619,915451,2024-07-31,Delivered,2024-08-02,2024-08-06,2024-08-06
8348034,181644,2024-04-24,Canceled,,,2024-04-30
9841817,349489,2024-09-15,Canceled,,,2024-09-22
9023660,299659,2025-03-25,Delivered,2025-03-26,2025-03-30,2025-03-30
5052592,817497,2025-09-19,Delivered,2025-09-20,2025-09-26,2025-09-25
6178050,698128,2026-04-16,Delivered,2026-04-17,2026-04-20,2026-04-20
7985322,269396,2026-03-28,Canceled,,,2026-04-02
8772620,789305,2025-06-15,Delivered,2025-06-17,2025-06-19,2025-06-20
7654692,683783,2024-12-03,Canceled,,,2024-12-10
7011344,557239,2025-08-07,Canceled,,,2025-08-11
8000669,805511,2026-05-12,Delivered,2026-05-15,2026-05-14,2026-05-15
8549094,529893,2024-11-27,Delivered,2024-11-30,2024-12-02,2024-12-02
7597188,262246,2025-11-02,Canceled,,,2025-11-05
7268547,120422,2024-04-16,Delivered,2024-04-17,2024-04-23,2024-04-23
5535495,400009,2026-04-16,Delivered,2026-04-19,2026-04-20,2026-04-21
5583077,899649,2025-09-22,Delivered,2025-09-25,2025-09-28,2025-09-29
6587584,407419,2024-09-29,Canceled,,,2024-10-06
7924936,576786,2024-07-06,Canceled,,,2024-07-09
7449313,294851,2024-11-14,Delivered,2024-11-15,2024-11-18,2024-11-18
8786258,237235,2025-09-05,Canceled,,,2025-09-09
6550354,279516,2024-03-09,Delivered,2024-03-10,2024-03-15,2024-03-15
9390348,216242,2025-06-25,Delivered,2025-06-26,2025-07-02,2025-07-02
8277363,198246,2026-01-04,Delivered,2026-01-07,2026-01-09,2026-01-09
7088875,290556,2025-09-23,Canceled,,,2025-09-25
9964659,943671,2024-03-09,Delivered,2024-03-11,2024-03-15,2024-03-13
9744296,734836,2025-12-02,Canceled,,,2025-12-07
8289573,226516,2025-11-05,Delivered,2025-11-08,2025-11-10,2025-11-11
6363493,273148,2025-10-06,Delivered,2025-10-09,2025-10-10,2025-10-10
7568297,651231,2025-12-14,Canceled,,,2025-12-16
5139759,777737,2024-09-26,Delivered,2024-09-29,2024-10-02,2024-10-02
6315418,332120,2025-04-09,Delivered,2025-04-10,2025-04-11,2025-04-11
6942313,944657,2026-04-29,Delivered,2026-04-30,2026-05-04,2026-05-04
9212751,475190,2026-04-22,Delivered,2026-04-25,2026-04-26,2026-04-26
7201402,181644,2025-01-05,Delivered,2025-01-08,2025-01-11,2025-01-11
6207045,355709,2026-05-12,Delivered,2026-05-15,2026-05-15,2026-05-15
5483020,643623,2025-02-19,Canceled,,,2025-02-22
6891448,754858,2025-12-13,Delivered,2025-12-16,2025-12-17,2025-12-17
5589873,696251,2024-07-03,Delivered,2024-07-05,2024-07-08,2024-07-09
8983618,414569,2024-10-12,Delivered,2024-10-14,2024-10-19,2024-10-19
7894103,237174,2025-03-21,Delivered,2025-03-22,2025-03-26,2025-03-26
5631688,542666,2024-03-19,Canceled,,,2024-03-23
7192335,197992,2025-08-09,Delivered,2025-08-10,2025-08-16,2025-08-16
7690870,582071,2025-09-16,Delivered,2025-09-19,2025-09-20,2025-09-20
5084051,535970,2025-04-02,Delivered,2025-04-03,2025-04-08,2025-04-08
5372384,762652,2024-12-28,Delivered,2024-12-29,2025-01-01,2025-01-01
5197714,255813,2025-12-25,Canceled,,,2025-12-31
6604296,988662,2025-06-25,Canceled,,,2025-06-28
8063661,901535,2026-04-01,Delivered,2026-04-02,2026-04-07,2026-04-08
9020303,717113,2026-04-10,Canceled,,,2026-04-17
6161316,410016,2024-05-12,Delivered,2024-05-14,2024-05-16,2024-05-16
9372079,450905,2025-02-22,Delivered,2025-02-23,2025-02-25,2025-02-25
8156697,195656,2024-09-22,Delivered,2024-09-24,2024-09-28,2024-09-28
7026097,731661,2025-02-21,Delivered,2025-02-22,2025-02-27,2025-02-27
7852052,405420,2025-03-29,Delivered,2025-03-30,2025-04-05,2025-04-05
6975986,127121,2026-02-03,Delivered,2026-02-04,2026-02-07,2026-02-08
9834503,772875,2024-05-05,Delivered,2024-05-08,2024-05-12,2024-05-12
5751878,779514,2025-02-19,Canceled,,,2025-02-22
5206012,338596,2025-01-17,Delivered,2025-01-18,2025-01-19,2025-01-19
8212381,430926,2026-01-22,Delivered,2026-01-23,2026-01-28,2026-01-28
9033493,547470,2026-05-14,Confirmed,,,2026-05-19
6899854,880841,2025-06-03,Delivered,2025-06-04,2025-06-05,2025-06-05
6846994,158845,2024-08-09,Delivered,2024-08-12,2024-08-14,2024-08-15
6787364,722937,2024-05-18,Canceled,,,2024-05-23
9359553,992288,2024-08-11,Delivered,2024-08-14,2024-08-15,2024-08-16
6546116,979060,2024-10-30,Delivered,2024-11-01,2024-11-06,2024-11-06
8729947,681478,2025-07-02,Delivered,2025-07-05,2025-07-05,2025-07-05
8221215,845957,2025-07-25,Canceled,,,2025-07-28
7684024,506235,2024-10-03,Delivered,2024-10-05,2024-10-08,2024-10-08
6815296,622469,2025-05-28,Delivered,2025-05-29,2025-06-01,2025-06-01
7478727,988432,2025-12-11,Canceled,,,2025-12-15
9531866,355400,2026-05-02,Delivered,2026-05-04,2026-05-09,2026-05-09
5440124,265156,2025-07-13,Delivered,2025-07-16,2025-07-20,2025-07-20
6493214,404466,2025-10-15,Delivered,2025-10-17,2025-10-18,2025-10-18
7516147,322086,2024-10-31,Canceled,,,2024-11-02
9835883,838237,2025-01-17,Delivered,2025-01-19,2025-01-23,2025-01-23
8264876,701987,2025-04-22,Delivered,2025-04-25,2025-04-25,2025-04-25
8281709,930555,2025-05-09,Delivered,2025-05-10,2025-05-14,2025-05-12
9371594,350405,2025-10-12,Delivered,2025-10-15,2025-10-16,2025-10-16
9822020,748564,2025-06-07,Delivered,2025-06-08,2025-06-10,2025-06-10
6436714,213349,2026-05-12,Delivered,2026-05-14,2026-05-19,2026-05-19
6975266,812526,2024-03-30,Delivered,2024-04-02,2024-04-05,2024-04-05
9675304,629903,2024-05-26,Delivered,2024-05-28,2024-06-01,2024-06-01
8038297,194423,2024-02-27,Delivered,2024-02-29,2024-03-01,2024-03-01
9595631,572387,2025-08-05,Canceled,,,2025-08-10
7894820,899929,2025-01-02,Delivered,2025-01-04,2025-01-05,2025-01-05
7778307,724377,2025-03-29,Delivered,2025-03-31,2025-04-02,2025-04-02
6530240,256294,2025-07-18,Delivered,2025-07-19,2025-07-22,2025-07-22
5228327,824156,2025-11-19,Canceled,,,2025-11-24
5615945,374896,2025-10-10,Delivered,2025-10-11,2025-10-13,2025-10-13
5013549,568238,2025-11-22,Delivered,2025-11-25,2025-11-26,2025-11-25
5938713,454803,2025-12-07,Delivered,2025-12-10,2025-12-14,2025-12-14
8054656,301158,2024-04-11,Canceled,,,2024-04-18
7601324,598216,2025-05-26,Canceled,,,2025-06-02
7539540,368402,2024-10-14,Canceled,,,2024-10-18
7585153,576086,2025-11-13,Delivered,2025-11-14,2025-11-16,2025-11-16
9618502,326130,2025-01-21,Canceled,,,2025-01-24
7600831,133958,2025-06-14,Delivered,2025-06-15,2025-06-20,2025-06-20
9121216,456871,2024-07-04,Canceled,,,2024-07-06
9988149,402218,2025-02-12,Canceled,,,2025-02-17
6184507,466566,2025-04-11,Canceled,,,2025-04-14
5032829,853252,2024-02-03,Delivered,2024-02-06,2024-02-07,2024-02-06
8746212,795612,2024-11-16,Delivered,2024-11-17,2024-11-20,2024-11-21
7273524,176365,2024-02-09,Delivered,2024-02-10,2024-02-12,2024-02-12
5477671,197992,2025-07-06,Delivered,2025-07-08,2025-07-13,2025-07-13
8073903,510997,2026-01-07,Delivered,2026-01-08,2026-01-12,2026-01-12
5879529,190403,2024-09-07,Delivered,2024-09-09,2024-09-14,2024-09-14
9608427,335552,2024-03-30,Delivered,2024-04-02,2024-04-03,2024-04-03
8911084,872246,2024-03-15,Delivered,2024-03-16,2024-03-22,2024-03-22
5116786,452161,2024-04-03,Delivered,2024-04-06,2024-04-12,2024-04-10
6583600,124302,2025-07-03,Canceled,,,2025-07-10
6129673,646622,2025-04-02,Delivered,2025-04-04,2025-04-04,2025-04-04
6426578,757246,2025-08-27,Delivered,2025-08-28,2025-09-03,2025-09-03
5861330,773088,2025-11-01,Delivered,2025-11-04,2025-11-07,2025-11-07
8792189,194423,2026-01-18,Delivered,2026-01-20,2026-01-25,2026-01-25
8827415,432711,2024-12-05,Delivered,2024-12-07,2024-12-08,2024-12-08
7753184,503457,2024-07-04,Delivered,2024-07-07,2024-07-06,2024-07-06
5458448,177060,2025-10-08,Delivered,2025-10-10,2025-10-10,2025-10-10
6123635,587455,2025-12-19,Delivered,2025-12-22,2025-12-25,2025-12-25
7889003,919182,2024-03-12,Delivered,2024-03-15,2024-03-16,2024-03-16
7106723,190403,2024-06-07,Delivered,2024-06-09,2024-06-09,2024-06-09
9442752,684384,2026-01-07,Delivered,2026-01-08,2026-01-14,2026-01-14
7022513,954628,2026-01-07,Canceled,,,2026-01-10
9816494,456699,2024-01-13,Delivered,2024-01-15,2024-01-18,2024-01-18
5624447,215266,2025-04-27,Delivered,2025-04-30,2025-05-02,2025-05-02
5218555,163556,2025-06-16,Delivered,2025-06-17,2025-06-17,2025-06-18
6751570,852787,2025-12-15,Delivered,2025-12-16,2025-12-23,2025-12-21
6475945,588461,2025-03-04,Delivered,2025-03-07,2025-03-07,2025-03-07
5052318,656379,2024-09-13,Delivered,2024-09-14,2024-09-17,2024-09-17
7301046,145561,2025-01-03,Delivered,2025-01-04,2025-01-08,2025-01-08
5887742,874524,2025-02-13,Delivered,2025-02-16,2025-02-18,2025-02-18
5438197,797229,2024-11-24,Delivered,2024-11-27,2024-11-30,2024-12-01
6925621,584714,2025-06-17,Delivered,2025-06-19,2025-06-24,2025-06-24
9083448,809217,2025-12-21,Canceled,,,2025-12-24
6100926,362829,2025-10-10,Canceled,,,2025-10-13
9263084,260265,2024-06-01,Delivered,2024-06-03,2024-06-04,2024-06-04
5566810,911984,2025-11-24,Delivered,2025-11-27,2025-12-01,2025-12-01
5459613,236074,2025-07-06,Delivered,2025-07-09,2025-07-10,2025-07-10
6259808,211764,2025-03-26,Delivered,2025-03-27,2025-03-29,2025-03-29
8807441,888295,2024-10-31,Delivered,2024-11-02,2024-11-02,2024-11-02
6445547,610271,2025-03-30,Canceled,,,2025-04-06
9994906,448048,2025-11-18,Canceled,,,2025-11-23
7865269,368402,2025-10-31,Delivered,2025-11-01,2025-11-07,2025-11-07
8758518,813536,2025-10-11,Delivered,2025-10-14,2025-10-16,2025-10-16
7740826,237795,2025-03-12,Canceled,,,2025-03-18
7996399,444525,2025-09-04,Delivered,2025-09-06,2025-09-07,2025-09-07
5959855,240440,2024-01-25,Canceled,,,2024-01-27
6306622,401603,2024-05-29,Delivered,2024-05-31,2024-05-30,2024-05-31
8618160,314353,2025-01-26,Delivered,2025-01-28,2025-02-03,2025-02-02
6800239,405407,2026-02-24,Delivered,2026-02-25,2026-03-01,2026-03-01
8886508,965845,2024-10-31,Canceled,,,2024-11-02
5468409,621546,2025-06-29,Delivered,2025-07-01,2025-07-02,2025-07-02
5467898,221035,2026-03-14,Delivered,2026-03-17,2026-03-21,2026-03-21
9142886,468900,2025-10-08,Delivered,2025-10-09,2025-10-13,2025-10-13
8576467,183958,2024-03-02,Delivered,2024-03-05,2024-03-09,2024-03-09
6774650,760626,2024-07-10,Canceled,,,2024-07-12
6743556,810687,2025-08-28,Canceled,,,2025-09-04
5193743,880879,2024-02-06,Delivered,2024-02-07,2024-02-13,2024-02-13
6515677,406327,2024-11-18,Delivered,2024-11-21,2024-11-23,2024-11-23
6328426,622707,2026-03-04,Canceled,,,2026-03-08
7927209,947903,2026-03-07,Delivered,2026-03-10,2026-03-10,2026-03-10
5868013,665621,2025-04-11,Delivered,2025-04-12,2025-04-15,2025-04-16
8917142,891638,2025-05-20,Canceled,,,2025-05-24
8247447,254721,2025-05-27,Delivered,2025-05-29,2025-06-02,2025-06-02
8602209,252640,2024-07-23,Delivered,2024-07-26,2024-07-30,2024-07-30
8665025,526170,2024-03-09,Canceled,,,2024-03-12
9467245,559381,2025-12-07,Canceled,,,2025-12-13
6461994,753425,2024-10-05,Delivered,2024-10-07,2024-10-10,2024-10-10
5990522,579318,2024-08-04,Canceled,,,2024-08-06
6377681,632496,2025-07-14,Delivered,2025-07-15,2025-07-17,2025-07-17
9102883,666211,2024-12-14,Canceled,,,2024-12-18
7396386,844261,2025-04-13,Delivered,2025-04-15,2025-04-18,2025-04-18
8505542,931621,2025-07-17,Canceled,,,2025-07-23
6345356,692683,2024-04-25,Delivered,2024-04-27,2024-05-01,2024-05-02
5827569,140605,2025-04-20,Canceled,,,2025-04-23
6744018,962287,2026-04-06,Delivered,2026-04-08,2026-04-12,2026-04-12
6795867,341292,2024-06-10,Canceled,,,2024-06-15
7540866,204053,2024-02-29,Delivered,2024-03-02,2024-03-05,2024-03-05
8056989,550961,2025-04-18,Canceled,,,2025-04-20
9841096,348235,2026-01-30,Canceled,,,2026-02-03
7916048,141832,2024-03-15,Delivered,2024-03-17,2024-03-19,2024-03-19
9712025,308894,2024-02-23,Delivered,2024-02-25,2024-03-01,2024-03-01
6485487,544154,2024-03-30,Delivered,2024-04-01,2024-04-05,2024-04-05
8083034,870319,2024-08-15,Canceled,,,2024-08-18
8337524,769567,2026-02-27,Delivered,2026-03-01,2026-03-02,2026-03-02
7939850,694916,2024-01-31,Delivered,2024-02-02,2024-02-06,2024-02-06
8336663,321941,2025-09-07,Delivered,2025-09-10,2025-09-09,2025-09-09
6338981,777406,2026-02-19,Delivered,2026-02-21,2026-02-24,2026-02-24
5536298,927564,2024-02-13,Canceled,,,2024-02-18
9865841,758452,2024-09-07,Canceled,,,2024-09-12
6435270,423401,2025-05-09,Delivered,2025-05-12,2025-05-11,2025-05-11
7736100,960408,2024-08-02,Canceled,,,2024-08-07
5275797,816318,2025-04-13,Delivered,2025-04-15,2025-04-15,2025-04-16
9894460,490748,2026-01-08,Delivered,2026-01-11,2026-01-13,2026-01-13
9754834,923267,2025-09-27,Delivered,2025-09-30,2025-10-01,2025-10-01
7549679,571932,2025-07-11,Delivered,2025-07-13,2025-07-17,2025-07-17
7491328,391773,2025-11-21,Delivered,2025-11-22,2025-11-22,2025-11-23
5629860,989545,2024-01-15,Delivered,2024-01-17,2024-01-20,2024-01-18
7504432,549660,2026-02-18,Delivered,2026-02-19,2026-02-20,2026-02-20
9181366,813449,2025-03-15,Canceled,,,2025-03-17
8057476,156213,2024-12-24,Delivered,2024-12-27,2024-12-26,2024-12-26
6745171,908320,2025-07-06,Delivered,2025-07-09,2025-07-11,2025-07-11
8682534,133104,2024-09-03,Delivered,2024-09-04,2024-09-10,2024-09-10
8586916,983456,2024-10-30,Delivered,2024-11-02,2024-11-01,2024-11-02
6643916,725113,2024-02-09,Delivered,2024-02-12,2024-02-11,2024-02-12
8790410,446859,2025-01-13,Canceled,,,2025-01-20
9661055,745414,2025-02-08,Canceled,,,2025-02-15
6471145,145767,2024-09-10,Delivered,2024-09-12,2024-09-11,2024-09-12
7926368,788637,2024-05-13,Canceled,,,2024-05-17
8501583,765905,2025-06-03,Delivered,2025-06-06,2025-06-10,2025-06-10
7450411,486251,2025-05-15,Canceled,,,2025-05-19
9261846,540226,2025-08-30,Delivered,2025-09-02,2025-09-04,2025-09-04
7968676,282480,2024-06-23,Canceled,,,2024-06-30
9558349,871411,2026-03-31,Delivered,2026-04-03,2026-04-02,2026-04-02
8593769,874814,2024-06-03,Delivered,2024-06-04,2024-06-10,2024-06-10
7615011,893188,2025-09-18,Delivered,2025-09-21,2025-09-23,2025-09-23
9175093,434002,2024-07-29,Delivered,2024-07-30,2024-08-04,2024-08-03
8665552,899213,2025-12-06,Delivered,2025-12-08,2025-12-12,2025-12-12
8503864,431535,2024-11-22,Delivered,2024-11-23,2024-11-27,2024-11-27
9895230,815054,2025-07-19,Canceled,,,2025-07-21
8003977,101206,2025-03-02,Delivered,2025-03-05,2025-03-05,2025-03-04
7711686,899213,2024-04-22,Canceled,,,2024-04-24
9166302,321048,2024-07-27,Canceled,,,2024-08-01
9077707,427626,2024-03-10,Delivered,2024-03-13,2024-03-14,2024-03-14
5037543,351516,2024-10-21,Delivered,2024-10-23,2024-10-26,2024-10-27
7697414,933510,2025-03-14,Delivered,2025-03-17,2025-03-18,2025-03-18
5986596,880758,2025-12-27,Delivered,2025-12-29,2025-12-31,2025-12-31
9703799,787436,2025-10-12,Canceled,,,2025-10-15
8412767,118080,2024-10-12,Delivered,2024-10-14,2024-10-19,2024-10-19
8064831,549956,2024-07-26,Canceled,,,2024-08-02
5438363,528129,2025-10-25,Delivered,2025-10-26,2025-11-01,2025-11-01
8324504,838083,2024-04-01,Delivered,2024-04-02,2024-04-07,2024-04-07
8891971,392099,2024-07-22,Canceled,,,2024-07-28
9874370,127529,2026-04-30,Delivered,2026-05-01,2026-05-04,2026-05-04
8469177,972097,2025-08-09,Canceled,,,2025-08-15
7349235,985447,2025-02-24,Delivered,2025-02-26,2025-02-26,2025-02-26
7827882,672079,2024-05-03,Delivered,2024-05-06,2024-05-08,2024-05-08
5558853,626195,2024-12-10,Canceled,,,2024-12-14
5834124,176517,2024-04-06,Delivered,2024-04-08,2024-04-11,2024-04-10
8137810,983456,2024-08-31,Delivered,2024-09-02,2024-09-04,2024-09-04
9914865,444061,2026-03-31,Delivered,2026-04-02,2026-04-07,2026-04-07
5044002,144357,2025-11-20,Delivered,2025-11-23,2025-11-24,2025-11-25
7625762,838237,2025-11-01,Delivered,2025-11-02,2025-11-05,2025-11-05
6152162,831059,2025-12-01,Canceled,,,2025-12-06
7779794,916332,2025-11-05,Delivered,2025-11-08,2025-11-12,2025-11-12
8463070,443341,2024-07-11,Canceled,,,2024-07-13
9220136,813928,2024-02-11,Delivered,2024-02-12,2024-02-18,2024-02-18
8828292,584172,2025-07-06,Delivered,2025-07-09,2025-07-07,2025-07-08
5023303,617781,2025-03-11,Delivered,2025-03-13,2025-03-18,2025-03-18
7603879,880879,2025-09-09,Delivered,2025-09-12,2025-09-14,2025-09-14
6389922,197793,2024-05-21,Delivered,2024-05-22,2024-05-26,2024-05-26
8563071,496922,2025-12-19,Delivered,2025-12-20,2025-12-21,2025-12-21
7200671,817497,2025-11-26,Canceled,,,2025-12-03
8170088,793655,2025-06-23,Canceled,,,2025-06-26
9190270,658582,2026-04-28,Delivered,2026-04-29,2026-05-04,2026-05-04
7995655,525818,2026-04-10,Canceled,,,2026-04-13
5389116,355123,2025-11-16,Delivered,2025-11-18,2025-11-23,2025-11-23
9575640,915922,2026-02-17,Delivered,2026-02-18,2026-02-22,2026-02-22
5395184,842411,2024-04-03,Canceled,,,2024-04-09
7511584,238739,2024-02-12,Delivered,2024-02-15,2024-02-15,2024-02-16
8333872,551607,2024-07-07,Delivered,2024-07-09,2024-07-10,2024-07-11
8416109,232352,2024-12-04,Canceled,,,2024-12-11
5056438,332311,2024-02-02,Delivered,2024-02-04,2024-02-08,2024-02-08
8269379,805511,2024-12-04,Canceled,,,2024-12-06
6848614,786735,2025-05-11,Delivered,2025-05-14,2025-05-14,2025-05-14
9254853,174878,2024-02-23,Delivered,2024-02-24,2024-02-27,2024-02-27
6539646,975686,2025-10-30,Delivered,2025-11-02,2025-11-06,2025-11-06
9232310,127172,2025-04-06,Delivered,2025-04-09,2025-04-08,2025-04-08
8114527,404466,2024-11-28,Delivered,2024-11-29,2024-12-04,2024-12-04
5265605,559381,2026-02-23,Delivered,2026-02-25,2026-02-26,2026-02-26
7480935,246566,2024-12-20,Delivered,2024-12-21,2024-12-23,2024-12-23
5857405,575755,2025-09-15,Delivered,2025-09-17,2025-09-22,2025-09-22
8502493,857168,2024-06-27,Delivered,2024-06-30,2024-06-30,2024-06-30
6193023,728038,2024-11-05,Delivered,2024-11-06,2024-11-07,2024-11-07
8898068,109853,2024-12-04,Delivered,2024-12-06,2024-12-06,2024-12-07
7770252,640418,2024-01-17,Delivered,2024-01-20,2024-01-22,2024-01-22
5000488,915809,2024-03-15,Delivered,2024-03-17,2024-03-18,2024-03-18
6365336,918164,2025-05-18,Canceled,,,2025-05-25
5231549,239890,2025-08-16,Delivered,2025-08-17,2025-08-20,2025-08-20
6324575,528625,2025-11-20,Canceled,,,2025-11-27
6514271,949884,2024-09-26,Delivered,2024-09-27,2024-10-01,2024-10-01
7807078,544920,2024-01-13,Delivered,2024-01-14,2024-01-15,2024-01-15
6466171,380439,2026-05-09,Canceled,,,2026-05-16
5921941,899213,2026-01-08,Delivered,2026-01-09,2026-01-14,2026-01-15
6547217,822131,2025-05-14,Canceled,,,2025-05-19
6880835,132146,2025-05-07,Delivered,2025-05-09,2025-05-11,2025-05-11
9706659,666390,2024-10-24,Delivered,2024-10-25,2024-10-31,2024-10-31
5104913,663054,2024-12-25,Canceled,,,2024-12-31
6464300,375504,2024-10-31,Delivered,2024-11-02,2024-11-05,2024-11-05
9872528,807764,2026-03-10,Delivered,2026-03-11,2026-03-17,2026-03-17
7363132,875232,2025-06-03,Delivered,2025-06-05,2025-06-06,2025-06-06
7226793,845957,2026-01-29,Canceled,,,2026-01-31
8206585,964278,2024-07-28,Canceled,,,2024-07-31
6127554,947903,2025-05-07,Delivered,2025-05-09,2025-05-09,2025-05-09
9132306,807115,2024-03-02,Delivered,2024-03-04,2024-03-05,2024-03-05
8171172,835869,2025-01-18,Delivered,2025-01-19,2025-01-20,2025-01-20
7042466,599219,2024-08-29,Canceled,,,2024-09-04
7719434,940346,2026-02-11,Delivered,2026-02-14,2026-02-15,2026-02-15
5804668,854540,2025-10-02,Delivered,2025-10-04,2025-10-07,2025-10-07
7463267,862120,2024-12-25,Delivered,2024-12-27,2024-12-27,2024-12-27
9290730,372933,2024-09-30,Delivered,2024-10-01,2024-10-05,2024-10-05
8892612,504924,2024-06-21,Canceled,,,2024-06-24
7210863,397949,2024-07-10,Delivered,2024-07-11,2024-07-15,2024-07-15
9950213,245121,2025-09-15,Delivered,2025-09-17,2025-09-20,2025-09-20
8953480,388375,2025-10-13,Canceled,,,2025-10-15
5768484,404466,2024-05-13,Delivered,2024-05-16,2024-05-18,2024-05-19
7643373,177794,2026-02-01,Delivered,2026-02-03,2026-02-03,2026-02-03
5818267,865388,2026-01-03,Canceled,,,2026-01-07
6103552,505341,2024-03-24,Delivered,2024-03-27,2024-03-25,2024-03-26
7758225,634723,2025-08-05,Delivered,2025-08-06,2025-08-11,2025-08-11
7313565,157443,2025-12-20,Delivered,2025-12-21,2025-12-22,2025-12-22
8101292,233636,2025-08-12,Canceled,,,2025-08-16
9700183,561124,2025-03-04,Canceled,,,2025-03-10
7016616,835911,2025-08-04,Delivered,2025-08-07,2025-08-11,2025-08-11
9581747,509420,2026-01-28,Delivered,2026-01-31,2026-02-03,2026-02-03
7626872,561694,2026-02-15,Canceled,,,2026-02-17
6875726,239816,2024-08-03,Delivered,2024-08-06,2024-08-07,2024-08-06
6904639,189771,2025-08-30,Delivered,2025-09-02,2025-09-05,2025-09-05
7780795,299869,2024-11-01,Delivered,2024-11-03,2024-11-08,2024-11-08
9196173,236435,2024-04-19,Delivered,2024-04-21,2024-04-25,2024-04-25
7460321,350280,2026-01-24,Delivered,2026-01-27,2026-01-27,2026-01-27
9785537,688933,2024-04-05,Delivered,2024-04-06,2024-04-07,2024-04-08
5558184,821024,2024-03-03,Delivered,2024-03-05,2024-03-07,2024-03-07
8634424,584714,2024-06-18,Delivered,2024-06-19,2024-06-23,2024-06-23
9952547,597960,2026-02-09,Delivered,2026-02-12,2026-02-15,2026-02-15
7914605,132653,2025-11-29,Delivered,2025-12-02,2025-12-05,2025-12-05
6869323,416797,2025-05-30,Canceled,,,2025-06-06
7920725,745558,2024-07-06,Delivered,2024-07-07,2024-07-09,2024-07-09
7850009,239890,2026-02-27,Canceled,,,2026-03-03
6200852,772097,2024-06-05,Delivered,2024-06-07,2024-06-06,2024-06-07
6119630,553014,2024-06-25,Delivered,2024-06-27,2024-06-28,2024-06-29
9614778,547470,2024-03-26,Canceled,,,2024-03-28
8971846,216587,2025-03-21,Delivered,2025-03-23,2025-03-23,2025-03-24
7698558,961574,2026-03-18,Delivered,2026-03-20,2026-03-24,2026-03-22
5664107,223481,2025-06-23,Canceled,,,2025-06-27
6088417,679077,2024-11-04,Delivered,2024-11-06,2024-11-09,2024-11-09
5058840,734035,2024-01-08,Delivered,2024-01-09,2024-01-11,2024-01-11
9792763,658582,2024-05-15,Canceled,,,2024-05-20
5370456,654816,2024-08-29,Delivered,2024-08-30,2024-08-31,2024-08-31
5551488,155164,2025-08-23,Canceled,,,2025-08-28
9598698,558176,2026-02-21,Delivered,2026-02-23,2026-03-01,2026-02-28
5753420,820775,2024-11-29,Delivered,2024-12-02,2024-12-04,2024-12-04
9165275,561999,2024-09-07,Canceled,,,2024-09-12
7532758,755674,2025-05-12,Delivered,2025-05-13,2025-05-18,2025-05-18
9824839,656116,2025-08-15,Delivered,2025-08-18,2025-08-19,2025-08-19
8837891,219565,2024-01-09,Delivered,2024-01-10,2024-01-14,2024-01-14
7092353,856215,2026-03-05,Canceled,,,2026-03-11
5530749,811875,2024-11-13,Delivered,2024-11-14,2024-11-17,2024-11-17
6027607,781113,2024-03-12,Delivered,2024-03-13,2024-03-16,2024-03-14
5667398,426775,2025-06-24,Canceled,,,2025-07-01
7408627,566297,2025-07-28,Delivered,2025-07-29,2025-07-30,2025-07-31
8550665,656968,2025-12-28,Delivered,2025-12-30,2026-01-03,2026-01-04
7003338,589131,2024-04-15,Delivered,2024-04-16,2024-04-18,2024-04-18
6761190,173372,2024-01-13,Delivered,2024-01-16,2024-01-18,2024-01-18
8553671,865179,2024-01-09,Delivered,2024-01-12,2024-01-16,2024-01-16
5213537,540463,2026-03-07,Delivered,2026-03-08,2026-03-09,2026-03-10
9735629,772612,2024-02-22,Delivered,2024-02-23,2024-02-26,2024-02-26
9553204,303547,2024-04-02,Canceled,,,2024-04-06
5807812,420015,2025-07-21,Delivered,2025-07-23,2025-07-27,2025-07-28
5451295,962367,2025-01-11,Delivered,2025-01-12,2025-01-17,2025-01-17
7638291,736130,2025-05-03,Delivered,2025-05-04,2025-05-06,2025-05-06
5024522,392004,2024-05-03,Canceled,,,2024-05-05
7364194,718226,2024-09-01,Delivered,2024-09-03,2024-09-08,2024-09-08
7703036,813145,2025-07-15,Delivered,2025-07-17,2025-07-20,2025-07-18
8267433,809570,2025-01-06,Delivered,2025-01-09,2025-01-08,2025-01-08
5855560,176517,2024-03-11,Canceled,,,2024-03-17
8794034,344316,2025-07-07,Delivered,2025-07-08,2025-07-12,2025-07-12
7258136,172792,2024-03-12,Delivered,2024-03-13,2024-03-17,2024-03-16
5516706,448671,2025-02-02,Delivered,2025-02-05,2025-02-09,2025-02-09
5234869,577538,2025-01-28,Delivered,2025-01-30,2025-01-31,2025-01-31
8037918,265055,2025-12-02,Delivered,2025-12-04,2025-12-07,2025-12-07
9116724,415779,2025-01-07,Canceled,,,2025-01-09
8078823,535810,2025-01-08,Canceled,,,2025-01-15
9360587,507746,2025-04-06,Delivered,2025-04-08,2025-04-09,2025-04-09
6744300,198246,2025-11-06,Delivered,2025-11-08,2025-11-08,2025-11-08
7195509,906527,2024-10-14,Delivered,2024-10-17,2024-10-18,2024-10-19
7439884,195763,2025-04-23,Delivered,2025-04-26,2025-04-28,2025-04-27
7999859,301332,2025-09-05,Delivered,2025-09-07,2025-09-09,2025-09-09
7286331,757246,2024-08-17,Delivered,2024-08-18,2024-08-19,2024-08-20
6409536,494468,2025-12-24,Delivered,2025-12-26,2025-12-28,2025-12-28
5746686,889882,2024-01-03,Canceled,,,2024-01-10
5138232,163156,2025-12-13,Canceled,,,2025-12-17
7513962,265080,2024-01-05,Delivered,2024-01-08,2024-01-12,2024-01-12
6366584,926730,2025-01-29,Delivered,2025-01-30,2025-02-01,2025-02-01
5140052,302511,2025-06-03,Canceled,,,2025-06-10
9269167,213609,2024-02-25,Delivered,2024-02-26,2024-03-03,2024-03-03
7469674,361941,2026-02-13,Delivered,2026-02-16,2026-02-15,2026-02-15
5753335,335612,2025-03-15,Delivered,2025-03-17,2025-03-21,2025-03-21
9309004,399449,2024-05-28,Delivered,2024-05-30,2024-05-31,2024-05-31
6568393,770872,2025-11-20,Canceled,,,2025-11-26
9574671,745270,2025-09-28,Delivered,2025-09-29,2025-09-30,2025-09-30
8414716,206053,2025-07-02,Delivered,2025-07-04,2025-07-07,2025-07-06
7688866,233827,2024-11-03,Delivered,2024-11-05,2024-11-08,2024-11-08
7276948,540226,2024-09-25,Delivered,2024-09-28,2024-10-02,2024-10-02
9783804,640970,2024-07-03,Delivered,2024-07-05,2024-07-10,2024-07-10
5302328,579911,2024-03-01,Canceled,,,2024-03-07
8902498,386042,2024-03-25,Delivered,2024-03-26,2024-03-30,2024-03-31
9590160,117031,2026-03-13,Delivered,2026-03-14,2026-03-18,2026-03-18
8715657,938141,2024-06-11,Delivered,2024-06-12,2024-06-14,2024-06-14
6460191,238579,2025-02-25,Canceled,,,2025-03-02
7721529,954596,2025-06-13,Delivered,2025-06-14,2025-06-16,2025-06-16
7759433,844007,2025-08-17,Canceled,,,2025-08-22
5292169,108060,2024-11-26,Canceled,,,2024-12-03
8131175,973294,2025-04-10,Canceled,,,2025-04-17
7607450,993085,2025-01-14,Delivered,2025-01-17,2025-01-20,2025-01-21
6001857,587623,2025-04-05,Canceled,,,2025-04-12
7806782,207786,2025-11-07,Delivered,2025-11-10,2025-11-11,2025-11-11
6013320,363319,2024-04-22,Delivered,2024-04-23,2024-04-28,2024-04-28
5403966,734394,2025-05-07,Delivered,2025-05-10,2025-05-11,2025-05-11
9813095,968524,2025-06-15,Delivered,2025-06-16,2025-06-23,2025-06-21
6720182,211005,2025-03-30,Delivered,2025-04-02,2025-04-04,2025-04-04
8842046,656926,2024-08-10,Canceled,,,2024-08-17
8101017,528129,2025-07-04,Canceled,,,2025-07-08
8755935,930555,2025-03-31,Delivered,2025-04-02,2025-04-07,2025-04-07
8908045,748052,2026-02-24,Canceled,,,2026-03-03
5018683,642895,2024-08-04,Delivered,2024-08-06,2024-08-10,2024-08-09
8714574,163918,2025-06-15,Delivered,2025-06-16,2025-06-17,2025-06-18
9859192,207786,2024-03-08,Delivered,2024-03-09,2024-03-15,2024-03-15
8179901,541409,2025-02-12,Delivered,2025-02-15,2025-02-13,2025-02-14
5248555,301332,2024-05-16,Delivered,2024-05-18,2024-05-24,2024-05-23
8371573,811875,2026-04-24,Delivered,2026-04-27,2026-05-01,2026-05-01
5777423,795205,2024-06-07,Delivered,2024-06-10,2024-06-11,2024-06-12
8554801,813145,2025-10-06,Delivered,2025-10-07,2025-10-12,2025-10-13
9923784,677124,2026-01-28,Delivered,2026-01-31,2026-01-30,2026-01-30
7311855,434617,2026-03-10,Delivered,2026-03-13,2026-03-13,2026-03-14
5945775,486649,2025-09-06,Delivered,2025-09-07,2025-09-14,2025-09-13
6772130,282710,2024-09-02,Delivered,2024-09-03,2024-09-06,2024-09-06
8062264,591465,2025-11-30,Delivered,2025-12-01,2025-12-04,2025-12-04
5843692,764532,2024-03-24,Delivered,2024-03-25,2024-03-29,2024-03-30
6441460,789786,2024-09-18,Delivered,2024-09-20,2024-09-25,2024-09-25
9546417,898975,2024-09-14,Delivered,2024-09-17,2024-09-19,2024-09-18
7202464,955015,2025-07-08,Delivered,2025-07-09,2025-07-14,2025-07-12
9669124,421384,2024-02-27,Canceled,,,2024-03-05
6719494,201377,2025-09-10,Delivered,2025-09-12,2025-09-12,2025-09-12
8186641,517821,2024-03-11,Delivered,2024-03-12,2024-03-14,2024-03-14
7627041,142185,2025-12-10,Delivered,2025-12-11,2025-12-14,2025-12-14
8020151,629057,2024-11-06,Delivered,2024-11-07,2024-11-13,2024-11-13
9932228,919182,2024-07-11,Delivered,2024-07-13,2024-07-16,2024-07-17
8057569,517568,2024-09-09,Delivered,2024-09-10,2024-09-11,2024-09-12
9513871,565230,2024-01-12,Canceled,,,2024-01-17
6343185,145561,2025-10-24,Delivered,2025-10-26,2025-10-30,2025-10-28
9063257,108105,2026-05-02,Canceled,,,2026-05-07
8884111,915451,2024-10-25,Delivered,2024-10-26,2024-10-28,2024-10-28
5516642,587282,2025-09-19,Delivered,2025-09-21,2025-09-24,2025-09-24
8432851,374492,2024-02-17,Delivered,2024-02-19,2024-02-20,2024-02-20
9890778,428930,2024-06-26,Delivered,2024-06-27,2024-06-29,2024-06-29
6102261,539122,2024-03-12,Canceled,,,2024-03-19
6144746,379766,2025-04-13,Delivered,2025-04-15,2025-04-19,2025-04-20
8488468,749342,2024-03-22,Delivered,2024-03-24,2024-03-27,2024-03-27
5926263,806537,2024-02-06,Delivered,2024-02-09,2024-02-09,2024-02-09
8142275,393243,2025-09-28,Canceled,,,2025-09-30
8260343,425346,2025-09-28,Delivered,2025-10-01,2025-09-30,2025-09-30
9725754,488528,2026-02-09,Canceled,,,2026-02-11
7112481,380150,2025-05-07,Delivered,2025-05-08,2025-05-09,2025-05-09
5240110,875232,2025-11-19,Delivered,2025-11-22,2025-11-21,2025-11-21
8648724,821466,2024-02-05,Delivered,2024-02-07,2024-02-08,2024-02-08
5174853,557058,2024-04-29,Delivered,2024-05-01,2024-05-05,2024-05-05
9393266,260053,2026-04-28,Canceled,,,2026-04-30
6494015,994787,2025-04-28,Canceled,,,2025-05-05
9171914,177103,2024-07-06,Delivered,2024-07-08,2024-07-12,2024-07-13
8562787,540226,2024-04-02,Delivered,2024-04-04,2024-04-06,2024-04-07
6043695,380464,2025-07-09,Canceled,,,2025-07-13
5163050,392683,2025-11-16,Canceled,,,2025-11-23
5090339,612262,2025-11-11,Delivered,2025-11-14,2025-11-18,2025-11-18
6423625,739979,2024-11-27,Canceled,,,2024-12-03
6890087,962287,2025-01-31,Delivered,2025-02-01,2025-02-07,2025-02-07
7970559,386042,2024-06-12,Delivered,2024-06-15,2024-06-15,2024-06-15
5645566,936587,2026-04-19,Delivered,2026-04-20,2026-04-25,2026-04-25
6153484,870763,2026-04-02,Delivered,2026-04-04,2026-04-08,2026-04-08
5227543,596756,2024-03-19,Delivered,2024-03-21,2024-03-25,2024-03-26
7171161,406039,2025-12-25,Canceled,,,2025-12-28
8065530,972565,2024-12-25,Delivered,2024-12-28,2024-12-28,2024-12-28
9918718,265055,2024-04-30,Delivered,2024-05-01,2024-05-07,2024-05-07
8219047,683783,2025-12-04,Canceled,,,2025-12-11
9895067,629903,2024-02-23,Canceled,,,2024-03-01
5920046,958179,2026-03-20,Delivered,2026-03-21,2026-03-24,2026-03-24
7804544,980660,2025-06-25,Delivered,2025-06-28,2025-06-30,2025-07-01
8937082,505785,2025-11-02,Delivered,2025-11-05,2025-11-07,2025-11-06
6723815,974224,2025-04-30,Delivered,2025-05-01,2025-05-02,2025-05-02
7188764,261859,2024-02-10,Delivered,2024-02-13,2024-02-13,2024-02-13
7192395,835392,2025-08-24,Delivered,2025-08-25,2025-08-29,2025-08-29
6633032,134985,2025-06-09,Delivered,2025-06-10,2025-06-16,2025-06-16
9718333,252640,2025-04-18,Canceled,,,2025-04-23
7903203,717476,2024-02-23,Canceled,,,2024-02-27
8549400,130353,2024-10-16,Delivered,2024-10-17,2024-10-22,2024-10-22
6681396,440802,2026-02-16,Delivered,2026-02-17,2026-02-25,2026-02-23
6715617,196781,2025-05-07,Canceled,,,2025-05-12
8998477,129556,2026-05-13,Delivered,2026-05-14,2026-05-17,2026-05-17
8007524,207581,2025-01-27,Delivered,2025-01-28,2025-02-01,2025-02-01
9757084,932250,2024-02-14,Delivered,2024-02-15,2024-02-20,2024-02-18
9294257,904624,2024-08-08,Delivered,2024-08-11,2024-08-13,2024-08-13
7252941,452713,2025-07-24,Delivered,2025-07-27,2025-07-26,2025-07-26
9968209,230192,2024-10-31,Delivered,2024-11-01,2024-11-02,2024-11-02
5713219,738720,2024-11-19,Delivered,2024-11-20,2024-11-26,2024-11-26
7036270,271720,2026-03-05,Delivered,2026-03-07,2026-03-09,2026-03-09
9534982,986438,2025-04-15,Delivered,2025-04-18,2025-04-18,2025-04-18
8972445,410016,2026-02-23,Delivered,2026-02-26,2026-02-27,2026-02-28
9435426,520884,2025-05-22,Canceled,,,2025-05-28
9177630,808011,2025-09-07,Delivered,2025-09-08,2025-09-11,2025-09-11
5022804,946567,2025-07-01,Delivered,2025-07-02,2025-07-03,2025-07-03
5947897,358607,2025-02-10,Delivered,2025-02-11,2025-02-12,2025-02-12
9707367,934692,2024-11-18,Delivered,2024-11-20,2024-11-20,2024-11-20
9327392,829168,2024-05-07,Delivered,2024-05-10,2024-05-09,2024-05-09
5742955,455007,2025-03-15,Canceled,,,2025-03-17
5733217,795612,2025-11-06,Canceled,,,2025-11-12
6006516,368690,2024-03-01,Canceled,,,2024-03-04
6933396,734534,2024-08-18,Delivered,2024-08-21,2024-08-20,2024-08-20
6959992,621691,2025-09-06,Delivered,2025-09-07,2025-09-08,2025-09-08
8969930,859782,2025-09-28,Delivered,2025-10-01,2025-09-30,2025-09-30
7733008,779514,2025-09-09,Delivered,2025-09-10,2025-09-11,2025-09-11
6340801,267753,2025-01-26,Delivered,2025-01-27,2025-01-28,2025-01-28
6748714,238739,2025-04-18,Delivered,2025-04-20,2025-04-24,2025-04-24
6694807,721946,2026-05-07,Delivered,2026-05-09,2026-05-14,2026-05-14
5786533,127121,2024-09-20,Canceled,,,2024-09-26
7230945,114594,2024-01-12,Canceled,,,2024-01-19
6972401,422554,2024-04-25,Delivered,2024-04-26,2024-05-01,2024-05-01
6396071,704238,2024-02-06,Delivered,2024-02-08,2024-02-08,2024-02-09
7310937,523956,2026-01-14,Delivered,2026-01-17,2026-01-17,2026-01-17
5683987,874524,2024-08-02,Delivered,2024-08-05,2024-08-04,2024-08-05
8709208,385470,2025-01-17,Delivered,2025-01-19,2025-01-22,2025-01-22
5104455,682789,2024-11-29,Canceled,,,2024-12-02
8903316,156213,2025-04-21,Delivered,2025-04-22,2025-04-25,2025-04-25
5824475,490748,2024-05-15,Delivered,2024-05-17,2024-05-16,2024-05-17
6212585,853252,2025-07-10,Canceled,,,2025-07-13
9107667,916449,2024-02-17,Canceled,,,2024-02-23
9221348,315173,2025-02-15,Delivered,2025-02-18,2025-02-20,2025-02-20
9069818,194689,2026-01-15,Canceled,,,2026-01-21
8491839,223481,2026-03-11,Canceled,,,2026-03-13
7013176,546815,2024-07-13,Delivered,2024-07-16,2024-07-19,2024-07-19
7060957,115474,2024-09-17,Delivered,2024-09-19,2024-09-23,2024-09-23
9277271,974224,2024-05-14,Delivered,2024-05-17,2024-05-16,2024-05-16
9071101,836833,2025-12-21,Canceled,,,2025-12-24
5343390,179688,2024-05-13,Delivered,2024-05-14,2024-05-18,2024-05-18
9300604,415779,2025-01-19,Delivered,2025-01-22,2025-01-24,2025-01-24
5575390,559022,2026-03-02,Delivered,2026-03-04,2026-03-08,2026-03-07
6610461,800005,2026-04-13,Delivered,2026-04-16,2026-04-18,2026-04-18
6444277,363319,2024-03-08,Canceled,,,2024-03-12
6448519,264136,2024-01-09,Delivered,2024-01-10,2024-01-12,2024-01-12
5423722,283573,2024-03-19,Delivered,2024-03-22,2024-03-27,2024-03-26
9257136,148225,2025-07-25,Delivered,2025-07-26,2025-07-27,2025-07-27
6188790,920652,2024-07-28,Delivered,2024-07-31,2024-08-02,2024-08-01
6518752,206851,2024-01-11,Delivered,2024-01-12,2024-01-17,2024-01-18
5454478,282547,2025-11-17,Delivered,2025-11-19,2025-11-23,2025-11-21
7560513,684384,2025-07-08,Delivered,2025-07-10,2025-07-16,2025-07-15
7364962,454508,2024-07-07,Delivered,2024-07-08,2024-07-11,2024-07-11
9354184,248766,2024-03-05,Canceled,,,2024-03-11
7464072,201883,2024-11-04,Delivered,2024-11-06,2024-11-09,2024-11-09
7006745,396451,2024-01-29,Delivered,2024-01-31,2024-02-05,2024-02-04
7668056,793300,2024-07-21,Delivered,2024-07-24,2024-07-25,2024-07-25
5941331,290305,2025-11-26,Delivered,2025-11-29,2025-12-03,2025-12-03
9117200,451470,2025-09-02,Delivered,2025-09-04,2025-09-09,2025-09-09
9319354,651613,2025-10-22,Delivered,2025-10-24,2025-10-25,2025-10-25
9712571,360222,2025-02-20,Delivered,2025-02-22,2025-02-27,2025-02-27
5822869,702733,2024-02-22,Delivered,2024-02-23,2024-02-29,2024-02-29
8484492,864544,2025-08-18,Delivered,2025-08-19,2025-08-22,2025-08-22
7142543,736059,2026-04-01,Delivered,2026-04-03,2026-04-03,2026-04-03
9916806,110644,2024-09-04,Delivered,2024-09-05,2024-09-11,2024-09-11
7963339,761532,2024-03-22,Delivered,2024-03-25,2024-03-25,2024-03-25
8991391,735770,2026-04-15,Delivered,2026-04-16,2026-04-19,2026-04-19
5934568,679364,2026-04-26,Delivered,2026-04-28,2026-04-30,2026-04-30
5288469,713799,2024-07-06,Delivered,2024-07-09,2024-07-12,2024-07-12
7440339,350405,2024-06-10,Delivered,2024-06-11,2024-06-16,2024-06-16
6184732,131244,2026-02-15,Delivered,2026-02-16,2026-02-18,2026-02-18
7858080,899213,2024-08-15,Delivered,2024-08-18,2024-08-17,2024-08-17
9959378,127941,2025-03-21,Delivered,2025-03-24,2025-03-27,2025-03-27
5143087,314353,2025-07-19,Delivered,2025-07-21,2025-07-21,2025-07-22
5124651,976638,2024-02-10,Canceled,,,2024-02-13
6563449,904214,2024-12-10,Delivered,2024-12-13,2024-12-12,2024-12-12
9288343,560959,2024-07-06,Delivered,2024-07-09,2024-07-11,2024-07-11
7471754,435239,2024-11-07,Delivered,2024-11-10,2024-11-09,2024-11-09
6376256,802729,2024-06-01,Delivered,2024-06-02,2024-06-03,2024-06-04
6116617,429657,2024-12-13,Delivered,2024-12-16,2024-12-19,2024-12-19
7306812,153872,2026-04-26,Delivered,2026-04-27,2026-05-01,2026-05-01
5817866,703655,2024-08-13,Canceled,,,2024-08-17
9182251,252640,2024-06-21,Canceled,,,2024-06-23
5366686,341736,2025-07-10,Delivered,2025-07-11,2025-07-14,2025-07-14
6043566,746447,2025-11-10,Canceled,,,2025-11-13
9522928,606404,2026-02-18,Delivered,2026-02-21,2026-02-24,2026-02-24
6871912,445824,2026-02-16,Delivered,2026-02-17,2026-02-20,2026-02-20
5802605,823108,2026-03-19,Delivered,2026-03-20,2026-03-25,2026-03-25
7001172,769989,2026-05-10,Delivered,2026-05-13,2026-05-15,2026-05-15
9147531,783501,2024-01-15,Canceled,,,2024-01-17
9128826,742848,2024-09-10,Canceled,,,2024-09-17
7313329,348235,2025-05-12,Delivered,2025-05-14,2025-05-17,2025-05-17
6758358,978157,2025-02-02,Delivered,2025-02-05,2025-02-04,2025-02-04
7159602,753064,2024-12-19,Delivered,2024-12-22,2024-12-24,2024-12-24
5292897,486945,2024-07-24,Canceled,,,2024-07-28
6880432,462479,2026-01-04,Delivered,2026-01-05,2026-01-06,2026-01-06
5497266,686075,2024-11-04,Delivered,2024-11-05,2024-11-09,2024-11-10
7863815,462147,2024-01-18,Delivered,2024-01-19,2024-01-21,2024-01-21
8967753,703139,2024-10-17,Delivered,2024-10-19,2024-10-19,2024-10-19
9814836,208699,2024-06-20,Delivered,2024-06-22,2024-06-24,2024-06-24
6430816,540869,2024-06-05,Delivered,2024-06-06,2024-06-09,2024-06-10
7785802,368690,2024-01-23,Delivered,2024-01-24,2024-01-26,2024-01-26
5762365,819425,2024-08-25,Canceled,,,2024-08-28
9177654,528184,2025-10-06,Delivered,2025-10-09,2025-10-10,2025-10-10
6872598,572700,2025-01-09,Delivered,2025-01-10,2025-01-12,2025-01-12
6870362,992288,2025-11-28,Delivered,2025-12-01,2025-11-30,2025-11-30
7063001,238579,2026-03-25,Canceled,,,2026-03-31
7914403,240814,2026-01-21,Delivered,2026-01-24,2026-01-28,2026-01-28
9366738,395023,2025-03-02,Delivered,2025-03-05,2025-03-08,2025-03-08
5966524,528231,2024-08-22,Delivered,2024-08-24,2024-08-27,2024-08-27
6951544,149405,2025-09-27,Canceled,,,2025-10-01
8426794,870899,2025-06-01,Delivered,2025-06-04,2025-06-03,2025-06-03
9201295,596564,2025-12-13,Delivered,2025-12-16,2025-12-20,2025-12-20
6369794,249145,2025-02-14,Delivered,2025-02-15,2025-02-18,2025-02-18
6361080,894993,2025-07-31,Delivered,2025-08-01,2025-08-03,2025-08-03
5393232,897441,2024-01-23,Canceled,,,2024-01-25
5685329,617781,2024-12-27,Delivered,2024-12-29,2025-01-03,2025-01-03
7807436,832409,2024-01-31,Delivered,2024-02-01,2024-02-06,2024-02-06
6308267,660081,2025-03-24,Canceled,,,2025-03-30
9081126,530816,2025-06-06,Canceled,,,2025-06-12
8510263,823378,2024-11-17,Delivered,2024-11-19,2024-11-21,2024-11-21
9639198,976325,2025-10-17,Delivered,2025-10-20,2025-10-19,2025-10-19
8087153,197966,2024-07-06,Delivered,2024-07-09,2024-07-09,2024-07-10
7413844,582446,2024-03-18,Canceled,,,2024-03-23
8389372,958179,2024-12-07,Delivered,2024-12-08,2024-12-14,2024-12-12
6473753,129751,2024-10-15,Delivered,2024-10-17,2024-10-21,2024-10-21
5682272,561239,2024-07-22,Delivered,2024-07-25,2024-07-27,2024-07-27
5775221,910004,2025-12-18,Delivered,2025-12-19,2025-12-24,2025-12-25
8232762,761820,2025-04-20,Delivered,2025-04-21,2025-04-25,2025-04-25
8788995,344316,2024-02-22,Delivered,2024-02-24,2024-02-27,2024-02-27
5072910,163156,2024-11-24,Delivered,2024-11-25,2024-11-29,2024-11-29
5449147,778748,2025-08-14,Delivered,2025-08-15,2025-08-18,2025-08-16
8498570,245121,2024-04-07,Delivered,2024-04-08,2024-04-14,2024-04-14
6376811,308894,2025-08-29,Delivered,2025-08-31,2025-09-01,2025-09-01
5365379,974244,2025-06-11,Canceled,,,2025-06-13
9313058,498676,2024-04-22,Canceled,,,2024-04-25
6148430,289222,2025-11-30,Delivered,2025-12-03,2025-12-06,2025-12-07
5887258,201639,2024-03-13,Canceled,,,2024-03-19
6113326,290556,2025-02-25,Delivered,2025-02-28,2025-02-28,2025-02-28
7246704,744986,2024-01-15,Delivered,2024-01-17,2024-01-19,2024-01-19
5082692,131757,2026-04-25,Delivered,2026-04-26,2026-05-01,2026-05-01
8834108,988324,2024-08-18,Delivered,2024-08-21,2024-08-22,2024-08-22
8166630,926403,2024-02-15,Delivered,2024-02-16,2024-02-22,2024-02-22
8629815,807764,2025-10-13,Delivered,2025-10-14,2025-10-16,2025-10-16
7386376,544611,2025-09-12,Delivered,2025-09-15,2025-09-18,2025-09-18
7834092,550961,2025-12-01,Canceled,,,2025-12-05
6787482,937665,2024-10-11,Delivered,2024-10-13,2024-10-16,2024-10-17
8262108,324082,2024-01-25,Canceled,,,2024-01-28
6278136,908554,2024-02-26,Delivered,2024-02-29,2024-02-29,2024-02-29
9823781,598369,2025-09-20,Delivered,2025-09-23,2025-09-26,2025-09-26
6072644,572387,2024-03-01,Canceled,,,2024-03-04
5975355,534303,2024-12-28,Delivered,2024-12-30,2025-01-03,2025-01-03
7057213,528184,2024-07-13,Delivered,2024-07-15,2024-07-15,2024-07-15
7790850,449247,2024-02-21,Canceled,,,2024-02-27
5367649,414527,2024-07-09,Delivered,2024-07-11,2024-07-11,2024-07-11
5842307,840734,2024-08-07,Delivered,2024-08-08,2024-08-11,2024-08-11
5879736,461551,2024-07-30,Delivered,2024-07-31,2024-08-05,2024-08-05
7011768,813928,2026-04-22,Canceled,,,2026-04-26
7272163,380028,2024-06-02,Delivered,2024-06-04,2024-06-04,2024-06-05
7149888,757937,2025-01-20,Delivered,2025-01-22,2025-01-22,2025-01-22
8162306,678043,2025-07-17,Delivered,2025-07-20,2025-07-19,2025-07-19
9544683,992697,2025-06-21,Canceled,,,2025-06-24
9865117,861319,2024-01-08,Delivered,2024-01-09,2024-01-10,2024-01-10
7736560,238579,2026-03-23,Delivered,2026-03-24,2026-03-25,2026-03-25
5226983,246570,2025-07-31,Canceled,,,2025-08-03
9948445,964278,2025-09-15,Delivered,2025-09-16,2025-09-18,2025-09-18
6112200,597732,2025-10-20,Canceled,,,2025-10-25
9726308,400009,2024-01-17,Canceled,,,2024-01-19
5693063,721946,2024-08-11,Delivered,2024-08-14,2024-08-15,2024-08-15
9417786,935457,2024-12-30,Delivered,2025-01-02,2025-01-03,2025-01-03
7393283,396451,2024-09-19,Delivered,2024-09-21,2024-09-21,2024-09-21
9267572,437758,2025-08-06,Delivered,2025-08-09,2025-08-12,2025-08-12
9911156,404309,2026-02-15,Canceled,,,2026-02-19
9978435,403507,2026-04-17,Delivered,2026-04-19,2026-04-19,2026-04-19
7152322,673149,2024-01-16,Delivered,2024-01-19,2024-01-20,2024-01-20
7986106,145814,2024-02-20,Canceled,,,2024-02-24
7278143,556839,2024-11-04,Canceled,,,2024-11-10
9898524,775981,2026-01-30,Delivered,2026-02-01,2026-02-05,2026-02-05
7332080,824156,2024-11-03,Delivered,2024-11-05,2024-11-09,2024-11-10
9981147,598733,2025-05-28,Canceled,,,2025-06-02
8684091,616554,2025-02-16,Delivered,2025-02-18,2025-02-23,2025-02-23
6181114,899929,2025-06-24,Canceled,,,2025-06-26
7951118,395023,2026-05-14,Confirmed,,,2026-05-19
7472484,230889,2024-10-02,Delivered,2024-10-04,2024-10-03,2024-10-04
8910724,337547,2024-04-03,Delivered,2024-04-06,2024-04-06,2024-04-06
6230837,609597,2024-07-13,Delivered,2024-07-14,2024-07-16,2024-07-17
5461910,854639,2025-03-18,Canceled,,,2025-03-23
7423002,117233,2026-03-30,Delivered,2026-04-02,2026-04-02,2026-04-02
9106188,856215,2024-07-19,Delivered,2024-07-22,2024-07-25,2024-07-25
7103076,236306,2026-01-21,Delivered,2026-01-24,2026-01-25,2026-01-25
7572238,571579,2024-01-30,Canceled,,,2024-02-04
6053185,260295,2024-11-26,Delivered,2024-11-29,2024-12-01,2024-12-01
5903961,970813,2026-03-27,Delivered,2026-03-30,2026-03-31,2026-03-31
8756152,457806,2025-07-02,Canceled,,,2025-07-07
8025939,129556,2025-01-06,Delivered,2025-01-08,2025-01-10,2025-01-10
8455484,182760,2024-11-22,Delivered,2024-11-24,2024-11-27,2024-11-27
6937202,659392,2024-10-29,Delivered,2024-11-01,2024-11-01,2024-11-01
9773180,442722,2024-06-14,Delivered,2024-06-17,2024-06-17,2024-06-17
7156969,528361,2026-01-31,Delivered,2026-02-01,2026-02-05,2026-02-05
9922438,206851,2024-01-12,Delivered,2024-01-14,2024-01-16,2024-01-16
5015900,776856,2024-07-10,Delivered,2024-07-11,2024-07-13,2024-07-13
7205195,335615,2024-05-14,Delivered,2024-05-17,2024-05-18,2024-05-18
8223529,391476,2025-10-14,Delivered,2025-10-15,2025-10-18,2025-10-18
7731015,874483,2025-05-14,Delivered,2025-05-16,2025-05-21,2025-05-21
5846336,860557,2024-12-01,Delivered,2024-12-04,2024-12-09,2024-12-07
7378184,669408,2024-07-15,Delivered,2024-07-17,2024-07-20,2024-07-20
7525446,791201,2025-12-07,Delivered,2025-12-09,2025-12-11,2025-12-12
7169255,993085,2024-01-27,Delivered,2024-01-28,2024-02-03,2024-02-03
7559880,295892,2024-04-22,Delivered,2024-04-23,2024-04-28,2024-04-28
8528622,150068,2024-08-11,Delivered,2024-08-13,2024-08-12,2024-08-13
8045943,327823,2025-08-05,Delivered,2025-08-08,2025-08-10,2025-08-10
9068396,489244,2024-02-06,Delivered,2024-02-08,2024-02-15,2024-02-13
7595961,696750,2026-02-17,Delivered,2026-02-20,2026-02-24,2026-02-24
9335328,568238,2024-07-25,Delivered,2024-07-28,2024-07-27,2024-07-27
5572277,879238,2026-05-07,Canceled,,,2026-05-12
7452898,549245,2025-02-26,Delivered,2025-03-01,2025-02-28,2025-03-01
7669266,577538,2025-03-13,Delivered,2025-03-14,2025-03-18,2025-03-19
6342605,243139,2024-01-27,Delivered,2024-01-28,2024-02-02,2024-02-03
7659808,611945,2024-03-20,Delivered,2024-03-21,2024-03-23,2024-03-23
6129362,272655,2026-03-20,Delivered,2026-03-23,2026-03-26,2026-03-26
9291765,221761,2026-04-10,Delivered,2026-04-11,2026-04-13,2026-04-13
9284962,843167,2024-10-16,Delivered,2024-10-17,2024-10-23,2024-10-23
9480703,821590,2024-10-28,Canceled,,,2024-11-01
8304303,206851,2025-01-16,Delivered,2025-01-17,2025-01-19,2025-01-20
7499729,490084,2025-02-15,Delivered,2025-02-18,2025-02-17,2025-02-18
8178499,943776,2025-09-15,Delivered,2025-09-16,2025-09-22,2025-09-22
7667593,768636,2024-03-09,Delivered,2024-03-11,2024-03-16,2024-03-15
5144069,383060,2024-01-08,Delivered,2024-01-10,2024-01-13,2024-01-14
9699793,237414,2025-04-24,Canceled,,,2025-05-01
6923822,479052,2024-01-30,Delivered,2024-02-02,2024-02-05,2024-02-05
5208771,901535,2025-06-22,Delivered,2025-06-25,2025-06-27,2025-06-27
7097170,194689,2025-10-23,Delivered,2025-10-25,2025-10-28,2025-10-28
6998420,859782,2024-12-10,Canceled,,,2024-12-15
5689663,321494,2025-06-15,Delivered,2025-06-18,2025-06-23,2025-06-22
8990119,476096,2025-02-10,Canceled,,,2025-02-12
9681726,560767,2024-06-07,Delivered,2024-06-10,2024-06-16,2024-06-14
7464119,108574,2025-05-16,Delivered,2025-05-19,2025-05-23,2025-05-23
6302377,861319,2024-12-19,Canceled,,,2024-12-23
5641231,885884,2025-04-05,Delivered,2025-04-06,2025-04-08,2025-04-08
6993095,940181,2024-12-09,Delivered,2024-12-11,2024-12-13,2024-12-13
9999209,397571,2024-03-17,Delivered,2024-03-18,2024-03-20,2024-03-20
5821393,440140,2026-03-18,Delivered,2026-03-20,2026-03-24,2026-03-24
6877452,892495,2026-03-13,Delivered,2026-03-14,2026-03-16,2026-03-16
8664698,656116,2025-12-03,Delivered,2025-12-04,2025-12-07,2025-12-07
9188011,416869,2024-10-08,Delivered,2024-10-10,2024-10-12,2024-10-13
7854080,237377,2025-02-03,Delivered,2025-02-06,2025-02-05,2025-02-05
7186344,519453,2026-01-07,Delivered,2026-01-09,2026-01-14,2026-01-14
9420244,712451,2024-04-20,Delivered,2024-04-21,2024-04-24,2024-04-24
6835334,516359,2026-01-12,Delivered,2026-01-13,2026-01-15,2026-01-15
6800660,994141,2026-01-15,Delivered,2026-01-17,2026-01-19,2026-01-19
9090924,902325,2024-10-13,Delivered,2024-10-16,2024-10-15,2024-10-15
9067583,774020,2024-07-01,Delivered,2024-07-04,2024-07-04,2024-07-04
9057676,975271,2026-04-13,Delivered,2026-04-15,2026-04-18,2026-04-18
6111547,733052,2024-04-11,Delivered,2024-04-13,2024-04-17,2024-04-17
8701880,424308,2025-04-06,Delivered,2025-04-09,2025-04-12,2025-04-12
6023258,801364,2024-05-14,Canceled,,,2024-05-17
8037089,249811,2024-07-18,Canceled,,,2024-07-20
7108553,955015,2025-11-01,Delivered,2025-11-02,2025-11-08,2025-11-07
6271803,600149,2024-05-04,Delivered,2024-05-06,2024-05-07,2024-05-07
6369267,874661,2025-09-13,Delivered,2025-09-16,2025-09-20,2025-09-20
7159107,707727,2026-05-08,Delivered,2026-05-10,2026-05-11,2026-05-11
5969602,708158,2026-01-07,Canceled,,,2026-01-09
6377141,650121,2024-12-25,Delivered,2024-12-26,2024-12-27,2024-12-28
7662016,408036,2024-03-30,Canceled,,,2024-04-06
5012582,523956,2024-10-30,Delivered,2024-11-01,2024-11-02,2024-11-02
6707605,483629,2024-05-02,Delivered,2024-05-03,2024-05-08,2024-05-08
9421260,462831,2024-06-24,Canceled,,,2024-06-28
6766336,545790,2025-05-17,Delivered,2025-05-18,2025-05-20,2025-05-20
7307323,490748,2024-01-30,Canceled,,,2024-02-01
5821590,903035,2026-01-16,Delivered,2026-01-18,2026-01-22,2026-01-20
6560599,949153,2025-01-13,Delivered,2025-01-14,2025-01-16,2025-01-16
7415683,290305,2026-03-04,Canceled,,,2026-03-11
8982967,234913,2024-09-30,Delivered,2024-10-02,2024-10-06,2024-10-06
6152968,711680,2024-07-13,Delivered,2024-07-16,2024-07-17,2024-07-18
6513536,468154,2025-07-20,Delivered,2025-07-21,2025-07-23,2025-07-23
6925872,128276,2024-10-24,Delivered,2024-10-27,2024-11-01,2024-10-30
8819425,603787,2025-11-01,Canceled,,,2025-11-07
6226734,676510,2024-11-20,Delivered,2024-11-23,2024-11-26,2024-11-26
5365466,830180,2025-02-16,Delivered,2025-02-18,2025-02-21,2025-02-21
8729133,476096,2025-11-12,Delivered,2025-11-14,2025-11-19,2025-11-19
7495797,864544,2025-02-12,Delivered,2025-02-14,2025-02-17,2025-02-17
5577464,177060,2025-12-29,Delivered,2025-12-31,2026-01-01,2026-01-01
9051836,836833,2026-04-29,Delivered,2026-04-30,2026-05-01,2026-05-02
7898577,903531,2024-05-02,Canceled,,,2024-05-04
6816424,169403,2024-02-12,Delivered,2024-02-13,2024-02-18,2024-02-18
9005621,592738,2024-04-20,Delivered,2024-04-22,2024-04-21,2024-04-22
5413532,297816,2024-02-04,Delivered,2024-02-05,2024-02-06,2024-02-06
5435853,932291,2025-05-23,Canceled,,,2025-05-26
8603718,802258,2025-05-02,Delivered,2025-05-03,2025-05-07,2025-05-08
6981456,498858,2024-04-30,Canceled,,,2024-05-07
6352201,676566,2024-01-04,Delivered,2024-01-07,2024-01-06,2024-01-06
6969149,446239,2024-09-04,Canceled,,,2024-09-06
9997603,122056,2025-10-05,Delivered,2025-10-07,2025-10-10,2025-10-10
9672840,227253,2024-08-20,Delivered,2024-08-21,2024-08-25,2024-08-25
9660146,786041,2025-08-15,Delivered,2025-08-16,2025-08-21,2025-08-21
9106708,973294,2026-04-30,Canceled,,,2026-05-05
8825604,168093,2024-04-24,Canceled,,,2024-05-01
6759403,204555,2025-05-22,Canceled,,,2025-05-27
6896781,762055,2026-02-04,Delivered,2026-02-05,2026-02-06,2026-02-06
8127478,504832,2026-04-28,Delivered,2026-05-01,2026-05-03,2026-05-03
6336301,190403,2025-07-15,Delivered,2025-07-16,2025-07-21,2025-07-21
5813448,533321,2026-02-19,Delivered,2026-02-20,2026-02-26,2026-02-26
5005394,474314,2024-05-19,Delivered,2024-05-21,2024-05-23,2024-05-23
9454165,769975,2026-01-20,Canceled,,,2026-01-24
7864467,182804,2024-12-28,Delivered,2024-12-31,2025-01-03,2025-01-03
9441293,177680,2025-07-26,Delivered,2025-07-27,2025-07-29,2025-07-30
6587038,486814,2024-12-03,Delivered,2024-12-05,2024-12-08,2024-12-08
8859092,407618,2025-03-07,Canceled,,,2025-03-10
8067766,623481,2024-04-21,Delivered,2024-04-22,2024-04-25,2024-04-25
7989514,415779,2024-10-03,Delivered,2024-10-06,2024-10-10,2024-10-10
9580789,670913,2026-04-29,Delivered,2026-05-02,2026-05-01,2026-05-02
6503452,980660,2024-03-21,Delivered,2024-03-24,2024-03-25,2024-03-26
8481757,161483,2024-04-21,Canceled,,,2024-04-27
6898895,259097,2025-01-14,Delivered,2025-01-15,2025-01-19,2025-01-19
6334771,931621,2024-11-01,Delivered,2024-11-03,2024-11-07,2024-11-07
5734920,515032,2026-02-03,Canceled,,,2026-02-08
9424553,214928,2024-03-05,Delivered,2024-03-07,2024-03-09,2024-03-09
7358433,244283,2025-10-30,Canceled,,,2025-11-05
8100081,655178,2026-05-07,Delivered,2026-05-08,2026-05-12,2026-05-12
5839650,208633,2024-08-29,Delivered,2024-09-01,2024-09-01,2024-09-01
5511183,560485,2025-01-03,Delivered,2025-01-05,2025-01-09,2025-01-09
9670551,322955,2025-10-15,Canceled,,,2025-10-17
9389916,893188,2024-01-17,Delivered,2024-01-18,2024-01-21,2024-01-20
7908040,802685,2024-08-02,Canceled,,,2024-08-05
9256380,389688,2025-05-02,Delivered,2025-05-03,2025-05-06,2025-05-06
9730516,279516,2025-02-16,Delivered,2025-02-18,2025-02-21,2025-02-22
9852168,715643,2024-04-10,Delivered,2024-04-13,2024-04-16,2024-04-17
9327627,968524,2024-01-11,Delivered,2024-01-14,2024-01-18,2024-01-18
5782903,130271,2024-06-07,Canceled,,,2024-06-09
9427251,255539,2024-12-21,Delivered,2024-12-22,2024-12-26,2024-12-26
6027321,346277,2024-03-11,Canceled,,,2024-03-14
5836435,712024,2025-04-28,Delivered,2025-04-29,2025-05-02,2025-05-03
7267178,367271,2025-12-27,Delivered,2025-12-30,2025-12-28,2025-12-29
6521223,921874,2025-03-06,Delivered,2025-03-08,2025-03-08,2025-03-08
9709043,738457,2025-11-23,Delivered,2025-11-24,2025-11-28,2025-11-28
6007513,550961,2025-09-16,Delivered,2025-09-19,2025-09-18,2025-09-19
9168435,944151,2026-03-28,Canceled,,,2026-04-01
9700019,827157,2026-04-09,Delivered,2026-04-12,2026-04-12,2026-04-12
6972566,560959,2024-07-17,Delivered,2024-07-20,2024-07-24,2024-07-24
7393341,505785,2024-06-12,Delivered,2024-06-14,2024-06-16,2024-06-16
6131649,389282,2025-10-07,Delivered,2025-10-08,2025-10-14,2025-10-14
5017363,481913,2024-08-29,Delivered,2024-09-01,2024-09-04,2024-09-05
8453911,685181,2025-06-12,Delivered,2025-06-15,2025-06-17,2025-06-17
7140831,182627,2025-08-20,Delivered,2025-08-21,2025-08-25,2025-08-25
6591317,466566,2025-09-17,Delivered,2025-09-18,2025-09-21,2025-09-21
6681699,770030,2024-11-27,Canceled,,,2024-11-29
9934443,182467,2024-07-17,Canceled,,,2024-07-24
7677303,718439,2024-02-22,Delivered,2024-02-25,2024-02-27,2024-02-27
7847110,947272,2026-02-22,Delivered,2026-02-23,2026-03-01,2026-03-01
6577680,153872,2024-10-24,Delivered,2024-10-27,2024-10-28,2024-10-28
7589557,832168,2024-11-24,Delivered,2024-11-27,2024-11-28,2024-11-29
6639691,130359,2025-08-29,Delivered,2025-09-01,2025-08-31,2025-09-01
6573593,353961,2026-03-22,Delivered,2026-03-24,2026-03-27,2026-03-27
7380621,536774,2025-03-19,Delivered,2025-03-20,2025-03-22,2025-03-22
9729817,571778,2024-10-04,Delivered,2024-10-05,2024-10-06,2024-10-06
8806275,938171,2024-10-03,Canceled,,,2024-10-08
5828719,510997,2024-05-31,Canceled,,,2024-06-06
9997846,479742,2025-04-08,Delivered,2025-04-11,2025-04-14,2025-04-14
8731350,964749,2025-09-27,Delivered,2025-09-28,2025-10-01,2025-10-02
6070539,595158,2026-02-01,Delivered,2026-02-03,2026-02-04,2026-02-05
5105539,979060,2024-01-25,Delivered,2024-01-28,2024-01-30,2024-01-30
7268184,800499,2025-05-24,Delivered,2025-05-26,2025-05-29,2025-05-29
5423507,632929,2025-03-18,Delivered,2025-03-19,2025-03-24,2025-03-24
9740457,433632,2024-12-11,Canceled,,,2024-12-18
6809508,749641,2024-12-17,Delivered,2024-12-18,2024-12-21,2024-12-21
6553938,968962,2024-06-14,Delivered,2024-06-16,2024-06-19,2024-06-19
7441425,177649,2024-06-17,Delivered,2024-06-18,2024-06-24,2024-06-24
6244171,182627,2024-04-23,Delivered,2024-04-25,2024-04-29,2024-04-29
7323899,773971,2026-03-03,Delivered,2026-03-05,2026-03-07,2026-03-07
6643954,723948,2025-10-26,Delivered,2025-10-27,2025-10-29,2025-10-29
5267888,526156,2024-03-24,Delivered,2024-03-27,2024-03-25,2024-03-26
5204842,630458,2025-01-08,Delivered,2025-01-11,2025-01-12,2025-01-13
5679879,970914,2025-07-29,Delivered,2025-07-30,2025-08-04,2025-08-05
8854956,121753,2025-08-05,Delivered,2025-08-08,2025-08-08,2025-08-08
6887199,486814,2024-04-13,Canceled,,,2024-04-18
5936099,224205,2024-01-27,Canceled,,,2024-02-02
8155626,752878,2025-10-20,Delivered,2025-10-21,2025-10-26,2025-10-27
6616613,320392,2024-08-22,Delivered,2024-08-23,2024-08-27,2024-08-27
6858497,204053,2025-12-02,Delivered,2025-12-05,2025-12-08,2025-12-08
6122206,926403,2024-08-29,Canceled,,,2024-09-01
7461135,572387,2025-09-09,Canceled,,,2025-09-16
6907691,246570,2024-12-13,Delivered,2024-12-16,2024-12-17,2024-12-17
5031872,166287,2024-08-09,Canceled,,,2024-08-13
9326599,874524,2025-03-16,Delivered,2025-03-18,2025-03-21,2025-03-22
9177115,552248,2025-12-31,Delivered,2026-01-01,2026-01-04,2026-01-04
6431994,820184,2026-01-05,Delivered,2026-01-07,2026-01-08,2026-01-08
7565079,183074,2026-03-12,Delivered,2026-03-15,2026-03-17,2026-03-17
7134835,536802,2024-05-07,Delivered,2024-05-09,2024-05-10,2024-05-11
9027550,168093,2026-03-13,Delivered,2026-03-16,2026-03-15,2026-03-15
9217176,795612,2025-02-28,Delivered,2025-03-03,2025-03-06,2025-03-06
7005859,680099,2024-09-10,Delivered,2024-09-11,2024-09-15,2024-09-15
9805302,128418,2024-12-03,Delivered,2024-12-05,2024-12-08,2024-12-08
5238261,874524,2025-05-14,Canceled,,,2025-05-21
9076357,238739,2024-09-17,Delivered,2024-09-19,2024-09-24,2024-09-24
5996829,346277,2026-03-18,Canceled,,,2026-03-24
6135520,573962,2024-12-24,Canceled,,,2024-12-28
5700958,140804,2024-09-21,Delivered,2024-09-22,2024-09-24,2024-09-25
6401034,299028,2025-08-13,Delivered,2025-08-14,2025-08-16,2025-08-16
8068589,681070,2025-06-29,Canceled,,,2025-07-05
9158725,918164,2024-11-22,Delivered,2024-11-25,2024-11-27,2024-11-27
9527253,904150,2024-05-08,Delivered,2024-05-10,2024-05-10,2024-05-10
9932932,943298,2025-09-19,Canceled,,,2025-09-24
8621146,203831,2024-10-08,Canceled,,,2024-10-12
5655239,681242,2024-07-25,Delivered,2024-07-26,2024-08-01,2024-08-01
5418173,410016,2025-05-24,Delivered,2025-05-27,2025-05-31,2025-05-31
6228839,849014,2025-03-04,Delivered,2025-03-06,2025-03-11,2025-03-11
7544165,197966,2025-10-07,Canceled,,,2025-10-11
5935217,161733,2024-05-10,Delivered,2024-05-12,2024-05-13,2024-05-13
9772293,335552,2025-11-05,Delivered,2025-11-08,2025-11-08,2025-11-08
9220484,290672,2025-12-08,Delivered,2025-12-09,2025-12-12,2025-12-12
6502903,633590,2025-10-14,Canceled,,,2025-10-16
8949013,891093,2024-09-03,Canceled,,,2024-09-07
6365953,800674,2024-07-10,Canceled,,,2024-07-16
7357055,836971,2026-04-08,Canceled,,,2026-04-14
7440069,510997,2025-01-18,Canceled,,,2025-01-22
8019501,468727,2024-08-21,Delivered,2024-08-22,2024-08-26,2024-08-26
6480438,935012,2025-09-15,Delivered,2025-09-16,2025-09-18,2025-09-18
5313036,355123,2024-09-26,Canceled,,,2024-10-02
8696467,343962,2026-03-11,Delivered,2026-03-13,2026-03-14,2026-03-14
8220395,885884,2025-05-10,Canceled,,,2025-05-15
9786036,265080,2026-04-16,Delivered,2026-04-17,2026-04-21,2026-04-21
9889778,143941,2025-09-29,Delivered,2025-10-01,2025-10-05,2025-10-05
5646701,197758,2025-04-14,Delivered,2025-04-15,2025-04-17,2025-04-17
7983513,820184,2024-04-30,Delivered,2024-05-02,2024-05-04,2024-05-04
6202468,768676,2024-11-08,Delivered,2024-11-10,2024-11-12,2024-11-12
9533485,769987,2024-07-02,Delivered,2024-07-04,2024-07-07,2024-07-07
6765833,173372,2025-01-21,Delivered,2025-01-24,2025-01-26,2025-01-27
5715213,391369,2024-04-20,Delivered,2024-04-22,2024-04-26,2024-04-26
5755177,584125,2024-12-25,Delivered,2024-12-26,2024-12-28,2024-12-28
9743545,800280,2024-01-03,Delivered,2024-01-06,2024-01-09,2024-01-09
8888221,815054,2025-02-08,Delivered,2025-02-09,2025-02-10,2025-02-10
9135616,775981,2025-05-12,Delivered,2025-05-13,2025-05-18,2025-05-18
9250776,397005,2024-01-07,Canceled,,,2024-01-09
9834042,479052,2025-05-13,Canceled,,,2025-05-16
7993383,549245,2024-07-28,Delivered,2024-07-29,2024-07-30,2024-07-30
5895409,777513,2024-12-25,Delivered,2024-12-27,2024-12-27,2024-12-27
8575462,718849,2024-11-03,Canceled,,,2024-11-07
8403174,359295,2025-04-06,Canceled,,,2025-04-13
8005447,751924,2025-07-24,Delivered,2025-07-26,2025-07-26,2025-07-26
5472660,748133,2024-07-09,Delivered,2024-07-12,2024-07-12,2024-07-12
5894087,273148,2024-09-22,Delivered,2024-09-25,2024-09-24,2024-09-24
9486760,932291,2024-08-15,Delivered,2024-08-17,2024-08-20,2024-08-21
5405308,221035,2024-11-22,Delivered,2024-11-23,2024-11-29,2024-11-29
5441584,358175,2024-03-07,Delivered,2024-03-10,2024-03-11,2024-03-11
8124207,871411,2025-02-21,Canceled,,,2025-02-25
7315634,127121,2024-01-10,Delivered,2024-01-12,2024-01-16,2024-01-16
7489389,436653,2024-01-07,Delivered,2024-01-09,2024-01-10,2024-01-10
5174822,910004,2024-10-18,Delivered,2024-10-20,2024-10-20,2024-10-20
6207346,254739,2025-01-18,Canceled,,,2025-01-25
8915554,485896,2026-05-10,Delivered,2026-05-12,2026-05-14,2026-05-15
8670663,653081,2025-02-26,Delivered,2025-03-01,2025-03-02,2025-03-02
8270319,715870,2025-01-15,Delivered,2025-01-17,2025-01-17,2025-01-18
5495728,226882,2024-02-17,Delivered,2024-02-18,2024-02-22,2024-02-22
5982593,345180,2025-01-17,Delivered,2025-01-19,2025-01-20,2025-01-20
6060789,182467,2025-08-01,Delivered,2025-08-04,2025-08-07,2025-08-07
6864552,194682,2024-08-20,Delivered,2024-08-21,2024-08-21,2024-08-22
5816246,745414,2025-05-12,Delivered,2025-05-13,2025-05-16,2025-05-17
8262855,742412,2025-09-04,Canceled,,,2025-09-11
6154404,287241,2025-12-14,Delivered,2025-12-17,2025-12-21,2025-12-21
7847973,905819,2026-03-04,Delivered,2026-03-06,2026-03-08,2026-03-08
8953972,479353,2024-10-28,Delivered,2024-10-31,2024-11-04,2024-11-04
8086103,632401,2024-09-09,Delivered,2024-09-11,2024-09-13,2024-09-13
5772663,345369,2025-11-13,Delivered,2025-11-14,2025-11-17,2025-11-17
5205550,147504,2024-02-20,Delivered,2024-02-22,2024-02-23,2024-02-23
5282109,952993,2025-10-11,Delivered,2025-10-12,2025-10-15,2025-10-15
5162302,402630,2024-11-09,Canceled,,,2024-11-15
6808639,232352,2025-05-06,Delivered,2025-05-09,2025-05-10,2025-05-11
8237462,404309,2025-07-18,Delivered,2025-07-21,2025-07-22,2025-07-22
8447734,795205,2025-04-23,Delivered,2025-04-26,2025-04-26,2025-04-26
9508403,341288,2024-12-25,Canceled,,,2024-12-31
7926055,189814,2025-04-13,Delivered,2025-04-16,2025-04-19,2025-04-19
8955031,442722,2025-06-02,Delivered,2025-06-04,2025-06-04,2025-06-04
7619386,387636,2025-03-04,Canceled,,,2025-03-10
7006178,813145,2025-10-27,Delivered,2025-10-30,2025-11-02,2025-11-02
9912255,573417,2025-03-21,Delivered,2025-03-23,2025-03-28,2025-03-27
8982798,444061,2026-01-25,Delivered,2026-01-27,2026-01-30,2026-01-30
6986214,540463,2024-02-22,Delivered,2024-02-24,2024-02-26,2024-02-26
9602750,299448,2024-05-04,Delivered,2024-05-07,2024-05-08,2024-05-08
7266024,564656,2024-04-08,Delivered,2024-04-11,2024-04-12,2024-04-12
8783502,351083,2025-06-25,Delivered,2025-06-27,2025-06-28,2025-06-28
5764018,942956,2026-03-26,Delivered,2026-03-29,2026-03-29,2026-03-29
9586762,988324,2024-08-04,Canceled,,,2024-08-07
7260588,184714,2025-12-02,Delivered,2025-12-03,2025-12-08,2025-12-08
8071088,550797,2024-11-27,Delivered,2024-11-29,2024-12-04,2024-12-04
9218798,741390,2025-09-13,Delivered,2025-09-15,2025-09-18,2025-09-18
5625217,579441,2026-04-03,Delivered,2026-04-04,2026-04-05,2026-04-05
8258189,829884,2024-04-11,Canceled,,,2024-04-16
6903136,950132,2024-07-09,Delivered,2024-07-10,2024-07-16,2024-07-16
5398106,176517,2024-09-12,Delivered,2024-09-14,2024-09-14,2024-09-14
6479393,575763,2024-10-07,Delivered,2024-10-10,2024-10-13,2024-10-14
5898881,972176,2024-01-27,Delivered,2024-01-30,2024-02-02,2024-02-02
6459921,930117,2025-04-24,Canceled,,,2025-04-27
9968093,326441,2024-04-28,Delivered,2024-04-30,2024-05-04,2024-05-04
5652532,987025,2024-01-21,Canceled,,,2024-01-27
9495911,824156,2024-02-07,Delivered,2024-02-10,2024-02-10,2024-02-10
6333257,144357,2024-04-20,Delivered,2024-04-23,2024-04-28,2024-04-27
6610616,856442,2025-09-15,Delivered,2025-09-18,2025-09-18,2025-09-18
8414563,429164,2025-01-19,Delivered,2025-01-22,2025-01-23,2025-01-23
6624827,325583,2024-03-06,Delivered,2024-03-09,2024-03-08,2024-03-08
8981058,520651,2025-03-02,Canceled,,,2025-03-09
6124900,158104,2024-10-25,Delivered,2024-10-28,2024-10-31,2024-10-29
7769945,983794,2025-09-11,Delivered,2025-09-12,2025-09-18,2025-09-16
5949690,843963,2024-12-04,Canceled,,,2024-12-10
5783254,602248,2026-04-26,Delivered,2026-04-28,2026-04-28,2026-04-28
6168921,620856,2024-08-22,Delivered,2024-08-23,2024-08-25,2024-08-25
9997543,160738,2026-05-03,Delivered,2026-05-05,2026-05-09,2026-05-09
9372937,629903,2026-05-13,Delivered,2026-05-14,2026-05-17,2026-05-17
5262443,320861,2024-08-25,Delivered,2024-08-28,2024-09-01,2024-09-01
6724524,172132,2025-10-23,Delivered,2025-10-26,2025-10-26,2025-10-26
5725046,975522,2025-01-10,Canceled,,,2025-01-13
5442231,189083,2024-10-10,Canceled,,,2024-10-13
6293783,192055,2026-03-02,Canceled,,,2026-03-05
8193120,837852,2026-01-17,Delivered,2026-01-18,2026-01-22,2026-01-22
6282494,505674,2026-02-20,Delivered,2026-02-22,2026-02-26,2026-02-26
6950142,801978,2025-03-06,Delivered,2025-03-08,2025-03-09,2025-03-09
8696534,235215,2025-03-28,Delivered,2025-03-31,2025-03-30,2025-03-30
5206607,913423,2025-05-01,Delivered,2025-05-03,2025-05-08,2025-05-08
8044467,349183,2024-01-11,Delivered,2024-01-14,2024-01-16,2024-01-16
5310860,717024,2025-06-21,Delivered,2025-06-24,2025-06-23,2025-06-23
8217811,310743,2024-06-18,Delivered,2024-06-21,2024-06-25,2024-06-25
8811448,849747,2025-12-27,Delivered,2025-12-28,2026-01-03,2026-01-03
7473139,610311,2025-11-16,Canceled,,,2025-11-21
9672402,416797,2025-01-09,Delivered,2025-01-11,2025-01-16,2025-01-14
6463080,945664,2025-05-10,Canceled,,,2025-05-17
7939644,427110,2024-11-16,Delivered,2024-11-19,2024-11-19,2024-11-19
6342756,380464,2024-04-25,Delivered,2024-04-28,2024-04-28,2024-04-28
6278478,854213,2025-01-27,Delivered,2025-01-30,2025-02-03,2025-02-03
9829813,110644,2024-09-21,Delivered,2024-09-22,2024-09-25,2024-09-25
6339890,761820,2024-07-19,Delivered,2024-07-22,2024-07-21,2024-07-21
7734756,373432,2026-01-24,Delivered,2026-01-25,2026-01-29,2026-01-30
7360144,774591,2025-07-27,Delivered,2025-07-29,2025-07-31,2025-07-31
8299367,219946,2024-08-31,Delivered,2024-09-01,2024-09-06,2024-09-06
7824161,353690,2024-05-21,Delivered,2024-05-22,2024-05-25,2024-05-25
7336817,768891,2025-01-30,Delivered,2025-02-02,2025-02-05,2025-02-03
9146590,345180,2024-07-24,Delivered,2024-07-25,2024-07-30,2024-07-30
8154614,857537,2024-02-15,Canceled,,,2024-02-20
6866795,621841,2025-08-07,Delivered,2025-08-09,2025-08-13,2025-08-13
5644848,377312,2026-03-02,Delivered,2026-03-03,2026-03-04,2026-03-04
8628046,362829,2024-11-14,Canceled,,,2024-11-18
5773785,769975,2024-03-09,Delivered,2024-03-11,2024-03-13,2024-03-14
7490533,127529,2025-08-14,Delivered,2025-08-17,2025-08-21,2025-08-21
8108676,653306,2024-02-21,Delivered,2024-02-22,2024-02-23,2024-02-24
7968732,437758,2025-05-30,Delivered,2025-06-02,2025-06-02,2025-06-03
9992627,705050,2025-11-04,Delivered,2025-11-06,2025-11-10,2025-11-10
5449274,765905,2026-04-05,Delivered,2026-04-07,2026-04-09,2026-04-09
6730591,646781,2024-02-12,Canceled,,,2024-02-16
8228585,446479,2026-05-11,Delivered,2026-05-14,2026-05-16,2026-05-17
7838092,593152,2025-06-11,Delivered,2025-06-13,2025-06-17,2025-06-17
6890008,821024,2024-07-19,Canceled,,,2024-07-25
7977952,915809,2025-12-01,Delivered,2025-12-04,2025-12-04,2025-12-05
7366738,975679,2024-03-07,Delivered,2024-03-09,2024-03-11,2024-03-11
6330065,766158,2025-06-27,Canceled,,,2025-07-02
6711474,141832,2025-09-03,Delivered,2025-09-06,2025-09-05,2025-09-06
8699109,988324,2025-03-18,Delivered,2025-03-21,2025-03-24,2025-03-24
6335526,308727,2024-05-17,Delivered,2024-05-19,2024-05-19,2024-05-19
7144443,231414,2025-08-19,Canceled,,,2025-08-26
8665726,498591,2025-06-19,Delivered,2025-06-22,2025-06-26,2025-06-26
8557936,543973,2025-03-18,Canceled,,,2025-03-24
8790773,108203,2026-04-09,Canceled,,,2026-04-15
8221015,793024,2024-08-27,Delivered,2024-08-29,2024-09-02,2024-09-02
6054303,751332,2024-07-11,Delivered,2024-07-14,2024-07-15,2024-07-16
6403948,249811,2025-11-12,Delivered,2025-11-15,2025-11-21,2025-11-19
8433825,499407,2024-11-19,Delivered,2024-11-22,2024-11-26,2024-11-26
9041936,102805,2024-02-04,Delivered,2024-02-05,2024-02-11,2024-02-11
8270219,939482,2025-07-14,Delivered,2025-07-17,2025-07-18,2025-07-18
5619712,720556,2024-11-22,Delivered,2024-11-25,2024-11-24,2024-11-24
9135674,145814,2024-03-20,Delivered,2024-03-22,2024-03-24,2024-03-24
7551244,268637,2024-03-06,Delivered,2024-03-09,2024-03-10,2024-03-10
8692793,539486,2025-05-17,Delivered,2025-05-18,2025-05-22,2025-05-22
9932838,233827,2025-08-06,Delivered,2025-08-07,2025-08-11,2025-08-12
5099552,632342,2024-05-30,Delivered,2024-06-01,2024-06-06,2024-06-06
7327793,213609,2024-06-21,Canceled,,,2024-06-28
7983505,829884,2026-02-18,Delivered,2026-02-19,2026-02-23,2026-02-23
7812989,839485,2026-03-03,Canceled,,,2026-03-10
6393561,668950,2024-03-10,Canceled,,,2024-03-16
6198039,837852,2026-01-11,Delivered,2026-01-13,2026-01-14,2026-01-14
7468309,859396,2026-04-21,Delivered,2026-04-23,2026-04-25,2026-04-25
6431931,382602,2024-02-29,Delivered,2024-03-01,2024-03-04,2024-03-04
5362683,449247,2026-04-22,Delivered,2026-04-24,2026-04-28,2026-04-27
8020080,622230,2024-05-28,Delivered,2024-05-29,2024-05-31,2024-05-31
8580034,986438,2024-05-18,Canceled,,,2024-05-20
7187114,402020,2024-04-02,Canceled,,,2024-04-06
6235810,501124,2024-10-20,Delivered,2024-10-23,2024-10-25,2024-10-25
8072083,377319,2026-01-14,Delivered,2026-01-17,2026-01-17,2026-01-17
7424094,707314,2025-09-20,Delivered,2025-09-21,2025-09-25,2025-09-23
8773992,900152,2024-06-01,Delivered,2024-06-02,2024-06-05,2024-06-05
9466103,833442,2024-07-11,Delivered,2024-07-12,2024-07-18,2024-07-18
5441230,922471,2024-03-21,Delivered,2024-03-22,2024-03-25,2024-03-25
8149429,158845,2025-05-10,Delivered,2025-05-12,2025-05-14,2025-05-15
7280140,829884,2024-12-24,Canceled,,,2024-12-27
6924443,374896,2024-01-24,Delivered,2024-01-26,2024-01-30,2024-01-31
9045712,335612,2024-08-03,Delivered,2024-08-04,2024-08-09,2024-08-09
5697148,194423,2025-03-28,Delivered,2025-03-30,2025-04-01,2025-04-01
8340004,425346,2025-04-27,Delivered,2025-04-29,2025-04-29,2025-04-30
5335558,930541,2025-08-26,Delivered,2025-08-27,2025-09-01,2025-09-01
6585818,575763,2024-05-05,Delivered,2024-05-06,2024-05-14,2024-05-12
7433120,978053,2024-02-10,Delivered,2024-02-12,2024-02-16,2024-02-16
9291416,926918,2026-04-26,Delivered,2026-04-27,2026-05-01,2026-05-01
9075342,622987,2024-01-12,Delivered,2024-01-14,2024-01-13,2024-01-14
6863232,614663,2025-08-27,Delivered,2025-08-30,2025-09-03,2025-09-03
5579609,599380,2024-10-01,Delivered,2024-10-03,2024-10-05,2024-10-05
5910391,885884,2025-07-05,Delivered,2025-07-07,2025-07-09,2025-07-09
8591991,881177,2025-04-02,Canceled,,,2025-04-09
5389125,569945,2026-02-20,Delivered,2026-02-21,2026-02-22,2026-02-22
6030636,274389,2024-05-25,Delivered,2024-05-28,2024-05-31,2024-05-31
7919044,715643,2024-09-23,Delivered,2024-09-24,2024-09-29,2024-09-29
8188306,612262,2025-08-11,Delivered,2025-08-12,2025-08-13,2025-08-13
7879161,386488,2025-02-22,Delivered,2025-02-24,2025-02-28,2025-02-28
6967562,424314,2024-03-31,Delivered,2024-04-01,2024-04-06,2024-04-06
9749233,962276,2024-11-04,Delivered,2024-11-06,2024-11-11,2024-11-11
8108157,785743,2024-03-04,Delivered,2024-03-06,2024-03-07,2024-03-07
6552974,895702,2024-08-15,Delivered,2024-08-16,2024-08-19,2024-08-19
5771118,177449,2026-01-11,Delivered,2026-01-12,2026-01-13,2026-01-14
5804196,910620,2024-01-12,Delivered,2024-01-14,2024-01-17,2024-01-17
7667147,380746,2025-03-03,Delivered,2025-03-05,2025-03-06,2025-03-06
7348468,734836,2024-05-25,Delivered,2024-05-28,2024-05-31,2024-05-31
6539808,893005,2025-09-24,Canceled,,,2025-09-29
7139663,838797,2026-04-01,Delivered,2026-04-03,2026-04-06,2026-04-06
5040524,387636,2024-02-13,Canceled,,,2024-02-20
5783397,290305,2026-04-05,Delivered,2026-04-07,2026-04-09,2026-04-07
7913291,301629,2026-02-13,Delivered,2026-02-16,2026-02-20,2026-02-20
5192218,825686,2025-10-08,Delivered,2025-10-10,2025-10-11,2025-10-11
7190378,462351,2024-06-15,Delivered,2024-06-16,2024-06-21,2024-06-22
6792447,836833,2024-09-12,Delivered,2024-09-14,2024-09-19,2024-09-19
8903308,928358,2025-12-05,Canceled,,,2025-12-12
5510073,618317,2024-09-22,Delivered,2024-09-24,2024-09-24,2024-09-25
9401323,912617,2024-12-09,Canceled,,,2024-12-11
8488759,579123,2026-03-20,Delivered,2026-03-22,2026-03-25,2026-03-25
9597454,276827,2025-12-22,Delivered,2025-12-25,2025-12-24,2025-12-24
5224397,417534,2025-02-08,Delivered,2025-02-10,2025-02-14,2025-02-14
9456227,871476,2024-09-13,Delivered,2024-09-15,2024-09-19,2024-09-19
9292662,711878,2024-06-20,Delivered,2024-06-21,2024-06-26,2024-06-26
7021330,513160,2025-05-14,Delivered,2025-05-15,2025-05-18,2025-05-18
7838726,795612,2025-07-04,Delivered,2025-07-06,2025-07-08,2025-07-07
9423330,678856,2026-01-24,Delivered,2026-01-26,2026-01-30,2026-01-30
8097312,791201,2025-01-24,Delivered,2025-01-25,2025-01-29,2025-01-29
7955242,738448,2024-07-13,Delivered,2024-07-15,2024-07-15,2024-07-15
9216578,114594,2024-04-07,Delivered,2024-04-09,2024-04-14,2024-04-14
6882442,844261,2024-03-12,Delivered,2024-03-15,2024-03-18,2024-03-18
8583266,356773,2025-02-26,Delivered,2025-02-28,2025-03-01,2025-03-01
7188257,755900,2025-08-11,Delivered,2025-08-12,2025-08-18,2025-08-18
7690113,612262,2025-01-08,Delivered,2025-01-10,2025-01-15,2025-01-15
7205454,392227,2024-03-04,Delivered,2024-03-07,2024-03-10,2024-03-10
9713024,362801,2025-10-31,Delivered,2025-11-02,2025-11-03,2025-11-03
8760890,888295,2024-10-08,Delivered,2024-10-10,2024-10-09,2024-10-10
8129428,347861,2024-06-23,Delivered,2024-06-25,2024-06-25,2024-06-25
8766074,346277,2026-04-11,Canceled,,,2026-04-15
9818920,517821,2026-05-06,Canceled,,,2026-05-08
9740859,766269,2025-10-02,Delivered,2025-10-05,2025-10-07,2025-10-07
9052666,930555,2025-08-26,Delivered,2025-08-29,2025-09-02,2025-09-02
7180545,475190,2024-10-01,Canceled,,,2024-10-08
6115565,908475,2025-09-28,Canceled,,,2025-10-05
7931324,220116,2024-09-29,Delivered,2024-09-30,2024-10-07,2024-10-05
7453235,184216,2025-03-19,Delivered,2025-03-21,2025-03-25,2025-03-25
6359152,786587,2025-10-27,Canceled,,,2025-11-02
9873003,498591,2024-01-12,Delivered,2024-01-13,2024-01-15,2024-01-15
5485082,519066,2025-03-07,Canceled,,,2025-03-13
7543756,831076,2026-01-09,Delivered,2026-01-10,2026-01-11,2026-01-11
6786741,513741,2024-11-23,Delivered,2024-11-26,2024-11-29,2024-11-28
8226193,708792,2026-03-20,Delivered,2026-03-23,2026-03-27,2026-03-27
9447615,977330,2025-09-24,Delivered,2025-09-26,2025-09-28,2025-09-28
6405731,267758,2024-07-01,Delivered,2024-07-02,2024-07-07,2024-07-07
9005006,313446,2024-06-07,Delivered,2024-06-08,2024-06-12,2024-06-11
7739857,950823,2025-01-19,Canceled,,,2025-01-26
8385527,403507,2025-08-31,Delivered,2025-09-02,2025-09-04,2025-09-05
9321235,188834,2025-07-03,Delivered,2025-07-05,2025-07-08,2025-07-08
7145949,309159,2025-09-12,Canceled,,,2025-09-15
9908945,561865,2024-04-25,Delivered,2024-04-28,2024-04-30,2024-04-30
9150231,601916,2025-12-08,Delivered,2025-12-09,2025-12-14,2025-12-14
9429183,590110,2025-03-14,Delivered,2025-03-15,2025-03-17,2025-03-17
7749809,434617,2025-08-23,Canceled,,,2025-08-26
5517835,688956,2024-03-16,Canceled,,,2024-03-20
8801079,535686,2026-05-15,Confirmed,,,2026-05-17
9383018,678478,2025-12-29,Delivered,2025-12-30,2026-01-02,2026-01-02
8616401,700383,2024-10-29,Delivered,2024-10-30,2024-11-05,2024-11-05
9036670,823270,2024-08-01,Delivered,2024-08-03,2024-08-03,2024-08-03
6520957,324345,2025-11-11,Canceled,,,2025-11-13
7662850,336650,2024-07-24,Canceled,,,2024-07-29
6950930,206851,2025-05-06,Delivered,2025-05-07,2025-05-12,2025-05-12
5475859,682144,2024-10-31,Delivered,2024-11-01,2024-11-04,2024-11-04
9291471,936912,2026-04-21,Delivered,2026-04-22,2026-04-25,2026-04-25
5897516,405420,2024-02-14,Canceled,,,2024-02-19
7798024,220096,2026-01-08,Delivered,2026-01-09,2026-01-14,2026-01-13
9445456,843788,2024-07-12,Delivered,2024-07-15,2024-07-18,2024-07-19
5047852,631699,2024-09-12,Delivered,2024-09-13,2024-09-19,2024-09-19
9557812,763928,2024-03-18,Delivered,2024-03-19,2024-03-20,2024-03-21
8389447,109853,2025-09-10,Delivered,2025-09-13,2025-09-11,2025-09-12
8683269,741390,2024-11-27,Delivered,2024-11-30,2024-11-30,2024-11-30
9382531,703766,2026-04-09,Delivered,2026-04-10,2026-04-16,2026-04-16
9994240,408528,2024-12-21,Delivered,2024-12-22,2024-12-27,2024-12-27
7193950,143064,2026-04-18,Delivered,2026-04-20,2026-04-21,2026-04-21
8130062,528625,2026-02-11,Canceled,,,2026-02-14
5908551,457455,2026-01-10,Delivered,2026-01-12,2026-01-15,2026-01-16
5901945,228168,2024-07-04,Delivered,2024-07-05,2024-07-05,2024-07-06
6866022,188425,2026-04-17,Delivered,2026-04-19,2026-04-23,2026-04-24
6331666,984642,2025-05-24,Delivered,2025-05-27,2025-05-30,2025-05-30
7377360,887625,2024-09-28,Delivered,2024-09-29,2024-10-05,2024-10-03
8462214,890075,2024-09-05,Delivered,2024-09-07,2024-09-09,2024-09-09
9046129,207175,2026-02-11,Delivered,2026-02-14,2026-02-17,2026-02-17
5595823,432427,2024-10-09,Delivered,2024-10-11,2024-10-11,2024-10-11
9720140,322955,2024-07-20,Delivered,2024-07-21,2024-07-23,2024-07-23
9977904,331230,2025-05-05,Canceled,,,2025-05-07
6294384,790731,2024-07-30,Delivered,2024-08-01,2024-08-01,2024-08-01
8893661,682789,2024-04-15,Canceled,,,2024-04-19
7820280,681478,2025-05-27,Delivered,2025-05-29,2025-06-01,2025-06-01
6435110,583550,2024-08-06,Delivered,2024-08-07,2024-08-10,2024-08-10
6814974,725780,2025-09-20,Canceled,,,2025-09-25
8683475,123005,2025-12-20,Delivered,2025-12-21,2025-12-22,2025-12-22
5885008,460455,2025-11-30,Delivered,2025-12-03,2025-12-04,2025-12-04
5170055,599219,2024-09-07,Delivered,2024-09-10,2024-09-13,2024-09-13
5070835,862120,2025-02-04,Delivered,2025-02-05,2025-02-11,2025-02-11
6232247,910075,2025-01-19,Delivered,2025-01-20,2025-01-22,2025-01-23
8088287,177060,2025-05-24,Canceled,,,2025-05-27
8235078,205409,2026-02-06,Delivered,2026-02-08,2026-02-13,2026-02-12
6598309,150126,2024-12-11,Delivered,2024-12-14,2024-12-16,2024-12-16
7668987,610271,2025-01-05,Delivered,2025-01-07,2025-01-08,2025-01-08
5618567,811332,2025-09-01,Delivered,2025-09-04,2025-09-08,2025-09-08
9693362,921273,2026-04-06,Delivered,2026-04-09,2026-04-14,2026-04-13
9075591,790909,2026-04-17,Delivered,2026-04-19,2026-04-20,2026-04-20
7943263,678116,2024-09-29,Delivered,2024-10-01,2024-10-03,2024-10-02
8794975,813449,2024-12-01,Delivered,2024-12-04,2024-12-06,2024-12-06
5466306,265056,2026-02-07,Delivered,2026-02-10,2026-02-11,2026-02-11
8072213,921874,2025-06-13,Delivered,2025-06-14,2025-06-16,2025-06-16
6710519,538997,2024-09-29,Canceled,,,2024-10-06
6519447,527809,2024-04-01,Delivered,2024-04-02,2024-04-06,2024-04-06
5348630,984642,2024-01-05,Canceled,,,2024-01-10
9720387,442027,2024-09-14,Delivered,2024-09-17,2024-09-20,2024-09-20
8156385,361650,2026-04-10,Canceled,,,2026-04-16
5640105,338596,2025-12-07,Canceled,,,2025-12-13
6856057,967611,2025-09-03,Delivered,2025-09-06,2025-09-08,2025-09-08
5168882,557239,2025-05-27,Delivered,2025-05-30,2025-06-03,2025-06-03
5546110,883790,2025-05-06,Delivered,2025-05-07,2025-05-13,2025-05-13
7420203,843266,2024-04-15,Delivered,2024-04-18,2024-04-20,2024-04-20
7615264,770532,2025-02-08,Delivered,2025-02-09,2025-02-16,2025-02-15
8417101,472060,2024-01-13,Delivered,2024-01-15,2024-01-17,2024-01-17
7295067,362147,2025-12-28,Delivered,2025-12-29,2025-12-30,2025-12-30
5908905,526170,2024-04-01,Delivered,2024-04-04,2024-04-03,2024-04-04
9046536,544611,2025-07-05,Canceled,,,2025-07-07
6323004,556068,2024-11-09,Delivered,2024-11-11,2024-11-11,2024-11-11
9734441,928766,2024-08-18,Delivered,2024-08-21,2024-08-20,2024-08-21
7424087,671412,2026-03-01,Delivered,2026-03-02,2026-03-05,2026-03-05
5595432,310548,2024-02-04,Delivered,2024-02-05,2024-02-13,2024-02-11
5481026,705050,2024-04-21,Delivered,2024-04-22,2024-04-27,2024-04-27
6772742,662636,2024-12-18,Delivered,2024-12-20,2024-12-25,2024-12-25
8585029,309044,2026-01-14,Delivered,2026-01-15,2026-01-20,2026-01-21
9136145,814919,2024-04-14,Canceled,,,2024-04-18
7752365,766549,2024-11-20,Delivered,2024-11-22,2024-11-27,2024-11-27
9450879,471371,2025-06-24,Delivered,2025-06-25,2025-06-27,2025-06-26
5119192,912609,2026-01-21,Canceled,,,2026-01-28
8251466,800305,2024-08-19,Delivered,2024-08-20,2024-08-23,2024-08-23
9767165,214351,2026-03-11,Delivered,2026-03-14,2026-03-15,2026-03-16
6863398,624902,2024-10-25,Delivered,2024-10-28,2024-10-29,2024-10-29
6289275,480959,2026-05-09,Delivered,2026-05-10,2026-05-13,2026-05-13
9398233,108574,2025-03-03,Delivered,2025-03-05,2025-03-09,2025-03-10
9961175,930117,2026-05-13,Delivered,2026-05-15,2026-05-19,2026-05-19
7232782,926097,2025-05-25,Delivered,2025-05-28,2025-05-28,2025-05-28
5333888,182582,2025-01-14,Delivered,2025-01-15,2025-01-16,2025-01-16
5594296,582662,2024-03-28,Canceled,,,2024-03-30
5766663,601968,2024-01-23,Delivered,2024-01-25,2024-01-28,2024-01-28
8825720,688933,2024-11-04,Canceled,,,2024-11-09
5651064,946721,2025-04-14,Canceled,,,2025-04-19
6590465,622707,2026-01-28,Delivered,2026-01-29,2026-02-05,2026-02-03
5284061,427626,2024-02-18,Delivered,2024-02-20,2024-02-26,2024-02-24
7083943,787277,2025-02-15,Delivered,2025-02-18,2025-02-20,2025-02-20
9064603,811875,2024-12-15,Delivered,2024-12-17,2024-12-19,2024-12-19
5234523,961722,2025-09-29,Delivered,2025-09-30,2025-10-06,2025-10-06
8857962,389666,2025-12-01,Delivered,2025-12-04,2025-12-06,2025-12-06
5850113,770872,2025-03-31,Delivered,2025-04-03,2025-04-01,2025-04-02
9437799,946567,2024-06-17,Delivered,2024-06-20,2024-06-20,2024-06-20
7218608,870319,2025-09-13,Delivered,2025-09-15,2025-09-18,2025-09-19
8457014,133326,2024-06-19,Delivered,2024-06-22,2024-06-26,2024-06-25
8849286,208699,2025-10-14,Delivered,2025-10-17,2025-10-21,2025-10-21
9958167,335445,2025-10-18,Canceled,,,2025-10-22
5478771,227767,2025-09-12,Delivered,2025-09-15,2025-09-19,2025-09-19
9629581,856648,2025-10-11,Delivered,2025-10-13,2025-10-16,2025-10-16
8902890,323072,2024-04-11,Delivered,2024-04-12,2024-04-13,2024-04-13
8993745,526833,2025-06-16,Canceled,,,2025-06-19
6964008,319684,2024-01-24,Canceled,,,2024-01-26
8991292,359778,2024-07-29,Delivered,2024-07-30,2024-08-03,2024-08-03
6813162,169113,2025-11-16,Delivered,2025-11-18,2025-11-22,2025-11-20
5885653,245121,2025-03-30,Delivered,2025-04-02,2025-04-03,2025-04-03
8490918,862120,2024-10-07,Delivered,2024-10-08,2024-10-09,2024-10-09
9790883,844261,2024-08-11,Canceled,,,2024-08-15
6201154,211764,2026-04-22,Canceled,,,2026-04-29
8753326,309159,2024-07-04,Delivered,2024-07-05,2024-07-08,2024-07-06
7894374,560767,2025-04-12,Delivered,2025-04-14,2025-04-19,2025-04-19
6420971,639593,2025-02-10,Delivered,2025-02-11,2025-02-15,2025-02-15
9113256,475190,2024-12-14,Delivered,2024-12-16,2024-12-21,2024-12-21
7596508,207570,2024-11-19,Delivered,2024-11-21,2024-11-21,2024-11-21
8471037,550770,2025-02-23,Delivered,2025-02-26,2025-02-27,2025-02-27
5396860,948343,2025-05-16,Delivered,2025-05-17,2025-05-19,2025-05-20
5707458,443848,2025-06-04,Canceled,,,2025-06-11
5361838,626392,2024-03-05,Delivered,2024-03-06,2024-03-08,2024-03-08
5136097,347459,2026-01-17,Delivered,2026-01-18,2026-01-23,2026-01-23
8353047,210665,2025-12-25,Delivered,2025-12-28,2025-12-29,2025-12-29
8712135,471507,2025-02-14,Delivered,2025-02-16,2025-02-19,2025-02-19
8948087,955374,2025-02-27,Delivered,2025-03-01,2025-03-02,2025-03-02
7449947,992697,2025-11-01,Delivered,2025-11-02,2025-11-07,2025-11-07
5432321,536774,2024-10-17,Canceled,,,2024-10-19
5013585,953025,2025-05-23,Canceled,,,2025-05-27
9986221,259097,2026-01-17,Delivered,2026-01-18,2026-01-22,2026-01-22
8875113,105506,2025-03-08,Canceled,,,2025-03-12
5461761,853258,2025-12-06,Delivered,2025-12-09,2025-12-11,2025-12-12
5528390,852470,2024-05-01,Delivered,2024-05-03,2024-05-03,2024-05-03
9308674,530311,2024-01-15,Delivered,2024-01-18,2024-01-21,2024-01-21
6807011,601916,2024-09-17,Delivered,2024-09-19,2024-09-20,2024-09-20
6109520,969752,2024-08-21,Delivered,2024-08-24,2024-08-28,2024-08-28
8107086,358607,2025-03-02,Canceled,,,2025-03-04
8340576,707040,2026-03-20,Canceled,,,2026-03-27
8198385,770556,2025-03-18,Delivered,2025-03-20,2025-03-21,2025-03-21
5598502,252640,2025-12-03,Delivered,2025-12-05,2025-12-07,2025-12-07
9564901,720148,2025-11-01,Canceled,,,2025-11-08
5072859,929924,2024-07-12,Delivered,2024-07-15,2024-07-14,2024-07-14
8170285,865388,2024-10-09,Delivered,2024-10-12,2024-10-16,2024-10-16
5786442,397571,2024-05-24,Delivered,2024-05-25,2024-05-27,2024-05-27
5027119,817870,2024-03-01,Delivered,2024-03-03,2024-03-04,2024-03-04
9417838,514850,2026-02-11,Delivered,2026-02-14,2026-02-16,2026-02-17
7841492,176819,2025-12-24,Delivered,2025-12-27,2025-12-26,2025-12-27
7044088,448121,2024-06-27,Canceled,,,2024-06-29
8806476,197992,2024-01-26,Delivered,2024-01-28,2024-01-31,2024-01-31
5344055,944962,2026-01-21,Canceled,,,2026-01-25
5054301,883301,2024-12-16,Canceled,,,2024-12-18
9191177,219169,2026-04-23,Delivered,2026-04-24,2026-04-26,2026-04-26
5523114,600935,2026-05-11,Delivered,2026-05-13,2026-05-18,2026-05-17
5173491,290217,2024-05-12,Delivered,2024-05-14,2024-05-15,2024-05-15
5840837,486251,2024-05-26,Delivered,2024-05-28,2024-05-29,2024-05-29
5051767,151426,2024-11-21,Delivered,2024-11-23,2024-11-24,2024-11-24
6255492,184491,2024-11-17,Delivered,2024-11-19,2024-11-23,2024-11-23
6178328,539589,2025-06-20,Delivered,2025-06-23,2025-06-23,2025-06-23
6110722,763686,2024-06-27,Delivered,2024-06-30,2024-06-30,2024-06-29
5979109,377932,2024-04-28,Canceled,,,2024-04-30
6419973,878325,2025-09-08,Delivered,2025-09-11,2025-09-14,2025-09-15
8319923,624563,2024-06-04,Delivered,2024-06-06,2024-06-09,2024-06-10
9694289,762055,2026-02-18,Delivered,2026-02-20,2026-02-22,2026-02-22
6830205,994343,2025-12-04,Delivered,2025-12-05,2025-12-09,2025-12-09
5350958,479353,2026-04-28,Delivered,2026-04-30,2026-05-01,2026-05-01
7672870,532322,2024-07-23,Delivered,2024-07-25,2024-07-25,2024-07-25
5803615,701987,2025-01-04,Delivered,2025-01-05,2025-01-09,2025-01-09
5299964,127032,2024-10-10,Delivered,2024-10-11,2024-10-14,2024-10-14
6022526,781113,2025-02-22,Delivered,2025-02-23,2025-02-23,2025-02-24
5643028,158900,2025-08-03,Delivered,2025-08-06,2025-08-10,2025-08-10
9580644,359295,2024-10-17,Canceled,,,2024-10-22
5571792,792509,2024-08-05,Canceled,,,2024-08-07
8177631,308802,2025-11-26,Delivered,2025-11-28,2025-11-28,2025-11-28
9750403,928766,2025-09-03,Canceled,,,2025-09-08
6643593,452457,2026-03-25,Delivered,2026-03-27,2026-03-30,2026-03-30
7253254,242291,2024-07-24,Delivered,2024-07-26,2024-07-29,2024-07-29
9932686,950823,2026-01-07,Delivered,2026-01-10,2026-01-12,2026-01-12
5938700,881886,2026-03-30,Delivered,2026-03-31,2026-04-03,2026-04-03
5043546,501124,2024-05-02,Delivered,2024-05-03,2024-05-05,2024-05-06
8204695,289179,2025-06-04,Delivered,2025-06-07,2025-06-06,2025-06-06
8885618,900177,2025-08-22,Delivered,2025-08-23,2025-08-28,2025-08-28
8660538,492127,2024-01-11,Delivered,2024-01-12,2024-01-13,2024-01-13
9346656,170966,2025-01-22,Delivered,2025-01-25,2025-01-28,2025-01-28
9000146,567576,2024-02-10,Delivered,2024-02-12,2024-02-17,2024-02-17
5543388,427704,2025-09-08,Delivered,2025-09-11,2025-09-13,2025-09-13
5332743,480959,2024-08-26,Delivered,2024-08-27,2024-09-01,2024-09-01
5921768,417212,2024-01-01,Delivered,2024-01-04,2024-01-07,2024-01-07
7362336,408528,2025-03-09,Delivered,2025-03-12,2025-03-14,2025-03-14
7557817,950916,2025-05-01,Delivered,2025-05-03,2025-05-06,2025-05-07
5665692,138399,2024-06-29,Canceled,,,2024-07-01
5684201,349183,2024-07-13,Delivered,2024-07-14,2024-07-17,2024-07-17
8569737,723945,2025-07-12,Delivered,2025-07-14,2025-07-19,2025-07-19
6924112,501574,2024-06-24,Delivered,2024-06-26,2024-06-28,2024-06-28
6505529,781533,2025-08-26,Delivered,2025-08-28,2025-09-03,2025-09-02
9686235,478120,2026-02-17,Canceled,,,2026-02-21
6256776,571778,2024-07-03,Delivered,2024-07-06,2024-07-08,2024-07-07
6273464,582662,2025-05-18,Delivered,2025-05-20,2025-05-20,2025-05-20
8043400,794299,2025-10-21,Delivered,2025-10-22,2025-10-23,2025-10-23
5940142,717889,2024-11-24,Delivered,2024-11-26,2024-11-30,2024-11-30
9759862,525800,2026-04-02,Delivered,2026-04-05,2026-04-05,2026-04-05
8197185,236435,2024-04-02,Delivered,2024-04-05,2024-04-09,2024-04-09
7158314,147549,2024-03-11,Delivered,2024-03-14,2024-03-16,2024-03-17
6133456,303547,2025-10-13,Delivered,2025-10-15,2025-10-16,2025-10-16
9949896,997004,2025-04-22,Delivered,2025-04-24,2025-04-24,2025-04-25
7762842,279516,2025-03-06,Delivered,2025-03-09,2025-03-08,2025-03-08
9251929,850827,2024-10-21,Delivered,2024-10-22,2024-10-26,2024-10-26
8239225,276299,2024-10-16,Canceled,,,2024-10-20
6019575,880841,2025-02-01,Delivered,2025-02-02,2025-02-06,2025-02-07
8629217,885408,2025-07-25,Delivered,2025-07-26,2025-07-28,2025-07-28
8741881,418635,2024-12-13,Delivered,2024-12-16,2024-12-14,2024-12-15
6223510,341288,2025-10-18,Delivered,2025-10-21,2025-10-22,2025-10-22
5910564,627290,2025-02-03,Delivered,2025-02-05,2025-02-07,2025-02-07
5527754,664607,2025-06-22,Delivered,2025-06-25,2025-06-26,2025-06-26
9065807,256175,2024-07-23,Delivered,2024-07-25,2024-07-27,2024-07-28
5165764,705991,2025-03-16,Delivered,2025-03-17,2025-03-19,2025-03-18
6308066,717889,2025-04-13,Delivered,2025-04-14,2025-04-15,2025-04-15
7741065,551096,2026-01-24,Canceled,,,2026-01-30
7123874,790855,2025-02-05,Delivered,2025-02-07,2025-02-09,2025-02-09
7528515,581741,2024-01-28,Delivered,2024-01-30,2024-01-30,2024-01-31
9991777,486490,2025-01-13,Canceled,,,2025-01-20
8275542,929822,2024-11-06,Delivered,2024-11-09,2024-11-10,2024-11-10
7652020,183074,2025-04-27,Canceled,,,2025-04-29
7741728,708158,2026-05-10,Delivered,2026-05-12,2026-05-13,2026-05-13
5302271,330914,2024-01-24,Delivered,2024-01-26,2024-01-28,2024-01-28
6317421,526156,2026-03-22,Delivered,2026-03-24,2026-03-25,2026-03-25
7310346,596564,2024-04-12,Delivered,2024-04-15,2024-04-19,2024-04-19
6314338,148225,2026-05-02,Canceled,,,2026-05-09
5701526,177680,2025-08-18,Delivered,2025-08-20,2025-08-21,2025-08-21
9347441,228093,2024-04-14,Delivered,2024-04-17,2024-04-21,2024-04-21
6190528,220764,2024-02-13,Canceled,,,2024-02-18
7731327,380028,2025-07-08,Delivered,2025-07-09,2025-07-15,2025-07-15
7209345,728038,2025-09-16,Delivered,2025-09-19,2025-09-23,2025-09-23
9402967,900177,2024-06-27,Delivered,2024-06-30,2024-06-29,2024-06-29
5422796,410016,2025-03-20,Canceled,,,2025-03-22
7779437,462351,2024-08-20,Delivered,2024-08-21,2024-08-24,2024-08-24
8914167,832409,2026-05-01,Canceled,,,2026-05-04
7896507,443341,2025-02-23,Delivered,2025-02-26,2025-02-27,2025-02-28
7757208,598216,2024-05-01,Delivered,2024-05-03,2024-05-08,2024-05-08
5016556,220116,2025-06-28,Canceled,,,2025-06-30
6431342,799287,2024-12-11,Delivered,2024-12-14,2024-12-13,2024-12-14
7469600,757629,2024-02-05,Delivered,2024-02-08,2024-02-12,2024-02-12
6188253,822063,2025-07-01,Canceled,,,2025-07-03
7112516,683286,2026-05-15,Confirmed,,,2026-05-22
6160298,753534,2024-09-18,Delivered,2024-09-19,2024-09-25,2024-09-25
8514241,936587,2025-03-17,Canceled,,,2025-03-19
6805811,301939,2024-08-24,Delivered,2024-08-25,2024-08-31,2024-08-31
7056114,595404,2025-06-02,Delivered,2025-06-04,2025-06-07,2025-06-07
8144042,172132,2025-05-09,Delivered,2025-05-12,2025-05-15,2025-05-16
6505230,749342,2025-01-19,Delivered,2025-01-21,2025-01-22,2025-01-22
6905432,176819,2024-12-21,Delivered,2024-12-23,2024-12-28,2024-12-28
5967781,899649,2024-09-23,Canceled,,,2024-09-28
8883471,507524,2024-06-20,Delivered,2024-06-22,2024-06-26,2024-06-26
7687246,904214,2026-05-07,Delivered,2026-05-08,2026-05-14,2026-05-14
7411579,598369,2026-01-28,Delivered,2026-01-31,2026-02-03,2026-02-04
9221032,589491,2024-11-22,Delivered,2024-11-24,2024-11-23,2024-11-24
8713066,914571,2025-02-06,Delivered,2025-02-08,2025-02-12,2025-02-12
9175323,254721,2024-03-08,Delivered,2024-03-09,2024-03-12,2024-03-12
6048134,556732,2024-11-30,Delivered,2024-12-02,2024-12-02,2024-12-02
6629864,693419,2024-03-20,Delivered,2024-03-23,2024-03-24,2024-03-24
6288769,929924,2024-07-15,Delivered,2024-07-17,2024-07-18,2024-07-18
5019972,575435,2024-11-22,Canceled,,,2024-11-27
6296639,932291,2024-07-25,Delivered,2024-07-28,2024-08-01,2024-08-01
5139523,913894,2026-02-23,Delivered,2026-02-26,2026-02-25,2026-02-25
8360643,176066,2025-01-28,Canceled,,,2025-01-30
5755794,137642,2024-07-05,Canceled,,,2024-07-11
6731057,703766,2024-04-03,Delivered,2024-04-06,2024-04-08,2024-04-08
6092686,437902,2024-12-18,Delivered,2024-12-19,2024-12-20,2024-12-20
5120346,599219,2025-11-04,Delivered,2025-11-06,2025-11-09,2025-11-09
6972210,579434,2024-01-06,Delivered,2024-01-08,2024-01-12,2024-01-12
5888074,271720,2024-11-01,Delivered,2024-11-04,2024-11-03,2024-11-03
9395721,632280,2024-09-05,Delivered,2024-09-06,2024-09-08,2024-09-09
8483963,766549,2024-12-14,Delivered,2024-12-16,2024-12-20,2024-12-20
8771623,410016,2024-04-23,Canceled,,,2024-04-27
8567771,182690,2026-01-08,Delivered,2026-01-10,2026-01-11,2026-01-11
8877537,194682,2025-03-19,Delivered,2025-03-22,2025-03-25,2025-03-25
7349436,362147,2025-01-04,Canceled,,,2025-01-10
7577169,513741,2026-02-12,Delivered,2026-02-14,2026-02-15,2026-02-15
9345824,470858,2026-05-03,Canceled,,,2026-05-10
6402707,173372,2025-06-18,Delivered,2025-06-21,2025-06-21,2025-06-21
6492221,133958,2025-07-07,Delivered,2025-07-08,2025-07-12,2025-07-12
9280542,725550,2025-09-24,Canceled,,,2025-10-01
9103674,786508,2025-07-12,Delivered,2025-07-13,2025-07-16,2025-07-16
9652652,240814,2024-03-17,Canceled,,,2024-03-24
5091247,884309,2024-07-09,Canceled,,,2024-07-11
9185898,887352,2024-08-10,Delivered,2024-08-12,2024-08-12,2024-08-12
6638313,203996,2024-12-01,Delivered,2024-12-02,2024-12-05,2024-12-05
5518257,355836,2025-07-05,Delivered,2025-07-08,2025-07-08,2025-07-08
5368235,566732,2024-04-05,Delivered,2024-04-07,2024-04-08,2024-04-08
7510577,261859,2025-12-10,Delivered,2025-12-12,2025-12-16,2025-12-16
8627223,958729,2026-02-04,Delivered,2026-02-06,2026-02-10,2026-02-10
6932662,391476,2024-09-22,Delivered,2024-09-23,2024-09-26,2024-09-26
5262476,929151,2025-11-07,Delivered,2025-11-09,2025-11-11,2025-11-11
9853731,824156,2024-04-05,Delivered,2024-04-07,2024-04-09,2024-04-09
8243817,869440,2025-12-20,Delivered,2025-12-21,2025-12-27,2025-12-27
8501560,950155,2025-12-13,Delivered,2025-12-14,2025-12-18,2025-12-17
8283364,232413,2025-09-16,Delivered,2025-09-17,2025-09-19,2025-09-19
8767430,672079,2025-04-22,Delivered,2025-04-23,2025-04-24,2025-04-24
8665768,237174,2026-01-11,Delivered,2026-01-13,2026-01-19,2026-01-17
6464942,164879,2025-07-24,Delivered,2025-07-27,2025-07-31,2025-07-31
9761865,656932,2025-07-07,Delivered,2025-07-10,2025-07-11,2025-07-12
8173762,766563,2025-04-17,Delivered,2025-04-20,2025-04-21,2025-04-20
5265469,946721,2025-02-15,Delivered,2025-02-17,2025-02-19,2025-02-19
6314149,856321,2026-01-25,Delivered,2026-01-28,2026-01-30,2026-01-30
8642004,936912,2025-06-09,Delivered,2025-06-10,2025-06-11,2025-06-11
7616294,882824,2024-08-11,Delivered,2024-08-13,2024-08-17,2024-08-18
5587791,705397,2025-05-03,Delivered,2025-05-05,2025-05-05,2025-05-05
5348658,664315,2025-11-18,Delivered,2025-11-19,2025-11-24,2025-11-24
7156027,121869,2025-03-04,Delivered,2025-03-05,2025-03-11,2025-03-09
9133533,340062,2025-01-11,Delivered,2025-01-12,2025-01-16,2025-01-16
6031872,176365,2025-07-22,Delivered,2025-07-25,2025-07-23,2025-07-24
8481501,916118,2025-05-11,Delivered,2025-05-14,2025-05-18,2025-05-18
7498171,425486,2024-04-01,Delivered,2024-04-04,2024-04-05,2024-04-03
9994195,561694,2025-02-09,Delivered,2025-02-10,2025-02-13,2025-02-13
7748488,203225,2025-08-29,Canceled,,,2025-08-31
7156137,956572,2024-06-28,Delivered,2024-07-01,2024-07-03,2024-07-03
7690444,165290,2025-12-01,Delivered,2025-12-04,2025-12-06,2025-12-06
9212168,902325,2025-07-10,Delivered,2025-07-11,2025-07-14,2025-07-14
7220370,115582,2025-08-30,Canceled,,,2025-09-04
7555874,399607,2025-02-20,Delivered,2025-02-22,2025-02-25,2025-02-23
8414459,859359,2026-01-01,Delivered,2026-01-03,2026-01-03,2026-01-03
7887127,912233,2025-12-24,Delivered,2025-12-27,2025-12-31,2025-12-31
8923974,970813,2024-11-10,Canceled,,,2024-11-14
8874002,705748,2024-12-22,Delivered,2024-12-23,2024-12-25,2024-12-25
5990174,827157,2026-03-10,Delivered,2026-03-12,2026-03-13,2026-03-13
7056193,642491,2025-12-12,Delivered,2025-12-15,2025-12-19,2025-12-19
8776578,900152,2024-08-21,Delivered,2024-08-22,2024-08-27,2024-08-27
5933321,208529,2026-04-25,Delivered,2026-04-28,2026-04-27,2026-04-27
7890482,817941,2025-12-23,Delivered,2025-12-25,2025-12-27,2025-12-27
6656923,580547,2024-08-29,Delivered,2024-08-31,2024-08-31,2024-08-31
7136297,289630,2024-05-22,Delivered,2024-05-25,2024-05-25,2024-05-25
6403516,833723,2026-02-10,Delivered,2026-02-13,2026-02-12,2026-02-12
8905651,800280,2025-07-07,Delivered,2025-07-10,2025-07-14,2025-07-14
9210958,950360,2025-07-09,Delivered,2025-07-11,2025-07-10,2025-07-11
9882281,308727,2025-01-16,Delivered,2025-01-18,2025-01-20,2025-01-20
6777535,349565,2026-05-02,Delivered,2026-05-05,2026-05-09,2026-05-09
6463922,797229,2024-02-29,Delivered,2024-03-03,2024-03-06,2024-03-06
9371509,435239,2024-04-10,Delivered,2024-04-11,2024-04-17,2024-04-17
8894506,466643,2025-10-19,Canceled,,,2025-10-21
6803377,629057,2025-02-16,Delivered,2025-02-17,2025-02-18,2025-02-18
6224919,626690,2026-01-26,Delivered,2026-01-29,2026-01-30,2026-01-30
6455621,110139,2025-05-07,Delivered,2025-05-09,2025-05-13,2025-05-13
8929556,350786,2024-06-26,Delivered,2024-06-27,2024-06-30,2024-06-30
8167710,582071,2025-09-25,Delivered,2025-09-26,2025-10-03,2025-10-02
8575643,665990,2025-08-16,Canceled,,,2025-08-21
7687820,458332,2024-08-22,Delivered,2024-08-24,2024-08-27,2024-08-27
7156364,572387,2024-02-18,Canceled,,,2024-02-23
9481990,542042,2025-08-05,Delivered,2025-08-07,2025-08-06,2025-08-07
7428764,126240,2025-11-26,Canceled,,,2025-11-28
6074496,571832,2026-02-05,Delivered,2026-02-08,2026-02-11,2026-02-09
9191111,197793,2025-09-27,Delivered,2025-09-28,2025-09-29,2025-09-29
7559523,615060,2024-12-10,Delivered,2024-12-13,2024-12-11,2024-12-12
9983183,341736,2025-03-30,Delivered,2025-03-31,2025-04-02,2025-04-02
7429693,413769,2024-11-17,Canceled,,,2024-11-22
8593223,799539,2026-03-07,Delivered,2026-03-09,2026-03-14,2026-03-14
7561494,353961,2025-11-28,Delivered,2025-11-30,2025-12-06,2025-12-04
7875295,500156,2026-04-27,Canceled,,,2026-04-30
7308017,578975,2026-05-11,Delivered,2026-05-13,2026-05-17,2026-05-18
5491597,674485,2026-02-14,Delivered,2026-02-16,2026-02-17,2026-02-17
6586325,723398,2024-01-09,Delivered,2024-01-12,2024-01-11,2024-01-11
5252231,337547,2025-04-20,Delivered,2025-04-21,2025-04-25,2025-04-26
5234160,250210,2025-01-27,Delivered,2025-01-28,2025-02-03,2025-02-01
6302948,378428,2026-03-11,Delivered,2026-03-14,2026-03-13,2026-03-14
5839910,956253,2025-11-12,Canceled,,,2025-11-14
7518692,561097,2024-12-07,Delivered,2024-12-09,2024-12-12,2024-12-10
6960255,901909,2024-03-06,Canceled,,,2024-03-10
8227487,539589,2025-02-15,Delivered,2025-02-18,2025-02-20,2025-02-20
8487285,683286,2025-01-15,Canceled,,,2025-01-21
7737691,570711,2024-02-17,Delivered,2024-02-18,2024-02-23,2024-02-23
9726617,743378,2025-10-15,Canceled,,,2025-10-17
7465290,939482,2026-04-06,Canceled,,,2026-04-13
8012378,770487,2025-02-27,Delivered,2025-02-28,2025-03-01,2025-03-02
6688171,748052,2025-07-31,Delivered,2025-08-03,2025-08-02,2025-08-02
9648363,143195,2025-10-24,Delivered,2025-10-27,2025-10-30,2025-10-30
9640005,350786,2026-01-02,Delivered,2026-01-04,2026-01-03,2026-01-04
6444527,839677,2026-05-07,Canceled,,,2026-05-11
6804212,488571,2025-10-22,Delivered,2025-10-23,2025-10-24,2025-10-24
6144628,882544,2025-11-14,Delivered,2025-11-15,2025-11-15,2025-11-16
7087401,520172,2024-01-22,Delivered,2024-01-24,2024-01-27,2024-01-27
7564040,596249,2025-07-23,Delivered,2025-07-24,2025-07-27,2025-07-27
7792573,227257,2024-10-04,Delivered,2024-10-07,2024-10-07,2024-10-07
7052660,575682,2025-06-08,Canceled,,,2025-06-12
6831762,232321,2024-05-09,Delivered,2024-05-10,2024-05-14,2024-05-14
7928537,215233,2024-10-26,Canceled,,,2024-10-28
8251401,988662,2024-07-03,Delivered,2024-07-05,2024-07-08,2024-07-08
8500018,221552,2025-06-04,Delivered,2025-06-05,2025-06-06,2025-06-06
9317575,933980,2025-11-07,Canceled,,,2025-11-13
6358211,277934,2024-02-24,Canceled,,,2024-02-27
6111540,145934,2025-03-28,Delivered,2025-03-31,2025-03-30,2025-03-31
9394419,256782,2025-05-27,Delivered,2025-05-29,2025-05-31,2025-05-31
8484569,704238,2025-08-26,Canceled,,,2025-08-30
8060536,551524,2025-07-23,Delivered,2025-07-25,2025-07-30,2025-07-30
9062398,428914,2024-06-17,Delivered,2024-06-18,2024-06-23,2024-06-23
8091938,652108,2024-03-29,Delivered,2024-03-31,2024-04-02,2024-04-03
7543979,887625,2025-02-22,Delivered,2025-02-24,2025-02-26,2025-02-27
6247880,677057,2025-05-04,Canceled,,,2025-05-10
5044436,595631,2024-06-12,Canceled,,,2024-06-17
6854563,837135,2024-05-30,Delivered,2024-06-01,2024-06-05,2024-06-03
9590069,214975,2026-04-17,Canceled,,,2026-04-23
5006074,663054,2026-01-16,Canceled,,,2026-01-22
5948263,347459,2024-02-14,Delivered,2024-02-16,2024-02-17,2024-02-17
6693110,409222,2025-06-07,Delivered,2025-06-10,2025-06-11,2025-06-11
6952535,381433,2025-06-21,Canceled,,,2025-06-26
8915182,664607,2025-12-08,Delivered,2025-12-09,2025-12-14,2025-12-15
8327923,230889,2024-05-04,Delivered,2024-05-07,2024-05-08,2024-05-08
5614256,710805,2025-04-29,Delivered,2025-05-02,2025-05-04,2025-05-04
5654215,301332,2024-06-23,Canceled,,,2024-06-29
8065411,336574,2025-01-24,Canceled,,,2025-01-27
8833028,335134,2026-04-06,Delivered,2026-04-08,2026-04-10,2026-04-10
9041808,497562,2025-03-14,Delivered,2025-03-17,2025-03-18,2025-03-18
5067352,787926,2024-09-26,Canceled,,,2024-09-30
5832977,711878,2025-09-13,Delivered,2025-09-16,2025-09-15,2025-09-15
7606392,885339,2024-07-23,Delivered,2024-07-25,2024-07-29,2024-07-29
5747810,182467,2024-12-19,Delivered,2024-12-21,2024-12-23,2024-12-22
5966366,502810,2025-07-08,Delivered,2025-07-09,2025-07-10,2025-07-10
5662580,283573,2025-01-06,Delivered,2025-01-07,2025-01-07,2025-01-08
7987481,178463,2025-11-11,Canceled,,,2025-11-15
9431933,940247,2024-09-26,Delivered,2024-09-27,2024-09-29,2024-09-29
5905594,737846,2025-05-30,Delivered,2025-06-02,2025-06-03,2025-06-04
8191436,377405,2024-04-21,Delivered,2024-04-24,2024-04-28,2024-04-26
6289857,827712,2024-06-26,Delivered,2024-06-28,2024-06-28,2024-06-28
6777243,664315,2025-03-12,Canceled,,,2025-03-19
5579934,109767,2024-12-02,Canceled,,,2024-12-07
7966687,256226,2025-11-15,Canceled,,,2025-11-17
7041360,940886,2026-05-02,Canceled,,,2026-05-09
7292829,121369,2025-01-08,Delivered,2025-01-09,2025-01-12,2025-01-12
6346019,877236,2024-02-16,Canceled,,,2024-02-23
9603783,430926,2024-12-25,Canceled,,,2024-12-27
5614971,599380,2026-03-24,Delivered,2026-03-25,2026-03-31,2026-03-31
5949210,977330,2024-08-23,Delivered,2024-08-26,2024-08-29,2024-08-28
8004711,900185,2025-08-17,Delivered,2025-08-18,2025-08-19,2025-08-19
9574796,797416,2024-03-06,Delivered,2024-03-09,2024-03-13,2024-03-13
8880962,740255,2026-02-13,Canceled,,,2026-02-15
8397478,355135,2024-07-17,Delivered,2024-07-18,2024-07-22,2024-07-22
7834327,299312,2025-12-29,Delivered,2025-12-30,2026-01-02,2026-01-01
5327595,843788,2024-10-10,Canceled,,,2024-10-12
9839015,550961,2024-11-26,Canceled,,,2024-11-30
5538593,912609,2025-07-12,Canceled,,,2025-07-18
8157244,822858,2026-04-10,Delivered,2026-04-12,2026-04-14,2026-04-14
6694437,857537,2025-10-05,Delivered,2025-10-07,2025-10-11,2025-10-11
8762195,203896,2026-01-25,Delivered,2026-01-26,2026-01-30,2026-01-31
8055887,897615,2024-09-27,Delivered,2024-09-30,2024-10-01,2024-09-30
5190253,842411,2024-01-17,Canceled,,,2024-01-23
8096435,189511,2025-04-26,Delivered,2025-04-27,2025-04-29,2025-04-29
8684037,405420,2024-07-13,Delivered,2024-07-14,2024-07-15,2024-07-15
6150136,322423,2024-03-08,Delivered,2024-03-11,2024-03-13,2024-03-14
8109181,178711,2025-01-31,Delivered,2025-02-02,2025-02-05,2025-02-05
5539841,913875,2024-02-14,Canceled,,,2024-02-20
5322730,424620,2024-06-20,Delivered,2024-06-23,2024-06-25,2024-06-25
9669623,364525,2025-03-27,Canceled,,,2025-03-31
5775756,438908,2026-05-03,Canceled,,,2026-05-08
5521104,283700,2024-01-21,Delivered,2024-01-22,2024-01-26,2024-01-26
5255244,407696,2024-01-01,Delivered,2024-01-04,2024-01-03,2024-01-03
9850695,995916,2024-02-08,Delivered,2024-02-11,2024-02-11,2024-02-10
7221321,377932,2025-06-25,Delivered,2025-06-27,2025-06-30,2025-06-30
7473803,201883,2025-12-06,Canceled,,,2025-12-09
6853545,737846,2024-03-04,Delivered,2024-03-06,2024-03-05,2024-03-06
5126923,289179,2025-09-09,Delivered,2025-09-10,2025-09-14,2025-09-14
5297730,734210,2025-07-25,Canceled,,,2025-07-27
6167200,141797,2026-02-06,Delivered,2026-02-09,2026-02-14,2026-02-12
8853979,592296,2026-03-27,Delivered,2026-03-30,2026-03-30,2026-03-30
9094662,680828,2025-02-22,Canceled,,,2025-02-25
6889845,101206,2025-12-21,Delivered,2025-12-23,2025-12-25,2025-12-25
6160364,236306,2024-02-06,Delivered,2024-02-09,2024-02-08,2024-02-08
5118604,807053,2025-11-27,Delivered,2025-11-30,2025-11-29,2025-11-30
8146317,227324,2025-09-04,Delivered,2025-09-06,2025-09-06,2025-09-07
7817717,213346,2024-06-19,Delivered,2024-06-20,2024-06-22,2024-06-22
8330108,579434,2025-10-20,Delivered,2025-10-21,2025-10-23,2025-10-23
9746777,691119,2025-02-27,Delivered,2025-02-28,2025-03-05,2025-03-06
7425151,386544,2024-08-09,Delivered,2024-08-12,2024-08-13,2024-08-13
6225038,656251,2024-05-05,Delivered,2024-05-06,2024-05-11,2024-05-12
8745252,755383,2024-02-10,Delivered,2024-02-11,2024-02-14,2024-02-14
8465038,787436,2026-05-11,Canceled,,,2026-05-15
6582902,232915,2024-11-14,Delivered,2024-11-17,2024-11-21,2024-11-21
9644008,796643,2025-03-09,Delivered,2025-03-10,2025-03-11,2025-03-11
5071477,259784,2025-12-17,Delivered,2025-12-18,2025-12-24,2025-12-24
9413614,401338,2025-11-26,Delivered,2025-11-28,2025-11-30,2025-12-01
6452350,185461,2025-10-17,Delivered,2025-10-19,2025-10-22,2025-10-22
8209885,301629,2024-04-10,Canceled,,,2024-04-17
6658185,859359,2024-11-25,Canceled,,,2024-12-01
6383794,596171,2024-06-23,Canceled,,,2024-06-29
8301551,563246,2026-02-23,Delivered,2026-02-26,2026-02-27,2026-02-27
8735120,147440,2024-04-29,Delivered,2024-04-30,2024-05-04,2024-05-03
8499571,761532,2024-03-29,Delivered,2024-04-01,2024-04-02,2024-04-02
6898566,377501,2024-10-15,Delivered,2024-10-17,2024-10-17,2024-10-17
5842701,127965,2024-07-13,Delivered,2024-07-15,2024-07-18,2024-07-18
5735832,960408,2025-08-22,Delivered,2025-08-23,2025-08-23,2025-08-24
7595400,790993,2024-06-23,Canceled,,,2024-06-30
7067657,755788,2024-03-20,Delivered,2024-03-23,2024-03-22,2024-03-22
5664049,568238,2025-06-12,Delivered,2025-06-14,2025-06-17,2025-06-18
5515103,837715,2024-12-03,Canceled,,,2024-12-05
8848637,651613,2024-04-02,Canceled,,,2024-04-04
7849655,684482,2024-04-09,Canceled,,,2024-04-11
6918332,141797,2025-11-07,Delivered,2025-11-10,2025-11-13,2025-11-13
9218957,905077,2025-12-10,Delivered,2025-12-11,2025-12-13,2025-12-14
8990785,985447,2025-01-04,Delivered,2025-01-05,2025-01-09,2025-01-09
5657607,400850,2025-09-19,Delivered,2025-09-21,2025-09-22,2025-09-22
7317950,440035,2025-02-01,Delivered,2025-02-03,2025-02-07,2025-02-07
5912499,997594,2024-11-27,Delivered,2024-11-29,2024-12-01,2024-12-01
7232501,883790,2024-01-13,Delivered,2024-01-15,2024-01-19,2024-01-19
6559856,621530,2025-11-09,Delivered,2025-11-12,2025-11-11,2025-11-11
8622821,803204,2024-12-08,Delivered,2024-12-10,2024-12-14,2024-12-14
7448121,540869,2025-03-12,Delivered,2025-03-15,2025-03-15,2025-03-14
6124309,906814,2024-08-28,Canceled,,,2024-09-02
9965382,266457,2024-05-20,Delivered,2024-05-23,2024-05-22,2024-05-22
6851711,724932,2024-08-22,Delivered,2024-08-24,2024-08-28,2024-08-28
5257845,182582,2025-08-27,Delivered,2025-08-28,2025-08-30,2025-08-30
8157441,250069,2024-03-21,Delivered,2024-03-23,2024-03-24,2024-03-24
7158195,665990,2024-08-18,Canceled,,,2024-08-22
8199951,799539,2025-08-29,Delivered,2025-09-01,2025-09-02,2025-09-02
5939669,387636,2024-09-21,Canceled,,,2024-09-23
7359611,290305,2025-04-03,Delivered,2025-04-06,2025-04-07,2025-04-07
6667255,880758,2025-06-30,Delivered,2025-07-01,2025-07-03,2025-07-03
9246414,945964,2025-10-24,Delivered,2025-10-27,2025-10-26,2025-10-26
6692637,587853,2024-02-04,Delivered,2024-02-07,2024-02-09,2024-02-09
9246807,910208,2025-06-22,Delivered,2025-06-25,2025-06-27,2025-06-27
5530513,651231,2025-06-25,Delivered,2025-06-26,2025-07-01,2025-07-01
8464745,156802,2025-03-27,Delivered,2025-03-29,2025-04-02,2025-04-02
9171001,751194,2025-06-21,Delivered,2025-06-24,2025-06-26,2025-06-26
7520473,549660,2025-07-21,Delivered,2025-07-22,2025-07-23,2025-07-23
6127127,933510,2024-05-04,Delivered,2024-05-07,2024-05-06,2024-05-06
9531649,772875,2025-03-23,Delivered,2025-03-26,2025-03-29,2025-03-29
9991786,592296,2024-08-12,Delivered,2024-08-15,2024-08-18,2024-08-19
7625439,974224,2025-01-20,Delivered,2025-01-21,2025-01-24,2025-01-24
7605819,794299,2025-05-31,Canceled,,,2025-06-03
5428757,324130,2024-08-17,Canceled,,,2024-08-20
7984364,688637,2025-10-31,Canceled,,,2025-11-03
9465273,379676,2025-06-21,Delivered,2025-06-22,2025-06-30,2025-06-28
7385603,368355,2025-10-23,Delivered,2025-10-26,2025-10-25,2025-10-25
8981017,688215,2024-09-21,Delivered,2024-09-22,2024-09-26,2024-09-26
7177387,899929,2025-04-15,Delivered,2025-04-17,2025-04-21,2025-04-21
7064647,350132,2025-07-12,Delivered,2025-07-14,2025-07-16,2025-07-16
9677874,268099,2025-12-10,Canceled,,,2025-12-14
9898591,195763,2024-11-16,Delivered,2024-11-17,2024-11-18,2024-11-18
7456330,599219,2024-07-01,Delivered,2024-07-04,2024-07-06,2024-07-06
9098416,912233,2026-02-04,Delivered,2026-02-06,2026-02-06,2026-02-06
7818981,771088,2024-02-09,Delivered,2024-02-12,2024-02-12,2024-02-12
6120573,335113,2024-02-23,Delivered,2024-02-24,2024-02-26,2024-02-27
9263926,199704,2024-05-16,Canceled,,,2024-05-20
9944550,184491,2024-04-10,Canceled,,,2024-04-17
9062790,748052,2024-06-25,Canceled,,,2024-06-28
6358408,481995,2024-05-11,Delivered,2024-05-12,2024-05-17,2024-05-17
7560078,570050,2025-07-17,Canceled,,,2025-07-24
7799529,127032,2025-05-31,Delivered,2025-06-03,2025-06-05,2025-06-05
8844067,823270,2026-01-04,Delivered,2026-01-05,2026-01-07,2026-01-07
9730515,220351,2025-06-01,Delivered,2025-06-03,2025-06-08,2025-06-08
9662830,353961,2025-10-22,Delivered,2025-10-25,2025-10-28,2025-10-29
9945937,408036,2025-05-31,Delivered,2025-06-01,2025-06-03,2025-06-04
9556691,595948,2025-10-06,Delivered,2025-10-09,2025-10-11,2025-10-11
6497432,744718,2024-06-20,Canceled,,,2024-06-22
6569806,776502,2024-03-26,Delivered,2024-03-28,2024-03-29,2024-03-29
7413700,643269,2025-07-25,Canceled,,,2025-07-28
7851010,896788,2024-04-26,Canceled,,,2024-05-03
7892588,203996,2024-05-14,Delivered,2024-05-16,2024-05-19,2024-05-19
7475456,961722,2025-03-20,Canceled,,,2025-03-25
5221295,583863,2025-07-05,Delivered,2025-07-07,2025-07-09,2025-07-09
7345172,834233,2024-10-21,Delivered,2024-10-24,2024-10-23,2024-10-23
6269853,808011,2024-07-17,Delivered,2024-07-19,2024-07-20,2024-07-20
6024410,396451,2024-01-30,Canceled,,,2024-02-02
5178922,711868,2024-10-12,Delivered,2024-10-13,2024-10-17,2024-10-17
5079053,549660,2025-04-12,Delivered,2025-04-14,2025-04-15,2025-04-15
5945943,876962,2025-11-25,Delivered,2025-11-27,2025-11-30,2025-11-30
7518316,949884,2026-03-25,Delivered,2026-03-27,2026-03-31,2026-03-31
9962292,169113,2026-01-31,Delivered,2026-02-01,2026-02-07,2026-02-07
8350869,565230,2026-02-23,Delivered,2026-02-25,2026-02-26,2026-02-26
5993656,601776,2024-01-18,Delivered,2024-01-21,2024-01-22,2024-01-22
5918684,346277,2026-04-15,Delivered,2026-04-17,2026-04-19,2026-04-19
8969682,156213,2025-07-26,Delivered,2025-07-27,2025-08-02,2025-08-02
8737319,958179,2024-10-18,Delivered,2024-10-19,2024-10-20,2024-10-20
9418665,219629,2025-04-07,Delivered,2025-04-08,2025-04-11,2025-04-11
7698809,116093,2025-09-14,Delivered,2025-09-17,2025-09-21,2025-09-21
7346843,723948,2026-03-07,Delivered,2026-03-09,2026-03-12,2026-03-11
8118589,733052,2025-12-04,Delivered,2025-12-06,2025-12-09,2025-12-09
6751061,350021,2025-04-28,Delivered,2025-04-29,2025-04-29,2025-04-30
9746869,973074,2024-03-29,Delivered,2024-04-01,2024-04-05,2024-04-05
5262954,717889,2025-12-04,Canceled,,,2025-12-06
7905766,781453,2024-02-26,Delivered,2024-02-28,2024-02-28,2024-02-28
8692543,489033,2025-03-15,Delivered,2025-03-17,2025-03-18,2025-03-18
9583476,115474,2025-08-15,Delivered,2025-08-16,2025-08-17,2025-08-18
8189991,984642,2024-08-09,Canceled,,,2024-08-16
8224052,211834,2024-10-13,Delivered,2024-10-16,2024-10-17,2024-10-17
6074184,268099,2024-05-29,Canceled,,,2024-06-03
8616466,770556,2025-10-28,Delivered,2025-10-31,2025-11-03,2025-11-02
9987491,704201,2025-03-05,Canceled,,,2025-03-07
6482486,613425,2025-04-02,Canceled,,,2025-04-06
6803158,772124,2024-10-22,Delivered,2024-10-24,2024-10-23,2024-10-24
6987382,245534,2024-02-08,Canceled,,,2024-02-13
9752299,693830,2024-04-15,Delivered,2024-04-16,2024-04-22,2024-04-22
7838737,191161,2025-11-21,Delivered,2025-11-24,2025-11-27,2025-11-28
7023663,860557,2024-09-09,Delivered,2024-09-10,2024-09-12,2024-09-12
5070411,130359,2025-09-27,Delivered,2025-09-29,2025-09-29,2025-09-29
5272873,646781,2025-03-16,Delivered,2025-03-17,2025-03-20,2025-03-20
6072489,935457,2024-05-10,Delivered,2024-05-11,2024-05-12,2024-05-12
7905891,896290,2025-11-01,Delivered,2025-11-02,2025-11-06,2025-11-06
7946473,827157,2024-12-27,Canceled,,,2024-12-31
6638557,911984,2025-06-09,Delivered,2025-06-11,2025-06-14,2025-06-14
9989932,799233,2024-11-08,Canceled,,,2024-11-15
7807455,560767,2024-11-29,Delivered,2024-11-30,2024-11-30,2024-12-01
6537647,537983,2025-11-03,Delivered,2025-11-05,2025-11-08,2025-11-09
8097346,610311,2024-08-25,Delivered,2024-08-26,2024-08-28,2024-08-28
8358055,880841,2024-05-24,Delivered,2024-05-25,2024-05-30,2024-05-31
6729270,177680,2026-01-29,Delivered,2026-01-31,2026-01-30,2026-01-31
8812038,561124,2024-11-09,Delivered,2024-11-10,2024-11-14,2024-11-14
9089353,901909,2025-01-17,Delivered,2025-01-18,2025-01-24,2025-01-24
6830361,666390,2025-03-09,Delivered,2025-03-10,2025-03-11,2025-03-12
5885089,834233,2024-12-15,Delivered,2024-12-16,2024-12-22,2024-12-22
6473970,766269,2025-10-31,Delivered,2025-11-03,2025-11-07,2025-11-07
8009807,809570,2025-03-07,Delivered,2025-03-10,2025-03-12,2025-03-10
6326391,310743,2025-05-06,Delivered,2025-05-07,2025-05-12,2025-05-12
7612674,715870,2025-04-12,Canceled,,,2025-04-19
8037938,690341,2026-04-23,Canceled,,,2026-04-30
9452966,235300,2026-04-20,Delivered,2026-04-21,2026-04-23,2026-04-23
9106194,348237,2024-06-15,Delivered,2024-06-18,2024-06-17,2024-06-17
5268011,328552,2025-07-17,Canceled,,,2025-07-22
6031908,519453,2024-04-02,Delivered,2024-04-04,2024-04-03,2024-04-04
6852902,296694,2025-09-05,Canceled,,,2025-09-10
5796674,848255,2024-07-24,Delivered,2024-07-26,2024-07-27,2024-07-27
5981237,703139,2025-03-08,Canceled,,,2025-03-15
5524377,161733,2026-04-25,Delivered,2026-04-26,2026-04-28,2026-04-28
8732159,896028,2025-07-17,Delivered,2025-07-19,2025-07-23,2025-07-22
7944867,897135,2025-11-04,Canceled,,,2025-11-07
6022753,156837,2024-03-23,Delivered,2024-03-26,2024-03-29,2024-03-29
9114889,727086,2024-06-17,Delivered,2024-06-19,2024-06-23,2024-06-23
6993267,531712,2026-03-21,Delivered,2026-03-24,2026-03-25,2026-03-25
6730057,885339,2024-04-14,Delivered,2024-04-17,2024-04-21,2024-04-21
8060495,596756,2024-09-07,Delivered,2024-09-10,2024-09-12,2024-09-12
9673999,924613,2024-02-20,Delivered,2024-02-23,2024-02-24,2024-02-24
6645130,350132,2025-11-10,Delivered,2025-11-13,2025-11-17,2025-11-16
8449866,696750,2024-06-25,Canceled,,,2024-06-28
6191762,648913,2025-05-19,Delivered,2025-05-22,2025-05-24,2025-05-24
7466119,428914,2026-02-11,Delivered,2026-02-14,2026-02-12,2026-02-13
9723721,632351,2025-03-21,Canceled,,,2025-03-24
6479400,320281,2025-10-08,Delivered,2025-10-10,2025-10-15,2025-10-15
6042969,860557,2024-01-27,Delivered,2024-01-29,2024-02-04,2024-02-02
7826140,624563,2025-12-20,Delivered,2025-12-22,2025-12-26,2025-12-26
5725979,362801,2026-03-16,Delivered,2026-03-17,2026-03-21,2026-03-22
7850392,148050,2024-05-31,Delivered,2024-06-01,2024-06-01,2024-06-02
8596533,970127,2025-05-17,Canceled,,,2025-05-22
9858205,497382,2025-08-19,Canceled,,,2025-08-23
7592293,309398,2025-07-15,Delivered,2025-07-18,2025-07-20,2025-07-20
7612763,310743,2025-09-21,Delivered,2025-09-23,2025-09-23,2025-09-23
6847828,172574,2024-11-02,Delivered,2024-11-03,2024-11-05,2024-11-05
9640532,230394,2025-04-11,Delivered,2025-04-13,2025-04-18,2025-04-18
9156320,980660,2024-10-07,Delivered,2024-10-08,2024-10-13,2024-10-14
9593927,242254,2026-02-24,Delivered,2026-02-27,2026-02-27,2026-02-27
8989596,839677,2025-03-31,Delivered,2025-04-01,2025-04-02,2025-04-02
5586503,246570,2025-10-13,Delivered,2025-10-16,2025-10-19,2025-10-20
8838708,132537,2026-01-01,Delivered,2026-01-03,2026-01-08,2026-01-06
5574107,982277,2024-12-15,Delivered,2024-12-16,2024-12-22,2024-12-22
6937602,150126,2024-05-05,Canceled,,,2024-05-10
7715038,204180,2025-03-28,Delivered,2025-03-31,2025-03-30,2025-03-30
6809854,662761,2025-01-26,Delivered,2025-01-28,2025-01-28,2025-01-28
7923766,711680,2024-07-01,Delivered,2024-07-03,2024-07-08,2024-07-07
9307545,701253,2024-09-18,Delivered,2024-09-19,2024-09-22,2024-09-22
9902966,771237,2025-04-29,Delivered,2025-05-01,2025-05-04,2025-05-05
5703174,615060,2025-11-23,Delivered,2025-11-26,2025-11-29,2025-11-29
5473167,338968,2026-02-13,Delivered,2026-02-15,2026-02-20,2026-02-18
7934459,648913,2024-11-24,Delivered,2024-11-25,2024-11-28,2024-11-29
7337112,968962,2025-07-01,Delivered,2025-07-02,2025-07-06,2025-07-06
9517407,950823,2024-11-19,Delivered,2024-11-22,2024-11-22,2024-11-21
6460496,665158,2025-07-20,Delivered,2025-07-21,2025-07-28,2025-07-27
7774921,195656,2024-06-22,Canceled,,,2024-06-24
8634102,643623,2026-02-07,Delivered,2026-02-08,2026-02-12,2026-02-12
6334201,671971,2026-01-02,Canceled,,,2026-01-06
9059327,351516,2025-12-19,Canceled,,,2025-12-24
6786140,965845,2024-03-10,Delivered,2024-03-13,2024-03-14,2024-03-14
8561217,776856,2026-04-13,Canceled,,,2026-04-16
7354021,352422,2024-07-13,Canceled,,,2024-07-17
6670231,791998,2024-11-13,Delivered,2024-11-16,2024-11-17,2024-11-17
6695339,214351,2025-04-28,Canceled,,,2025-05-04
6045782,547470,2025-12-01,Delivered,2025-12-03,2025-12-03,2025-12-03
8610969,619389,2024-06-25,Canceled,,,2024-07-02
5691606,768891,2024-01-12,Canceled,,,2024-01-16
6293585,519453,2025-06-30,Canceled,,,2025-07-06
5001654,172574,2026-01-01,Delivered,2026-01-02,2026-01-04,2026-01-05
6184467,221552,2025-06-18,Delivered,2025-06-20,2025-06-23,2025-06-24
9608626,516716,2026-01-06,Delivered,2026-01-07,2026-01-11,2026-01-11
8529077,274446,2025-12-29,Canceled,,,2026-01-03
9475598,994253,2024-11-26,Delivered,2024-11-28,2024-11-30,2024-11-30
8989999,197793,2024-09-22,Delivered,2024-09-25,2024-09-23,2024-09-24
9683823,443341,2024-07-19,Delivered,2024-07-20,2024-07-22,2024-07-22
7460037,575435,2025-10-11,Delivered,2025-10-12,2025-10-15,2025-10-15
6284883,231869,2025-05-15,Delivered,2025-05-16,2025-05-17,2025-05-18
8960398,839677,2025-07-31,Delivered,2025-08-02,2025-08-03,2025-08-04
9038378,619389,2025-01-24,Delivered,2025-01-25,2025-01-28,2025-01-28
7772555,162535,2025-07-09,Delivered,2025-07-12,2025-07-14,2025-07-14
5863181,201514,2025-04-14,Delivered,2025-04-16,2025-04-16,2025-04-16
7638142,377746,2024-04-27,Canceled,,,2024-05-03
6864221,885884,2026-04-05,Delivered,2026-04-07,2026-04-11,2026-04-11
8330421,543143,2024-09-30,Delivered,2024-10-03,2024-10-03,2024-10-04
8688798,196214,2025-06-20,Delivered,2025-06-21,2025-06-21,2025-06-22
6147322,742412,2024-03-01,Delivered,2024-03-02,2024-03-06,2024-03-06
5395435,910389,2025-02-08,Canceled,,,2025-02-10
9948631,810250,2025-06-22,Canceled,,,2025-06-27
8687501,184002,2024-05-09,Delivered,2024-05-12,2024-05-11,2024-05-11
7967192,699704,2026-04-28,Delivered,2026-04-29,2026-05-07,2026-05-05
5303077,539589,2024-02-01,Delivered,2024-02-03,2024-02-06,2024-02-06
8219781,777278,2024-08-24,Delivered,2024-08-26,2024-08-27,2024-08-27
8149927,285652,2026-05-10,Delivered,2026-05-11,2026-05-14,2026-05-14
9972629,974628,2024-01-26,Delivered,2024-01-28,2024-02-02,2024-02-02
5871086,757711,2025-11-24,Canceled,,,2025-11-27
6077363,908577,2024-03-09,Delivered,2024-03-10,2024-03-13,2024-03-13
9584564,384913,2026-05-12,Delivered,2026-05-14,2026-05-15,2026-05-16
7631750,472060,2025-05-17,Delivered,2025-05-18,2025-05-24,2025-05-24
8320074,766158,2025-05-06,Delivered,2025-05-07,2025-05-09,2025-05-09
9345191,925622,2025-03-31,Canceled,,,2025-04-07
7765137,802559,2025-08-31,Delivered,2025-09-01,2025-09-03,2025-09-03
9742696,172132,2024-04-29,Delivered,2024-05-02,2024-05-02,2024-05-02
7309306,815054,2025-07-02,Delivered,2025-07-04,2025-07-04,2025-07-05
7443680,748564,2025-06-11,Delivered,2025-06-12,2025-06-16,2025-06-14
5660361,973074,2025-08-20,Delivered,2025-08-23,2025-08-26,2025-08-26
8526331,912617,2025-03-27,Delivered,2025-03-29,2025-04-01,2025-04-01
7396076,172965,2024-07-31,Delivered,2024-08-03,2024-08-02,2024-08-02
9797091,403445,2024-07-17,Delivered,2024-07-18,2024-07-24,2024-07-24
6984519,266889,2025-01-23,Delivered,2025-01-25,2025-01-27,2025-01-27
6723530,791798,2025-08-31,Canceled,,,2025-09-06
5833402,466643,2025-08-16,Canceled,,,2025-08-20
5702920,504924,2025-06-17,Delivered,2025-06-19,2025-06-23,2025-06-24
5731074,497399,2025-04-09,Delivered,2025-04-11,2025-04-16,2025-04-16
7683026,709805,2025-12-01,Delivered,2025-12-03,2025-12-03,2025-12-03
8200427,357420,2026-04-30,Delivered,2026-05-01,2026-05-06,2026-05-07
9546027,817497,2024-01-19,Delivered,2024-01-22,2024-01-21,2024-01-21
7665156,218972,2025-12-24,Canceled,,,2025-12-27
7618721,178711,2026-04-12,Delivered,2026-04-14,2026-04-14,2026-04-14
5238952,142185,2024-08-02,Canceled,,,2024-08-04
6427306,573489,2026-01-07,Canceled,,,2026-01-14
8245053,100425,2024-07-08,Delivered,2024-07-11,2024-07-13,2024-07-14
6050102,735324,2025-08-26,Delivered,2025-08-28,2025-09-01,2025-08-31
5833695,565108,2024-01-16,Delivered,2024-01-18,2024-01-17,2024-01-18
9344438,284692,2025-06-17,Delivered,2025-06-18,2025-06-22,2025-06-22
5346347,291132,2024-03-06,Delivered,2024-03-09,2024-03-09,2024-03-09
8298235,263137,2024-06-25,Delivered,2024-06-28,2024-06-29,2024-06-30
5082059,207786,2025-01-16,Canceled,,,2025-01-21
7059643,465962,2024-04-20,Canceled,,,2024-04-24
8429452,416768,2024-06-12,Canceled,,,2024-06-19
7095667,550089,2024-09-02,Delivered,2024-09-03,2024-09-05,2024-09-05
6424229,293319,2026-05-05,Canceled,,,2026-05-10
6936892,449218,2025-09-21,Delivered,2025-09-22,2025-09-25,2025-09-24
8098129,108203,2025-10-19,Canceled,,,2025-10-26
6026812,483366,2026-04-26,Delivered,2026-04-29,2026-05-04,2026-05-02
9612594,610271,2026-01-20,Canceled,,,2026-01-25
7729129,792094,2025-01-28,Delivered,2025-01-29,2025-02-03,2025-02-03
6440488,963333,2025-08-14,Delivered,2025-08-17,2025-08-17,2025-08-17
6213110,372793,2024-10-15,Delivered,2024-10-17,2024-10-18,2024-10-18
9988657,447235,2026-03-23,Delivered,2026-03-24,2026-03-30,2026-03-30
5746309,539898,2025-11-30,Delivered,2025-12-03,2025-12-07,2025-12-07
8586471,790993,2024-12-19,Canceled,,,2024-12-24
7970444,534572,2024-08-06,Delivered,2024-08-07,2024-08-08,2024-08-08
8346860,918011,2024-05-13,Delivered,2024-05-15,2024-05-20,2024-05-20
5782433,343467,2025-05-20,Delivered,2025-05-21,2025-05-21,2025-05-22
6671598,406327,2025-08-30,Delivered,2025-09-02,2025-09-03,2025-09-03
5518690,482584,2025-11-19,Delivered,2025-11-22,2025-11-23,2025-11-24
8692792,201255,2025-06-06,Delivered,2025-06-07,2025-06-09,2025-06-10
7017053,243139,2025-07-14,Delivered,2025-07-17,2025-07-21,2025-07-21
9324834,521126,2024-12-27,Canceled,,,2025-01-01
8672391,251716,2024-05-30,Delivered,2024-06-01,2024-06-04,2024-06-04
5658793,533020,2025-11-29,Delivered,2025-11-30,2025-12-05,2025-12-06
7440899,804938,2024-01-19,Delivered,2024-01-21,2024-01-23,2024-01-23
9287994,925013,2025-05-10,Delivered,2025-05-11,2025-05-17,2025-05-17
7425398,424620,2026-01-29,Delivered,2026-01-30,2026-02-03,2026-02-03
7695366,666847,2024-06-26,Delivered,2024-06-27,2024-07-02,2024-07-02
7272847,564920,2026-04-10,Delivered,2026-04-12,2026-04-15,2026-04-16
7583026,437902,2024-01-27,Delivered,2024-01-30,2024-01-31,2024-01-31
6667864,825686,2025-04-19,Delivered,2025-04-20,2025-04-28,2025-04-26
5248764,100599,2024-05-15,Delivered,2024-05-17,2024-05-16,2024-05-17
5033356,387936,2025-07-03,Canceled,,,2025-07-08
8894039,681128,2024-09-07,Canceled,,,2024-09-11
7451580,656968,2024-09-01,Delivered,2024-09-02,2024-09-03,2024-09-03
7826335,385320,2025-01-01,Delivered,2025-01-04,2025-01-08,2025-01-08
8780987,587575,2024-05-18,Delivered,2024-05-21,2024-05-21,2024-05-20
9099107,449499,2026-01-02,Canceled,,,2026-01-06
8933228,268637,2024-04-18,Delivered,2024-04-21,2024-04-20,2024-04-20
7441160,551860,2025-03-27,Delivered,2025-03-28,2025-03-30,2025-03-30
6015910,757924,2024-10-15,Delivered,2024-10-17,2024-10-24,2024-10-22
7462071,697983,2025-02-06,Canceled,,,2025-02-10
8524126,177794,2025-03-24,Delivered,2025-03-26,2025-03-31,2025-03-31
7905221,702826,2026-03-28,Delivered,2026-03-31,2026-04-01,2026-03-31
5841185,433632,2025-01-01,Delivered,2025-01-02,2025-01-05,2025-01-05
9206268,226935,2025-06-01,Delivered,2025-06-02,2025-06-07,2025-06-08
6761333,606404,2024-11-24,Delivered,2024-11-27,2024-11-29,2024-11-29
5814462,420015,2024-12-23,Delivered,2024-12-26,2024-12-28,2024-12-29
8366979,198907,2024-02-04,Delivered,2024-02-05,2024-02-06,2024-02-06
7050893,468074,2026-04-25,Delivered,2026-04-28,2026-05-02,2026-05-02
6683089,664742,2025-09-14,Delivered,2025-09-15,2025-09-21,2025-09-21
6468184,731718,2025-10-18,Canceled,,,2025-10-21
8077675,797416,2024-05-15,Delivered,2024-05-16,2024-05-21,2024-05-21
6859679,821590,2024-05-05,Delivered,2024-05-08,2024-05-11,2024-05-12
7031933,124813,2025-05-11,Canceled,,,2025-05-14
8636895,551574,2025-10-26,Delivered,2025-10-27,2025-10-29,2025-10-29
6651322,930117,2026-03-02,Canceled,,,2026-03-04
5333513,800646,2024-06-27,Delivered,2024-06-30,2024-07-02,2024-07-02
7789365,783501,2024-02-08,Canceled,,,2024-02-10
8831569,544920,2025-09-13,Delivered,2025-09-14,2025-09-17,2025-09-18
7962749,929538,2026-05-14,Canceled,,,2026-05-21
8886719,855053,2025-04-23,Delivered,2025-04-26,2025-04-28,2025-04-28
9241672,811875,2025-09-20,Canceled,,,2025-09-26
8185535,674485,2026-01-15,Delivered,2026-01-16,2026-01-22,2026-01-22
8387858,950155,2025-07-16,Canceled,,,2025-07-23
5467870,400009,2024-03-08,Canceled,,,2024-03-13
8801837,299869,2025-11-01,Delivered,2025-11-02,2025-11-04,2025-11-05
5489529,151021,2024-03-30,Delivered,2024-04-01,2024-04-03,2024-04-03
6567320,197923,2025-01-26,Canceled,,,2025-02-02
7823257,952686,2024-06-17,Delivered,2024-06-19,2024-06-20,2024-06-20
5194852,669827,2024-05-14,Delivered,2024-05-15,2024-05-21,2024-05-21
8829262,273580,2025-03-29,Delivered,2025-03-30,2025-04-01,2025-04-01
8202701,493049,2026-02-19,Canceled,,,2026-02-26
8587667,945742,2024-03-05,Delivered,2024-03-08,2024-03-10,2024-03-10
8579896,970357,2025-02-13,Delivered,2025-02-14,2025-02-19,2025-02-19
5374223,812048,2026-02-03,Delivered,2026-02-05,2026-02-07,2026-02-07
8242648,879779,2025-02-26,Delivered,2025-02-28,2025-03-04,2025-03-04
9828306,717024,2026-05-13,Canceled,,,2026-05-15
7995770,904624,2025-04-17,Delivered,2025-04-19,2025-04-23,2025-04-23
5161738,478120,2025-06-09,Canceled,,,2025-06-16
9325216,449759,2024-01-14,Delivered,2024-01-17,2024-01-17,2024-01-17
8028511,643269,2024-04-20,Delivered,2024-04-22,2024-04-25,2024-04-26
6241370,940181,2025-02-07,Delivered,2025-02-08,2025-02-10,2025-02-10
8578054,783157,2024-09-12,Delivered,2024-09-14,2024-09-15,2024-09-16
5686843,211005,2024-03-11,Delivered,2024-03-13,2024-03-12,2024-03-13
5396387,571435,2024-06-27,Delivered,2024-06-30,2024-06-29,2024-06-29
8530439,846385,2025-07-30,Delivered,2025-08-02,2025-08-03,2025-08-01
9302489,701987,2024-01-26,Delivered,2024-01-29,2024-01-29,2024-01-29
8437289,853305,2025-09-18,Delivered,2025-09-20,2025-09-23,2025-09-23
8124355,127824,2026-01-29,Canceled,,,2026-02-01
7903645,167348,2025-03-04,Delivered,2025-03-06,2025-03-07,2025-03-07
6754769,346629,2025-08-01,Delivered,2025-08-03,2025-08-06,2025-08-04
6140389,101773,2024-02-23,Delivered,2024-02-26,2024-02-26,2024-02-26
8233737,237235,2024-06-23,Delivered,2024-06-25,2024-06-26,2024-06-26
7136079,456778,2024-01-09,Delivered,2024-01-12,2024-01-14,2024-01-14
9164545,486831,2024-05-13,Delivered,2024-05-15,2024-05-15,2024-05-15
7274514,253557,2024-02-14,Delivered,2024-02-16,2024-02-19,2024-02-19
5900057,748151,2026-03-30,Delivered,2026-03-31,2026-04-04,2026-04-03
7178398,452713,2025-12-08,Canceled,,,2025-12-14
5537805,660081,2024-01-26,Delivered,2024-01-29,2024-01-31,2024-02-01
6515283,156213,2026-01-22,Delivered,2026-01-25,2026-01-27,2026-01-27
7281887,207798,2025-08-22,Delivered,2025-08-25,2025-08-26,2025-08-26
5117441,862712,2024-02-17,Delivered,2024-02-20,2024-02-19,2024-02-19
7180999,434617,2024-06-22,Canceled,,,2024-06-29
6639925,345884,2025-09-28,Delivered,2025-09-29,2025-10-03,2025-10-03
9771479,761820,2024-06-18,Canceled,,,2024-06-21
8657027,755674,2026-01-22,Delivered,2026-01-25,2026-01-25,2026-01-25
9365315,749342,2025-12-15,Canceled,,,2025-12-19
7378452,638009,2024-11-19,Delivered,2024-11-21,2024-11-24,2024-11-24
9318432,853789,2024-02-23,Delivered,2024-02-26,2024-03-01,2024-03-01
6764544,575763,2025-01-28,Delivered,2025-01-31,2025-02-04,2025-02-03
7670536,773971,2025-07-03,Delivered,2025-07-06,2025-07-08,2025-07-08
9891124,106402,2025-10-25,Delivered,2025-10-28,2025-10-30,2025-10-30
8252901,755420,2025-09-29,Delivered,2025-09-30,2025-10-01,2025-10-01
5420135,693423,2024-09-26,Delivered,2024-09-28,2024-10-02,2024-10-02
5059755,651231,2025-04-05,Delivered,2025-04-07,2025-04-10,2025-04-10
5044843,674553,2024-11-19,Delivered,2024-11-21,2024-11-24,2024-11-23
5564175,691119,2025-11-18,Delivered,2025-11-19,2025-11-22,2025-11-22
9631967,847581,2024-05-18,Delivered,2024-05-19,2024-05-22,2024-05-23
6303435,856086,2024-03-14,Canceled,,,2024-03-17
5064843,542374,2026-05-05,Delivered,2026-05-08,2026-05-08,2026-05-08
9308763,815054,2025-11-08,Delivered,2025-11-11,2025-11-14,2025-11-14
9095901,899550,2025-04-17,Delivered,2025-04-19,2025-04-24,2025-04-24
5886465,946567,2024-07-15,Delivered,2024-07-17,2024-07-21,2024-07-21
8250397,776502,2026-03-01,Delivered,2026-03-03,2026-03-07,2026-03-05
6818071,918011,2026-03-07,Delivered,2026-03-09,2026-03-11,2026-03-11
9455716,934692,2025-11-02,Delivered,2025-11-04,2025-11-06,2025-11-06
9625480,274389,2025-02-27,Canceled,,,2025-03-02
6021334,254721,2025-06-14,Delivered,2025-06-17,2025-06-21,2025-06-21
9969552,196126,2026-02-25,Canceled,,,2026-03-04
6807946,413921,2024-04-26,Delivered,2024-04-29,2024-04-28,2024-04-28
9879867,690268,2025-12-10,Canceled,,,2025-12-17
6217150,352249,2025-01-27,Delivered,2025-01-28,2025-02-03,2025-02-03
8999311,910389,2026-04-12,Delivered,2026-04-13,2026-04-16,2026-04-16
5681353,603787,2026-04-11,Delivered,2026-04-14,2026-04-14,2026-04-14
9751181,669827,2025-12-24,Delivered,2025-12-27,2025-12-31,2025-12-31
5797672,375504,2026-02-27,Canceled,,,2026-03-05
9244244,965845,2025-07-24,Canceled,,,2025-07-30
9969526,486649,2025-01-03,Delivered,2025-01-04,2025-01-06,2025-01-06
9829331,417530,2026-01-25,Delivered,2026-01-28,2026-01-29,2026-01-29
6848730,905635,2024-01-30,Delivered,2024-02-02,2024-02-03,2024-02-04
9689499,697530,2025-10-10,Delivered,2025-10-13,2025-10-17,2025-10-17
5887386,420214,2025-06-15,Delivered,2025-06-18,2025-06-17,2025-06-17
9481914,860557,2024-01-09,Delivered,2024-01-12,2024-01-11,2024-01-12
9008704,262316,2024-01-13,Delivered,2024-01-14,2024-01-15,2024-01-15
6078568,975271,2025-07-26,Delivered,2025-07-27,2025-07-28,2025-07-28
5808024,205389,2024-06-26,Delivered,2024-06-27,2024-06-28,2024-06-28
8467140,106182,2024-07-21,Canceled,,,2024-07-27
7788976,822858,2024-04-17,Delivered,2024-04-18,2024-04-19,2024-04-19
5022880,778324,2025-05-30,Delivered,2025-06-02,2025-06-04,2025-06-04
5816435,827712,2024-10-19,Delivered,2024-10-21,2024-10-21,2024-10-21
9401776,971084,2024-06-29,Delivered,2024-07-02,2024-07-02,2024-07-02
5620819,604740,2025-11-23,Delivered,2025-11-26,2025-11-27,2025-11-27
8903693,705693,2024-02-20,Canceled,,,2024-02-26
8037008,872343,2024-04-01,Delivered,2024-04-03,2024-04-08,2024-04-08
8830237,392683,2024-06-28,Delivered,2024-06-29,2024-07-02,2024-07-02
8531462,631981,2025-11-08,Delivered,2025-11-10,2025-11-11,2025-11-11
5066809,765905,2025-06-16,Delivered,2025-06-19,2025-06-21,2025-06-21
5860219,638009,2025-12-14,Delivered,2025-12-15,2025-12-20,2025-12-20
9290071,427766,2024-09-17,Canceled,,,2024-09-20
5268312,579318,2024-07-04,Delivered,2024-07-06,2024-07-07,2024-07-07
9361435,425138,2025-02-18,Delivered,2025-02-20,2025-02-22,2025-02-22
8615832,606404,2024-07-04,Delivered,2024-07-06,2024-07-10,2024-07-10
8687096,644103,2024-01-25,Delivered,2024-01-28,2024-01-27,2024-01-27
7679378,779112,2026-02-02,Delivered,2026-02-04,2026-02-05,2026-02-05
6049616,789786,2025-03-20,Delivered,2025-03-22,2025-03-25,2025-03-26
6058144,317220,2026-01-14,Delivered,2026-01-15,2026-01-21,2026-01-21
8451886,294851,2025-04-15,Delivered,2025-04-18,2025-04-18,2025-04-19
6100312,673149,2024-09-07,Delivered,2024-09-08,2024-09-10,2024-09-10
7568700,623481,2024-04-21,Delivered,2024-04-23,2024-04-24,2024-04-25
5725679,946305,2025-05-30,Delivered,2025-05-31,2025-06-03,2025-06-03
7800044,352572,2026-05-10,Delivered,2026-05-11,2026-05-13,2026-05-13
6079581,808446,2026-03-04,Delivered,2026-03-07,2026-03-09,2026-03-09
9348076,615060,2024-05-03,Delivered,2024-05-04,2024-05-06,2024-05-06
6886142,488162,2024-06-30,Delivered,2024-07-03,2024-07-03,2024-07-04
6409749,321494,2025-11-04,Delivered,2025-11-05,2025-11-09,2025-11-09
9281258,335445,2025-08-03,Delivered,2025-08-06,2025-08-07,2025-08-07
5900551,430776,2025-04-20,Delivered,2025-04-22,2025-04-27,2025-04-27
8386508,132146,2025-11-05,Delivered,2025-11-06,2025-11-10,2025-11-10
8661495,790203,2025-05-09,Canceled,,,2025-05-15
7826925,140804,2024-11-05,Delivered,2024-11-06,2024-11-11,2024-11-11
5674653,931016,2025-03-09,Delivered,2025-03-10,2025-03-16,2025-03-16
9089385,597305,2024-07-10,Canceled,,,2024-07-12
9104000,392683,2026-04-07,Delivered,2026-04-09,2026-04-12,2026-04-12
6685404,870214,2024-09-23,Delivered,2024-09-25,2024-09-30,2024-09-30
5651763,401603,2025-11-10,Delivered,2025-11-12,2025-11-17,2025-11-16
6729957,333238,2025-04-19,Delivered,2025-04-21,2025-04-26,2025-04-26
5699996,870319,2024-11-23,Delivered,2024-11-26,2024-11-26,2024-11-26
8866228,610311,2025-01-04,Delivered,2025-01-05,2025-01-08,2025-01-08
7429706,772875,2024-12-09,Delivered,2024-12-12,2024-12-13,2024-12-13
9776114,970720,2025-12-03,Delivered,2025-12-06,2025-12-05,2025-12-05
7063405,967611,2024-07-05,Canceled,,,2024-07-07
5970737,685864,2024-01-11,Canceled,,,2024-01-18
7007305,215233,2024-05-22,Canceled,,,2024-05-28
7735995,455168,2026-05-08,Canceled,,,2026-05-10
6154467,322423,2026-05-09,Delivered,2026-05-10,2026-05-17,2026-05-15
9101275,513741,2024-10-31,Canceled,,,2024-11-05
8579637,352528,2024-02-08,Canceled,,,2024-02-13
6529793,258189,2025-09-07,Canceled,,,2025-09-14
7890971,378085,2024-06-10,Canceled,,,2024-06-15
7874664,678083,2024-10-25,Delivered,2024-10-28,2024-10-28,2024-10-28
7072305,913694,2026-04-27,Delivered,2026-04-28,2026-04-30,2026-04-30
9125969,443341,2025-07-23,Delivered,2025-07-25,2025-07-27,2025-07-27
8548996,448121,2025-11-02,Canceled,,,2025-11-09
8102898,619536,2024-06-14,Delivered,2024-06-15,2024-06-17,2024-06-17
5525205,308727,2025-07-24,Delivered,2025-07-25,2025-07-26,2025-07-27
5778695,930281,2024-04-25,Delivered,2024-04-28,2024-04-28,2024-04-28
9350964,369452,2026-04-02,Delivered,2026-04-03,2026-04-04,2026-04-04
6069880,844261,2024-07-18,Delivered,2024-07-20,2024-07-21,2024-07-21
7688448,713762,2024-05-12,Delivered,2024-05-15,2024-05-16,2024-05-16
8668287,615060,2025-06-02,Delivered,2025-06-04,2025-06-09,2025-06-09
8555584,783501,2025-04-05,Delivered,2025-04-08,2025-04-08,2025-04-08
7831671,512042,2024-07-08,Canceled,,,2024-07-11
5924848,818709,2024-03-21,Canceled,,,2024-03-28
8215964,346629,2024-09-09,Delivered,2024-09-12,2024-09-12,2024-09-13
6799340,485896,2025-04-07,Delivered,2025-04-09,2025-04-12,2025-04-12
5920328,749840,2025-01-11,Delivered,2025-01-13,2025-01-16,2025-01-14
8823202,250647,2026-01-25,Canceled,,,2026-01-27
6421926,846746,2026-04-19,Delivered,2026-04-20,2026-04-24,2026-04-25
8932592,486831,2026-01-17,Delivered,2026-01-18,2026-01-21,2026-01-22
5802279,525818,2025-03-09,Delivered,2025-03-10,2025-03-15,2025-03-15
7765858,573041,2026-04-14,Delivered,2026-04-16,2026-04-19,2026-04-19
7112525,734210,2025-11-13,Delivered,2025-11-16,2025-11-16,2025-11-16
9486241,328275,2026-05-11,Canceled,,,2026-05-13
6629845,271339,2025-10-22,Delivered,2025-10-24,2025-10-24,2025-10-24
8467918,448671,2024-04-23,Delivered,2024-04-26,2024-04-25,2024-04-25
6444141,971728,2026-02-08,Delivered,2026-02-11,2026-02-11,2026-02-11
9487942,414910,2025-02-14,Delivered,2025-02-16,2025-02-17,2025-02-18
5780155,942956,2025-05-04,Delivered,2025-05-07,2025-05-05,2025-05-06
6637642,392075,2025-04-19,Canceled,,,2025-04-21
7410256,411797,2024-09-10,Canceled,,,2024-09-12
6019080,528361,2024-07-29,Delivered,2024-07-31,2024-07-31,2024-07-31
6965228,874814,2024-11-12,Delivered,2024-11-13,2024-11-19,2024-11-19
7799678,192410,2024-03-19,Delivered,2024-03-21,2024-03-21,2024-03-21
5197068,573489,2025-03-04,Canceled,,,2025-03-09
6575627,908320,2024-01-10,Canceled,,,2024-01-13
6691861,795612,2024-06-04,Canceled,,,2024-06-10
7376078,612340,2025-06-20,Delivered,2025-06-21,2025-06-23,2025-06-24
8374330,539122,2024-10-06,Delivered,2024-10-07,2024-10-13,2024-10-11
5103811,241403,2025-08-08,Delivered,2025-08-10,2025-08-12,2025-08-12
8971083,656329,2024-12-04,Delivered,2024-12-05,2024-12-07,2024-12-08
7610240,788637,2025-04-30,Delivered,2025-05-01,2025-05-07,2025-05-07
9972394,192410,2024-04-14,Canceled,,,2024-04-21
8488134,341296,2024-04-16,Delivered,2024-04-18,2024-04-19,2024-04-19
9236347,308496,2025-02-04,Delivered,2025-02-05,2025-02-08,2025-02-08
8699192,688153,2025-01-25,Delivered,2025-01-27,2025-01-28,2025-01-28
7732703,631756,2024-01-27,Delivered,2024-01-30,2024-01-29,2024-01-29
8740077,468727,2024-11-11,Delivered,2024-11-14,2024-11-18,2024-11-18
7529353,782054,2024-02-14,Delivered,2024-02-17,2024-02-17,2024-02-17
7481126,285652,2024-01-04,Canceled,,,2024-01-10
8589437,251668,2025-07-01,Delivered,2025-07-04,2025-07-03,2025-07-03
7644956,378535,2024-10-23,Canceled,,,2024-10-26
7554890,882033,2025-12-06,Canceled,,,2025-12-11
7121879,874483,2025-02-21,Delivered,2025-02-23,2025-02-25,2025-02-25
9520166,753516,2026-03-04,Delivered,2026-03-06,2026-03-06,2026-03-06
6194621,694731,2026-03-22,Delivered,2026-03-24,2026-03-27,2026-03-27
5963854,768891,2025-01-26,Delivered,2025-01-29,2025-01-29,2025-01-29
9322498,556641,2024-04-23,Canceled,,,2024-04-29
9097222,986827,2025-08-21,Delivered,2025-08-24,2025-08-24,2025-08-24
6825956,404466,2024-07-20,Delivered,2024-07-22,2024-07-22,2024-07-22
9678534,819425,2026-02-11,Delivered,2026-02-12,2026-02-18,2026-02-18
6483889,387892,2024-01-23,Delivered,2024-01-24,2024-01-29,2024-01-29
5886946,352422,2024-12-08,Delivered,2024-12-10,2024-12-11,2024-12-11
6066156,267457,2025-12-18,Delivered,2025-12-20,2025-12-24,2025-12-24
7767576,538997,2026-03-04,Delivered,2026-03-05,2026-03-05,2026-03-06
7734525,886325,2024-04-27,Delivered,2024-04-28,2024-05-01,2024-05-01
9279058,321275,2025-05-19,Delivered,2025-05-20,2025-05-21,2025-05-21
9557537,518801,2025-12-01,Delivered,2025-12-02,2025-12-07,2025-12-08
9107131,821024,2025-12-20,Delivered,2025-12-22,2025-12-25,2025-12-25
8951647,573041,2025-12-16,Delivered,2025-12-17,2025-12-19,2025-12-20
7344577,116093,2025-05-16,Delivered,2025-05-18,2025-05-19,2025-05-19
5335426,707727,2024-06-21,Delivered,2024-06-23,2024-06-26,2024-06-26
7947431,697983,2024-06-17,Delivered,2024-06-18,2024-06-23,2024-06-24
5487244,681128,2024-02-23,Delivered,2024-02-26,2024-02-27,2024-02-27
6828204,442722,2024-07-18,Delivered,2024-07-20,2024-07-23,2024-07-21
5546303,738577,2025-10-17,Canceled,,,2025-10-23
7855831,486490,2024-04-18,Delivered,2024-04-21,2024-04-24,2024-04-24
5556062,227257,2025-02-05,Canceled,,,2025-02-09
6744810,350786,2026-04-02,Canceled,,,2026-04-09
7603341,379676,2025-08-14,Delivered,2025-08-16,2025-08-16,2025-08-16
8181337,344762,2024-01-28,Delivered,2024-01-31,2024-01-31,2024-01-31
8132444,323508,2025-11-21,Canceled,,,2025-11-25
5452033,264686,2025-10-18,Delivered,2025-10-20,2025-10-23,2025-10-23
9575665,652108,2024-03-23,Delivered,2024-03-25,2024-03-26,2024-03-27
8487885,864544,2025-07-23,Delivered,2025-07-25,2025-07-26,2025-07-26
7711337,701987,2024-10-07,Delivered,2024-10-10,2024-10-10,2024-10-10
8507469,862569,2025-05-01,Delivered,2025-05-04,2025-05-05,2025-05-05
9719908,375504,2025-05-11,Delivered,2025-05-13,2025-05-18,2025-05-18
8597288,524068,2024-12-21,Delivered,2024-12-22,2024-12-30,2024-12-28
6838302,808011,2025-09-09,Delivered,2025-09-10,2025-09-13,2025-09-13
9576095,443897,2024-04-23,Canceled,,,2024-04-25
9113671,141337,2025-10-21,Delivered,2025-10-22,2025-10-22,2025-10-23
7235474,427704,2025-06-24,Delivered,2025-06-27,2025-06-26,2025-06-27
7459166,140605,2025-10-19,Delivered,2025-10-20,2025-10-25,2025-10-25
9020821,126225,2026-04-25,Delivered,2026-04-26,2026-04-28,2026-04-28
9126845,906814,2025-10-12,Canceled,,,2025-10-19
5656095,699573,2025-06-29,Canceled,,,2025-07-02
6916566,392683,2025-01-11,Delivered,2025-01-12,2025-01-14,2025-01-14
7583047,656639,2025-05-03,Delivered,2025-05-04,2025-05-07,2025-05-08
5727952,168941,2025-11-15,Delivered,2025-11-17,2025-11-19,2025-11-19
6386981,309902,2025-01-01,Delivered,2025-01-04,2025-01-08,2025-01-07
7847628,971084,2025-11-06,Delivered,2025-11-08,2025-11-08,2025-11-08
6999462,865179,2024-08-09,Delivered,2024-08-10,2024-08-12,2024-08-13
9350616,731728,2024-08-08,Delivered,2024-08-11,2024-08-13,2024-08-13
7087963,418635,2025-09-01,Delivered,2025-09-04,2025-09-03,2025-09-03
7211418,503906,2025-04-30,Canceled,,,2025-05-06
5732095,792509,2024-03-17,Delivered,2024-03-20,2024-03-22,2024-03-22
5214004,627290,2025-05-28,Delivered,2025-05-29,2025-05-30,2025-05-30
8556206,975271,2024-07-02,Delivered,2024-07-05,2024-07-06,2024-07-07
8092412,197573,2025-08-01,Delivered,2025-08-04,2025-08-03,2025-08-03
8848066,393328,2026-04-24,Canceled,,,2026-04-27
6135321,902325,2025-09-12,Delivered,2025-09-15,2025-09-16,2025-09-16
8737421,341736,2024-06-26,Delivered,2024-06-28,2024-06-29,2024-06-29
8536479,986827,2025-03-08,Delivered,2025-03-10,2025-03-12,2025-03-13
8208166,790993,2025-07-27,Canceled,,,2025-07-31
8075972,845957,2026-01-05,Delivered,2026-01-06,2026-01-08,2026-01-08
8538369,518084,2024-10-22,Delivered,2024-10-24,2024-10-29,2024-10-29
6317011,207798,2026-03-01,Delivered,2026-03-02,2026-03-03,2026-03-03
5357570,717457,2025-03-23,Delivered,2025-03-24,2025-03-27,2025-03-27
8531572,806073,2024-10-28,Canceled,,,2024-11-01
9184516,808446,2026-01-02,Delivered,2026-01-05,2026-01-04,2026-01-04
5413206,177680,2024-06-29,Delivered,2024-07-01,2024-07-03,2024-07-03
6982317,129751,2026-01-25,Delivered,2026-01-26,2026-01-30,2026-01-30
6955354,429445,2025-07-27,Delivered,2025-07-28,2025-08-01,2025-07-31
6795175,326895,2025-04-14,Canceled,,,2025-04-20
8152912,903531,2024-07-02,Delivered,2024-07-03,2024-07-08,2024-07-08
8696021,308894,2024-06-09,Delivered,2024-06-10,2024-06-15,2024-06-15
9085193,452161,2026-02-18,Canceled,,,2026-02-25
8809656,106402,2024-01-20,Canceled,,,2024-01-27
7146836,935457,2024-06-08,Delivered,2024-06-10,2024-06-13,2024-06-13
7612157,476417,2026-04-13,Delivered,2026-04-14,2026-04-19,2026-04-19
5796573,237414,2024-02-16,Delivered,2024-02-18,2024-02-20,2024-02-20
5280780,436653,2024-03-29,Canceled,,,2024-04-02
9686567,817644,2026-05-15,Confirmed,,,2026-05-20
7113316,470858,2024-09-10,Delivered,2024-09-13,2024-09-16,2024-09-16
6702659,858490,2024-01-02,Delivered,2024-01-04,2024-01-08,2024-01-08
9910772,235461,2024-10-20,Delivered,2024-10-22,2024-10-25,2024-10-25
8935265,677057,2024-09-02,Canceled,,,2024-09-05
6023440,802667,2024-11-30,Delivered,2024-12-02,2024-12-02,2024-12-02
5939286,530816,2024-01-08,Delivered,2024-01-10,2024-01-14,2024-01-15
9360163,143195,2024-04-01,Canceled,,,2024-04-08
6560365,587623,2025-06-09,Delivered,2025-06-12,2025-06-17,2025-06-16
5461116,468845,2025-06-20,Delivered,2025-06-22,2025-06-26,2025-06-26
5102697,248766,2025-12-08,Canceled,,,2025-12-14
6827339,790203,2024-09-06,Canceled,,,2024-09-11
7309910,882169,2026-01-07,Canceled,,,2026-01-10
5295054,663750,2025-08-20,Delivered,2025-08-22,2025-08-29,2025-08-27
7059489,259784,2025-08-11,Delivered,2025-08-14,2025-08-13,2025-08-13
7812967,624783,2024-04-30,Delivered,2024-05-01,2024-05-05,2024-05-05
9287769,217301,2025-10-05,Delivered,2025-10-06,2025-10-06,2025-10-07
6536597,550137,2025-08-28,Delivered,2025-08-31,2025-08-30,2025-08-30
9004339,665579,2024-03-06,Canceled,,,2024-03-13
5950877,145934,2024-07-28,Delivered,2024-07-30,2024-08-03,2024-08-03
9073746,132938,2025-11-30,Delivered,2025-12-02,2025-12-06,2025-12-05
6661760,809570,2025-05-13,Delivered,2025-05-15,2025-05-17,2025-05-17
6134220,544154,2024-01-19,Canceled,,,2024-01-26
5444421,310743,2026-01-16,Delivered,2026-01-17,2026-01-23,2026-01-23
6771381,137642,2025-03-13,Delivered,2025-03-14,2025-03-17,2025-03-17
5668861,444519,2025-05-23,Delivered,2025-05-24,2025-05-30,2025-05-30
5090301,952686,2024-03-29,Delivered,2024-04-01,2024-04-04,2024-04-04
8667018,425498,2025-06-29,Delivered,2025-07-01,2025-07-05,2025-07-05
8333477,571435,2025-04-16,Delivered,2025-04-19,2025-04-22,2025-04-22
8309871,683286,2024-09-12,Delivered,2024-09-14,2024-09-13,2024-09-14
7360870,440802,2025-05-14,Delivered,2025-05-16,2025-05-22,2025-05-21
8653966,801474,2025-08-17,Delivered,2025-08-19,2025-08-22,2025-08-22
8016865,736745,2024-04-19,Delivered,2024-04-22,2024-04-25,2024-04-26
5809031,629996,2025-04-12,Delivered,2025-04-13,2025-04-17,2025-04-18
9207390,396451,2024-05-21,Canceled,,,2024-05-27
7237908,851413,2024-09-30,Delivered,2024-10-01,2024-10-03,2024-10-03
8983664,479742,2024-09-10,Delivered,2024-09-12,2024-09-15,2024-09-13
9267911,710805,2026-01-25,Delivered,2026-01-27,2026-02-01,2026-02-01
9263185,703766,2024-01-31,Delivered,2024-02-01,2024-02-07,2024-02-07
9180723,943170,2024-01-29,Delivered,2024-02-01,2024-01-31,2024-02-01
8917504,526117,2026-01-10,Delivered,2026-01-12,2026-01-12,2026-01-12
9412013,945362,2025-03-04,Canceled,,,2025-03-08
9606247,259784,2024-04-27,Delivered,2024-04-28,2024-04-28,2024-04-29
9294897,795205,2026-04-24,Delivered,2026-04-26,2026-04-25,2026-04-26
7554842,904214,2026-04-27,Delivered,2026-04-30,2026-05-02,2026-05-02
7933129,531071,2025-05-14,Delivered,2025-05-17,2025-05-17,2025-05-17
9199088,160738,2025-01-23,Delivered,2025-01-24,2025-01-25,2025-01-25
9123844,419149,2024-01-24,Delivered,2024-01-27,2024-01-31,2024-01-31
7982310,399628,2024-12-10,Delivered,2024-12-11,2024-12-15,2024-12-15
8902739,628750,2026-05-07,Delivered,2026-05-10,2026-05-11,2026-05-11
9873570,498658,2024-06-26,Delivered,2024-06-28,2024-07-02,2024-07-02
9002117,844007,2026-02-16,Delivered,2026-02-17,2026-02-21,2026-02-21
5715566,101773,2024-05-25,Delivered,2024-05-27,2024-06-01,2024-06-01
5830082,152179,2025-07-02,Delivered,2025-07-04,2025-07-09,2025-07-09
7451762,970917,2024-05-24,Canceled,,,2024-05-26
5726486,779094,2025-05-07,Canceled,,,2025-05-09
8842855,664365,2024-05-08,Delivered,2024-05-10,2024-05-10,2024-05-11
7463806,232731,2024-03-18,Delivered,2024-03-21,2024-03-23,2024-03-23
8495839,816751,2026-05-15,Canceled,,,2026-05-22
5562341,680097,2026-04-22,Delivered,2026-04-24,2026-04-27,2026-04-27
5454334,452944,2025-05-10,Delivered,2025-05-13,2025-05-16,2025-05-16
8150545,519066,2026-03-23,Delivered,2026-03-26,2026-03-25,2026-03-25
9940102,362778,2025-06-12,Delivered,2025-06-14,2025-06-17,2025-06-17
6484107,867934,2024-07-04,Delivered,2024-07-06,2024-07-11,2024-07-11
6889970,622707,2025-01-25,Canceled,,,2025-01-29
9790471,392227,2024-02-27,Canceled,,,2024-03-02
7972508,576919,2025-02-23,Delivered,2025-02-25,2025-02-25,2025-02-25
5808946,832168,2026-01-28,Delivered,2026-01-29,2026-02-05,2026-02-03
5174073,420214,2026-02-12,Canceled,,,2026-02-14
9520697,335729,2024-08-16,Delivered,2024-08-18,2024-08-22,2024-08-22
6713118,835869,2025-01-18,Delivered,2025-01-19,2025-01-21,2025-01-22
6114817,101640,2025-05-01,Canceled,,,2025-05-03
9137040,366314,2025-05-06,Canceled,,,2025-05-11
9334774,621546,2025-05-01,Delivered,2025-05-03,2025-05-06,2025-05-06
8336225,717113,2025-07-19,Delivered,2025-07-21,2025-07-25,2025-07-25
8292378,664607,2024-07-10,Delivered,2024-07-11,2024-07-16,2024-07-16
9363958,824042,2024-11-11,Canceled,,,2024-11-18
8570682,864544,2024-09-07,Delivered,2024-09-10,2024-09-12,2024-09-12
9546613,660069,2024-04-17,Delivered,2024-04-18,2024-04-21,2024-04-21
9792427,234001,2025-10-02,Delivered,2025-10-04,2025-10-06,2025-10-06
9405311,833723,2024-10-31,Delivered,2024-11-01,2024-11-06,2024-11-06
7530593,386488,2024-03-30,Delivered,2024-03-31,2024-04-05,2024-04-05
6225580,338651,2024-07-01,Delivered,2024-07-04,2024-07-04,2024-07-05
5148816,464301,2026-04-28,Delivered,2026-04-30,2026-05-01,2026-05-01
5175113,906527,2024-09-21,Delivered,2024-09-22,2024-09-23,2024-09-23
6920794,326040,2025-01-03,Canceled,,,2025-01-06
6571056,356787,2024-02-28,Delivered,2024-02-29,2024-03-04,2024-03-04
8231846,758765,2025-04-11,Delivered,2025-04-14,2025-04-17,2025-04-17
7776285,267082,2026-02-05,Canceled,,,2026-02-12
5507263,478120,2025-07-16,Delivered,2025-07-18,2025-07-21,2025-07-21
6915226,412942,2024-02-06,Delivered,2024-02-09,2024-02-12,2024-02-12
5416904,853252,2025-04-13,Delivered,2025-04-15,2025-04-19,2025-04-19
7657958,783823,2024-07-30,Delivered,2024-08-01,2024-08-06,2024-08-04
6172814,108491,2026-03-28,Canceled,,,2026-03-31
7193848,986593,2026-03-04,Delivered,2026-03-05,2026-03-10,2026-03-10
5786703,724834,2025-06-03,Canceled,,,2025-06-09
5810676,856086,2025-12-04,Delivered,2025-12-06,2025-12-11,2025-12-11
7286577,969634,2024-06-03,Delivered,2024-06-06,2024-06-07,2024-06-07
6412639,281926,2025-07-25,Delivered,2025-07-28,2025-07-28,2025-07-29
5329981,796101,2024-07-13,Canceled,,,2024-07-19
8715987,552855,2026-03-05,Delivered,2026-03-07,2026-03-11,2026-03-11
8414198,165290,2024-04-10,Delivered,2024-04-11,2024-04-11,2024-04-12
8136656,264136,2024-08-03,Canceled,,,2024-08-08
5798494,178957,2026-05-04,Delivered,2026-05-07,2026-05-08,2026-05-08
6870283,805477,2024-03-09,Delivered,2024-03-10,2024-03-15,2024-03-13
6811952,915573,2026-03-14,Delivered,2026-03-16,2026-03-16,2026-03-16
7829552,449247,2025-06-09,Delivered,2025-06-11,2025-06-12,2025-06-12
6491339,264686,2025-09-16,Canceled,,,2025-09-23
9721543,734210,2026-03-15,Delivered,2026-03-16,2026-03-17,2026-03-17
7367539,906814,2025-04-19,Delivered,2025-04-21,2025-04-23,2025-04-23
8133668,579027,2026-04-09,Delivered,2026-04-12,2026-04-11,2026-04-11
8996221,735863,2026-02-13,Delivered,2026-02-14,2026-02-19,2026-02-19
8667857,815198,2024-04-02,Canceled,,,2024-04-07
5444968,804318,2026-04-18,Delivered,2026-04-19,2026-04-27,2026-04-25
7086316,527398,2025-08-06,Delivered,2025-08-09,2025-08-13,2025-08-13
9779120,378361,2024-06-08,Delivered,2024-06-11,2024-06-12,2024-06-12
8502925,733039,2024-04-10,Delivered,2024-04-12,2024-04-13,2024-04-13
5592698,228093,2024-02-03,Delivered,2024-02-05,2024-02-05,2024-02-05
5253972,731894,2026-04-15,Delivered,2026-04-17,2026-04-17,2026-04-17
9529364,978053,2026-02-25,Delivered,2026-02-27,2026-02-28,2026-02-28
7268898,256175,2025-09-19,Canceled,,,2025-09-25
9758289,284229,2024-02-26,Delivered,2024-02-28,2024-03-02,2024-03-02
6380654,181644,2024-12-02,Delivered,2024-12-04,2024-12-04,2024-12-05
9954209,827712,2024-05-17,Canceled,,,2024-05-22
9008525,194423,2024-03-25,Canceled,,,2024-03-31
5450781,891937,2025-06-13,Canceled,,,2025-06-19
7525167,262998,2024-07-22,Delivered,2024-07-25,2024-07-24,2024-07-24
7662034,484123,2025-05-21,Canceled,,,2025-05-24
6728119,881886,2025-02-19,Delivered,2025-02-22,2025-02-24,2025-02-25
9374728,503159,2024-09-16,Delivered,2024-09-17,2024-09-22,2024-09-23
8558102,388375,2025-11-25,Delivered,2025-11-26,2025-11-29,2025-11-29
9552882,656251,2025-01-15,Canceled,,,2025-01-21
8726391,940346,2026-04-27,Canceled,,,2026-05-03
8342280,431737,2024-06-18,Canceled,,,2024-06-25
5586026,423528,2024-02-29,Canceled,,,2024-03-06
6203576,757629,2024-05-27,Delivered,2024-05-28,2024-05-31,2024-05-31
9763038,728038,2025-04-05,Delivered,2025-04-06,2025-04-11,2025-04-11
8763497,422554,2024-08-11,Delivered,2024-08-12,2024-08-14,2024-08-14
8449195,455395,2024-12-15,Delivered,2024-12-17,2024-12-17,2024-12-17
9118084,442722,2025-03-30,Canceled,,,2025-04-04
8160407,581741,2024-02-10,Delivered,2024-02-12,2024-02-13,2024-02-13
6277912,926097,2024-11-16,Delivered,2024-11-19,2024-11-17,2024-11-18
5952394,170966,2024-10-13,Canceled,,,2024-10-15
6645513,559469,2024-01-07,Canceled,,,2024-01-13
7812461,839677,2025-10-27,Canceled,,,2025-10-30
7516761,704788,2026-03-07,Delivered,2026-03-10,2026-03-12,2026-03-12
7691618,183667,2025-03-17,Canceled,,,2025-03-20
8389220,831295,2024-09-12,Delivered,2024-09-14,2024-09-14,2024-09-14
5572482,896788,2024-05-03,Delivered,2024-05-04,2024-05-08,2024-05-09
7355052,427704,2024-12-27,Canceled,,,2024-12-31
6901527,157443,2025-11-09,Delivered,2025-11-12,2025-11-12,2025-11-12
6010766,839945,2024-04-21,Delivered,2024-04-22,2024-04-23,2024-04-23
7889440,865388,2024-08-16,Delivered,2024-08-17,2024-08-22,2024-08-22
6655729,770532,2025-01-19,Delivered,2025-01-21,2025-01-23,2025-01-23
9295888,221552,2024-04-27,Delivered,2024-04-28,2024-04-29,2024-04-29
6603641,251716,2024-01-21,Delivered,2024-01-24,2024-01-26,2024-01-26
7551560,555673,2026-04-20,Delivered,2026-04-21,2026-04-27,2026-04-27
9684805,513037,2025-04-12,Delivered,2025-04-15,2025-04-17,2025-04-17
9835038,153945,2025-09-11,Delivered,2025-09-12,2025-09-17,2025-09-17
9916096,810687,2024-09-05,Canceled,,,2024-09-07
8042305,244247,2025-12-18,Delivered,2025-12-21,2025-12-23,2025-12-23
7055421,878480,2024-12-24,Delivered,2024-12-27,2024-12-29,2024-12-30
5556892,682789,2024-07-18,Delivered,2024-07-19,2024-07-24,2024-07-24
6495288,176517,2026-04-23,Delivered,2026-04-26,2026-04-29,2026-04-29
5423819,266931,2025-04-03,Canceled,,,2025-04-06
5267479,484123,2025-11-08,Delivered,2025-11-11,2025-11-13,2025-11-13
9360428,217308,2024-08-30,Delivered,2024-09-01,2024-09-04,2024-09-04
7783098,988456,2024-04-17,Delivered,2024-04-20,2024-04-24,2024-04-24
9840040,703655,2026-03-29,Delivered,2026-03-30,2026-04-01,2026-04-01
5356893,896907,2025-06-30,Delivered,2025-07-03,2025-07-03,2025-07-04
7615672,801978,2025-02-04,Canceled,,,2025-02-11
5400412,309044,2026-03-29,Delivered,2026-03-31,2026-04-04,2026-04-04
5247775,309044,2024-02-11,Canceled,,,2024-02-18
6471110,165290,2026-04-28,Delivered,2026-04-29,2026-05-02,2026-05-02
7346018,442722,2026-03-14,Delivered,2026-03-16,2026-03-20,2026-03-20
5872429,303322,2026-04-21,Delivered,2026-04-23,2026-04-25,2026-04-23
8784632,893005,2024-11-08,Delivered,2024-11-10,2024-11-13,2024-11-11
5268539,156213,2026-01-24,Delivered,2026-01-25,2026-01-30,2026-01-30
6802922,436653,2025-09-21,Delivered,2025-09-24,2025-09-24,2025-09-24
8392799,517368,2024-03-26,Canceled,,,2024-03-30
7109973,813536,2024-08-25,Delivered,2024-08-27,2024-09-01,2024-09-01
6537835,964278,2025-09-27,Delivered,2025-09-28,2025-10-04,2025-10-04
7043876,578634,2026-03-13,Canceled,,,2026-03-19
9118145,615060,2024-09-28,Delivered,2024-09-30,2024-10-05,2024-10-05
7082472,996865,2026-04-04,Canceled,,,2026-04-06
6826444,994343,2024-06-17,Delivered,2024-06-20,2024-06-24,2024-06-24
5651159,577463,2024-06-21,Delivered,2024-06-23,2024-06-23,2024-06-23
6715949,841296,2024-12-29,Delivered,2024-12-31,2025-01-03,2025-01-03
7507695,321275,2025-04-16,Delivered,2025-04-17,2025-04-22,2025-04-22
6250771,332335,2025-12-12,Delivered,2025-12-15,2025-12-19,2025-12-19
7611552,402620,2025-08-07,Delivered,2025-08-10,2025-08-16,2025-08-14
5525179,294143,2024-06-19,Delivered,2024-06-20,2024-06-20,2024-06-21
7452453,949153,2025-01-17,Canceled,,,2025-01-24
8689542,728038,2025-11-06,Delivered,2025-11-09,2025-11-09,2025-11-09
6039483,282480,2025-12-14,Delivered,2025-12-16,2025-12-17,2025-12-17
9299799,814220,2024-03-21,Delivered,2024-03-23,2024-03-26,2024-03-26
9801173,453123,2025-01-18,Delivered,2025-01-20,2025-01-20,2025-01-20
9046222,446239,2026-02-13,Delivered,2026-02-14,2026-02-18,2026-02-18
8301155,795205,2025-07-03,Delivered,2025-07-06,2025-07-08,2025-07-08
6362722,950544,2024-04-23,Delivered,2024-04-25,2024-04-30,2024-04-30
5627945,829884,2026-04-29,Delivered,2026-04-30,2026-05-06,2026-05-06
9029258,737846,2025-02-26,Delivered,2025-02-28,2025-03-05,2025-03-05
8934689,563638,2025-08-09,Delivered,2025-08-10,2025-08-14,2025-08-12
7468995,718849,2024-03-04,Delivered,2024-03-06,2024-03-06,2024-03-07
6183713,807115,2025-05-27,Delivered,2025-05-29,2025-06-02,2025-06-02
6490281,335445,2025-11-24,Delivered,2025-11-25,2025-11-30,2025-11-29
5826664,959099,2025-12-20,Delivered,2025-12-23,2025-12-23,2025-12-23
5294129,969226,2026-02-10,Canceled,,,2026-02-13
5869199,678443,2025-08-19,Delivered,2025-08-22,2025-08-22,2025-08-23
9152459,110139,2025-01-08,Delivered,2025-01-10,2025-01-12,2025-01-12
6139055,994787,2024-04-11,Delivered,2024-04-12,2024-04-17,2024-04-17
9158481,971415,2025-10-20,Delivered,2025-10-23,2025-10-24,2025-10-24
7244509,439902,2024-01-11,Delivered,2024-01-14,2024-01-14,2024-01-14
9546474,182760,2025-12-02,Delivered,2025-12-03,2025-12-05,2025-12-06
6118882,416061,2025-02-12,Delivered,2025-02-15,2025-02-18,2025-02-18
5678698,738577,2024-06-12,Delivered,2024-06-14,2024-06-19,2024-06-19
7857601,698128,2024-12-27,Delivered,2024-12-29,2024-12-31,2024-12-31
5728926,684929,2024-11-20,Canceled,,,2024-11-23
9027737,863587,2025-03-17,Delivered,2025-03-18,2025-03-21,2025-03-21
7827673,632351,2026-01-31,Delivered,2026-02-03,2026-02-03,2026-02-04
5165974,265649,2024-06-07,Delivered,2024-06-09,2024-06-14,2024-06-14
9113242,953085,2025-09-15,Canceled,,,2025-09-18
9759960,522179,2025-09-01,Canceled,,,2025-09-08
8538570,936912,2025-04-12,Delivered,2025-04-13,2025-04-18,2025-04-18
6979240,194682,2025-01-22,Delivered,2025-01-25,2025-01-28,2025-01-28
5672577,855855,2024-05-20,Delivered,2024-05-22,2024-05-28,2024-05-26
6886701,386488,2025-03-04,Delivered,2025-03-05,2025-03-08,2025-03-06
6206040,448588,2025-10-16,Delivered,2025-10-17,2025-10-19,2025-10-19
7297297,551096,2024-06-04,Delivered,2024-06-05,2024-06-11,2024-06-11
5506398,546980,2024-04-18,Delivered,2024-04-20,2024-04-19,2024-04-20
7302183,152727,2024-04-22,Delivered,2024-04-23,2024-04-25,2024-04-25
9922281,711868,2025-02-02,Delivered,2025-02-04,2025-02-05,2025-02-05
8267232,879414,2025-07-05,Canceled,,,2025-07-11
5673561,217301,2024-11-01,Canceled,,,2024-11-06
8521083,206851,2025-03-02,Canceled,,,2025-03-07
7675852,144412,2024-07-24,Delivered,2024-07-25,2024-07-31,2024-07-31
5772293,385470,2024-12-30,Delivered,2025-01-01,2025-01-05,2025-01-05
8325200,779112,2024-07-06,Delivered,2024-07-09,2024-07-08,2024-07-08
8289751,918011,2024-01-15,Delivered,2024-01-16,2024-01-18,2024-01-18
6440323,978157,2025-11-04,Canceled,,,2025-11-06
9038472,162535,2024-11-20,Canceled,,,2024-11-26
5770963,341292,2024-02-26,Delivered,2024-02-28,2024-02-29,2024-02-29
7318207,571029,2025-12-19,Delivered,2025-12-22,2025-12-26,2025-12-26
7943563,765905,2026-01-11,Canceled,,,2026-01-17
9062064,803055,2024-09-23,Delivered,2024-09-25,2024-09-25,2024-09-26
5432138,626690,2024-03-18,Delivered,2024-03-21,2024-03-22,2024-03-23
8557714,712056,2024-01-15,Delivered,2024-01-16,2024-01-19,2024-01-19
7654272,888387,2025-10-10,Delivered,2025-10-12,2025-10-13,2025-10-13
9456769,253143,2025-02-23,Delivered,2025-02-24,2025-02-27,2025-02-27
8636379,237118,2025-10-09,Canceled,,,2025-10-11
9256729,943718,2024-02-03,Delivered,2024-02-04,2024-02-05,2024-02-05
8656386,535970,2024-10-10,Canceled,,,2024-10-14
6366578,728038,2026-02-17,Canceled,,,2026-02-20
6796665,901577,2025-06-28,Delivered,2025-06-29,2025-07-01,2025-07-01
8705250,765046,2024-11-12,Delivered,2024-11-15,2024-11-14,2024-11-14
9290934,568238,2026-01-15,Delivered,2026-01-16,2026-01-22,2026-01-22
8120858,404309,2025-05-11,Delivered,2025-05-14,2025-05-18,2025-05-18
8762760,377501,2025-11-04,Delivered,2025-11-05,2025-11-10,2025-11-11
8879645,772124,2024-11-29,Delivered,2024-11-30,2024-12-03,2024-12-03
5809747,536196,2024-04-22,Canceled,,,2024-04-25
8884828,401601,2024-04-17,Delivered,2024-04-20,2024-04-22,2024-04-22
6031615,794083,2024-02-09,Delivered,2024-02-11,2024-02-14,2024-02-14
6492630,127965,2025-11-21,Delivered,2025-11-24,2025-11-23,2025-11-23
5552259,605254,2024-07-13,Delivered,2024-07-14,2024-07-20,2024-07-20
9825313,557058,2024-11-29,Delivered,2024-12-01,2024-12-06,2024-12-06
9955419,793655,2025-12-27,Canceled,,,2026-01-03
9787677,525818,2025-12-25,Delivered,2025-12-27,2025-12-31,2025-12-31
6635524,793384,2026-03-04,Canceled,,,2026-03-10
5724683,827659,2026-05-09,Delivered,2026-05-10,2026-05-12,2026-05-12
9132683,430876,2025-10-08,Delivered,2025-10-11,2025-10-10,2025-10-10
8185021,627276,2025-08-29,Delivered,2025-08-31,2025-09-03,2025-09-03
9012065,403445,2026-03-07,Delivered,2026-03-10,2026-03-10,2026-03-10
5008733,896290,2024-01-02,Delivered,2024-01-03,2024-01-05,2024-01-05
9105870,592841,2025-04-15,Delivered,2025-04-18,2025-04-20,2025-04-21
5094857,609892,2025-12-22,Delivered,2025-12-23,2025-12-26,2025-12-26
5012115,350405,2025-04-18,Delivered,2025-04-19,2025-04-24,2025-04-24
6064998,896290,2024-07-30,Delivered,2024-07-31,2024-07-31,2024-08-01
6436656,666847,2025-09-02,Delivered,2025-09-05,2025-09-08,2025-09-07
8678858,299055,2025-02-01,Delivered,2025-02-02,2025-02-08,2025-02-08
9843758,156213,2026-02-21,Delivered,2026-02-23,2026-02-24,2026-02-24
8555876,373432,2025-02-28,Canceled,,,2025-03-02
6349107,197251,2025-04-24,Canceled,,,2025-04-30
7320692,836971,2025-01-21,Canceled,,,2025-01-23
7567619,610271,2024-07-08,Delivered,2024-07-10,2024-07-14,2024-07-15
7825564,172792,2024-05-12,Canceled,,,2024-05-14
6535438,707314,2025-04-26,Canceled,,,2025-04-29
8711579,749840,2026-03-12,Delivered,2026-03-14,2026-03-17,2026-03-17
9242722,256226,2025-10-31,Delivered,2025-11-02,2025-11-06,2025-11-07
7434549,947903,2026-02-22,Delivered,2026-02-23,2026-02-24,2026-02-24
6643780,624563,2026-01-23,Delivered,2026-01-24,2026-01-28,2026-01-29
5000653,439902,2024-10-24,Delivered,2024-10-26,2024-10-29,2024-10-29
5089157,648913,2025-12-07,Canceled,,,2025-12-10
6840576,807166,2024-03-16,Delivered,2024-03-18,2024-03-19,2024-03-20
9572618,355709,2025-03-01,Canceled,,,2025-03-06
9168959,377501,2025-12-21,Canceled,,,2025-12-27
9200273,692683,2025-03-25,Delivered,2025-03-28,2025-03-29,2025-03-29
5335440,557592,2024-11-03,Delivered,2024-11-06,2024-11-05,2024-11-05
8523588,781725,2025-11-12,Canceled,,,2025-11-18
7406202,932291,2024-04-05,Delivered,2024-04-07,2024-04-09,2024-04-09
8553697,494468,2024-10-22,Delivered,2024-10-23,2024-10-29,2024-10-29
7856206,769987,2024-05-28,Delivered,2024-05-31,2024-05-31,2024-05-31
9731467,116547,2025-11-08,Canceled,,,2025-11-14
7579637,946335,2025-04-01,Canceled,,,2025-04-07
5735508,897135,2025-03-13,Delivered,2025-03-16,2025-03-14,2025-03-15
9534171,216587,2025-07-25,Delivered,2025-07-26,2025-07-31,2025-07-31
8478012,648913,2025-02-13,Delivered,2025-02-16,2025-02-16,2025-02-17
9553321,525800,2026-02-20,Delivered,2026-02-23,2026-02-25,2026-02-25
7550371,332120,2025-12-27,Canceled,,,2025-12-31
9288278,448048,2025-11-17,Delivered,2025-11-19,2025-11-21,2025-11-21
9081607,606404,2026-04-20,Canceled,,,2026-04-22
7279534,648177,2024-08-03,Delivered,2024-08-06,2024-08-06,2024-08-07
6622444,766549,2024-01-03,Delivered,2024-01-05,2024-01-05,2024-01-05
6496663,665158,2024-03-15,Delivered,2024-03-18,2024-03-19,2024-03-19
5064666,443848,2025-05-07,Delivered,2025-05-08,2025-05-11,2025-05-09
6757583,590785,2024-08-15,Delivered,2024-08-16,2024-08-22,2024-08-22
9876361,829168,2025-04-28,Delivered,2025-04-30,2025-05-04,2025-05-04
6184638,434165,2026-02-07,Delivered,2026-02-10,2026-02-11,2026-02-11
6399765,197992,2026-05-08,Delivered,2026-05-11,2026-05-10,2026-05-11
8171631,621530,2024-07-20,Delivered,2024-07-21,2024-07-23,2024-07-23
9638128,445705,2024-07-20,Delivered,2024-07-21,2024-07-27,2024-07-27
8377754,289179,2024-10-04,Delivered,2024-10-05,2024-10-07,2024-10-07
9204430,349068,2025-04-06,Delivered,2025-04-09,2025-04-09,2025-04-09
8949427,944962,2026-02-22,Delivered,2026-02-24,2026-02-26,2026-02-26
5215031,616554,2025-04-23,Delivered,2025-04-24,2025-04-26,2025-04-26
6736579,322955,2025-09-02,Canceled,,,2025-09-09
8946315,464069,2025-12-29,Delivered,2026-01-01,2026-01-05,2026-01-05
8079031,680097,2026-04-22,Delivered,2026-04-24,2026-04-23,2026-04-24
8121879,184491,2024-10-21,Canceled,,,2024-10-23
9119805,714867,2025-11-19,Canceled,,,2025-11-24
9456845,522842,2024-03-04,Canceled,,,2024-03-11
8087337,401603,2025-03-21,Canceled,,,2025-03-25
7407084,370902,2025-05-11,Delivered,2025-05-13,2025-05-14,2025-05-14
7748773,141337,2024-08-02,Delivered,2024-08-04,2024-08-11,2024-08-09
9061021,699704,2026-04-18,Delivered,2026-04-20,2026-04-22,2026-04-22
8242377,544151,2024-11-30,Delivered,2024-12-01,2024-12-06,2024-12-06
7720403,622469,2025-12-03,Delivered,2025-12-05,2025-12-10,2025-12-08
6798213,916990,2024-02-12,Delivered,2024-02-14,2024-02-18,2024-02-16
5035707,503457,2024-08-25,Delivered,2024-08-27,2024-08-30,2024-08-30
9865302,179046,2025-08-21,Canceled,,,2025-08-28
6202186,195763,2024-08-31,Canceled,,,2024-09-02
7186582,480211,2025-03-20,Delivered,2025-03-21,2025-03-27,2025-03-27
8511052,931131,2024-03-13,Canceled,,,2024-03-19
7414824,423401,2025-06-16,Delivered,2025-06-19,2025-06-23,2025-06-23
6720699,852787,2026-02-06,Delivered,2026-02-08,2026-02-11,2026-02-12
5151544,883618,2025-09-30,Delivered,2025-10-01,2025-10-05,2025-10-05
9238510,551096,2024-09-06,Delivered,2024-09-09,2024-09-09,2024-09-09
5936375,571435,2024-12-06,Canceled,,,2024-12-12
6866462,288073,2024-08-23,Delivered,2024-08-24,2024-08-27,2024-08-27
6081844,615060,2026-05-15,Canceled,,,2026-05-17
6259095,446479,2025-12-13,Delivered,2025-12-16,2025-12-18,2025-12-18
6453782,455395,2024-04-03,Delivered,2024-04-06,2024-04-10,2024-04-10
7902556,674993,2024-06-02,Delivered,2024-06-05,2024-06-05,2024-06-05
8862910,182690,2024-06-06,Delivered,2024-06-08,2024-06-10,2024-06-11
8109168,932250,2025-06-07,Delivered,2025-06-09,2025-06-11,2025-06-11
5159877,267758,2025-09-22,Canceled,,,2025-09-24
7170000,154944,2024-12-05,Delivered,2024-12-07,2024-12-07,2024-12-07
5637744,274739,2024-11-05,Delivered,2024-11-06,2024-11-08,2024-11-09
6158665,916990,2025-01-24,Canceled,,,2025-01-31
6372606,498468,2025-09-07,Delivered,2025-09-09,2025-09-13,2025-09-14
8536326,361941,2026-04-01,Delivered,2026-04-04,2026-04-03,2026-04-03
8298694,888939,2025-08-13,Delivered,2025-08-15,2025-08-15,2025-08-15
7566150,770872,2025-06-11,Canceled,,,2025-06-13
7000939,680238,2025-06-25,Delivered,2025-06-28,2025-07-01,2025-07-01
8132743,561239,2024-03-23,Canceled,,,2024-03-29
5025362,458332,2024-01-07,Canceled,,,2024-01-12
9798242,896028,2025-03-05,Delivered,2025-03-08,2025-03-08,2025-03-09
7359257,234913,2025-01-01,Delivered,2025-01-03,2025-01-07,2025-01-08
7644090,932463,2025-03-13,Delivered,2025-03-14,2025-03-19,2025-03-19
8102679,235215,2024-02-23,Delivered,2024-02-25,2024-02-24,2024-02-25
8720584,308573,2025-02-27,Delivered,2025-03-02,2025-03-01,2025-03-01
6949632,907451,2024-03-05,Canceled,,,2024-03-08
5822459,418635,2025-01-04,Canceled,,,2025-01-09
7403086,621530,2025-09-09,Delivered,2025-09-10,2025-09-12,2025-09-12
9782428,351516,2024-11-13,Canceled,,,2024-11-16
6264095,773918,2025-12-01,Delivered,2025-12-04,2025-12-06,2025-12-07
8556335,653081,2025-01-26,Delivered,2025-01-27,2025-01-29,2025-01-29
8539046,773971,2024-05-12,Delivered,2024-05-14,2024-05-15,2024-05-15
6487431,128941,2026-04-17,Delivered,2026-04-20,2026-04-21,2026-04-21
6220446,913217,2024-02-07,Delivered,2024-02-10,2024-02-13,2024-02-14
7124303,752483,2024-09-13,Delivered,2024-09-14,2024-09-18,2024-09-18
9121425,892495,2024-08-26,Canceled,,,2024-08-29
8677507,781725,2024-06-01,Delivered,2024-06-03,2024-06-02,2024-06-03
8594271,776856,2024-02-14,Delivered,2024-02-16,2024-02-21,2024-02-21
5020475,502810,2024-01-29,Delivered,2024-01-30,2024-02-02,2024-02-02
6689757,997594,2026-03-01,Delivered,2026-03-03,2026-03-04,2026-03-04
9659327,803024,2025-09-16,Delivered,2025-09-18,2025-09-20,2025-09-20
6276921,907189,2025-01-15,Delivered,2025-01-17,2025-01-22,2025-01-22
9213721,526170,2024-03-30,Canceled,,,2024-04-01
5498186,377405,2024-08-13,Delivered,2024-08-15,2024-08-19,2024-08-19
9037315,778748,2025-06-03,Delivered,2025-06-06,2025-06-08,2025-06-08
5589445,734487,2025-04-29,Delivered,2025-05-02,2025-05-05,2025-05-05
5510546,246991,2025-04-29,Delivered,2025-04-30,2025-05-02,2025-05-02
5410678,993085,2024-04-24,Delivered,2024-04-27,2024-04-29,2024-04-29
6212053,546173,2026-03-18,Delivered,2026-03-20,2026-03-20,2026-03-20
7651851,535037,2025-12-21,Canceled,,,2025-12-27
9409202,609597,2026-05-13,Delivered,2026-05-16,2026-05-16,2026-05-16
9430674,727086,2024-08-04,Delivered,2024-08-05,2024-08-09,2024-08-09
8595147,809570,2024-12-19,Canceled,,,2024-12-24
7288710,658198,2024-03-12,Delivered,2024-03-14,2024-03-16,2024-03-16
5949638,703766,2024-05-14,Delivered,2024-05-16,2024-05-18,2024-05-16
8857285,654816,2024-06-06,Delivered,2024-06-07,2024-06-11,2024-06-11
9928616,608257,2025-03-20,Delivered,2025-03-21,2025-03-27,2025-03-27
7007299,493049,2025-04-12,Delivered,2025-04-15,2025-04-14,2025-04-14
8264353,576919,2026-04-12,Delivered,2026-04-15,2026-04-18,2026-04-18
9012581,344098,2025-07-18,Delivered,2025-07-21,2025-07-24,2025-07-25
7051952,627335,2025-04-08,Delivered,2025-04-09,2025-04-15,2025-04-15
6877721,140804,2024-10-04,Delivered,2024-10-06,2024-10-07,2024-10-07
6703445,619389,2025-12-13,Delivered,2025-12-16,2025-12-17,2025-12-15
7061677,486490,2025-06-06,Canceled,,,2025-06-12
9240212,878086,2024-09-08,Delivered,2024-09-10,2024-09-12,2024-09-12
6641580,490748,2025-11-24,Delivered,2025-11-25,2025-12-01,2025-12-01
6643486,565471,2024-01-22,Canceled,,,2024-01-24
9420647,694799,2025-10-09,Delivered,2025-10-11,2025-10-14,2025-10-14
8742222,128418,2024-05-20,Delivered,2024-05-22,2024-05-22,2024-05-22
8603508,153945,2025-07-16,Delivered,2025-07-19,2025-07-18,2025-07-18
9646581,188914,2025-05-26,Delivered,2025-05-27,2025-05-31,2025-05-31
9298058,882544,2024-01-04,Canceled,,,2024-01-11
6763713,965322,2024-09-10,Canceled,,,2024-09-13
9627996,437145,2024-06-05,Delivered,2024-06-07,2024-06-08,2024-06-08
8343342,559469,2024-01-13,Delivered,2024-01-16,2024-01-16,2024-01-16
9378885,132663,2024-07-14,Delivered,2024-07-16,2024-07-16,2024-07-17
9872548,154909,2024-11-19,Delivered,2024-11-21,2024-11-24,2024-11-25
9440264,285751,2024-03-03,Delivered,2024-03-05,2024-03-07,2024-03-05
6255371,705748,2024-10-09,Canceled,,,2024-10-16
7898246,642491,2026-02-13,Delivered,2026-02-16,2026-02-15,2026-02-15
9301054,636265,2026-04-14,Delivered,2026-04-15,2026-04-18,2026-04-18
6029788,997546,2026-01-21,Canceled,,,2026-01-28
8753162,349489,2025-08-22,Canceled,,,2025-08-25
6764909,533914,2025-04-03,Delivered,2025-04-05,2025-04-05,2025-04-05
9674868,688866,2025-11-16,Delivered,2025-11-17,2025-11-23,2025-11-23
8637998,565504,2024-04-20,Delivered,2024-04-22,2024-04-26,2024-04-26
9517448,915573,2026-02-19,Delivered,2026-02-20,2026-02-26,2026-02-26
5859800,938171,2024-08-15,Delivered,2024-08-18,2024-08-20,2024-08-20
8178386,570392,2024-08-07,Delivered,2024-08-09,2024-08-14,2024-08-14
7924206,624108,2025-09-14,Delivered,2025-09-17,2025-09-16,2025-09-17
6514460,863587,2024-03-27,Canceled,,,2024-03-31
6191607,593152,2024-05-05,Delivered,2024-05-06,2024-05-11,2024-05-09
7092745,600935,2025-04-11,Delivered,2025-04-12,2025-04-18,2025-04-18
7790228,722656,2025-03-25,Canceled,,,2025-03-27
5311595,419149,2024-02-19,Canceled,,,2024-02-22
9120109,644103,2026-03-21,Canceled,,,2026-03-26
6976576,374896,2025-11-05,Canceled,,,2025-11-12
9025880,165290,2025-03-03,Delivered,2025-03-06,2025-03-10,2025-03-10
9558537,932463,2025-05-15,Delivered,2025-05-17,2025-05-17,2025-05-18
9114514,268637,2025-03-05,Delivered,2025-03-07,2025-03-09,2025-03-09
6953239,142213,2025-05-02,Delivered,2025-05-03,2025-05-06,2025-05-06
8019136,735324,2024-05-19,Delivered,2024-05-20,2024-05-20,2024-05-21
6116267,871711,2024-05-20,Delivered,2024-05-22,2024-05-22,2024-05-22
5956353,663658,2025-06-07,Delivered,2025-06-10,2025-06-12,2025-06-12
9863415,904624,2025-06-17,Delivered,2025-06-18,2025-06-21,2025-06-21
9385308,986593,2025-04-14,Delivered,2025-04-16,2025-04-22,2025-04-21
5210265,539375,2024-10-13,Delivered,2024-10-14,2024-10-20,2024-10-20
8161671,953025,2025-01-19,Canceled,,,2025-01-23
9331993,177680,2025-03-21,Delivered,2025-03-23,2025-03-24,2025-03-25
7144560,245622,2024-07-13,Delivered,2024-07-15,2024-07-16,2024-07-16
8387950,226516,2025-07-18,Delivered,2025-07-20,2025-07-22,2025-07-23
5255689,355123,2026-04-27,Delivered,2026-04-29,2026-04-30,2026-04-30
6652308,257677,2024-07-08,Canceled,,,2024-07-11
6749961,989894,2024-07-09,Delivered,2024-07-11,2024-07-11,2024-07-11
7426953,862560,2024-11-06,Delivered,2024-11-09,2024-11-08,2024-11-08
6480670,995916,2024-10-06,Delivered,2024-10-08,2024-10-09,2024-10-09
9984974,586819,2025-02-06,Delivered,2025-02-07,2025-02-09,2025-02-09
7943301,898975,2026-01-12,Delivered,2026-01-14,2026-01-19,2026-01-18
5482459,213475,2025-05-20,Delivered,2025-05-22,2025-05-25,2025-05-25
9539768,874814,2024-10-09,Delivered,2024-10-10,2024-10-12,2024-10-12
8310234,902325,2025-04-23,Canceled,,,2025-04-26
8889783,744986,2025-11-30,Delivered,2025-12-03,2025-12-04,2025-12-04
6291569,499749,2026-03-22,Delivered,2026-03-24,2026-03-26,2026-03-26
6294034,992697,2025-01-27,Delivered,2025-01-30,2025-02-03,2025-02-03
8425283,676510,2026-04-17,Delivered,2026-04-20,2026-04-21,2026-04-21
8639986,525818,2025-01-11,Delivered,2025-01-13,2025-01-17,2025-01-17
6552730,823378,2026-02-04,Canceled,,,2026-02-08
9484600,882354,2025-08-14,Canceled,,,2025-08-18
5739679,161324,2025-01-12,Canceled,,,2025-01-17
5474610,849421,2026-03-02,Delivered,2026-03-05,2026-03-04,2026-03-04
8770875,277934,2025-06-02,Canceled,,,2025-06-04
8390332,612262,2024-02-24,Canceled,,,2024-02-27
8694064,993744,2024-08-13,Delivered,2024-08-16,2024-08-19,2024-08-19
8832821,393308,2025-07-31,Delivered,2025-08-01,2025-08-02,2025-08-02
8726859,233470,2024-07-07,Delivered,2024-07-10,2024-07-13,2024-07-14
9515560,741674,2025-01-30,Delivered,2025-01-31,2025-02-05,2025-02-05
8467101,837135,2025-02-12,Canceled,,,2025-02-19
8717348,788637,2025-11-10,Delivered,2025-11-13,2025-11-15,2025-11-15
6920323,597305,2024-07-07,Delivered,2024-07-10,2024-07-12,2024-07-12
9044571,986982,2025-10-24,Delivered,2025-10-27,2025-10-29,2025-10-28
5631125,621841,2024-11-16,Delivered,2024-11-17,2024-11-19,2024-11-19
9469235,140804,2024-03-02,Canceled,,,2024-03-04
5567157,710169,2026-02-10,Delivered,2026-02-12,2026-02-15,2026-02-15
5380900,251668,2024-08-19,Delivered,2024-08-22,2024-08-26,2024-08-26
8010527,904751,2026-04-24,Canceled,,,2026-04-30
9833740,843963,2026-02-25,Delivered,2026-02-28,2026-03-05,2026-03-03
8672932,420214,2025-07-24,Delivered,2025-07-26,2025-07-31,2025-07-31
7221048,236306,2024-11-24,Delivered,2024-11-26,2024-11-29,2024-11-30
8608814,559023,2025-03-26,Delivered,2025-03-27,2025-03-29,2025-03-30
9205858,935457,2026-04-11,Delivered,2026-04-12,2026-04-14,2026-04-15
9816395,621841,2024-12-04,Canceled,,,2024-12-08
9769157,656639,2024-10-04,Delivered,2024-10-05,2024-10-08,2024-10-08
6909865,879414,2024-01-13,Delivered,2024-01-14,2024-01-16,2024-01-16
6822073,973835,2026-01-18,Delivered,2026-01-21,2026-01-19,2026-01-20
5276832,432043,2025-01-16,Canceled,,,2025-01-21
8032908,520884,2025-06-11,Delivered,2025-06-14,2025-06-13,2025-06-13
6808018,535970,2025-12-20,Delivered,2025-12-21,2025-12-24,2025-12-24
9076088,911984,2025-12-14,Delivered,2025-12-16,2025-12-18,2025-12-18
7354094,299448,2024-03-04,Canceled,,,2024-03-09
5359898,467121,2025-09-11,Delivered,2025-09-12,2025-09-15,2025-09-15
8560680,716338,2024-10-12,Delivered,2024-10-13,2024-10-14,2024-10-14
6323991,427704,2026-01-17,Canceled,,,2026-01-23
7149900,915922,2024-02-14,Delivered,2024-02-16,2024-02-20,2024-02-21
6176803,150126,2025-01-20,Canceled,,,2025-01-27
8254056,666847,2025-06-10,Delivered,2025-06-13,2025-06-13,2025-06-13
5984392,753064,2025-08-09,Delivered,2025-08-12,2025-08-16,2025-08-16
5464160,658623,2026-03-07,Delivered,2026-03-10,2026-03-11,2026-03-11
6974548,352422,2026-03-07,Canceled,,,2026-03-11
7026792,908977,2025-09-08,Canceled,,,2025-09-14
6270251,720644,2024-10-29,Canceled,,,2024-11-02
7345913,936912,2024-06-23,Delivered,2024-06-25,2024-06-28,2024-06-29
9664941,807053,2025-01-14,Delivered,2025-01-15,2025-01-16,2025-01-16
8961389,108203,2026-05-04,Delivered,2026-05-05,2026-05-10,2026-05-10
9178346,864544,2025-05-16,Delivered,2025-05-17,2025-05-22,2025-05-22
6575427,790993,2024-11-19,Delivered,2024-11-20,2024-11-21,2024-11-21
8267632,717113,2024-07-30,Delivered,2024-07-31,2024-07-31,2024-08-01
7937556,493124,2024-02-28,Delivered,2024-03-02,2024-03-01,2024-03-02
5911645,448321,2026-02-05,Canceled,,,2026-02-09
9430456,967611,2025-10-01,Canceled,,,2025-10-08
9500873,972176,2026-01-26,Delivered,2026-01-29,2026-02-01,2026-02-01
7296328,765620,2024-11-09,Canceled,,,2024-11-16
5931391,993140,2025-06-15,Delivered,2025-06-18,2025-06-21,2025-06-21
9500665,395459,2024-01-31,Delivered,2024-02-01,2024-02-01,2024-02-02
8429739,535098,2025-04-26,Delivered,2025-04-28,2025-05-01,2025-05-02
8300534,153849,2025-12-29,Delivered,2025-12-31,2026-01-05,2026-01-05
5679997,368402,2024-06-16,Delivered,2024-06-19,2024-06-22,2024-06-22
6773979,143941,2026-02-28,Delivered,2026-03-02,2026-03-06,2026-03-06
9868082,519066,2024-02-11,Delivered,2024-02-14,2024-02-15,2024-02-15
7526193,475190,2025-02-27,Delivered,2025-03-02,2025-03-02,2025-03-02
5179837,698384,2025-01-04,Delivered,2025-01-06,2025-01-08,2025-01-08
8357256,735770,2024-07-21,Delivered,2024-07-24,2024-07-26,2024-07-26
6998318,803204,2026-04-13,Delivered,2026-04-15,2026-04-19,2026-04-20
8056218,934816,2024-11-21,Delivered,2024-11-24,2024-11-24,2024-11-24
8964062,624902,2026-02-08,Delivered,2026-02-09,2026-02-12,2026-02-12
6530815,703139,2024-04-05,Canceled,,,2024-04-12
7218020,880841,2024-08-21,Delivered,2024-08-24,2024-08-27,2024-08-27
8918373,220096,2025-04-06,Delivered,2025-04-09,2025-04-09,2025-04-09
8380237,615611,2025-02-25,Delivered,2025-02-28,2025-03-03,2025-03-03
6710381,250069,2024-01-23,Delivered,2024-01-25,2024-01-26,2024-01-26
9619878,656116,2024-11-05,Delivered,2024-11-08,2024-11-08,2024-11-08
7921249,668532,2024-11-28,Delivered,2024-11-29,2024-12-05,2024-12-05
8991296,249811,2025-12-14,Delivered,2025-12-16,2025-12-18,2025-12-18
6236677,639593,2026-01-08,Delivered,2026-01-11,2026-01-10,2026-01-10
8328087,616554,2025-03-17,Delivered,2025-03-20,2025-03-19,2025-03-19
9390570,575528,2025-10-22,Delivered,2025-10-24,2025-10-25,2025-10-25
7707857,734210,2024-04-26,Delivered,2024-04-28,2024-04-28,2024-04-28
5289578,715448,2024-03-31,Delivered,2024-04-01,2024-04-04,2024-04-04
5094332,278794,2025-06-02,Canceled,,,2025-06-09
8901328,813449,2024-02-15,Delivered,2024-02-17,2024-02-21,2024-02-21
6173325,215266,2024-05-19,Delivered,2024-05-21,2024-05-23,2024-05-23
9636855,751924,2025-09-28,Delivered,2025-09-29,2025-10-04,2025-10-05
7508712,280941,2024-05-07,Delivered,2024-05-09,2024-05-13,2024-05-13
6901037,499749,2025-05-29,Delivered,2025-05-31,2025-06-02,2025-06-02
9262436,513037,2025-05-16,Delivered,2025-05-18,2025-05-22,2025-05-22
7977193,120422,2024-05-19,Canceled,,,2024-05-21
9401257,492483,2024-05-10,Canceled,,,2024-05-12
5069529,622469,2024-05-12,Delivered,2024-05-14,2024-05-18,2024-05-18
5226629,230679,2025-08-17,Canceled,,,2025-08-22
9856520,175576,2024-01-05,Delivered,2024-01-07,2024-01-07,2024-01-07
9939230,926730,2025-06-29,Delivered,2025-07-02,2025-06-30,2025-07-01
9286243,591798,2024-01-12,Delivered,2024-01-13,2024-01-18,2024-01-18
8596491,211005,2024-10-05,Delivered,2024-10-06,2024-10-08,2024-10-08
8638053,885408,2024-01-09,Delivered,2024-01-11,2024-01-13,2024-01-13
9768449,615060,2024-04-24,Delivered,2024-04-26,2024-04-28,2024-04-28
6350956,572398,2024-11-19,Canceled,,,2024-11-24
7246010,755900,2026-05-05,Delivered,2026-05-08,2026-05-10,2026-05-11
7625755,194769,2025-11-08,Canceled,,,2025-11-14
5137709,300896,2024-06-07,Canceled,,,2024-06-14
7740838,380746,2026-02-08,Delivered,2026-02-09,2026-02-09,2026-02-10
5543548,789606,2025-10-29,Delivered,2025-10-31,2025-11-03,2025-11-03
7242135,954628,2025-11-13,Delivered,2025-11-15,2025-11-18,2025-11-18
5240781,402099,2025-10-04,Delivered,2025-10-07,2025-10-07,2025-10-07
7604322,387782,2025-03-16,Delivered,2025-03-18,2025-03-22,2025-03-23
9221319,807617,2026-01-23,Delivered,2026-01-24,2026-01-29,2026-01-29
8918873,716338,2024-05-18,Canceled,,,2024-05-24
6874759,518801,2026-04-21,Canceled,,,2026-04-26
7891893,435239,2025-07-10,Delivered,2025-07-11,2025-07-13,2025-07-14
9091744,760021,2025-06-16,Delivered,2025-06-18,2025-06-22,2025-06-22
8143273,776796,2025-03-16,Delivered,2025-03-17,2025-03-21,2025-03-21
7291910,308894,2024-12-17,Canceled,,,2024-12-21
6893142,256226,2024-10-30,Delivered,2024-11-02,2024-11-03,2024-11-03
7408338,559457,2026-04-26,Delivered,2026-04-29,2026-04-30,2026-04-30
7697720,611233,2025-07-02,Delivered,2025-07-03,2025-07-05,2025-07-05
6970067,448321,2024-09-28,Delivered,2024-10-01,2024-09-30,2024-09-30
8201958,946305,2026-01-05,Delivered,2026-01-07,2026-01-10,2026-01-10
7463548,871476,2026-03-29,Delivered,2026-03-30,2026-04-01,2026-04-01
9742379,787923,2025-04-06,Delivered,2025-04-07,2025-04-10,2025-04-10
8286248,195325,2024-11-02,Delivered,2024-11-05,2024-11-04,2024-11-04
5841632,975679,2024-10-29,Delivered,2024-10-31,2024-11-01,2024-11-01
5515887,672079,2024-08-17,Delivered,2024-08-19,2024-08-19,2024-08-19
9087953,524045,2024-12-05,Delivered,2024-12-07,2024-12-06,2024-12-07
9189848,550137,2026-02-03,Canceled,,,2026-02-09
9813988,642491,2026-05-10,Delivered,2026-05-13,2026-05-17,2026-05-17
8729823,172965,2025-10-26,Delivered,2025-10-28,2025-10-31,2025-10-31
8829605,426147,2025-03-22,Delivered,2025-03-24,2025-03-29,2025-03-29
6194703,347861,2024-09-07,Canceled,,,2024-09-14
6254087,890075,2025-04-23,Canceled,,,2025-04-26
6348074,751924,2024-11-10,Delivered,2024-11-11,2024-11-13,2024-11-13
6186028,665492,2024-05-29,Delivered,2024-05-30,2024-06-04,2024-06-04
8601061,609253,2025-12-02,Delivered,2025-12-04,2025-12-05,2025-12-05
7579291,246316,2024-04-22,Delivered,2024-04-25,2024-04-28,2024-04-29
8178128,983456,2026-01-30,Canceled,,,2026-02-06
5709454,856157,2025-09-11,Canceled,,,2025-09-17
7715832,877572,2024-12-12,Delivered,2024-12-15,2024-12-18,2024-12-18
7029698,901577,2024-06-09,Delivered,2024-06-12,2024-06-16,2024-06-16
6987619,685066,2025-05-02,Canceled,,,2025-05-09
5286395,126240,2025-07-18,Delivered,2025-07-21,2025-07-20,2025-07-20
5087894,289222,2025-05-27,Delivered,2025-05-28,2025-05-29,2025-05-29
6239497,550664,2025-07-30,Delivered,2025-08-02,2025-08-06,2025-08-05
9167276,699929,2026-04-03,Delivered,2026-04-06,2026-04-05,2026-04-05
5093184,344098,2024-11-15,Delivered,2024-11-16,2024-11-20,2024-11-20
6139267,955015,2025-11-13,Delivered,2025-11-16,2025-11-15,2025-11-16
8860558,438977,2024-03-25,Delivered,2024-03-28,2024-04-02,2024-03-31
8047740,243423,2025-10-03,Delivered,2025-10-05,2025-10-08,2025-10-08
5502345,718849,2024-07-11,Delivered,2024-07-13,2024-07-13,2024-07-13
8995107,253143,2025-04-15,Delivered,2025-04-16,2025-04-19,2025-04-19
8518805,147440,2024-01-14,Delivered,2024-01-17,2024-01-16,2024-01-16
8945751,753064,2025-08-22,Delivered,2025-08-23,2025-08-28,2025-08-28
8664959,928766,2025-03-16,Delivered,2025-03-18,2025-03-22,2025-03-22
9722805,507524,2024-07-20,Delivered,2024-07-21,2024-07-26,2024-07-26
7040422,543814,2024-09-06,Delivered,2024-09-07,2024-09-09,2024-09-09
9509067,219971,2024-10-05,Delivered,2024-10-06,2024-10-12,2024-10-12
5324647,804318,2024-04-30,Canceled,,,2024-05-03
7677497,676510,2025-04-23,Delivered,2025-04-25,2025-04-26,2025-04-26
5908242,479353,2026-03-27,Delivered,2026-03-30,2026-04-02,2026-04-01
7115136,246991,2025-03-18,Delivered,2025-03-21,2025-03-20,2025-03-21
8006016,905819,2024-07-21,Delivered,2024-07-24,2024-07-23,2024-07-23
7015951,446954,2025-08-29,Canceled,,,2025-09-05
9648036,253557,2025-09-14,Delivered,2025-09-16,2025-09-21,2025-09-21
8165351,823846,2025-08-31,Delivered,2025-09-02,2025-09-07,2025-09-07
9985658,634473,2025-07-17,Delivered,2025-07-20,2025-07-22,2025-07-23
5081953,718439,2024-12-16,Delivered,2024-12-18,2024-12-21,2024-12-21
5981601,387636,2024-05-06,Canceled,,,2024-05-09
8647685,551096,2025-01-17,Delivered,2025-01-19,2025-01-21,2025-01-19
9326187,334053,2024-09-29,Delivered,2024-09-30,2024-10-05,2024-10-06
5590328,930117,2025-12-15,Delivered,2025-12-18,2025-12-20,2025-12-20
6299765,605612,2025-08-10,Delivered,2025-08-11,2025-08-13,2025-08-12
5314416,324643,2024-09-30,Delivered,2024-10-03,2024-10-07,2024-10-07
9177183,108105,2024-10-12,Delivered,2024-10-13,2024-10-19,2024-10-19
7869247,874483,2025-09-21,Canceled,,,2025-09-23
5053654,145649,2026-01-20,Delivered,2026-01-22,2026-01-25,2026-01-25
5458550,471507,2025-08-02,Delivered,2025-08-04,2025-08-05,2025-08-06
5212209,808446,2024-06-08,Delivered,2024-06-10,2024-06-11,2024-06-11
8376775,862560,2024-01-25,Delivered,2024-01-28,2024-01-29,2024-01-30
5678451,707616,2025-05-11,Delivered,2025-05-13,2025-05-13,2025-05-13
7919074,563298,2026-01-14,Canceled,,,2026-01-21
8069794,153642,2025-06-10,Canceled,,,2025-06-17
9443802,520040,2024-06-06,Canceled,,,2024-06-12
7905740,812413,2024-06-07,Canceled,,,2024-06-11
9767913,440035,2024-01-10,Delivered,2024-01-12,2024-01-17,2024-01-17
6837471,950544,2024-03-21,Delivered,2024-03-24,2024-03-24,2024-03-24
9910873,555884,2024-10-17,Delivered,2024-10-20,2024-10-22,2024-10-22
6315133,344098,2024-06-09,Delivered,2024-06-12,2024-06-12,2024-06-12
6205031,198907,2024-04-25,Delivered,2024-04-26,2024-04-27,2024-04-28
7167299,768480,2025-08-25,Delivered,2025-08-27,2025-08-28,2025-08-28
7148637,158900,2024-12-15,Delivered,2024-12-17,2024-12-21,2024-12-21
7674444,114835,2024-08-06,Delivered,2024-08-08,2024-08-08,2024-08-08
7985689,295085,2025-09-03,Delivered,2025-09-06,2025-09-05,2025-09-05
8658519,757629,2025-12-14,Delivered,2025-12-15,2025-12-20,2025-12-20
7841376,579911,2024-12-09,Delivered,2024-12-10,2024-12-15,2024-12-16
6532912,177060,2026-03-12,Canceled,,,2026-03-15
6779455,452161,2024-06-16,Delivered,2024-06-17,2024-06-17,2024-06-18
6522512,443939,2025-07-25,Delivered,2025-07-26,2025-07-31,2025-07-31
6066771,680933,2025-05-31,Canceled,,,2025-06-02
5804606,409445,2025-06-13,Delivered,2025-06-15,2025-06-15,2025-06-15
7547680,728038,2024-08-13,Delivered,2024-08-14,2024-08-15,2024-08-15
9496991,535970,2024-08-14,Delivered,2024-08-17,2024-08-15,2024-08-16
7593261,198246,2025-02-12,Delivered,2025-02-13,2025-02-18,2025-02-18
7345790,498676,2024-01-30,Delivered,2024-02-02,2024-02-02,2024-02-02
5703982,985447,2024-10-09,Canceled,,,2024-10-11
6589940,176819,2024-06-21,Canceled,,,2024-06-27
9796692,207798,2026-04-23,Delivered,2026-04-25,2026-04-28,2026-04-28
9820035,368690,2026-03-21,Delivered,2026-03-23,2026-03-26,2026-03-26
8134151,603787,2024-09-12,Delivered,2024-09-14,2024-09-16,2024-09-16
5716337,950823,2025-09-13,Delivered,2025-09-15,2025-09-19,2025-09-20
8751556,276299,2024-04-25,Delivered,2024-04-26,2024-04-28,2024-04-28
8372441,486814,2024-03-22,Delivered,2024-03-23,2024-03-27,2024-03-27
9731248,872840,2026-01-18,Delivered,2026-01-20,2026-01-22,2026-01-22
6669962,206851,2025-02-16,Delivered,2025-02-18,2025-02-18,2025-02-18
6749943,675462,2025-08-11,Delivered,2025-08-14,2025-08-17,2025-08-17
5434489,621546,2025-08-23,Delivered,2025-08-25,2025-08-26,2025-08-26
7000416,433632,2025-09-26,Delivered,2025-09-28,2025-09-28,2025-09-28
9627425,701949,2025-05-12,Delivered,2025-05-14,2025-05-19,2025-05-19
5663843,438977,2026-03-19,Delivered,2026-03-22,2026-03-24,2026-03-25
7657774,204053,2024-02-04,Delivered,2024-02-05,2024-02-07,2024-02-08
8640251,407696,2024-10-11,Delivered,2024-10-12,2024-10-12,2024-10-13
9897260,819425,2024-04-16,Delivered,2024-04-17,2024-04-23,2024-04-23
7744313,925622,2025-05-13,Delivered,2025-05-14,2025-05-17,2025-05-17
9926271,736130,2024-05-20,Delivered,2024-05-21,2024-05-22,2024-05-22
5348900,787436,2024-11-17,Delivered,2024-11-19,2024-11-21,2024-11-21
9040159,577538,2024-12-28,Delivered,2024-12-29,2025-01-04,2025-01-04
5111235,869864,2025-03-13,Delivered,2025-03-14,2025-03-20,2025-03-20
7929525,972176,2024-12-22,Delivered,2024-12-24,2024-12-28,2024-12-28
8652020,671412,2024-05-08,Delivered,2024-05-10,2024-05-13,2024-05-13
8098186,720556,2024-07-06,Delivered,2024-07-09,2024-07-12,2024-07-12
5546648,711680,2025-06-12,Delivered,2025-06-15,2025-06-17,2025-06-18
5109211,926730,2025-09-22,Delivered,2025-09-24,2025-09-27,2025-09-27
8618693,469954,2025-06-29,Delivered,2025-07-01,2025-07-03,2025-07-03
6750435,543692,2024-08-16,Delivered,2024-08-18,2024-08-22,2024-08-23
8449416,349068,2024-03-26,Canceled,,,2024-03-28
5939296,358175,2024-07-01,Canceled,,,2024-07-07
5534374,531071,2024-05-25,Delivered,2024-05-26,2024-05-28,2024-05-28
6175904,300337,2025-06-11,Delivered,2025-06-13,2025-06-12,2025-06-13
9352813,624108,2026-05-04,Delivered,2026-05-05,2026-05-09,2026-05-09
9065808,171603,2025-03-06,Delivered,2025-03-07,2025-03-09,2025-03-09
7443343,596756,2026-03-03,Delivered,2026-03-05,2026-03-08,2026-03-08
5344235,613425,2024-03-27,Delivered,2024-03-28,2024-04-01,2024-04-01
9215194,901577,2024-02-03,Delivered,2024-02-05,2024-02-07,2024-02-07
5948529,251157,2024-02-28,Delivered,2024-03-02,2024-03-03,2024-03-03
5535583,765822,2026-05-13,Delivered,2026-05-16,2026-05-16,2026-05-17
8803207,958729,2026-04-23,Delivered,2026-04-25,2026-04-26,2026-04-26
6600110,563516,2026-05-03,Canceled,,,2026-05-08
5208620,912085,2025-10-31,Delivered,2025-11-01,2025-11-07,2025-11-07
8152065,170394,2024-05-10,Delivered,2024-05-11,2024-05-14,2024-05-14
9847831,940064,2024-05-24,Delivered,2024-05-26,2024-05-27,2024-05-27
6922684,964749,2024-06-22,Delivered,2024-06-24,2024-06-23,2024-06-24
9449042,525818,2024-12-04,Delivered,2024-12-06,2024-12-06,2024-12-06
6218574,456699,2024-05-09,Canceled,,,2024-05-15
5580907,733052,2025-12-08,Canceled,,,2025-12-13
7310181,612311,2025-02-05,Delivered,2025-02-08,2025-02-07,2025-02-08
7633770,211834,2024-08-22,Delivered,2024-08-24,2024-08-24,2024-08-24
6110112,576086,2024-06-10,Delivered,2024-06-12,2024-06-14,2024-06-15
9573681,678443,2024-06-26,Canceled,,,2024-06-30
8697743,474314,2024-03-25,Delivered,2024-03-26,2024-03-27,2024-03-27
9357408,213206,2024-04-13,Canceled,,,2024-04-20
9890609,322086,2026-03-02,Delivered,2026-03-03,2026-03-09,2026-03-09
9868654,153063,2025-04-24,Canceled,,,2025-04-27
9740382,671412,2025-09-19,Delivered,2025-09-20,2025-09-23,2025-09-24
8326283,994141,2025-11-20,Canceled,,,2025-11-26
6132097,935457,2024-08-13,Delivered,2024-08-14,2024-08-19,2024-08-19
9238878,226882,2024-11-12,Canceled,,,2024-11-16
9834238,861894,2025-07-14,Canceled,,,2025-07-21
6967694,238205,2026-01-01,Delivered,2026-01-03,2026-01-03,2026-01-03
5062454,395459,2026-05-14,Canceled,,,2026-05-20
6569454,994343,2024-12-04,Delivered,2024-12-07,2024-12-06,2024-12-06
9634667,790855,2024-12-12,Canceled,,,2024-12-14
7406673,897549,2024-09-29,Canceled,,,2024-10-03
5473183,749641,2025-06-29,Delivered,2025-07-01,2025-07-06,2025-07-06
8025086,324993,2024-03-23,Delivered,2024-03-24,2024-03-26,2024-03-26
6212223,446859,2025-03-03,Delivered,2025-03-06,2025-03-12,2025-03-10
5626777,362529,2025-05-13,Delivered,2025-05-15,2025-05-19,2025-05-19
9214926,704788,2025-04-14,Delivered,2025-04-15,2025-04-16,2025-04-17
8012967,925622,2024-05-29,Delivered,2024-05-30,2024-06-05,2024-06-05
5397073,300896,2024-07-03,Canceled,,,2024-07-06
7687865,211834,2024-12-23,Canceled,,,2024-12-28
8215561,321048,2024-08-16,Delivered,2024-08-19,2024-08-22,2024-08-23
5437777,266457,2024-07-14,Delivered,2024-07-15,2024-07-19,2024-07-19
9694542,179013,2024-10-28,Delivered,2024-10-30,2024-11-02,2024-11-02
6592015,304110,2024-09-13,Canceled,,,2024-09-20
5896197,916118,2024-12-12,Canceled,,,2024-12-14
9789527,328275,2026-05-08,Delivered,2026-05-10,2026-05-12,2026-05-12
5804864,608993,2026-01-16,Delivered,2026-01-18,2026-01-20,2026-01-20
6256358,557409,2025-09-21,Canceled,,,2025-09-23
8425857,226516,2025-11-09,Delivered,2025-11-11,2025-11-12,2025-11-12
5447749,177649,2024-10-08,Delivered,2024-10-11,2024-10-15,2024-10-15
7203467,153849,2024-06-22,Delivered,2024-06-23,2024-06-27,2024-06-28
9582716,153945,2025-06-23,Canceled,,,2025-06-26
7968606,501124,2024-06-06,Delivered,2024-06-09,2024-06-12,2024-06-13
9431635,532322,2024-08-23,Delivered,2024-08-25,2024-08-30,2024-08-30
9758498,793169,2024-08-16,Delivered,2024-08-17,2024-08-23,2024-08-23
8531927,276299,2025-03-05,Canceled,,,2025-03-12
7734257,468845,2025-08-22,Canceled,,,2025-08-25
7209932,244283,2024-06-17,Delivered,2024-06-18,2024-06-23,2024-06-23
9627341,840734,2025-02-01,Delivered,2025-02-03,2025-02-07,2025-02-07
5570106,874814,2026-03-16,Delivered,2026-03-17,2026-03-23,2026-03-22
9596361,779094,2025-05-21,Delivered,2025-05-22,2025-05-27,2025-05-27
7280207,757629,2025-09-12,Delivered,2025-09-14,2025-09-16,2025-09-16
7284554,290802,2024-09-01,Delivered,2024-09-03,2024-09-08,2024-09-08
5129616,546815,2024-02-14,Delivered,2024-02-15,2024-02-20,2024-02-20
9984812,772875,2025-11-21,Delivered,2025-11-24,2025-11-26,2025-11-27
7028468,207786,2025-01-09,Delivered,2025-01-12,2025-01-14,2025-01-14
9560159,152578,2025-08-29,Delivered,2025-08-31,2025-09-05,2025-09-05
8589226,149405,2025-05-16,Delivered,2025-05-19,2025-05-20,2025-05-20
7962930,651640,2026-04-17,Delivered,2026-04-19,2026-04-23,2026-04-23
7582447,817941,2025-01-16,Delivered,2025-01-17,2025-01-25,2025-01-23
8850838,618119,2024-05-09,Delivered,2024-05-11,2024-05-13,2024-05-14
5582034,609232,2024-01-15,Canceled,,,2024-01-20
6566546,516716,2025-07-22,Delivered,2025-07-23,2025-07-27,2025-07-27
9190777,287330,2025-03-31,Delivered,2025-04-03,2025-04-06,2025-04-07
5431541,309267,2026-05-10,Delivered,2026-05-13,2026-05-18,2026-05-16
8126924,639995,2025-01-08,Delivered,2025-01-10,2025-01-10,2025-01-10
7126408,548462,2025-05-10,Delivered,2025-05-11,2025-05-14,2025-05-14
9281109,753064,2025-09-18,Delivered,2025-09-21,2025-09-23,2025-09-23
8836602,393243,2024-10-14,Canceled,,,2024-10-18
7567360,717457,2024-08-07,Canceled,,,2024-08-14
9441673,781725,2025-09-05,Delivered,2025-09-07,2025-09-07,2025-09-07
8958794,799330,2025-03-27,Delivered,2025-03-30,2025-03-29,2025-03-29
5309817,422451,2025-02-10,Canceled,,,2025-02-15
7820689,197793,2024-03-01,Delivered,2024-03-04,2024-03-08,2024-03-08
8347982,432043,2025-02-24,Delivered,2025-02-26,2025-02-27,2025-02-27
8192393,936912,2025-05-11,Delivered,2025-05-13,2025-05-14,2025-05-14
6284928,360247,2024-12-04,Delivered,2024-12-06,2024-12-06,2024-12-06
6887761,887352,2024-10-01,Delivered,2024-10-04,2024-10-07,2024-10-08
5230257,614663,2024-03-06,Delivered,2024-03-07,2024-03-13,2024-03-13
5396760,476395,2026-01-26,Delivered,2026-01-27,2026-01-31,2026-01-31
8116549,725380,2025-07-30,Delivered,2025-08-02,2025-08-03,2025-08-03
8292501,751924,2025-06-06,Delivered,2025-06-09,2025-06-12,2025-06-13
5056870,963874,2024-01-24,Delivered,2024-01-27,2024-01-31,2024-01-31
9902406,976638,2024-05-05,Delivered,2024-05-06,2024-05-11,2024-05-12
7589839,108574,2024-03-29,Delivered,2024-03-31,2024-04-02,2024-04-02
7283506,228473,2025-05-16,Delivered,2025-05-18,2025-05-22,2025-05-22
8282773,334053,2024-08-25,Canceled,,,2024-08-27
5906521,356059,2026-05-09,Delivered,2026-05-11,2026-05-15,2026-05-15
8025866,179046,2025-02-21,Delivered,2025-02-24,2025-02-24,2025-02-24
5088191,189771,2025-04-26,Delivered,2025-04-28,2025-04-29,2025-04-29
5816958,680096,2024-03-12,Delivered,2024-03-13,2024-03-15,2024-03-15
6162060,699425,2025-06-01,Canceled,,,2025-06-05
6855304,114338,2024-05-20,Delivered,2024-05-22,2024-05-25,2024-05-25
7806249,662262,2025-07-11,Canceled,,,2025-07-15
5441535,486251,2025-11-06,Delivered,2025-11-07,2025-11-11,2025-11-11
8498467,240814,2024-09-12,Canceled,,,2024-09-18
8311256,220116,2025-11-26,Canceled,,,2025-12-03
8145516,348235,2026-03-13,Canceled,,,2026-03-20
8155362,749840,2024-12-11,Delivered,2024-12-14,2024-12-15,2024-12-15
8630298,831380,2024-05-13,Delivered,2024-05-14,2024-05-17,2024-05-18
5463845,777406,2026-02-21,Delivered,2026-02-23,2026-02-26,2026-02-26
8020572,964998,2024-09-30,Delivered,2024-10-03,2024-10-06,2024-10-06
5244056,670913,2024-08-11,Delivered,2024-08-14,2024-08-18,2024-08-18
7926845,705050,2024-11-16,Delivered,2024-11-18,2024-11-20,2024-11-20
5174651,501124,2024-08-04,Canceled,,,2024-08-08
9289300,377896,2026-03-15,Delivered,2026-03-16,2026-03-21,2026-03-21
8026406,158845,2025-09-11,Delivered,2025-09-14,2025-09-18,2025-09-18
8125699,501124,2025-12-28,Delivered,2025-12-31,2025-12-30,2025-12-30
8840035,676713,2025-07-19,Canceled,,,2025-07-26
8591993,455505,2024-06-20,Canceled,,,2024-06-26
7766806,494976,2025-11-30,Delivered,2025-12-02,2025-12-04,2025-12-04
9065959,385577,2026-03-15,Delivered,2026-03-18,2026-03-20,2026-03-20
9511616,356787,2024-07-16,Delivered,2024-07-18,2024-07-21,2024-07-21
9819152,258157,2025-01-26,Canceled,,,2025-02-01
6784763,639593,2025-01-17,Delivered,2025-01-20,2025-01-23,2025-01-24
8995467,232040,2024-07-24,Canceled,,,2024-07-31
9806118,969226,2024-01-05,Delivered,2024-01-07,2024-01-11,2024-01-11
7085826,178957,2025-05-22,Delivered,2025-05-24,2025-05-31,2025-05-29
9895906,464301,2026-03-04,Delivered,2026-03-06,2026-03-10,2026-03-11
5807148,971776,2026-04-26,Delivered,2026-04-29,2026-05-02,2026-05-02
7586901,851759,2024-12-25,Delivered,2024-12-26,2024-12-28,2024-12-29
9089562,932250,2025-10-04,Canceled,,,2025-10-09
7236003,492077,2025-05-22,Delivered,2025-05-25,2025-05-24,2025-05-24
6893742,237377,2025-05-12,Delivered,2025-05-13,2025-05-19,2025-05-19
8872761,755383,2024-01-31,Canceled,,,2024-02-03
6274772,325583,2026-02-18,Delivered,2026-02-20,2026-02-24,2026-02-24
9755925,397571,2025-01-03,Delivered,2025-01-06,2025-01-06,2025-01-07
9979267,245051,2025-06-28,Delivered,2025-07-01,2025-07-02,2025-07-02
5349528,896788,2025-01-29,Canceled,,,2025-01-31
6599663,629057,2024-07-08,Delivered,2024-07-09,2024-07-12,2024-07-12
7731384,717113,2026-05-09,Delivered,2026-05-10,2026-05-15,2026-05-15
6278475,161733,2025-04-07,Delivered,2025-04-09,2025-04-12,2025-04-12
5693310,397846,2026-02-18,Delivered,2026-02-21,2026-02-19,2026-02-20
9752325,116093,2026-04-09,Delivered,2026-04-12,2026-04-15,2026-04-15
8251460,505674,2025-04-01,Delivered,2025-04-02,2025-04-05,2025-04-05
5153336,260265,2025-08-09,Delivered,2025-08-11,2025-08-16,2025-08-16
9970164,690341,2025-11-11,Delivered,2025-11-13,2025-11-16,2025-11-16
6046474,120324,2024-07-14,Delivered,2024-07-17,2024-07-17,2024-07-17
5225708,330283,2025-12-14,Delivered,2025-12-17,2025-12-21,2025-12-21
6158345,237174,2024-09-19,Delivered,2024-09-20,2024-09-21,2024-09-22
8821590,153266,2024-01-11,Delivered,2024-01-12,2024-01-13,2024-01-13
8544919,197251,2025-11-17,Delivered,2025-11-18,2025-11-22,2025-11-22
7281616,820221,2025-09-03,Canceled,,,2025-09-10
9169892,126240,2024-01-02,Canceled,,,2024-01-06
5597657,955015,2024-10-12,Delivered,2024-10-15,2024-10-16,2024-10-16
7587730,377370,2024-06-26,Delivered,2024-06-29,2024-06-29,2024-06-29
6571118,127965,2024-01-09,Canceled,,,2024-01-16
7106919,983456,2025-08-29,Delivered,2025-09-01,2025-09-01,2025-09-01
6911578,559381,2025-08-21,Canceled,,,2025-08-27
6412112,469038,2025-12-05,Delivered,2025-12-06,2025-12-08,2025-12-08
5676622,986209,2024-12-03,Delivered,2024-12-04,2024-12-09,2024-12-09
5844822,400009,2025-08-15,Delivered,2025-08-17,2025-08-21,2025-08-21
5623019,830180,2026-03-31,Canceled,,,2026-04-07
9872835,353690,2024-02-06,Delivered,2024-02-07,2024-02-10,2024-02-10
5412569,906527,2024-04-25,Delivered,2024-04-28,2024-04-30,2024-04-30
6096974,825686,2025-09-10,Delivered,2025-09-13,2025-09-17,2025-09-17
8664605,254506,2024-09-13,Delivered,2024-09-14,2024-09-20,2024-09-20
8494117,415779,2025-01-14,Delivered,2025-01-17,2025-01-19,2025-01-19
6121207,656932,2024-07-27,Delivered,2024-07-30,2024-07-29,2024-07-29
6967581,717024,2024-11-05,Delivered,2024-11-06,2024-11-10,2024-11-11
9068151,738551,2026-05-01,Delivered,2026-05-02,2026-05-07,2026-05-07
8775024,848022,2026-01-25,Delivered,2026-01-27,2026-01-28,2026-01-28
6611841,214351,2024-10-30,Delivered,2024-11-02,2024-11-06,2024-11-06
9632318,197923,2025-03-22,Canceled,,,2025-03-27
5914920,659543,2025-12-27,Delivered,2025-12-28,2026-01-01,2026-01-01
6838846,805477,2024-11-13,Canceled,,,2024-11-15
7091519,887625,2026-03-23,Canceled,,,2026-03-25
5062377,669827,2024-08-18,Delivered,2024-08-20,2024-08-23,2024-08-23
9506707,204180,2025-01-04,Canceled,,,2025-01-11
7041508,341296,2024-02-22,Canceled,,,2024-02-24
5819892,145649,2024-08-16,Delivered,2024-08-18,2024-08-22,2024-08-23
7207663,237795,2024-01-30,Delivered,2024-01-31,2024-02-06,2024-02-06
8103740,525818,2025-06-04,Canceled,,,2025-06-10
6362986,120422,2024-11-23,Delivered,2024-11-26,2024-11-28,2024-11-28
7096233,417534,2024-05-16,Delivered,2024-05-17,2024-05-20,2024-05-20
9116865,943019,2025-07-31,Delivered,2025-08-01,2025-08-03,2025-08-03
9479610,133659,2024-03-16,Canceled,,,2024-03-18
5109578,515011,2025-04-21,Delivered,2025-04-24,2025-04-23,2025-04-23
6738833,308802,2025-06-05,Delivered,2025-06-08,2025-06-08,2025-06-08
7589468,504832,2024-09-10,Delivered,2024-09-13,2024-09-15,2024-09-15
8236970,671015,2024-08-25,Canceled,,,2024-09-01
6819218,517500,2024-03-12,Delivered,2024-03-14,2024-03-14,2024-03-15
6644896,188834,2026-03-03,Delivered,2026-03-05,2026-03-04,2026-03-05
6515589,343962,2026-02-21,Delivered,2026-02-23,2026-02-27,2026-02-27
9319910,843266,2025-09-14,Delivered,2025-09-17,2025-09-16,2025-09-16
8715942,667296,2025-04-30,Delivered,2025-05-01,2025-05-06,2025-05-06
7216850,973835,2024-07-27,Delivered,2024-07-29,2024-08-01,2024-08-01
6286894,708093,2025-04-14,Canceled,,,2025-04-17
8056827,897441,2025-02-06,Delivered,2025-02-09,2025-02-08,2025-02-08
8496758,385577,2024-06-28,Delivered,2024-06-30,2024-07-02,2024-07-03
7683433,664742,2024-12-22,Canceled,,,2024-12-25
8384060,102689,2026-02-01,Delivered,2026-02-04,2026-02-07,2026-02-07
9634392,660086,2025-06-05,Delivered,2025-06-08,2025-06-12,2025-06-12
8294089,844007,2026-02-26,Delivered,2026-02-28,2026-02-28,2026-03-01
8472309,409445,2025-06-06,Delivered,2025-06-08,2025-06-09,2025-06-09
9458343,207570,2025-05-28,Delivered,2025-05-29,2025-05-30,2025-05-31
5285820,520172,2024-05-08,Delivered,2024-05-09,2024-05-10,2024-05-10
7798963,455505,2024-07-28,Delivered,2024-07-30,2024-08-03,2024-08-03
9645594,922471,2024-12-17,Delivered,2024-12-20,2024-12-26,2024-12-24
5341716,797416,2024-11-16,Delivered,2024-11-18,2024-11-17,2024-11-18
5263187,898975,2025-10-19,Canceled,,,2025-10-22
5416248,197966,2025-12-02,Delivered,2025-12-04,2025-12-06,2025-12-06
8022473,841666,2025-12-25,Canceled,,,2025-12-31
9665449,515922,2024-04-10,Delivered,2024-04-13,2024-04-12,2024-04-12
9829892,632323,2024-03-13,Delivered,2024-03-16,2024-03-19,2024-03-19
7933274,682765,2026-04-26,Delivered,2026-04-29,2026-04-29,2026-04-30
6805398,631699,2025-03-01,Delivered,2025-03-04,2025-03-04,2025-03-04
9567393,797660,2026-04-09,Delivered,2026-04-10,2026-04-16,2026-04-16
5971730,184491,2025-01-09,Canceled,,,2025-01-16
7748328,943298,2025-07-25,Canceled,,,2025-07-28
8935260,456331,2024-03-25,Delivered,2024-03-27,2024-03-29,2024-03-30
8124482,405420,2026-02-24,Delivered,2026-02-26,2026-02-28,2026-02-28
5445743,830429,2024-03-21,Delivered,2024-03-24,2024-03-25,2024-03-25
5776195,390743,2025-03-05,Canceled,,,2025-03-11
7633776,879779,2024-12-12,Delivered,2024-12-15,2024-12-15,2024-12-15
7261223,427905,2024-03-28,Delivered,2024-03-29,2024-04-03,2024-04-04
6852804,551574,2025-11-26,Delivered,2025-11-29,2025-11-29,2025-11-30
9559195,101773,2024-09-13,Delivered,2024-09-14,2024-09-18,2024-09-18
7793583,390782,2025-07-04,Delivered,2025-07-05,2025-07-09,2025-07-09
8808903,475190,2026-03-24,Canceled,,,2026-03-29
9533674,571579,2024-08-28,Delivered,2024-08-29,2024-09-03,2024-09-03
5893682,440140,2024-08-31,Delivered,2024-09-01,2024-09-03,2024-09-03
9696089,786041,2025-06-23,Delivered,2025-06-25,2025-06-25,2025-06-25
5413754,595404,2024-01-07,Delivered,2024-01-08,2024-01-09,2024-01-09
9033960,417534,2024-06-02,Delivered,2024-06-03,2024-06-06,2024-06-06
8809218,781453,2026-04-25,Delivered,2026-04-28,2026-04-27,2026-04-27
7296294,243423,2024-04-21,Delivered,2024-04-22,2024-04-24,2024-04-24
5894451,654634,2024-12-05,Canceled,,,2024-12-07
7365978,121322,2025-03-25,Canceled,,,2025-03-31
9450188,335615,2024-04-05,Delivered,2024-04-07,2024-04-07,2024-04-07
9358866,119857,2025-08-31,Canceled,,,2025-09-07
5960151,127560,2025-05-24,Delivered,2025-05-26,2025-05-27,2025-05-27
7915486,423401,2024-08-10,Canceled,,,2024-08-12
5957564,539375,2025-05-06,Delivered,2025-05-09,2025-05-10,2025-05-10
7474324,745830,2025-12-26,Canceled,,,2025-12-28
7274150,598369,2026-05-02,Delivered,2026-05-03,2026-05-09,2026-05-07
8587689,565108,2026-01-05,Delivered,2026-01-08,2026-01-09,2026-01-09
8408651,632060,2026-01-07,Canceled,,,2026-01-14
5777261,626392,2025-04-22,Canceled,,,2025-04-29
9982121,480211,2024-08-07,Delivered,2024-08-09,2024-08-14,2024-08-14
7861564,643623,2024-05-03,Delivered,2024-05-05,2024-05-10,2024-05-10
7118432,973835,2025-12-30,Delivered,2026-01-01,2026-01-05,2026-01-05
5927123,755420,2026-03-19,Delivered,2026-03-22,2026-03-21,2026-03-22
8809636,717889,2026-01-18,Delivered,2026-01-21,2026-01-24,2026-01-24
5781845,874661,2026-02-05,Canceled,,,2026-02-12
5298077,537983,2025-06-30,Delivered,2025-07-01,2025-07-02,2025-07-02
5031280,672536,2024-12-26,Delivered,2024-12-27,2024-12-31,2024-12-31
8411419,682789,2024-04-27,Delivered,2024-04-29,2024-05-02,2024-05-02
8048770,621841,2025-01-28,Delivered,2025-01-30,2025-02-02,2025-02-02
8481490,814919,2024-03-04,Delivered,2024-03-06,2024-03-06,2024-03-06
6187005,749813,2025-10-08,Canceled,,,2025-10-11
8318027,534572,2024-09-26,Delivered,2024-09-27,2024-10-02,2024-10-02
8279011,699704,2024-10-10,Delivered,2024-10-12,2024-10-12,2024-10-12
8591967,378428,2024-05-10,Canceled,,,2024-05-17
9499054,272634,2025-02-09,Delivered,2025-02-12,2025-02-11,2025-02-11
9641288,355570,2025-03-01,Delivered,2025-03-02,2025-03-08,2025-03-08
8036975,622707,2026-02-06,Canceled,,,2026-02-09
7436844,324082,2024-05-12,Delivered,2024-05-13,2024-05-17,2024-05-17
7631526,960394,2025-08-17,Delivered,2025-08-20,2025-08-22,2025-08-21
7789471,732556,2024-06-12,Delivered,2024-06-15,2024-06-16,2024-06-16
6970852,813928,2024-04-05,Canceled,,,2024-04-07
8347430,853448,2024-10-22,Canceled,,,2024-10-29
6844084,681242,2026-02-11,Delivered,2026-02-14,2026-02-16,2026-02-17
9174384,391704,2024-07-11,Delivered,2024-07-14,2024-07-12,2024-07-13
9163110,143195,2025-04-18,Delivered,2025-04-20,2025-04-22,2025-04-23
8569850,869864,2024-05-20,Delivered,2024-05-21,2024-05-26,2024-05-26
8636961,829884,2024-12-22,Delivered,2024-12-25,2024-12-25,2024-12-26
8024740,741390,2024-08-26,Delivered,2024-08-28,2024-09-02,2024-09-02
7954428,256175,2024-05-23,Delivered,2024-05-26,2024-05-29,2024-05-29
5382100,940886,2026-01-02,Delivered,2026-01-05,2026-01-05,2026-01-05
6415024,655178,2024-11-30,Canceled,,,2024-12-05
6917914,993140,2025-09-30,Delivered,2025-10-03,2025-10-06,2025-10-06
7311329,268099,2025-05-03,Delivered,2025-05-06,2025-05-07,2025-05-07
7362003,773971,2026-02-15,Delivered,2026-02-16,2026-02-21,2026-02-21
6113804,444519,2025-03-07,Canceled,,,2025-03-11
6954476,759827,2024-03-29,Canceled,,,2024-04-01
9706396,341292,2025-07-13,Delivered,2025-07-16,2025-07-20,2025-07-20
5858006,830316,2025-06-30,Delivered,2025-07-03,2025-07-08,2025-07-07
8589313,454508,2026-04-22,Delivered,2026-04-23,2026-04-26,2026-04-26
6518383,891638,2024-06-21,Delivered,2024-06-24,2024-06-26,2024-06-27
6548109,464301,2025-01-09,Delivered,2025-01-11,2025-01-11,2025-01-11
8197717,347745,2025-02-24,Delivered,2025-02-26,2025-02-28,2025-02-26
8599055,181644,2024-03-22,Delivered,2024-03-24,2024-03-29,2024-03-29
7259705,217301,2024-12-21,Canceled,,,2024-12-28
9281312,443254,2025-08-05,Delivered,2025-08-07,2025-08-07,2025-08-08
7598162,890170,2026-02-06,Delivered,2026-02-07,2026-02-10,2026-02-10
5903598,455395,2024-09-08,Delivered,2024-09-09,2024-09-12,2024-09-12
9416539,493049,2025-02-27,Delivered,2025-03-01,2025-03-05,2025-03-05
8289003,605612,2026-01-21,Delivered,2026-01-22,2026-01-26,2026-01-26
5811128,918164,2024-04-27,Delivered,2024-04-28,2024-05-02,2024-05-02
7617692,526170,2024-12-31,Canceled,,,2025-01-02
8229003,602248,2024-08-19,Delivered,2024-08-21,2024-08-26,2024-08-24
6343613,418594,2025-05-19,Delivered,2025-05-21,2025-05-24,2025-05-25
9602552,145934,2025-09-29,Canceled,,,2025-10-03
9334612,218959,2024-03-06,Canceled,,,2024-03-11
6960392,519066,2025-11-03,Delivered,2025-11-04,2025-11-08,2025-11-08
8388127,172933,2025-08-31,Delivered,2025-09-01,2025-09-06,2025-09-06
6828073,776796,2024-02-21,Delivered,2024-02-22,2024-02-24,2024-02-24
7811455,794769,2025-06-08,Canceled,,,2025-06-13
9508847,793024,2024-07-18,Canceled,,,2024-07-20
5501678,443341,2024-06-29,Delivered,2024-07-01,2024-07-04,2024-07-04
8137754,543143,2026-01-05,Canceled,,,2026-01-07
6733390,753534,2025-07-30,Delivered,2025-08-02,2025-08-02,2025-08-02
6684129,413118,2025-03-21,Canceled,,,2025-03-28
5727312,881369,2025-04-18,Delivered,2025-04-19,2025-04-23,2025-04-23
8026336,731728,2025-07-20,Delivered,2025-07-23,2025-07-23,2025-07-23
5688408,530311,2025-04-27,Canceled,,,2025-04-29
6674879,390120,2024-08-06,Delivered,2024-08-07,2024-08-09,2024-08-09
5647873,614013,2025-05-08,Delivered,2025-05-10,2025-05-15,2025-05-15
6652342,829308,2024-03-31,Delivered,2024-04-03,2024-04-03,2024-04-03
7898330,727086,2025-03-18,Delivered,2025-03-20,2025-03-22,2025-03-20
8615266,772124,2025-05-15,Delivered,2025-05-17,2025-05-20,2025-05-20
5953639,831380,2025-05-24,Canceled,,,2025-05-27
5916666,988456,2025-05-08,Delivered,2025-05-09,2025-05-11,2025-05-11
8726855,216970,2025-02-13,Delivered,2025-02-14,2025-02-15,2025-02-15
5040429,722937,2024-04-14,Delivered,2024-04-17,2024-04-16,2024-04-17
6374513,624369,2024-11-03,Delivered,2024-11-04,2024-11-09,2024-11-08
9069705,415779,2024-10-18,Delivered,2024-10-19,2024-10-25,2024-10-25
9250974,953025,2025-02-22,Delivered,2025-02-25,2025-02-26,2025-02-26
7428749,194769,2025-09-06,Delivered,2025-09-07,2025-09-09,2025-09-09
8983089,140115,2025-10-10,Delivered,2025-10-11,2025-10-14,2025-10-15
6574203,344316,2024-09-23,Delivered,2024-09-25,2024-10-01,2024-09-30
7492291,698128,2024-09-26,Delivered,2024-09-28,2024-09-29,2024-09-30
7572929,826353,2026-04-10,Delivered,2026-04-12,2026-04-13,2026-04-13
8827222,444207,2024-11-02,Canceled,,,2024-11-06
9845579,626169,2024-11-12,Delivered,2024-11-15,2024-11-17,2024-11-17
6605885,527940,2025-04-27,Delivered,2025-04-30,2025-05-02,2025-05-02
8738086,367095,2026-01-24,Canceled,,,2026-01-29
6432864,559022,2025-10-01,Delivered,2025-10-02,2025-10-06,2025-10-06
6473972,676566,2024-08-02,Delivered,2024-08-05,2024-08-06,2024-08-06
6901383,357420,2024-12-27,Canceled,,,2024-12-31
5924789,184714,2025-04-19,Delivered,2025-04-22,2025-04-23,2025-04-23
9048225,530749,2024-09-09,Canceled,,,2024-09-13
8189883,953025,2025-12-01,Delivered,2025-12-02,2025-12-05,2025-12-05
5638733,973074,2024-12-14,Delivered,2024-12-17,2024-12-17,2024-12-17
8416813,518084,2025-06-14,Delivered,2025-06-15,2025-06-18,2025-06-18
9677195,243693,2025-03-05,Delivered,2025-03-08,2025-03-10,2025-03-08
6346195,577538,2025-10-06,Delivered,2025-10-07,2025-10-11,2025-10-11
6427403,871711,2024-08-19,Delivered,2024-08-20,2024-08-26,2024-08-26
7904507,234568,2024-07-05,Delivered,2024-07-07,2024-07-11,2024-07-11
9380879,607774,2024-02-05,Delivered,2024-02-06,2024-02-09,2024-02-09
9582573,774751,2024-07-16,Delivered,2024-07-18,2024-07-22,2024-07-22
9384457,168517,2024-02-16,Canceled,,,2024-02-21
7293141,712451,2024-03-29,Delivered,2024-04-01,2024-03-31,2024-03-31
6652797,523389,2025-01-08,Canceled,,,2025-01-11
6007640,941204,2024-04-25,Canceled,,,2024-04-27
6807466,382602,2024-01-16,Canceled,,,2024-01-22
7634772,674553,2024-03-10,Delivered,2024-03-12,2024-03-19,2024-03-17
9157214,661894,2025-09-18,Delivered,2025-09-19,2025-09-20,2025-09-20
7553598,391668,2026-05-02,Delivered,2026-05-03,2026-05-08,2026-05-08
5126722,931016,2024-07-01,Canceled,,,2024-07-07
9426865,880841,2025-07-11,Delivered,2025-07-12,2025-07-12,2025-07-13
8753294,519093,2025-05-28,Delivered,2025-05-30,2025-06-04,2025-06-02
7579034,943776,2024-10-13,Delivered,2024-10-14,2024-10-19,2024-10-19
8749583,189772,2024-12-29,Delivered,2025-01-01,2025-01-04,2025-01-05
7297382,986088,2025-07-14,Delivered,2025-07-16,2025-07-20,2025-07-20
5231611,368355,2024-11-21,Delivered,2024-11-22,2024-11-23,2024-11-23
8788495,826501,2025-03-17,Delivered,2025-03-20,2025-03-19,2025-03-19
6638345,493537,2026-01-07,Delivered,2026-01-08,2026-01-10,2026-01-10
8998622,321048,2025-08-31,Delivered,2025-09-03,2025-09-05,2025-09-05
6270724,428930,2024-03-15,Delivered,2024-03-16,2024-03-22,2024-03-22
9820985,770532,2024-06-29,Delivered,2024-07-02,2024-07-02,2024-07-02
8522131,367729,2025-08-23,Delivered,2025-08-24,2025-08-29,2025-08-29
5875384,345180,2025-07-17,Delivered,2025-07-19,2025-07-24,2025-07-24
9086118,994905,2024-04-02,Delivered,2024-04-04,2024-04-08,2024-04-09
7912632,344907,2024-05-14,Delivered,2024-05-17,2024-05-23,2024-05-21
8416901,564656,2024-04-04,Delivered,2024-04-06,2024-04-06,2024-04-06
7865119,256445,2025-10-03,Delivered,2025-10-06,2025-10-08,2025-10-08
8685016,714953,2024-04-11,Delivered,2024-04-14,2024-04-18,2024-04-18
9069354,549186,2024-12-22,Canceled,,,2024-12-27
9947353,752483,2025-10-21,Delivered,2025-10-24,2025-10-25,2025-10-25
9796080,225362,2024-06-25,Delivered,2024-06-26,2024-07-01,2024-07-01
5466156,811332,2024-07-11,Delivered,2024-07-13,2024-07-18,2024-07-18
8228485,849421,2026-04-25,Delivered,2026-04-26,2026-04-27,2026-04-28
6046104,638009,2025-09-11,Delivered,2025-09-13,2025-09-13,2025-09-13
9251227,153266,2024-02-10,Delivered,2024-02-12,2024-02-16,2024-02-16
7037725,666390,2025-03-05,Delivered,2025-03-06,2025-03-09,2025-03-09
7425727,295085,2024-07-25,Canceled,,,2024-07-28
7202363,443341,2024-03-20,Delivered,2024-03-22,2024-03-25,2024-03-25
6252690,338536,2026-02-19,Delivered,2026-02-20,2026-02-27,2026-02-26
7758197,434827,2025-09-12,Delivered,2025-09-13,2025-09-19,2025-09-19
6042891,174878,2024-06-15,Delivered,2024-06-16,2024-06-19,2024-06-19
5724187,843266,2025-03-19,Delivered,2025-03-22,2025-03-25,2025-03-25
9244960,468154,2025-01-10,Canceled,,,2025-01-16
5315249,411882,2025-03-27,Delivered,2025-03-29,2025-03-31,2025-04-01
7652957,213349,2025-09-12,Delivered,2025-09-15,2025-09-16,2025-09-17
7186918,783157,2025-01-11,Delivered,2025-01-13,2025-01-13,2025-01-13
7799637,620856,2025-06-10,Delivered,2025-06-11,2025-06-14,2025-06-14
7627548,214351,2024-03-10,Delivered,2024-03-13,2024-03-17,2024-03-17
5653707,266457,2024-02-01,Delivered,2024-02-03,2024-02-03,2024-02-03
9907569,559469,2026-01-30,Delivered,2026-01-31,2026-02-06,2026-02-05
6057294,497562,2025-09-05,Delivered,2025-09-07,2025-09-07,2025-09-07
7427603,108491,2026-04-04,Delivered,2026-04-07,2026-04-07,2026-04-07
5876361,755420,2025-10-17,Delivered,2025-10-19,2025-10-21,2025-10-21
8096484,945742,2025-11-09,Delivered,2025-11-10,2025-11-11,2025-11-11
6085182,565504,2024-05-06,Delivered,2024-05-09,2024-05-10,2024-05-10
9310670,124302,2026-04-24,Canceled,,,2026-04-29
8623799,270555,2024-07-20,Delivered,2024-07-23,2024-07-25,2024-07-25
6987208,595631,2026-04-13,Canceled,,,2026-04-17
7611176,901280,2025-03-21,Delivered,2025-03-23,2025-03-28,2025-03-28
9589841,986827,2026-04-22,Delivered,2026-04-24,2026-04-24,2026-04-24
7106396,141832,2025-09-13,Delivered,2025-09-16,2025-09-20,2025-09-20
5050870,457455,2024-01-06,Delivered,2024-01-07,2024-01-12,2024-01-13
5559291,204180,2025-05-05,Delivered,2025-05-07,2025-05-09,2025-05-09
8572906,648141,2024-04-24,Canceled,,,2024-04-28
5730882,506235,2024-01-31,Delivered,2024-02-03,2024-02-07,2024-02-06
8786767,690996,2025-11-20,Canceled,,,2025-11-23
5402272,584714,2024-09-06,Delivered,2024-09-07,2024-09-11,2024-09-11
8192991,766563,2024-12-23,Delivered,2024-12-24,2024-12-28,2024-12-29
7113256,226516,2025-02-27,Delivered,2025-03-01,2025-03-04,2025-03-04
5984015,192337,2025-03-27,Canceled,,,2025-04-01
7552538,172965,2025-11-13,Canceled,,,2025-11-19
7566388,633590,2026-02-17,Delivered,2026-02-18,2026-02-20,2026-02-20
7729864,970720,2025-10-15,Canceled,,,2025-10-20
6781277,514463,2024-07-27,Delivered,2024-07-30,2024-08-03,2024-08-03
7058945,455168,2024-05-31,Canceled,,,2024-06-04
9129327,416061,2025-03-18,Delivered,2025-03-19,2025-03-22,2025-03-23
7932206,666211,2024-02-25,Delivered,2024-02-27,2024-02-29,2024-02-29
6503375,688637,2024-03-07,Canceled,,,2024-03-11
5168363,805511,2024-12-31,Delivered,2025-01-02,2025-01-04,2025-01-04
5808439,221552,2025-04-25,Delivered,2025-04-26,2025-04-30,2025-04-30
8014973,926952,2024-08-12,Delivered,2024-08-14,2024-08-14,2024-08-14
8197484,844007,2024-06-16,Delivered,2024-06-18,2024-06-21,2024-06-21
5802181,643118,2024-03-30,Delivered,2024-03-31,2024-04-02,2024-04-02
7316002,762423,2026-05-06,Canceled,,,2026-05-09
8652232,490963,2024-06-04,Delivered,2024-06-06,2024-06-07,2024-06-07
5915835,551524,2024-10-27,Delivered,2024-10-28,2024-11-03,2024-11-03
8184310,805188,2024-02-28,Canceled,,,2024-03-01
7506429,962287,2024-06-27,Delivered,2024-06-30,2024-07-04,2024-07-04
5642512,119651,2024-02-01,Delivered,2024-02-04,2024-02-05,2024-02-05
7941911,742848,2025-11-16,Delivered,2025-11-18,2025-11-18,2025-11-18
8976491,916964,2024-06-05,Delivered,2024-06-07,2024-06-08,2024-06-08
6911766,570050,2025-07-13,Delivered,2025-07-16,2025-07-17,2025-07-17
8986017,299055,2024-12-13,Delivered,2024-12-15,2024-12-16,2024-12-16
8569010,835911,2026-05-01,Canceled,,,2026-05-05
9342843,740725,2025-10-09,Canceled,,,2025-10-11
7266004,969226,2025-01-01,Delivered,2025-01-02,2025-01-05,2025-01-05
5060445,160738,2025-01-01,Canceled,,,2025-01-08
5743483,926823,2024-07-03,Delivered,2024-07-06,2024-07-05,2024-07-06
6691203,377746,2024-09-16,Delivered,2024-09-19,2024-09-22,2024-09-22
7240846,456331,2025-08-08,Delivered,2025-08-09,2025-08-11,2025-08-11
5601483,260448,2026-05-05,Delivered,2026-05-07,2026-05-07,2026-05-07
9122140,907451,2024-07-30,Delivered,2024-08-01,2024-08-05,2024-08-05
9251584,584714,2026-03-05,Delivered,2026-03-08,2026-03-09,2026-03-08
5577127,353690,2026-03-11,Delivered,2026-03-12,2026-03-13,2026-03-13
5130873,410244,2025-03-01,Delivered,2025-03-04,2025-03-05,2025-03-06
5048373,867934,2025-02-09,Delivered,2025-02-10,2025-02-13,2025-02-13
9084943,926730,2025-06-10,Delivered,2025-06-12,2025-06-15,2025-06-15
5933449,311383,2025-03-27,Delivered,2025-03-29,2025-04-03,2025-04-03
9813767,103402,2024-03-06,Delivered,2024-03-09,2024-03-14,2024-03-13
8140180,563246,2024-11-05,Canceled,,,2024-11-12
9042658,908577,2026-05-10,Delivered,2026-05-11,2026-05-14,2026-05-14
5856750,141337,2024-07-05,Delivered,2024-07-06,2024-07-10,2024-07-10
7508970,301939,2025-09-26,Delivered,2025-09-27,2025-09-28,2025-09-28
7892537,178686,2024-02-24,Delivered,2024-02-26,2024-03-01,2024-03-01
5852808,397846,2024-06-16,Delivered,2024-06-17,2024-06-20,2024-06-20
7614128,208699,2024-08-18,Delivered,2024-08-19,2024-08-21,2024-08-22
9889507,958179,2026-03-28,Canceled,,,2026-04-04
8006754,624783,2024-08-29,Canceled,,,2024-08-31
5827435,408036,2024-08-15,Delivered,2024-08-16,2024-08-20,2024-08-20
7346913,610271,2025-03-02,Delivered,2025-03-03,2025-03-05,2025-03-05
9885695,805188,2024-07-12,Canceled,,,2024-07-14
8012703,838237,2025-03-09,Delivered,2025-03-11,2025-03-13,2025-03-13
7742166,437902,2025-07-31,Delivered,2025-08-02,2025-08-05,2025-08-05
9464554,378082,2025-10-16,Delivered,2025-10-17,2025-10-19,2025-10-19
6589006,702826,2026-02-06,Delivered,2026-02-09,2026-02-11,2026-02-11
9551951,185569,2024-02-16,Delivered,2024-02-19,2024-02-20,2024-02-18
9079685,739098,2024-09-07,Delivered,2024-09-08,2024-09-10,2024-09-10
6784080,770556,2024-06-30,Delivered,2024-07-01,2024-07-06,2024-07-06
8218376,225710,2024-12-31,Delivered,2025-01-01,2025-01-03,2025-01-03
9605719,227257,2026-03-23,Delivered,2026-03-24,2026-03-29,2026-03-29
5304359,161483,2026-01-11,Canceled,,,2026-01-15
8917473,507524,2026-01-22,Delivered,2026-01-24,2026-01-27,2026-01-27
6466659,483545,2024-08-21,Delivered,2024-08-22,2024-08-25,2024-08-23
9989268,770556,2025-09-06,Delivered,2025-09-07,2025-09-13,2025-09-13
8305473,656932,2025-01-20,Canceled,,,2025-01-22
8576396,478120,2025-01-22,Delivered,2025-01-23,2025-01-26,2025-01-26
5653346,841666,2025-03-03,Delivered,2025-03-06,2025-03-06,2025-03-06
9340768,581741,2025-06-15,Delivered,2025-06-18,2025-06-21,2025-06-21
5416190,389666,2025-06-10,Canceled,,,2025-06-16
9488729,219971,2026-03-28,Canceled,,,2026-04-02
7157896,468900,2026-05-09,Canceled,,,2026-05-14
7023699,969752,2024-03-16,Delivered,2024-03-18,2024-03-18,2024-03-18
9365941,226882,2024-02-15,Delivered,2024-02-17,2024-02-18,2024-02-18
9350163,255813,2026-02-04,Delivered,2026-02-07,2026-02-06,2026-02-06
5575319,812048,2025-10-04,Canceled,,,2025-10-07
8209642,153035,2025-01-07,Canceled,,,2025-01-10
9537223,904624,2024-03-29,Canceled,,,2024-04-04
7608302,935012,2025-01-14,Canceled,,,2025-01-17
9441456,418594,2025-07-21,Delivered,2025-07-22,2025-07-27,2025-07-27
6173741,943170,2025-02-19,Delivered,2025-02-22,2025-02-23,2025-02-23
8929225,642491,2025-11-01,Delivered,2025-11-03,2025-11-03,2025-11-03
6425259,356702,2024-04-04,Delivered,2024-04-06,2024-04-06,2024-04-06
6638941,390782,2026-03-31,Canceled,,,2026-04-05
5194590,692002,2025-04-23,Delivered,2025-04-24,2025-04-28,2025-04-29
9987144,765905,2024-07-04,Canceled,,,2024-07-07
5263882,201377,2024-08-13,Canceled,,,2024-08-18
8822477,964278,2025-09-01,Canceled,,,2025-09-08
5146681,108491,2025-10-17,Delivered,2025-10-20,2025-10-19,2025-10-19
7614983,370902,2024-12-20,Delivered,2024-12-23,2024-12-25,2024-12-25
8231021,588557,2025-04-28,Delivered,2025-04-30,2025-05-05,2025-05-05
7310839,184491,2025-02-18,Delivered,2025-02-20,2025-02-25,2025-02-24
7103368,836833,2025-11-01,Delivered,2025-11-02,2025-11-04,2025-11-05
7855357,862560,2024-10-29,Delivered,2024-10-31,2024-11-01,2024-11-01
5026897,291132,2025-04-24,Delivered,2025-04-27,2025-04-27,2025-04-27
6980571,383201,2026-02-11,Delivered,2026-02-14,2026-02-15,2026-02-15
5183684,221035,2025-08-30,Delivered,2025-08-31,2025-09-05,2025-09-05
5057503,647091,2025-11-16,Delivered,2025-11-19,2025-11-17,2025-11-18
8168044,422554,2026-01-01,Canceled,,,2026-01-08
5021646,945687,2026-03-10,Canceled,,,2026-03-13
7195433,501451,2024-04-25,Delivered,2024-04-28,2024-04-28,2024-04-28
7999913,261859,2025-01-07,Canceled,,,2025-01-11
6043352,686075,2025-05-27,Canceled,,,2025-06-03
5399113,897615,2024-06-28,Delivered,2024-07-01,2024-07-03,2024-07-03
9291831,520651,2025-09-13,Canceled,,,2025-09-20
5701656,396635,2024-06-20,Delivered,2024-06-21,2024-06-25,2024-06-26
9305412,508930,2024-06-05,Delivered,2024-06-08,2024-06-10,2024-06-11
9021567,595948,2025-02-10,Delivered,2025-02-12,2025-02-17,2025-02-17
6935855,321494,2024-01-20,Delivered,2024-01-23,2024-01-21,2024-01-22
6770021,189772,2024-01-30,Delivered,2024-02-01,2024-02-07,2024-02-05
5442577,946305,2024-04-12,Delivered,2024-04-13,2024-04-13,2024-04-14
5239295,188025,2024-05-18,Delivered,2024-05-20,2024-05-25,2024-05-25
6487721,856648,2024-08-01,Delivered,2024-08-03,2024-08-03,2024-08-03
9135421,680238,2025-08-08,Canceled,,,2025-08-11
8167665,836971,2026-04-30,Delivered,2026-05-01,2026-05-06,2026-05-06
7006211,407696,2024-06-06,Canceled,,,2024-06-13
6163578,597960,2024-11-08,Delivered,2024-11-09,2024-11-11,2024-11-11
8833412,272655,2026-03-29,Delivered,2026-03-30,2026-03-31,2026-03-31
6537999,467121,2024-06-04,Delivered,2024-06-07,2024-06-10,2024-06-10
6395257,353690,2026-02-23,Delivered,2026-02-25,2026-02-28,2026-02-28
6734166,579318,2026-01-31,Delivered,2026-02-02,2026-02-02,2026-02-02
9162811,915809,2024-04-03,Delivered,2024-04-06,2024-04-08,2024-04-08
6862126,948749,2025-01-09,Delivered,2025-01-10,2025-01-11,2025-01-12
8579585,876646,2024-08-26,Delivered,2024-08-29,2024-08-31,2024-09-01
7717711,680828,2025-12-18,Delivered,2025-12-19,2025-12-21,2025-12-21
5497029,717457,2025-10-31,Delivered,2025-11-02,2025-11-03,2025-11-03
7195465,697347,2024-06-02,Delivered,2024-06-03,2024-06-08,2024-06-08
6740979,203225,2025-08-11,Delivered,2025-08-12,2025-08-17,2025-08-18
6225924,978053,2026-02-03,Delivered,2026-02-06,2026-02-07,2026-02-07
8236650,544154,2024-05-08,Delivered,2024-05-11,2024-05-13,2024-05-13
5376184,532067,2025-08-11,Delivered,2025-08-12,2025-08-18,2025-08-18
7784601,185544,2025-12-17,Delivered,2025-12-18,2025-12-21,2025-12-21
9908491,704201,2025-08-28,Delivered,2025-08-30,2025-08-31,2025-08-31
5403266,755900,2025-02-12,Delivered,2025-02-13,2025-02-16,2025-02-16
7184108,900177,2025-10-14,Delivered,2025-10-15,2025-10-18,2025-10-19
8895056,644173,2025-04-24,Canceled,,,2025-04-28
6961457,760356,2025-03-05,Delivered,2025-03-06,2025-03-12,2025-03-12
7991697,787277,2024-07-27,Delivered,2024-07-28,2024-07-30,2024-07-30
6768690,821590,2025-09-23,Canceled,,,2025-09-25
7746188,666390,2024-10-11,Delivered,2024-10-14,2024-10-15,2024-10-14
6181502,916964,2025-10-25,Canceled,,,2025-10-27
6378291,127529,2026-03-24,Delivered,2026-03-26,2026-03-27,2026-03-27
8509160,579123,2026-03-12,Canceled,,,2026-03-19
8070668,888939,2024-01-10,Delivered,2024-01-13,2024-01-13,2024-01-13
7182515,632401,2026-02-20,Delivered,2026-02-23,2026-02-21,2026-02-22
9946806,889359,2024-07-12,Canceled,,,2024-07-15
6728312,768636,2024-09-13,Delivered,2024-09-15,2024-09-20,2024-09-20
5439746,177680,2024-11-10,Delivered,2024-11-11,2024-11-16,2024-11-16
7885492,254739,2025-07-17,Delivered,2025-07-18,2025-07-24,2025-07-22
6755046,479781,2025-09-14,Delivered,2025-09-15,2025-09-19,2025-09-19
9725586,686072,2024-04-24,Canceled,,,2024-04-28
8927864,192337,2024-05-28,Delivered,2024-05-29,2024-06-06,2024-06-04
6592442,237174,2026-01-31,Canceled,,,2026-02-04
7560438,108203,2024-08-19,Canceled,,,2024-08-23
8096678,605254,2025-11-29,Delivered,2025-11-30,2025-12-06,2025-12-06
5809918,158900,2026-04-06,Canceled,,,2026-04-11
6633587,978157,2025-06-05,Delivered,2025-06-07,2025-06-07,2025-06-08
7908499,904214,2025-12-17,Delivered,2025-12-19,2025-12-22,2025-12-22
9927515,377501,2025-10-28,Canceled,,,2025-11-03
8643537,500156,2025-03-31,Delivered,2025-04-01,2025-04-02,2025-04-02
7482845,338536,2025-02-07,Canceled,,,2025-02-11
6216907,254506,2025-11-12,Canceled,,,2025-11-17
8530006,588461,2024-12-15,Delivered,2024-12-18,2024-12-16,2024-12-17
5496911,315173,2024-05-31,Canceled,,,2024-06-06
8186368,449709,2025-05-06,Delivered,2025-05-08,2025-05-11,2025-05-11
5519539,755383,2025-01-23,Delivered,2025-01-26,2025-01-27,2025-01-27
5213921,107540,2024-10-19,Delivered,2024-10-22,2024-10-22,2024-10-22
9711589,795613,2025-07-18,Delivered,2025-07-19,2025-07-23,2025-07-23
8845267,299448,2024-10-25,Canceled,,,2024-10-29
6311434,871711,2024-09-03,Canceled,,,2024-09-08
8917917,246566,2026-03-31,Canceled,,,2026-04-06
7141270,701949,2025-11-25,Delivered,2025-11-28,2025-11-27,2025-11-28
5092871,979995,2025-09-28,Delivered,2025-09-30,2025-10-03,2025-10-03
7636167,229592,2026-04-11,Delivered,2026-04-14,2026-04-15,2026-04-15
5752579,490084,2024-03-16,Delivered,2024-03-18,2024-03-23,2024-03-23
7167323,880758,2026-02-25,Delivered,2026-02-28,2026-03-01,2026-03-01
7033027,754813,2024-08-09,Delivered,2024-08-10,2024-08-11,2024-08-11
5960111,724834,2025-03-26,Delivered,2025-03-28,2025-04-01,2025-04-01
8244309,757711,2025-10-15,Canceled,,,2025-10-19
7440752,503380,2025-01-26,Delivered,2025-01-27,2025-02-02,2025-02-02
5764435,713799,2024-12-29,Canceled,,,2025-01-03
5577652,174878,2024-07-07,Delivered,2024-07-10,2024-07-09,2024-07-09
5746739,622707,2024-12-01,Delivered,2024-12-04,2024-12-05,2024-12-05
6678681,766269,2026-01-21,Canceled,,,2026-01-25
8642413,755900,2024-10-14,Delivered,2024-10-16,2024-10-19,2024-10-19
8080188,701949,2026-02-19,Canceled,,,2026-02-25
8522287,108105,2024-01-13,Canceled,,,2024-01-20
7604416,416282,2025-12-30,Canceled,,,2026-01-05
5414246,944657,2025-07-15,Delivered,2025-07-18,2025-07-22,2025-07-21
6311898,224205,2026-01-09,Delivered,2026-01-11,2026-01-15,2026-01-15
8025820,586490,2025-05-12,Delivered,2025-05-15,2025-05-18,2025-05-19
7420403,564920,2025-03-24,Canceled,,,2025-03-31
6454032,145767,2025-12-18,Delivered,2025-12-19,2025-12-23,2025-12-24
8590472,669827,2024-11-05,Delivered,2024-11-06,2024-11-10,2024-11-10
5341603,112861,2026-01-04,Delivered,2026-01-06,2026-01-08,2026-01-08
5353565,755383,2025-12-03,Delivered,2025-12-06,2025-12-08,2025-12-09
8462308,481995,2024-05-24,Canceled,,,2024-05-28
6066744,376807,2025-04-24,Canceled,,,2025-04-30
9530002,185884,2025-07-16,Delivered,2025-07-17,2025-07-21,2025-07-22
9824919,774079,2025-12-28,Canceled,,,2026-01-02
6536388,736059,2025-01-26,Canceled,,,2025-01-28
6403032,731661,2025-04-13,Canceled,,,2025-04-16
6588293,523389,2024-03-03,Delivered,2024-03-06,2024-03-05,2024-03-06
9367516,855855,2025-12-08,Delivered,2025-12-10,2025-12-14,2025-12-14
7178952,949884,2025-09-10,Delivered,2025-09-13,2025-09-13,2025-09-13
6708303,793384,2024-01-23,Delivered,2024-01-26,2024-01-27,2024-01-27
8019899,716886,2024-02-02,Delivered,2024-02-04,2024-02-07,2024-02-07
8879724,793384,2024-10-16,Delivered,2024-10-17,2024-10-19,2024-10-20
6573926,639593,2025-09-24,Delivered,2025-09-27,2025-09-27,2025-09-27
9511166,638169,2024-05-10,Delivered,2024-05-11,2024-05-14,2024-05-14
7677581,698384,2024-06-14,Delivered,2024-06-15,2024-06-17,2024-06-17
9807721,672092,2024-12-26,Canceled,,,2025-01-01
7521716,595631,2025-03-03,Delivered,2025-03-04,2025-03-07,2025-03-07
8080990,874661,2025-07-05,Delivered,2025-07-08,2025-07-11,2025-07-11
9716850,791998,2026-04-09,Delivered,2026-04-10,2026-04-11,2026-04-11
9741511,489244,2025-02-12,Canceled,,,2025-02-18
6402776,380746,2025-09-08,Delivered,2025-09-10,2025-09-15,2025-09-15
6305347,691364,2024-10-19,Canceled,,,2024-10-22
7735011,903013,2025-08-16,Delivered,2025-08-17,2025-08-20,2025-08-20
5535163,593554,2026-04-25,Delivered,2026-04-27,2026-04-28,2026-04-28
9048235,620856,2024-01-02,Delivered,2024-01-05,2024-01-07,2024-01-07
7338160,692683,2025-09-07,Canceled,,,2025-09-14
9078034,753516,2024-01-04,Delivered,2024-01-07,2024-01-10,2024-01-11
7701812,562462,2025-08-09,Delivered,2025-08-12,2025-08-15,2025-08-15
6475902,341288,2026-05-09,Delivered,2026-05-10,2026-05-13,2026-05-14
7271490,769567,2024-11-02,Delivered,2024-11-04,2024-11-06,2024-11-06
8734608,897135,2025-01-16,Delivered,2025-01-18,2025-01-21,2025-01-22
8845508,925981,2025-01-16,Delivered,2025-01-19,2025-01-19,2025-01-19
7981042,702733,2024-02-28,Delivered,2024-03-01,2024-03-04,2024-03-04
8339917,989208,2024-11-30,Delivered,2024-12-02,2024-12-06,2024-12-07
8072056,361941,2024-10-10,Delivered,2024-10-11,2024-10-15,2024-10-15
7639765,631699,2025-08-02,Delivered,2025-08-03,2025-08-04,2025-08-04
5856764,697983,2025-03-29,Delivered,2025-03-30,2025-03-31,2025-03-31
6362255,265409,2024-06-26,Delivered,2024-06-29,2024-06-28,2024-06-28
9319406,913694,2025-07-31,Canceled,,,2025-08-04
9304091,570711,2025-10-02,Delivered,2025-10-05,2025-10-08,2025-10-08
7794493,932291,2025-02-25,Canceled,,,2025-03-02
8654414,475876,2024-04-29,Delivered,2024-05-02,2024-05-01,2024-05-02
6693222,688215,2024-07-11,Canceled,,,2024-07-17
9496885,102805,2024-06-01,Canceled,,,2024-06-07
6578210,308573,2026-01-19,Delivered,2026-01-21,2026-01-24,2026-01-25
8591648,218972,2026-03-14,Canceled,,,2026-03-16
9114216,888295,2025-05-24,Delivered,2025-05-26,2025-05-31,2025-05-29
8421219,182804,2024-12-17,Delivered,2024-12-19,2024-12-23,2024-12-23
8551923,843788,2026-01-20,Canceled,,,2026-01-25
7911320,599380,2024-12-26,Delivered,2024-12-27,2025-01-01,2025-01-01
8808966,552248,2024-08-23,Delivered,2024-08-26,2024-08-28,2024-08-28
5488449,260891,2026-01-02,Canceled,,,2026-01-08
6763081,940247,2026-03-21,Delivered,2026-03-24,2026-03-28,2026-03-28
5673473,643269,2024-06-18,Delivered,2024-06-20,2024-06-25,2024-06-25
5027287,544151,2026-01-04,Canceled,,,2026-01-11
5656634,626169,2024-01-06,Delivered,2024-01-09,2024-01-09,2024-01-09
6406366,490084,2025-09-03,Delivered,2025-09-05,2025-09-08,2025-09-08
6070556,550089,2024-04-17,Delivered,2024-04-20,2024-04-19,2024-04-20
5598832,284692,2024-05-08,Delivered,2024-05-09,2024-05-10,2024-05-10
7058468,449555,2024-09-20,Delivered,2024-09-23,2024-09-26,2024-09-27
6883238,389282,2025-09-23,Canceled,,,2025-09-26
9327143,922157,2026-02-26,Delivered,2026-03-01,2026-03-03,2026-03-03
9135691,703655,2026-02-13,Delivered,2026-02-15,2026-02-20,2026-02-20
7990013,308727,2025-07-12,Canceled,,,2025-07-16
6763426,686075,2025-12-03,Canceled,,,2025-12-05
7195473,818264,2025-04-01,Canceled,,,2025-04-04
6497823,453894,2025-07-09,Delivered,2025-07-12,2025-07-14,2025-07-12
5618217,769567,2024-02-06,Delivered,2024-02-07,2024-02-11,2024-02-11
7527540,428838,2025-11-19,Delivered,2025-11-21,2025-11-24,2025-11-24
7409572,372793,2024-05-22,Delivered,2024-05-24,2024-05-27,2024-05-28
9289313,334053,2024-12-08,Delivered,2024-12-11,2024-12-13,2024-12-13
6799205,516716,2025-02-07,Delivered,2025-02-09,2025-02-14,2025-02-14
7816858,335113,2024-10-20,Delivered,2024-10-21,2024-10-27,2024-10-27
7420302,453123,2024-12-01,Delivered,2024-12-02,2024-12-07,2024-12-07
7781213,726928,2024-12-24,Canceled,,,2024-12-27
8809001,519904,2024-02-08,Delivered,2024-02-10,2024-02-14,2024-02-14
7420436,260227,2024-10-26,Canceled,,,2024-10-30
9730319,102260,2024-05-15,Delivered,2024-05-17,2024-05-21,2024-05-21
9248666,502810,2024-07-15,Delivered,2024-07-17,2024-07-16,2024-07-17
9415575,219946,2025-01-14,Delivered,2025-01-15,2025-01-18,2025-01-19
6938328,795613,2024-11-18,Delivered,2024-11-20,2024-11-21,2024-11-21
8564731,197992,2025-12-22,Delivered,2025-12-24,2025-12-27,2025-12-27
9364939,404466,2024-01-14,Delivered,2024-01-16,2024-01-17,2024-01-17
6679373,711878,2025-12-08,Delivered,2025-12-09,2025-12-14,2025-12-14
9713791,260891,2025-03-06,Delivered,2025-03-07,2025-03-12,2025-03-12
6066985,572398,2026-01-23,Delivered,2026-01-24,2026-01-30,2026-01-30
8036819,517821,2025-07-10,Delivered,2025-07-11,2025-07-15,2025-07-14
6264087,386042,2025-05-07,Delivered,2025-05-08,2025-05-14,2025-05-14
8117611,587282,2025-02-26,Delivered,2025-02-28,2025-03-05,2025-03-05
7402095,761820,2025-06-03,Delivered,2025-06-05,2025-06-06,2025-06-07
6804642,940247,2025-09-30,Delivered,2025-10-02,2025-10-07,2025-10-07
5301300,201639,2026-02-18,Delivered,2026-02-21,2026-02-25,2026-02-25
6613069,551860,2026-01-12,Delivered,2026-01-13,2026-01-14,2026-01-14
7865531,377319,2024-01-05,Canceled,,,2024-01-10
7087886,237795,2025-09-03,Delivered,2025-09-06,2025-09-08,2025-09-08
7848964,126225,2025-08-09,Delivered,2025-08-12,2025-08-12,2025-08-12
6450216,192337,2026-04-26,Delivered,2026-04-29,2026-04-28,2026-04-28
5537421,794963,2025-03-21,Delivered,2025-03-23,2025-03-27,2025-03-27
7952554,469435,2025-12-08,Delivered,2025-12-09,2025-12-15,2025-12-15
5529919,697530,2025-01-15,Canceled,,,2025-01-19
9111987,355123,2024-04-28,Delivered,2024-04-30,2024-05-05,2024-05-05
6641592,886730,2026-01-24,Delivered,2026-01-27,2026-01-30,2026-01-30
7403574,853789,2026-04-12,Canceled,,,2026-04-14
8185794,891615,2026-01-27,Canceled,,,2026-02-03
8523020,285652,2026-04-08,Delivered,2026-04-09,2026-04-12,2026-04-12
5178274,755383,2024-05-24,Delivered,2024-05-25,2024-05-26,2024-05-26
8628520,282256,2026-03-16,Delivered,2026-03-18,2026-03-21,2026-03-21
9467538,519066,2024-04-12,Canceled,,,2024-04-19
9815137,581141,2024-12-23,Delivered,2024-12-25,2024-12-27,2024-12-27
9740187,734487,2025-05-11,Delivered,2025-05-14,2025-05-16,2025-05-16
6272000,888295,2025-07-07,Delivered,2025-07-08,2025-07-11,2025-07-11
7145432,733039,2025-08-29,Delivered,2025-08-31,2025-09-02,2025-09-02
8944452,799233,2025-01-16,Delivered,2025-01-19,2025-01-19,2025-01-19
5855692,772097,2024-05-03,Delivered,2024-05-04,2024-05-05,2024-05-05
8002601,586819,2025-02-20,Delivered,2025-02-22,2025-02-27,2025-02-27
8991504,639728,2025-08-06,Delivered,2025-08-08,2025-08-11,2025-08-11
7691822,929683,2024-04-16,Delivered,2024-04-17,2024-04-18,2024-04-19
8483105,176365,2025-07-09,Delivered,2025-07-12,2025-07-13,2025-07-14
5884148,991597,2024-10-11,Delivered,2024-10-12,2024-10-13,2024-10-13
5144159,878967,2024-08-23,Canceled,,,2024-08-25
9576344,469412,2026-04-09,Delivered,2026-04-10,2026-04-16,2026-04-16
5389435,303880,2026-04-19,Delivered,2026-04-22,2026-04-21,2026-04-22
5644543,810250,2024-01-27,Delivered,2024-01-29,2024-01-31,2024-01-30
5326283,270555,2025-10-25,Delivered,2025-10-26,2025-10-30,2025-10-30
6789608,413058,2025-09-04,Delivered,2025-09-05,2025-09-09,2025-09-09
5169968,288158,2024-02-16,Delivered,2024-02-18,2024-02-23,2024-02-23
6361763,485415,2024-01-10,Delivered,2024-01-11,2024-01-17,2024-01-17
6505844,144357,2024-08-29,Delivered,2024-08-30,2024-09-03,2024-09-03
5860667,411120,2025-08-28,Delivered,2025-08-30,2025-09-01,2025-09-01
6173404,331251,2024-04-06,Delivered,2024-04-08,2024-04-07,2024-04-08
6758659,404466,2024-05-19,Delivered,2024-05-22,2024-05-24,2024-05-24
9883244,154944,2025-03-16,Canceled,,,2025-03-18
7837455,662275,2025-06-28,Delivered,2025-07-01,2025-07-01,2025-07-01
8048321,468727,2025-07-09,Canceled,,,2025-07-15
5894305,576919,2024-05-15,Delivered,2024-05-16,2024-05-18,2024-05-17
6500441,152657,2024-10-30,Delivered,2024-11-02,2024-10-31,2024-11-01
5809791,662636,2025-04-25,Delivered,2025-04-28,2025-04-29,2025-04-29
8502421,232352,2025-02-14,Delivered,2025-02-15,2025-02-15,2025-02-16
9295172,208618,2025-10-28,Delivered,2025-10-30,2025-11-02,2025-11-02
6882902,531071,2025-01-19,Delivered,2025-01-20,2025-01-22,2025-01-22
6144191,575435,2025-02-23,Delivered,2025-02-26,2025-02-26,2025-02-26
6602474,408528,2024-09-24,Delivered,2024-09-26,2024-09-27,2024-09-27
6285904,180913,2024-11-11,Delivered,2024-11-13,2024-11-16,2024-11-16
9659762,341296,2025-08-06,Canceled,,,2025-08-12
7978707,856086,2024-06-18,Canceled,,,2024-06-21
7175698,640418,2024-09-17,Canceled,,,2024-09-19
5828137,640970,2025-03-30,Delivered,2025-03-31,2025-04-03,2025-04-03
7195779,321941,2024-07-05,Delivered,2024-07-06,2024-07-11,2024-07-11
6061705,910620,2025-08-21,Canceled,,,2025-08-27
6378031,897135,2026-03-17,Canceled,,,2026-03-20
8433324,158104,2024-03-01,Delivered,2024-03-04,2024-03-08,2024-03-08
6935066,220465,2025-05-10,Delivered,2025-05-11,2025-05-16,2025-05-16
6116179,424308,2024-08-24,Canceled,,,2024-08-26
8459966,195656,2025-06-19,Delivered,2025-06-22,2025-06-23,2025-06-23
6070505,733039,2024-07-13,Delivered,2024-07-16,2024-07-19,2024-07-19
5954550,675898,2025-08-31,Canceled,,,2025-09-03
7474406,536822,2025-10-29,Canceled,,,2025-11-05
7215280,720859,2025-05-06,Delivered,2025-05-09,2025-05-09,2025-05-09
7679560,299122,2025-05-22,Delivered,2025-05-23,2025-05-28,2025-05-28
6702152,256445,2024-06-26,Delivered,2024-06-29,2024-06-29,2024-06-29
8982954,757924,2026-03-19,Delivered,2026-03-22,2026-03-21,2026-03-21
5892572,494976,2026-04-01,Canceled,,,2026-04-07
7819206,407618,2025-09-17,Delivered,2025-09-19,2025-09-20,2025-09-20
5304915,901535,2024-03-04,Canceled,,,2024-03-11
7237006,443848,2024-12-24,Delivered,2024-12-26,2024-12-27,2024-12-27
7699851,153035,2025-04-04,Delivered,2025-04-06,2025-04-09,2025-04-10
6045524,666390,2026-04-30,Canceled,,,2026-05-06
8294754,936587,2024-11-12,Canceled,,,2024-11-17
9097831,142213,2024-04-17,Delivered,2024-04-20,2024-04-22,2024-04-22
9559718,900177,2024-08-20,Delivered,2024-08-21,2024-08-22,2024-08-22
8695942,835343,2025-03-03,Delivered,2025-03-06,2025-03-09,2025-03-10
9141809,708158,2024-06-21,Delivered,2024-06-23,2024-06-23,2024-06-23
9617500,676510,2024-09-14,Canceled,,,2024-09-19
9194651,378428,2024-05-29,Delivered,2024-05-30,2024-05-31,2024-05-31
5270455,706574,2024-08-20,Delivered,2024-08-23,2024-08-24,2024-08-25
5658092,230679,2024-10-17,Delivered,2024-10-20,2024-10-21,2024-10-21
6045710,260295,2024-11-21,Canceled,,,2024-11-25
7960780,355135,2025-06-29,Canceled,,,2025-07-04
5842374,699425,2024-03-19,Delivered,2024-03-21,2024-03-23,2024-03-23
6745284,147549,2025-08-28,Delivered,2025-08-31,2025-09-04,2025-09-04
6498300,520521,2024-07-28,Delivered,2024-07-29,2024-08-01,2024-08-01
8546007,393308,2025-01-24,Delivered,2025-01-25,2025-01-28,2025-01-28
9502440,133659,2024-06-20,Delivered,2024-06-21,2024-06-27,2024-06-27
7504110,513741,2024-02-04,Delivered,2024-02-05,2024-02-06,2024-02-06
6561983,619389,2024-05-22,Canceled,,,2024-05-26
6641582,356773,2025-01-07,Delivered,2025-01-08,2025-01-12,2025-01-12
6467110,513037,2025-01-10,Delivered,2025-01-12,2025-01-11,2025-01-12
8298772,197966,2024-01-30,Delivered,2024-02-01,2024-02-06,2024-02-06
6595294,910620,2026-02-17,Delivered,2026-02-20,2026-02-24,2026-02-22
7832776,738720,2024-06-23,Delivered,2024-06-25,2024-06-29,2024-06-29
7980733,261450,2025-10-05,Delivered,2025-10-07,2025-10-13,2025-10-12
7254165,621841,2025-01-15,Canceled,,,2025-01-20
8477253,240440,2025-12-07,Delivered,2025-12-09,2025-12-10,2025-12-11
5340769,847006,2025-07-16,Delivered,2025-07-17,2025-07-20,2025-07-20
6741670,908977,2024-09-24,Canceled,,,2024-09-26
6612746,174299,2025-02-14,Delivered,2025-02-17,2025-02-19,2025-02-19
8245513,989227,2024-08-08,Delivered,2024-08-11,2024-08-13,2024-08-13
9719684,422554,2024-10-10,Canceled,,,2024-10-12
6579383,940181,2024-03-28,Delivered,2024-03-31,2024-04-01,2024-04-02
5726070,243139,2025-03-05,Delivered,2025-03-06,2025-03-09,2025-03-10
5294419,571029,2026-05-06,Canceled,,,2026-05-13
7862406,748133,2024-03-27,Delivered,2024-03-30,2024-03-29,2024-03-29
8728163,919264,2024-04-27,Delivered,2024-04-28,2024-05-03,2024-05-03
5695117,201514,2026-03-21,Canceled,,,2026-03-25
9761140,503380,2025-03-03,Canceled,,,2025-03-09
8816751,544920,2024-08-30,Delivered,2024-09-01,2024-09-01,2024-09-01
7074852,176517,2024-05-16,Delivered,2024-05-18,2024-05-20,2024-05-20
6476297,893435,2025-12-31,Delivered,2026-01-02,2026-01-02,2026-01-02
6679846,688933,2024-05-19,Canceled,,,2024-05-22
9598579,643623,2024-07-29,Delivered,2024-08-01,2024-07-31,2024-07-31
5840511,816751,2024-02-09,Canceled,,,2024-02-16
7969629,513741,2024-12-21,Delivered,2024-12-23,2024-12-23,2024-12-24
7460233,636004,2024-08-22,Delivered,2024-08-25,2024-08-24,2024-08-24
7858287,665610,2026-03-30,Delivered,2026-04-02,2026-04-03,2026-04-04
7839933,652530,2025-06-27,Delivered,2025-06-29,2025-07-03,2025-07-03
6154657,827712,2025-08-19,Delivered,2025-08-20,2025-08-23,2025-08-23
8809018,129556,2025-03-08,Delivered,2025-03-11,2025-03-13,2025-03-13
9690798,440981,2026-05-10,Delivered,2026-05-12,2026-05-13,2026-05-14
8936748,787277,2026-02-19,Delivered,2026-02-21,2026-02-26,2026-02-26
8666157,379676,2025-07-21,Delivered,2025-07-24,2025-07-23,2025-07-23
6355947,998348,2026-05-12,Delivered,2026-05-14,2026-05-15,2026-05-15
8195678,650121,2025-10-04,Delivered,2025-10-05,2025-10-10,2025-10-10
5055338,213668,2024-06-27,Canceled,,,2024-06-30
6527994,145471,2026-01-15,Canceled,,,2026-01-18
6805798,936912,2025-11-02,Canceled,,,2025-11-06
7765993,572230,2025-02-27,Canceled,,,2025-03-06
8602932,880841,2025-01-17,Canceled,,,2025-01-23
7383895,767542,2025-01-27,Delivered,2025-01-29,2025-01-31,2025-01-31
5183720,455007,2024-11-30,Delivered,2024-12-03,2024-12-03,2024-12-03
9892902,361303,2025-10-29,Delivered,2025-11-01,2025-10-31,2025-10-31
6952223,912609,2025-03-07,Delivered,2025-03-09,2025-03-14,2025-03-14
5121995,686075,2024-04-24,Canceled,,,2024-04-27
9480139,549186,2025-11-17,Delivered,2025-11-19,2025-11-23,2025-11-23
8637223,410016,2025-11-14,Delivered,2025-11-16,2025-11-20,2025-11-19
9268369,883041,2025-06-19,Delivered,2025-06-22,2025-06-25,2025-06-25
5656829,968524,2024-10-24,Delivered,2024-10-27,2024-10-29,2024-10-29
8129598,572407,2026-05-12,Canceled,,,2026-05-14
5104445,944962,2024-12-20,Delivered,2024-12-21,2024-12-23,2024-12-24
9040816,926823,2024-08-13,Delivered,2024-08-16,2024-08-19,2024-08-19
9703347,472060,2026-03-07,Delivered,2026-03-08,2026-03-09,2026-03-09
8662690,945742,2024-07-30,Delivered,2024-08-02,2024-08-03,2024-08-03
9156080,462147,2026-04-14,Delivered,2026-04-16,2026-04-16,2026-04-16
9772966,767542,2026-05-01,Delivered,2026-05-03,2026-05-04,2026-05-05
8288168,228093,2024-09-19,Delivered,2024-09-22,2024-09-22,2024-09-22
9777340,800305,2025-07-26,Delivered,2025-07-29,2025-07-29,2025-07-29
9793527,988662,2024-08-03,Delivered,2024-08-04,2024-08-08,2024-08-08
9749716,843215,2025-05-28,Canceled,,,2025-06-01
6823052,938171,2025-12-24,Delivered,2025-12-25,2025-12-27,2025-12-27
9400747,356702,2025-10-14,Delivered,2025-10-17,2025-10-16,2025-10-16
5907943,571029,2026-04-29,Canceled,,,2026-05-06
9777220,765905,2024-10-23,Delivered,2024-10-24,2024-10-26,2024-10-26
6034581,575755,2025-10-20,Delivered,2025-10-22,2025-10-24,2025-10-25
9766017,725084,2025-01-18,Canceled,,,2025-01-25
7435985,945664,2024-06-15,Delivered,2024-06-18,2024-06-20,2024-06-19
9714058,290802,2025-02-23,Canceled,,,2025-02-27
8859792,545790,2025-03-02,Delivered,2025-03-05,2025-03-08,2025-03-08
7289021,940064,2024-04-21,Canceled,,,2024-04-25
8261292,130353,2026-03-27,Canceled,,,2026-03-31
5987421,823846,2024-07-07,Canceled,,,2024-07-14
6453959,556641,2024-01-29,Delivered,2024-02-01,2024-02-05,2024-02-05
6966982,660081,2025-09-23,Canceled,,,2025-09-30
5700209,226516,2024-06-09,Delivered,2024-06-12,2024-06-15,2024-06-15
5073646,197573,2026-05-06,Delivered,2026-05-08,2026-05-12,2026-05-12
5302970,802559,2025-06-11,Delivered,2025-06-14,2025-06-16,2025-06-16
6191349,842225,2025-02-23,Delivered,2025-02-25,2025-02-27,2025-02-27
7424918,766158,2025-07-29,Delivered,2025-08-01,2025-08-01,2025-08-01
5763737,529322,2025-03-13,Canceled,,,2025-03-20
8039081,671971,2025-04-05,Delivered,2025-04-08,2025-04-07,2025-04-07
7825712,748133,2026-05-08,Delivered,2026-05-10,2026-05-15,2026-05-15
5948571,434827,2024-02-23,Delivered,2024-02-24,2024-02-26,2024-02-26
9147662,842225,2025-10-23,Canceled,,,2025-10-28
7741985,313487,2024-07-23,Canceled,,,2024-07-26
9359662,244283,2025-09-10,Delivered,2025-09-13,2025-09-15,2025-09-15
8325690,373432,2026-03-02,Canceled,,,2026-03-07
6826571,426147,2024-03-14,Delivered,2024-03-16,2024-03-20,2024-03-20
8800734,195763,2024-10-02,Delivered,2024-10-04,2024-10-04,2024-10-04
6767835,592296,2024-08-24,Delivered,2024-08-26,2024-08-28,2024-08-29
7795389,171603,2024-06-22,Canceled,,,2024-06-28
6714349,587192,2024-01-24,Canceled,,,2024-01-29
6700372,427626,2024-11-19,Canceled,,,2024-11-25
6391001,787351,2025-05-14,Delivered,2025-05-15,2025-05-18,2025-05-18
8972120,642717,2024-10-03,Delivered,2024-10-04,2024-10-08,2024-10-08
5287398,768891,2025-05-28,Delivered,2025-05-29,2025-05-30,2025-05-31
6095261,260265,2026-03-11,Canceled,,,2026-03-14
9233681,844031,2024-02-19,Canceled,,,2024-02-24
9975610,456331,2024-12-15,Delivered,2024-12-17,2024-12-20,2024-12-20
8370816,402099,2024-12-03,Canceled,,,2024-12-07
8425914,732556,2024-12-30,Delivered,2025-01-02,2025-01-06,2025-01-05
8644709,864491,2025-06-05,Delivered,2025-06-06,2025-06-07,2025-06-07
9207915,403742,2025-05-25,Canceled,,,2025-05-31
8630243,185544,2026-04-02,Canceled,,,2026-04-07
9471466,786587,2025-03-14,Canceled,,,2025-03-21
8095200,379676,2024-05-07,Delivered,2024-05-09,2024-05-12,2024-05-12
9524289,539122,2024-01-20,Canceled,,,2024-01-27
7253034,570050,2025-01-08,Delivered,2025-01-10,2025-01-12,2025-01-12
6782834,267457,2025-10-01,Canceled,,,2025-10-06
5583826,588557,2025-10-25,Canceled,,,2025-10-30
5745695,600935,2025-07-28,Delivered,2025-07-30,2025-07-29,2025-07-30
8231368,148225,2024-06-23,Canceled,,,2024-06-26
6355313,802667,2026-02-28,Delivered,2026-03-03,2026-03-05,2026-03-03
5562267,341292,2024-05-21,Canceled,,,2024-05-25
5498055,897305,2024-03-13,Delivered,2024-03-16,2024-03-17,2024-03-17
8398244,937302,2025-07-28,Delivered,2025-07-31,2025-08-02,2025-08-02
7974024,269396,2025-01-17,Delivered,2025-01-18,2025-01-20,2025-01-20
5706568,288158,2025-10-06,Delivered,2025-10-08,2025-10-08,2025-10-09
7555980,346277,2024-03-27,Delivered,2024-03-30,2024-04-02,2024-04-02
7122809,141832,2024-03-02,Canceled,,,2024-03-06
8872665,607719,2024-08-03,Canceled,,,2024-08-09
6734304,614663,2026-03-19,Canceled,,,2026-03-24
8377028,563246,2026-01-28,Delivered,2026-01-30,2026-02-01,2026-02-01
8050619,481913,2025-04-21,Delivered,2025-04-24,2025-04-27,2025-04-27
7434205,287241,2026-04-22,Delivered,2026-04-23,2026-04-28,2026-04-26
6685697,350867,2024-08-07,Delivered,2024-08-09,2024-08-12,2024-08-13
5655752,671971,2025-05-09,Delivered,2025-05-11,2025-05-14,2025-05-14
5152720,499534,2026-02-12,Delivered,2026-02-15,2026-02-14,2026-02-14
7851398,409222,2026-01-27,Delivered,2026-01-29,2026-02-03,2026-02-03
7966770,427704,2026-01-07,Canceled,,,2026-01-14
8682157,148050,2026-01-27,Canceled,,,2026-01-29
9154624,407696,2026-03-17,Delivered,2026-03-18,2026-03-23,2026-03-23
5556957,410160,2025-02-07,Delivered,2025-02-08,2025-02-12,2025-02-12
5379065,904214,2025-07-18,Delivered,2025-07-20,2025-07-21,2025-07-21
6718885,688153,2024-07-20,Delivered,2024-07-22,2024-07-24,2024-07-25
5461649,207786,2024-04-15,Canceled,,,2024-04-21
6207110,231250,2025-08-18,Delivered,2025-08-21,2025-08-25,2025-08-25
8866719,439902,2025-06-10,Canceled,,,2025-06-16
7772736,171262,2024-01-01,Delivered,2024-01-03,2024-01-03,2024-01-03
9808941,899929,2024-01-26,Delivered,2024-01-28,2024-01-30,2024-01-30
8475823,140163,2025-03-28,Delivered,2025-03-30,2025-04-04,2025-04-04
5348055,678805,2026-01-26,Canceled,,,2026-01-28
9674339,942956,2025-02-01,Delivered,2025-02-03,2025-02-03,2025-02-04
9578440,177649,2024-02-09,Delivered,2024-02-10,2024-02-15,2024-02-15
9850424,520172,2024-05-04,Delivered,2024-05-05,2024-05-05,2024-05-06
7773875,102973,2025-03-30,Delivered,2025-03-31,2025-04-03,2025-04-03
9597003,434002,2024-06-22,Canceled,,,2024-06-28
8213207,259493,2024-09-19,Delivered,2024-09-21,2024-09-26,2024-09-26
8786325,718849,2026-01-19,Delivered,2026-01-22,2026-01-21,2026-01-21
6585884,751517,2025-11-05,Delivered,2025-11-07,2025-11-12,2025-11-12
7782846,858490,2025-12-15,Delivered,2025-12-17,2025-12-19,2025-12-19
9373846,778748,2025-11-24,Canceled,,,2025-12-01
7511490,970917,2025-04-20,Delivered,2025-04-23,2025-04-22,2025-04-22
6709683,497519,2025-05-02,Canceled,,,2025-05-09
7146230,132938,2026-01-06,Delivered,2026-01-09,2026-01-12,2026-01-12
6351461,449218,2025-07-15,Delivered,2025-07-16,2025-07-20,2025-07-20
6579914,320281,2025-12-13,Canceled,,,2025-12-18
5837405,203896,2024-06-18,Delivered,2024-06-21,2024-06-20,2024-06-21
7195669,571932,2025-01-30,Delivered,2025-02-01,2025-02-06,2025-02-06
9759460,231414,2025-06-07,Delivered,2025-06-10,2025-06-14,2025-06-12
7319768,323072,2024-03-27,Delivered,2024-03-30,2024-04-03,2024-04-03
7796951,172574,2024-06-09,Delivered,2024-06-11,2024-06-12,2024-06-12
6401469,631981,2025-07-01,Canceled,,,2025-07-05
5850779,915451,2024-04-22,Delivered,2024-04-23,2024-04-28,2024-04-28
6416189,386436,2025-12-02,Delivered,2025-12-03,2025-12-07,2025-12-07
7899241,265156,2025-04-13,Delivered,2025-04-16,2025-04-19,2025-04-19
9598736,117445,2025-02-16,Delivered,2025-02-17,2025-02-22,2025-02-22
8634289,448121,2026-02-11,Delivered,2026-02-12,2026-02-17,2026-02-17
5380623,188425,2024-10-03,Canceled,,,2024-10-09
8558967,207581,2025-07-13,Canceled,,,2025-07-15
6165573,284229,2025-10-06,Canceled,,,2025-10-12
5041061,221263,2024-12-25,Delivered,2024-12-26,2024-12-27,2024-12-27
9296464,781403,2025-05-11,Canceled,,,2025-05-14
5901660,380028,2024-03-22,Delivered,2024-03-25,2024-03-27,2024-03-25
9626789,705991,2025-09-14,Delivered,2025-09-16,2025-09-18,2025-09-18
5373375,243423,2025-02-19,Delivered,2025-02-20,2025-02-26,2025-02-26
7286199,781725,2025-08-30,Delivered,2025-09-02,2025-09-07,2025-09-06
5400565,439498,2025-12-12,Delivered,2025-12-15,2025-12-19,2025-12-19
9817131,207581,2024-08-04,Delivered,2024-08-06,2024-08-09,2024-08-08
9905226,153945,2026-03-29,Delivered,2026-03-31,2026-04-05,2026-04-05
5968336,773540,2024-03-17,Delivered,2024-03-18,2024-03-19,2024-03-19
7658901,602248,2025-09-05,Delivered,2025-09-08,2025-09-12,2025-09-12
6041277,352572,2025-09-28,Delivered,2025-09-29,2025-10-02,2025-09-30
7533220,800305,2024-11-30,Canceled,,,2024-12-03
5870974,871411,2026-04-07,Delivered,2026-04-08,2026-04-13,2026-04-13
7447882,449247,2024-08-28,Delivered,2024-08-29,2024-09-04,2024-09-04
5017885,182467,2025-02-23,Canceled,,,2025-02-27
8005413,884309,2024-03-07,Canceled,,,2024-03-12
5499825,994253,2024-04-28,Delivered,2024-04-29,2024-05-01,2024-05-01
9683828,515922,2025-06-20,Delivered,2025-06-22,2025-06-23,2025-06-23
7924752,706794,2025-09-09,Canceled,,,2025-09-15
5119647,290217,2025-02-03,Canceled,,,2025-02-09
5664321,979940,2025-09-23,Canceled,,,2025-09-26
7031185,207473,2026-03-17,Delivered,2026-03-18,2026-03-22,2026-03-20
7233377,344907,2025-12-11,Delivered,2025-12-12,2025-12-15,2025-12-16
9019812,295085,2025-04-22,Delivered,2025-04-23,2025-04-25,2025-04-25
7288061,989208,2025-01-10,Canceled,,,2025-01-13
6355159,127560,2025-04-23,Delivered,2025-04-26,2025-04-24,2025-04-25
8368356,255539,2025-10-11,Canceled,,,2025-10-14
6838568,299367,2024-07-26,Delivered,2024-07-27,2024-08-02,2024-08-02
8478266,377746,2025-10-12,Delivered,2025-10-14,2025-10-18,2025-10-18
7136226,469685,2024-05-24,Delivered,2024-05-26,2024-05-29,2024-05-29
5605348,970357,2026-05-12,Delivered,2026-05-13,2026-05-16,2026-05-16
6531977,754858,2024-02-15,Canceled,,,2024-02-20
6440821,879414,2026-02-28,Delivered,2026-03-03,2026-03-03,2026-03-02
8455531,462831,2025-04-22,Delivered,2025-04-23,2025-04-27,2025-04-27
7543492,712955,2024-07-19,Delivered,2024-07-22,2024-07-23,2024-07-23
8793620,289019,2026-04-17,Delivered,2026-04-18,2026-04-23,2026-04-23
6137974,931016,2026-03-31,Canceled,,,2026-04-04
7686608,593152,2024-04-30,Delivered,2024-05-03,2024-05-03,2024-05-04
7239264,972565,2024-05-05,Delivered,2024-05-08,2024-05-08,2024-05-08
6838868,331230,2024-09-23,Canceled,,,2024-09-30
9822537,130434,2025-09-05,Delivered,2025-09-08,2025-09-12,2025-09-12
6495736,438334,2025-05-17,Delivered,2025-05-20,2025-05-22,2025-05-22
7393945,952993,2024-03-14,Delivered,2024-03-16,2024-03-17,2024-03-18
7856924,264136,2024-05-02,Delivered,2024-05-04,2024-05-04,2024-05-04
6777394,796503,2024-08-17,Delivered,2024-08-18,2024-08-24,2024-08-24
8337296,563516,2024-08-13,Delivered,2024-08-15,2024-08-15,2024-08-15
5109987,717113,2025-08-26,Canceled,,,2025-09-01
7426289,444525,2025-04-24,Delivered,2025-04-26,2025-04-28,2025-04-28
6061102,776149,2026-04-20,Canceled,,,2026-04-27
7126552,567576,2025-09-09,Canceled,,,2025-09-14
5219508,480303,2025-12-02,Delivered,2025-12-03,2025-12-09,2025-12-09
9503579,564071,2024-06-02,Delivered,2024-06-03,2024-06-05,2024-06-05
5701764,891952,2025-03-22,Canceled,,,2025-03-25
8804650,665579,2025-04-04,Delivered,2025-04-07,2025-04-06,2025-04-06
7375447,207573,2024-02-07,Canceled,,,2024-02-12
7319003,428838,2025-05-10,Delivered,2025-05-13,2025-05-12,2025-05-13
6159571,237174,2024-07-27,Canceled,,,2024-08-02
8082074,945964,2025-02-23,Delivered,2025-02-24,2025-02-26,2025-02-26
6990535,347459,2026-02-18,Canceled,,,2026-02-25
9791554,284171,2025-12-25,Delivered,2025-12-28,2026-01-01,2026-01-01
8356820,446859,2025-12-19,Delivered,2025-12-22,2025-12-24,2025-12-24
9428534,874524,2025-10-09,Delivered,2025-10-12,2025-10-13,2025-10-13
7830488,878967,2025-10-28,Delivered,2025-10-30,2025-11-04,2025-11-02
6558136,516716,2024-04-06,Delivered,2024-04-08,2024-04-12,2024-04-12
8793364,439902,2026-05-04,Delivered,2026-05-05,2026-05-06,2026-05-06
8628151,812526,2026-01-27,Delivered,2026-01-30,2026-02-02,2026-02-03
9220426,256782,2025-03-19,Delivered,2025-03-22,2025-03-25,2025-03-25
6484179,490963,2024-11-14,Delivered,2024-11-16,2024-11-20,2024-11-20
5160732,423939,2025-04-25,Delivered,2025-04-26,2025-04-27,2025-04-27
9768006,751194,2026-01-04,Delivered,2026-01-06,2026-01-09,2026-01-09
5821220,579027,2026-04-06,Delivered,2026-04-08,2026-04-09,2026-04-09
9597663,963874,2025-12-31,Delivered,2026-01-02,2026-01-07,2026-01-07
9604735,233636,2024-03-06,Delivered,2024-03-07,2024-03-13,2024-03-13
5856529,356150,2024-03-01,Delivered,2024-03-02,2024-03-04,2024-03-04
6388003,434617,2024-04-27,Delivered,2024-04-30,2024-04-28,2024-04-29
6278533,790993,2024-09-13,Delivered,2024-09-15,2024-09-19,2024-09-19
7572453,239816,2025-04-21,Delivered,2025-04-24,2025-04-23,2025-04-23
8222677,127032,2024-07-25,Delivered,2024-07-27,2024-07-31,2024-08-01
8269904,177794,2025-11-17,Delivered,2025-11-19,2025-11-21,2025-11-22
6031208,255287,2025-08-24,Canceled,,,2025-08-27
7178188,598733,2025-11-01,Delivered,2025-11-04,2025-11-07,2025-11-07
6338513,449709,2024-12-14,Delivered,2024-12-17,2024-12-18,2024-12-18
9503817,105506,2024-12-23,Canceled,,,2024-12-25
5328204,303547,2024-03-23,Canceled,,,2024-03-26
9095460,946335,2025-04-28,Delivered,2025-04-30,2025-05-01,2025-05-01
5013431,791798,2025-06-25,Canceled,,,2025-06-29
6353897,273982,2026-01-10,Delivered,2026-01-13,2026-01-17,2026-01-17
5067196,534303,2026-05-12,Canceled,,,2026-05-16
8926261,166613,2024-05-03,Delivered,2024-05-04,2024-05-09,2024-05-09
9923431,430926,2024-10-15,Delivered,2024-10-18,2024-10-17,2024-10-17
5128403,559381,2026-03-06,Delivered,2026-03-08,2026-03-08,2026-03-08
8651743,139581,2025-11-04,Delivered,2025-11-06,2025-11-10,2025-11-10
7070621,831076,2024-02-19,Delivered,2024-02-22,2024-02-26,2024-02-26
8002688,852470,2026-01-31,Delivered,2026-02-02,2026-02-02,2026-02-02
5851575,930884,2025-08-04,Canceled,,,2025-08-11
7668882,183958,2024-09-06,Canceled,,,2024-09-11
5649354,309267,2025-09-13,Delivered,2025-09-16,2025-09-16,2025-09-16
5627477,499889,2024-12-08,Delivered,2024-12-09,2024-12-10,2024-12-10
8935775,120324,2026-03-12,Delivered,2026-03-13,2026-03-14,2026-03-15
7865353,609232,2025-06-25,Delivered,2025-06-28,2025-06-26,2025-06-27
6788658,621530,2025-12-23,Delivered,2025-12-26,2025-12-26,2025-12-26
6977480,608257,2024-07-04,Delivered,2024-07-07,2024-07-07,2024-07-07
5983968,559398,2025-05-27,Delivered,2025-05-30,2025-05-29,2025-05-30
8689828,331251,2024-05-16,Delivered,2024-05-18,2024-05-19,2024-05-19
5460330,599219,2025-06-27,Delivered,2025-06-30,2025-07-03,2025-07-03
6134770,664365,2024-12-11,Delivered,2024-12-12,2024-12-18,2024-12-18
7938413,407696,2025-10-26,Canceled,,,2025-11-01
6709609,705050,2026-04-13,Canceled,,,2026-04-18
7006924,540226,2025-09-23,Canceled,,,2025-09-30
9184721,313795,2024-07-24,Delivered,2024-07-25,2024-07-27,2024-07-27
8975843,266071,2026-05-04,Delivered,2026-05-07,2026-05-10,2026-05-10
5014295,639728,2025-11-25,Canceled,,,2025-11-27
9457571,237414,2024-02-28,Delivered,2024-02-29,2024-03-01,2024-03-01
8265486,392683,2024-10-13,Canceled,,,2024-10-19
5431440,412942,2024-07-26,Delivered,2024-07-27,2024-07-29,2024-07-29
7586877,682789,2026-03-17,Delivered,2026-03-19,2026-03-24,2026-03-24
6976939,536774,2024-02-26,Canceled,,,2024-03-02
8923449,879414,2025-01-02,Delivered,2025-01-04,2025-01-09,2025-01-09
9014768,925981,2026-03-30,Delivered,2026-04-02,2026-04-06,2026-04-06
7898983,701949,2024-11-20,Canceled,,,2024-11-22
9616592,535686,2026-01-06,Delivered,2026-01-07,2026-01-12,2026-01-12
8865125,522842,2025-03-05,Delivered,2025-03-08,2025-03-06,2025-03-07
6510545,364742,2025-06-17,Delivered,2025-06-18,2025-06-24,2025-06-22
8085298,613117,2024-12-22,Delivered,2024-12-25,2024-12-26,2024-12-26
6663565,195674,2025-04-03,Delivered,2025-04-06,2025-04-05,2025-04-05
8919041,265759,2024-06-04,Canceled,,,2024-06-08
5724915,684929,2024-01-02,Delivered,2024-01-04,2024-01-05,2024-01-05
9130072,386042,2026-02-27,Canceled,,,2026-03-06
6160624,322423,2026-02-27,Canceled,,,2026-03-04
5297621,837852,2024-09-29,Delivered,2024-10-02,2024-10-03,2024-10-03
5963535,340062,2026-01-01,Delivered,2026-01-02,2026-01-05,2026-01-05
7712294,832168,2024-03-27,Delivered,2024-03-30,2024-03-30,2024-03-30
6932878,196168,2025-04-09,Delivered,2025-04-11,2025-04-13,2025-04-12
7014325,321275,2026-01-18,Delivered,2026-01-19,2026-01-25,2026-01-25
6905584,795613,2024-12-20,Delivered,2024-12-21,2024-12-25,2024-12-25
5208139,922471,2024-04-08,Delivered,2024-04-10,2024-04-14,2024-04-14
5062027,752878,2024-05-12,Canceled,,,2024-05-14
6675194,930541,2025-03-15,Delivered,2025-03-18,2025-03-17,2025-03-18
6563310,184216,2025-02-09,Delivered,2025-02-12,2025-02-12,2025-02-12
7824147,170674,2024-03-26,Delivered,2024-03-28,2024-03-29,2024-03-29
8211151,688933,2026-05-10,Canceled,,,2026-05-16
9826669,397846,2024-06-05,Delivered,2024-06-06,2024-06-09,2024-06-09
8487259,994343,2026-05-04,Delivered,2026-05-06,2026-05-07,2026-05-07
7278410,684929,2026-02-18,Delivered,2026-02-19,2026-02-25,2026-02-25
8733260,121322,2024-12-10,Canceled,,,2024-12-14
7109093,707314,2025-04-10,Delivered,2025-04-12,2025-04-16,2025-04-14
5563292,628750,2026-05-10,Delivered,2026-05-12,2026-05-11,2026-05-12
6600918,570392,2024-09-22,Delivered,2024-09-24,2024-09-30,2024-09-29
6978799,653408,2026-01-26,Delivered,2026-01-28,2026-01-29,2026-01-29
5586771,392477,2026-02-03,Delivered,2026-02-04,2026-02-04,2026-02-05
5842197,900190,2025-07-09,Delivered,2025-07-10,2025-07-14,2025-07-14
7992906,527940,2024-01-09,Delivered,2024-01-12,2024-01-13,2024-01-13
5767044,561124,2025-12-20,Delivered,2025-12-21,2025-12-22,2025-12-23
9989937,172306,2026-04-26,Delivered,2026-04-28,2026-04-30,2026-04-29
8477611,163156,2024-10-16,Canceled,,,2024-10-19
9220749,970068,2025-12-25,Delivered,2025-12-28,2025-12-28,2025-12-28
6902556,309902,2024-03-17,Delivered,2024-03-19,2024-03-23,2024-03-23
7438399,354801,2025-05-07,Delivered,2025-05-09,2025-05-09,2025-05-09
9524687,216276,2025-05-21,Delivered,2025-05-23,2025-05-27,2025-05-28
7526109,638289,2025-08-05,Canceled,,,2025-08-08
6324420,907189,2026-04-12,Delivered,2026-04-14,2026-04-19,2026-04-19
6182924,331148,2025-10-29,Delivered,2025-10-30,2025-11-05,2025-11-05
8458225,937665,2024-04-18,Delivered,2024-04-19,2024-04-23,2024-04-23
8626878,649525,2025-03-20,Delivered,2025-03-23,2025-03-23,2025-03-23
6656729,620856,2025-06-01,Delivered,2025-06-04,2025-06-05,2025-06-05
5729071,250551,2024-06-24,Delivered,2024-06-26,2024-07-01,2024-07-01
8086629,832052,2024-02-17,Delivered,2024-02-18,2024-02-21,2024-02-22
7538670,721946,2024-11-10,Delivered,2024-11-11,2024-11-12,2024-11-12
6780621,976325,2024-04-16,Delivered,2024-04-18,2024-04-18,2024-04-18
5147788,820892,2025-02-17,Delivered,2025-02-20,2025-02-20,2025-02-20
9974501,386042,2025-03-23,Canceled,,,2025-03-26
5246238,912609,2025-08-24,Delivered,2025-08-26,2025-08-30,2025-08-30
6730948,755087,2024-09-07,Delivered,2024-09-10,2024-09-13,2024-09-13
7610380,942956,2025-01-19,Delivered,2025-01-21,2025-01-25,2025-01-26
9768007,360735,2024-05-08,Canceled,,,2024-05-13
5985648,550961,2024-09-11,Delivered,2024-09-12,2024-09-14,2024-09-15
7070007,821590,2025-02-25,Delivered,2025-02-26,2025-02-27,2025-02-28
5638156,427626,2024-06-04,Delivered,2024-06-05,2024-06-07,2024-06-07
7984524,577463,2025-05-06,Canceled,,,2025-05-11
8195902,483542,2024-08-24,Canceled,,,2024-08-31
7874081,881886,2024-10-29,Delivered,2024-10-30,2024-11-02,2024-11-01
6644044,993085,2025-12-20,Delivered,2025-12-23,2025-12-25,2025-12-25
8180651,232040,2025-10-20,Delivered,2025-10-21,2025-10-27,2025-10-27
8624742,791798,2025-09-29,Delivered,2025-09-30,2025-10-05,2025-10-05
9161918,201639,2024-02-18,Canceled,,,2024-02-23
5737848,419149,2025-06-02,Canceled,,,2025-06-07
6737745,621841,2026-02-14,Delivered,2026-02-15,2026-02-20,2026-02-20
8363322,434002,2025-10-29,Delivered,2025-10-30,2025-10-31,2025-10-31
7567937,610271,2025-03-05,Delivered,2025-03-08,2025-03-11,2025-03-11
8512426,904751,2026-01-12,Delivered,2026-01-14,2026-01-17,2026-01-15
6642075,937665,2025-07-01,Delivered,2025-07-02,2025-07-03,2025-07-03
7757338,189814,2024-03-14,Canceled,,,2024-03-20
5700192,633590,2024-12-22,Delivered,2024-12-24,2024-12-29,2024-12-29
7529008,666390,2025-09-12,Delivered,2025-09-14,2025-09-17,2025-09-17
7724798,282973,2024-08-11,Delivered,2024-08-13,2024-08-15,2024-08-16
6415698,220768,2024-07-16,Delivered,2024-07-17,2024-07-19,2024-07-19
6541415,449499,2026-03-06,Delivered,2026-03-09,2026-03-10,2026-03-10
9320450,761820,2025-05-09,Delivered,2025-05-10,2025-05-13,2025-05-14
6138103,999398,2025-09-17,Delivered,2025-09-19,2025-09-19,2025-09-19
6782942,210665,2025-04-12,Delivered,2025-04-13,2025-04-17,2025-04-17
6167742,626690,2024-07-27,Canceled,,,2024-07-31
7727418,175576,2025-02-15,Delivered,2025-02-16,2025-02-21,2025-02-21
6814760,757937,2024-09-13,Delivered,2024-09-15,2024-09-17,2024-09-17
7590346,523808,2025-10-14,Canceled,,,2025-10-17
9290895,934816,2026-01-27,Delivered,2026-01-30,2026-02-03,2026-02-03
7692698,913894,2025-12-31,Canceled,,,2026-01-04
6568390,369452,2025-08-13,Canceled,,,2025-08-17
9996143,272634,2025-06-27,Delivered,2025-06-30,2025-07-03,2025-07-03
8748484,402218,2024-02-14,Delivered,2024-02-17,2024-02-20,2024-02-20
9765787,687080,2026-01-27,Delivered,2026-01-29,2026-02-02,2026-02-02
6776086,428914,2026-02-17,Delivered,2026-02-19,2026-02-19,2026-02-19
7144623,201913,2026-04-28,Delivered,2026-04-30,2026-05-02,2026-05-02
8408541,162823,2025-01-16,Delivered,2025-01-17,2025-01-21,2025-01-21
7980356,614723,2025-07-29,Canceled,,,2025-08-04
8675266,265056,2025-08-22,Canceled,,,2025-08-25
8825840,680238,2024-09-16,Delivered,2024-09-18,2024-09-17,2024-09-18
7644795,906315,2026-01-22,Delivered,2026-01-25,2026-01-26,2026-01-26
9611897,250551,2025-11-13,Delivered,2025-11-16,2025-11-22,2025-11-20
7012452,287330,2024-06-17,Canceled,,,2024-06-23
6855612,989894,2026-03-29,Delivered,2026-04-01,2026-03-31,2026-03-31
7906869,622987,2026-03-13,Delivered,2026-03-15,2026-03-18,2026-03-18
6478778,442722,2024-06-28,Delivered,2024-06-29,2024-07-05,2024-07-05
6000635,179013,2026-04-15,Delivered,2026-04-17,2026-04-22,2026-04-22
9162412,108060,2025-08-22,Delivered,2025-08-25,2025-08-29,2025-08-29
5001034,380464,2024-12-26,Delivered,2024-12-27,2024-12-29,2024-12-29
8251107,220351,2025-11-27,Canceled,,,2025-12-02
7467928,535050,2024-02-03,Delivered,2024-02-06,2024-02-08,2024-02-07
5054658,663658,2024-08-03,Canceled,,,2024-08-05
8634088,716886,2025-07-02,Delivered,2025-07-05,2025-07-08,2025-07-09
7419476,114594,2025-09-01,Canceled,,,2025-09-04
5741003,969752,2024-11-11,Canceled,,,2024-11-16
6205163,676510,2025-02-21,Delivered,2025-02-24,2025-02-28,2025-02-28
6646506,703727,2024-07-24,Delivered,2024-07-25,2024-07-30,2024-07-30
5640024,591798,2025-03-25,Delivered,2025-03-28,2025-03-29,2025-03-29
7713418,274446,2024-04-20,Delivered,2024-04-21,2024-04-26,2024-04-26
7356274,936020,2025-01-04,Delivered,2025-01-07,2025-01-07,2025-01-08
5343169,565230,2024-05-19,Delivered,2024-05-21,2024-05-22,2024-05-22
6304965,413118,2025-04-11,Delivered,2025-04-13,2025-04-15,2025-04-15
7585124,920934,2025-11-22,Delivered,2025-11-23,2025-11-23,2025-11-24
7191856,879238,2025-10-24,Canceled,,,2025-10-28
8860596,210665,2024-07-13,Delivered,2024-07-14,2024-07-20,2024-07-20
9219776,731661,2024-03-18,Canceled,,,2024-03-20
6714397,967611,2024-05-28,Canceled,,,2024-05-31
5069982,964278,2025-05-26,Delivered,2025-05-29,2025-05-29,2025-05-28
8796229,362529,2025-08-09,Delivered,2025-08-12,2025-08-13,2025-08-13
7801946,760021,2025-03-20,Canceled,,,2025-03-23
5121924,563516,2025-03-17,Delivered,2025-03-19,2025-03-21,2025-03-21
5898011,347745,2024-10-02,Delivered,2024-10-03,2024-10-08,2024-10-08
8354432,336650,2024-04-12,Canceled,,,2024-04-16
6651094,549186,2025-05-21,Delivered,2025-05-24,2025-05-23,2025-05-24
6188994,301629,2025-07-23,Canceled,,,2025-07-25
9172903,517821,2025-11-29,Delivered,2025-12-02,2025-12-06,2025-12-06
5175612,787436,2025-08-24,Delivered,2025-08-27,2025-08-28,2025-08-28
6590246,596756,2026-02-27,Delivered,2026-03-02,2026-03-01,2026-03-01
7259410,755087,2025-04-28,Delivered,2025-05-01,2025-05-01,2025-05-01
9790928,497519,2024-05-17,Delivered,2024-05-20,2024-05-23,2024-05-23
5964915,950132,2024-07-26,Delivered,2024-07-27,2024-07-30,2024-07-30
7119735,739244,2024-12-15,Delivered,2024-12-17,2024-12-20,2024-12-20
5857351,447235,2026-01-04,Delivered,2026-01-06,2026-01-09,2026-01-09
5138545,155164,2025-02-20,Delivered,2025-02-23,2025-02-26,2025-02-26
7904568,551574,2024-10-07,Delivered,2024-10-10,2024-10-14,2024-10-14
6051674,717457,2025-09-18,Delivered,2025-09-20,2025-09-21,2025-09-21
8191187,614663,2026-02-02,Delivered,2026-02-04,2026-02-08,2026-02-08
8329153,392004,2025-06-28,Delivered,2025-07-01,2025-07-02,2025-07-02
6686166,974224,2024-01-02,Delivered,2024-01-03,2024-01-07,2024-01-08
8467951,853789,2025-10-10,Delivered,2025-10-13,2025-10-15,2025-10-15
7496375,683286,2025-10-04,Delivered,2025-10-06,2025-10-09,2025-10-09
6402002,926823,2025-07-10,Canceled,,,2025-07-13
8896165,297816,2024-09-25,Canceled,,,2024-09-28
6281669,774079,2024-11-23,Delivered,2024-11-25,2024-11-26,2024-11-26
5621932,436653,2026-05-06,Canceled,,,2026-05-12
6572842,452713,2024-08-20,Delivered,2024-08-22,2024-08-25,2024-08-25
8407659,421080,2025-11-11,Delivered,2025-11-12,2025-11-16,2025-11-16
7193622,445658,2024-09-29,Delivered,2024-09-30,2024-10-02,2024-10-02
7628080,688153,2025-09-07,Delivered,2025-09-10,2025-09-10,2025-09-10
7389923,600149,2025-06-08,Delivered,2025-06-11,2025-06-12,2025-06-12
6700363,208633,2025-09-17,Delivered,2025-09-20,2025-09-23,2025-09-23
8250751,216970,2025-10-04,Delivered,2025-10-07,2025-10-08,2025-10-07
9080622,320392,2025-08-19,Delivered,2025-08-21,2025-08-26,2025-08-26
8507938,826501,2024-09-05,Delivered,2024-09-06,2024-09-12,2024-09-12
9275423,405420,2026-03-17,Delivered,2026-03-18,2026-03-23,2026-03-23
9035433,409478,2025-02-13,Delivered,2025-02-15,2025-02-19,2025-02-19
8636458,557409,2025-07-20,Delivered,2025-07-21,2025-07-21,2025-07-22
9016174,466643,2024-09-14,Delivered,2024-09-16,2024-09-19,2024-09-20
7565049,704596,2025-10-20,Canceled,,,2025-10-25
8270463,989921,2024-08-08,Delivered,2024-08-11,2024-08-15,2024-08-15
9021015,783414,2024-04-19,Delivered,2024-04-21,2024-04-21,2024-04-21
6559611,344907,2025-02-04,Delivered,2025-02-07,2025-02-10,2025-02-10
8241364,589491,2024-07-10,Delivered,2024-07-12,2024-07-12,2024-07-12
9998422,634277,2024-01-14,Delivered,2024-01-17,2024-01-21,2024-01-20
9310252,246316,2025-04-23,Delivered,2025-04-25,2025-04-29,2025-04-29
8425386,926097,2024-05-16,Delivered,2024-05-17,2024-05-22,2024-05-22
6631441,787351,2024-09-27,Canceled,,,2024-10-04
5039983,802448,2025-05-18,Delivered,2025-05-20,2025-05-20,2025-05-20
5746555,387782,2026-02-13,Delivered,2026-02-15,2026-02-18,2026-02-18
6950054,580547,2025-11-21,Delivered,2025-11-23,2025-11-24,2025-11-25
6729090,974190,2024-04-21,Delivered,2024-04-22,2024-04-23,2024-04-23
6850513,376807,2024-07-28,Canceled,,,2024-08-04
6112258,656711,2024-11-09,Delivered,2024-11-11,2024-11-11,2024-11-11
9095203,194423,2025-03-18,Delivered,2025-03-19,2025-03-22,2025-03-22
9705526,956375,2026-02-22,Delivered,2026-02-25,2026-02-24,2026-02-24
9614978,573866,2026-03-07,Canceled,,,2026-03-12
6131102,704596,2026-01-15,Canceled,,,2026-01-21
5793849,794769,2024-08-03,Delivered,2024-08-06,2024-08-05,2024-08-05
8793383,102260,2025-09-17,Delivered,2025-09-19,2025-09-24,2025-09-24
5009788,133326,2025-09-15,Canceled,,,2025-09-22
6434583,488528,2024-07-14,Delivered,2024-07-16,2024-07-17,2024-07-17
8498333,929924,2025-02-23,Canceled,,,2025-02-27
9059668,213668,2024-04-08,Delivered,2024-04-09,2024-04-10,2024-04-10
6011882,585188,2024-10-03,Delivered,2024-10-05,2024-10-05,2024-10-05
9753593,656926,2026-01-28,Delivered,2026-01-31,2026-01-31,2026-01-31
8227998,150068,2024-08-21,Canceled,,,2024-08-24
5591489,975522,2025-08-21,Delivered,2025-08-23,2025-08-28,2025-08-28
7488147,340174,2024-01-15,Canceled,,,2024-01-17
7374949,755420,2025-11-06,Delivered,2025-11-09,2025-11-10,2025-11-11
5788719,112861,2024-11-20,Delivered,2024-11-23,2024-11-27,2024-11-27
9530421,883826,2025-03-18,Delivered,2025-03-20,2025-03-24,2025-03-24
7951401,724932,2024-12-06,Delivered,2024-12-09,2024-12-10,2024-12-10
6003519,263032,2024-10-13,Canceled,,,2024-10-15
7585328,688933,2024-01-04,Canceled,,,2024-01-11
8855909,739098,2025-09-09,Delivered,2025-09-12,2025-09-12,2025-09-12
7975327,572230,2025-09-14,Delivered,2025-09-15,2025-09-18,2025-09-18
8543932,105814,2024-06-18,Delivered,2024-06-19,2024-06-25,2024-06-25
6033335,284692,2025-01-15,Canceled,,,2025-01-17
8488053,916232,2024-06-19,Canceled,,,2024-06-26
5349103,734035,2025-07-26,Delivered,2025-07-27,2025-08-01,2025-08-02
6752059,760021,2025-08-28,Delivered,2025-08-29,2025-08-29,2025-08-30
9569468,129556,2025-04-11,Canceled,,,2025-04-14
7375333,882033,2024-06-11,Delivered,2024-06-12,2024-06-19,2024-06-18
9891908,379786,2024-06-27,Delivered,2024-06-29,2024-06-30,2024-06-30
7737037,413685,2025-10-23,Delivered,2025-10-26,2025-10-30,2025-10-30
6260254,814220,2024-10-22,Canceled,,,2024-10-24
8341414,367095,2025-03-30,Delivered,2025-04-01,2025-04-04,2025-04-05
5245359,949153,2024-11-17,Delivered,2024-11-19,2024-11-23,2024-11-23
8512571,715870,2025-10-03,Canceled,,,2025-10-10
9323782,314181,2025-06-07,Delivered,2025-06-09,2025-06-13,2025-06-13
6542869,435239,2025-12-11,Delivered,2025-12-13,2025-12-18,2025-12-17
6322804,853305,2025-06-14,Canceled,,,2025-06-19
9208802,677596,2025-04-10,Delivered,2025-04-13,2025-04-14,2025-04-15
8845501,846385,2025-06-12,Delivered,2025-06-14,2025-06-16,2025-06-14
9750545,507746,2025-05-30,Delivered,2025-06-02,2025-06-03,2025-06-03
7628867,317220,2024-09-12,Delivered,2024-09-14,2024-09-18,2024-09-18
8388763,765620,2024-01-16,Delivered,2024-01-18,2024-01-23,2024-01-23
5600887,398830,2025-03-21,Delivered,2025-03-23,2025-03-24,2025-03-24
7574036,259784,2025-08-28,Delivered,2025-08-31,2025-09-04,2025-09-04
5709920,972565,2025-07-13,Delivered,2025-07-15,2025-07-19,2025-07-19
5090373,195656,2024-04-04,Delivered,2024-04-05,2024-04-10,2024-04-10
9744678,310922,2024-06-24,Delivered,2024-06-25,2024-07-01,2024-07-01
8190713,282973,2025-12-15,Delivered,2025-12-17,2025-12-17,2025-12-17
8208946,269396,2025-06-01,Delivered,2025-06-02,2025-06-08,2025-06-08
5586657,643269,2026-01-08,Delivered,2026-01-10,2026-01-15,2026-01-15
8092124,517368,2025-11-09,Canceled,,,2025-11-13
6423738,414910,2024-02-16,Delivered,2024-02-19,2024-02-18,2024-02-18
6593750,468154,2025-10-12,Canceled,,,2025-10-17
6325602,855948,2025-10-28,Delivered,2025-10-29,2025-11-04,2025-11-04
7829875,589131,2024-12-13,Delivered,2024-12-15,2024-12-21,2024-12-19
8789936,584714,2025-12-23,Delivered,2025-12-25,2025-12-26,2025-12-26
9427741,975686,2026-02-24,Delivered,2026-02-25,2026-03-02,2026-02-28
5385649,633590,2024-01-24,Delivered,2024-01-27,2024-01-29,2024-01-29
9589921,388389,2025-02-27,Delivered,2025-03-02,2025-03-06,2025-03-06
9233569,303322,2024-05-13,Delivered,2024-05-16,2024-05-19,2024-05-19
7810082,883790,2024-01-05,Delivered,2024-01-08,2024-01-10,2024-01-08
5363104,220764,2025-05-03,Canceled,,,2025-05-09
8553079,425486,2025-10-03,Delivered,2025-10-05,2025-10-07,2025-10-07
9768539,705693,2025-12-10,Delivered,2025-12-11,2025-12-12,2025-12-13
5125263,902325,2024-09-16,Canceled,,,2024-09-21
6604156,786735,2025-09-24,Delivered,2025-09-27,2025-09-28,2025-09-27
5460085,479742,2025-12-02,Delivered,2025-12-03,2025-12-08,2025-12-08
6867079,203225,2025-04-25,Delivered,2025-04-26,2025-04-27,2025-04-27
7395812,659951,2025-08-29,Delivered,2025-08-30,2025-09-05,2025-09-05
9048665,201514,2024-08-23,Delivered,2024-08-24,2024-08-28,2024-08-29
5597198,938141,2026-03-22,Delivered,2026-03-23,2026-03-28,2026-03-28
5657260,905635,2025-12-30,Delivered,2026-01-02,2026-01-01,2026-01-01
6543582,260263,2025-03-23,Delivered,2025-03-25,2025-03-28,2025-03-29
5413274,321494,2024-10-22,Canceled,,,2024-10-29
6151915,486831,2026-01-14,Delivered,2026-01-16,2026-01-18,2026-01-18
8932178,219946,2026-03-04,Delivered,2026-03-07,2026-03-09,2026-03-09
6783180,550664,2025-03-15,Canceled,,,2025-03-22
5205659,540552,2026-05-14,Canceled,,,2026-05-18
6165798,432711,2024-10-17,Delivered,2024-10-18,2024-10-23,2024-10-22
6965921,787277,2024-04-28,Delivered,2024-05-01,2024-05-05,2024-05-05
9430555,399628,2024-01-28,Delivered,2024-01-31,2024-02-02,2024-02-02
8042029,972176,2026-03-09,Delivered,2026-03-11,2026-03-12,2026-03-12
9809024,810219,2025-10-28,Delivered,2025-10-30,2025-10-31,2025-10-31
7772911,431535,2025-03-10,Canceled,,,2025-03-13
5816760,182627,2025-10-08,Delivered,2025-10-11,2025-10-13,2025-10-13
6168495,410016,2026-01-25,Delivered,2026-01-28,2026-02-01,2026-02-01
9970585,964278,2025-06-24,Delivered,2025-06-27,2025-06-27,2025-06-28
6292325,695164,2025-02-05,Delivered,2025-02-08,2025-02-09,2025-02-09
5295218,167348,2024-04-10,Delivered,2024-04-13,2024-04-12,2024-04-13
8898163,356702,2024-01-03,Delivered,2024-01-04,2024-01-08,2024-01-08
6278844,282710,2025-04-24,Delivered,2025-04-27,2025-05-01,2025-05-01
6234531,313795,2026-04-28,Delivered,2026-04-30,2026-04-29,2026-04-30
6652569,855053,2025-05-18,Delivered,2025-05-20,2025-05-20,2025-05-21
5383440,362147,2026-05-04,Canceled,,,2026-05-09
6716751,685066,2024-04-28,Delivered,2024-05-01,2024-04-30,2024-04-30
7034430,238890,2025-03-14,Delivered,2025-03-16,2025-03-22,2025-03-21
8118002,705397,2024-05-25,Delivered,2024-05-27,2024-05-27,2024-05-27
9642667,378258,2026-03-14,Delivered,2026-03-16,2026-03-19,2026-03-19
6259104,681343,2025-02-04,Delivered,2025-02-05,2025-02-11,2025-02-11
6867203,219565,2026-02-11,Delivered,2026-02-12,2026-02-14,2026-02-14
6881639,790203,2026-02-06,Delivered,2026-02-09,2026-02-11,2026-02-11
9834729,865990,2025-05-20,Delivered,2025-05-23,2025-05-23,2025-05-23
9537757,805511,2024-02-10,Delivered,2024-02-12,2024-02-12,2024-02-13
8014649,303880,2024-07-13,Delivered,2024-07-14,2024-07-19,2024-07-19
5567229,452457,2025-07-07,Delivered,2025-07-10,2025-07-09,2025-07-09
5885534,974628,2025-02-16,Delivered,2025-02-17,2025-02-23,2025-02-22
6006359,102689,2025-06-15,Canceled,,,2025-06-22
7022450,368690,2024-05-12,Delivered,2024-05-15,2024-05-17,2024-05-17
9886896,943671,2025-09-16,Delivered,2025-09-17,2025-09-19,2025-09-19
9170180,739717,2025-03-31,Delivered,2025-04-03,2025-04-05,2025-04-06
8939250,810219,2024-08-14,Delivered,2024-08-16,2024-08-18,2024-08-18
7043852,520651,2024-11-15,Delivered,2024-11-18,2024-11-21,2024-11-21
9538864,392477,2025-05-26,Delivered,2025-05-29,2025-06-01,2025-05-31
8839733,603787,2024-05-15,Delivered,2024-05-16,2024-05-19,2024-05-19
6319813,118080,2025-12-08,Delivered,2025-12-10,2025-12-12,2025-12-13
8682635,849421,2025-08-16,Delivered,2025-08-17,2025-08-18,2025-08-18
9624595,451577,2024-07-04,Delivered,2024-07-05,2024-07-10,2024-07-10
8924017,723939,2024-04-26,Canceled,,,2024-04-28
8271739,252640,2025-10-29,Delivered,2025-11-01,2025-11-02,2025-11-02
8670949,607719,2026-02-15,Delivered,2026-02-16,2026-02-21,2026-02-21
9474885,282547,2024-03-08,Delivered,2024-03-11,2024-03-13,2024-03-13
6311745,576877,2025-07-12,Delivered,2025-07-15,2025-07-14,2025-07-14
7062456,631981,2024-06-07,Delivered,2024-06-09,2024-06-13,2024-06-11
8284147,400096,2025-09-01,Delivered,2025-09-02,2025-09-08,2025-09-08
5064500,530311,2025-10-27,Canceled,,,2025-11-03
9625140,238739,2024-05-22,Canceled,,,2024-05-28
7458277,153642,2025-09-06,Delivered,2025-09-09,2025-09-07,2025-09-08
6529607,859359,2024-05-04,Delivered,2024-05-07,2024-05-06,2024-05-07
6092503,779112,2024-12-07,Delivered,2024-12-10,2024-12-10,2024-12-10
9975757,586490,2025-06-27,Delivered,2025-06-29,2025-07-05,2025-07-03
8214439,350132,2024-07-02,Canceled,,,2024-07-07
8423406,747850,2025-10-16,Delivered,2025-10-19,2025-10-19,2025-10-19
7760141,561239,2025-02-21,Delivered,2025-02-22,2025-02-26,2025-02-27
5872849,177649,2026-05-05,Delivered,2026-05-06,2026-05-09,2026-05-09
7555086,137778,2025-04-21,Delivered,2025-04-24,2025-04-25,2025-04-23
7145236,137778,2025-07-27,Delivered,2025-07-28,2025-08-02,2025-08-02
7182869,943298,2024-05-20,Delivered,2024-05-22,2024-05-25,2024-05-25
9269584,520884,2025-07-01,Delivered,2025-07-02,2025-07-02,2025-07-03
8160850,371782,2024-12-03,Canceled,,,2024-12-08
7842125,145649,2026-01-11,Delivered,2026-01-14,2026-01-16,2026-01-14
8854642,688508,2024-02-03,Canceled,,,2024-02-08
7271240,624783,2024-12-05,Delivered,2024-12-08,2024-12-08,2024-12-09
6660556,153642,2026-01-27,Canceled,,,2026-01-29
5198292,132938,2024-12-17,Delivered,2024-12-19,2024-12-20,2024-12-20
8380049,253557,2024-09-06,Delivered,2024-09-09,2024-09-11,2024-09-11
6302119,621691,2026-02-14,Canceled,,,2026-02-19
5194807,758452,2024-03-24,Delivered,2024-03-25,2024-03-26,2024-03-27
8205489,346174,2024-11-17,Delivered,2024-11-20,2024-11-22,2024-11-22
9427812,314181,2024-10-28,Delivered,2024-10-31,2024-11-03,2024-11-03
5541788,410636,2024-03-26,Delivered,2024-03-29,2024-03-28,2024-03-28
7595642,883618,2025-06-08,Delivered,2025-06-09,2025-06-13,2025-06-13
9673207,486490,2024-03-04,Canceled,,,2024-03-10
7506195,415779,2025-11-30,Delivered,2025-12-03,2025-12-04,2025-12-04
9748174,417534,2025-11-09,Canceled,,,2025-11-13
6034829,455556,2025-03-14,Canceled,,,2025-03-17
9929207,385470,2025-07-15,Delivered,2025-07-16,2025-07-20,2025-07-20
9242443,971482,2025-11-12,Delivered,2025-11-13,2025-11-20,2025-11-19
8682958,362778,2024-04-30,Delivered,2024-05-01,2024-05-04,2024-05-04
6184676,902784,2024-09-04,Delivered,2024-09-06,2024-09-08,2024-09-08
5422438,793384,2024-07-10,Delivered,2024-07-13,2024-07-14,2024-07-14
6452709,269396,2026-02-14,Canceled,,,2026-02-17
9950689,901280,2026-04-25,Canceled,,,2026-04-27
9311181,698384,2026-03-24,Delivered,2026-03-27,2026-03-26,2026-03-26
5663834,262998,2024-10-19,Delivered,2024-10-22,2024-10-26,2024-10-26
5528073,549956,2024-03-27,Delivered,2024-03-28,2024-04-02,2024-04-02
6748909,774225,2024-05-14,Delivered,2024-05-17,2024-05-21,2024-05-21
5084699,649697,2024-12-03,Delivered,2024-12-04,2024-12-06,2024-12-06
5039489,640418,2025-08-31,Canceled,,,2025-09-02
9342948,163556,2024-04-17,Delivered,2024-04-18,2024-04-21,2024-04-21
7279056,276299,2025-07-16,Delivered,2025-07-18,2025-07-18,2025-07-19
6993269,149405,2025-11-12,Delivered,2025-11-13,2025-11-15,2025-11-15
6832499,718439,2025-12-08,Delivered,2025-12-11,2025-12-14,2025-12-14
9907436,510997,2025-03-01,Canceled,,,2025-03-05
6003615,759176,2026-01-02,Delivered,2026-01-03,2026-01-09,2026-01-09
7429143,639995,2024-08-01,Delivered,2024-08-03,2024-08-04,2024-08-04
5706062,779094,2025-12-23,Delivered,2025-12-26,2025-12-25,2025-12-26
9858702,656251,2025-12-08,Delivered,2025-12-10,2025-12-12,2025-12-13
9611318,625721,2025-12-29,Delivered,2026-01-01,2026-01-03,2026-01-03
5974675,184349,2025-11-03,Delivered,2025-11-06,2025-11-10,2025-11-10
5633023,532322,2024-05-08,Canceled,,,2024-05-12
8674327,690180,2025-05-03,Delivered,2025-05-05,2025-05-05,2025-05-05
9956672,106182,2024-03-21,Canceled,,,2024-03-24
8441098,950155,2026-04-22,Delivered,2026-04-23,2026-04-29,2026-04-29
7090303,733052,2025-04-11,Canceled,,,2025-04-17
6635939,358607,2024-11-10,Delivered,2024-11-13,2024-11-15,2024-11-15
5177370,634150,2025-08-17,Canceled,,,2025-08-23
7832057,956375,2025-06-15,Delivered,2025-06-17,2025-06-18,2025-06-18
5010905,769987,2024-02-05,Delivered,2024-02-07,2024-02-10,2024-02-10
8813224,864544,2025-11-20,Delivered,2025-11-22,2025-11-22,2025-11-22
7345157,881886,2024-07-09,Delivered,2024-07-11,2024-07-11,2024-07-11
9793750,590094,2026-02-08,Delivered,2026-02-09,2026-02-15,2026-02-14
7850169,831076,2026-01-09,Canceled,,,2026-01-12
5442896,793169,2026-05-15,In transit,2026-05-18,,2026-05-17
7367996,803024,2025-11-02,Delivered,2025-11-03,2025-11-09,2025-11-09
7372903,498658,2025-02-13,Delivered,2025-02-15,2025-02-15,2025-02-15
7005272,671858,2025-06-11,Delivered,2025-06-12,2025-06-13,2025-06-14
6432845,614663,2025-02-17,Canceled,,,2025-02-20
8699524,563513,2025-10-09,Canceled,,,2025-10-12
5812169,284171,2025-03-21,Canceled,,,2025-03-27
9954284,528361,2024-05-05,Canceled,,,2024-05-11
6393278,356150,2025-04-05,Delivered,2025-04-08,2025-04-07,2025-04-07
9784702,322409,2025-04-13,Delivered,2025-04-15,2025-04-17,2025-04-17
9684611,396451,2025-06-27,Delivered,2025-06-30,2025-06-30,2025-06-30
5050106,610311,2024-04-05,Canceled,,,2024-04-09
6191882,536822,2024-01-01,Delivered,2024-01-03,2024-01-07,2024-01-07
9362775,550664,2024-09-06,Delivered,2024-09-07,2024-09-11,2024-09-11
7356944,557007,2024-09-10,Delivered,2024-09-12,2024-09-13,2024-09-13
7212092,530311,2025-12-12,Delivered,2025-12-15,2025-12-13,2025-12-14
5935123,413058,2024-03-14,Delivered,2024-03-17,2024-03-16,2024-03-16
8433951,571145,2024-05-07,Delivered,2024-05-09,2024-05-11,2024-05-11
5725359,579318,2024-07-05,Delivered,2024-07-06,2024-07-07,2024-07-08
8168922,945362,2025-11-30,Delivered,2025-12-03,2025-12-04,2025-12-04
9965239,632323,2025-03-02,Canceled,,,2025-03-08
6787640,737086,2024-12-29,Delivered,2024-12-30,2025-01-04,2025-01-04
8426509,476096,2025-12-14,Canceled,,,2025-12-18
6500486,821590,2024-09-23,Delivered,2024-09-24,2024-09-27,2024-09-27
7290154,417534,2026-05-07,Delivered,2026-05-10,2026-05-13,2026-05-13
5488360,849747,2024-11-17,Delivered,2024-11-20,2024-11-21,2024-11-21
9358933,678805,2024-08-29,Delivered,2024-08-31,2024-09-05,2024-09-04
9414356,201414,2024-08-15,Delivered,2024-08-16,2024-08-21,2024-08-21
7771970,679077,2026-04-02,Delivered,2026-04-05,2026-04-06,2026-04-07
5961833,822063,2024-01-27,Delivered,2024-01-30,2024-01-29,2024-01-29
8589011,761532,2025-08-21,Delivered,2025-08-22,2025-08-24,2025-08-25
6951557,857537,2025-12-13,Canceled,,,2025-12-18
6113292,692002,2024-03-30,Delivered,2024-04-01,2024-04-02,2024-04-02
7017682,182582,2026-04-16,Delivered,2026-04-19,2026-04-20,2026-04-21
9244100,313446,2024-08-06,Delivered,2024-08-09,2024-08-07,2024-08-08
5870456,261859,2024-09-28,Delivered,2024-10-01,2024-10-02,2024-10-02
6642589,233827,2024-11-28,Delivered,2024-11-30,2024-12-02,2024-12-02
9110540,356150,2024-04-23,Delivered,2024-04-26,2024-04-28,2024-04-29
5117000,470774,2025-12-01,Canceled,,,2025-12-07
7685488,888295,2024-07-21,Delivered,2024-07-24,2024-07-27,2024-07-27
9049838,152995,2025-08-28,Delivered,2025-08-30,2025-09-01,2025-09-01
7468352,595948,2025-10-13,Delivered,2025-10-15,2025-10-17,2025-10-17
5641375,172933,2024-08-16,Canceled,,,2024-08-19
5315906,806707,2024-11-23,Canceled,,,2024-11-28
7037584,538997,2024-07-20,Delivered,2024-07-21,2024-07-25,2024-07-25
8991562,170499,2025-07-18,Delivered,2025-07-20,2025-07-21,2025-07-22
8447074,740725,2024-03-10,Delivered,2024-03-12,2024-03-16,2024-03-16
6331573,610271,2025-01-31,Delivered,2025-02-03,2025-02-07,2025-02-07
6469789,758775,2024-06-13,Delivered,2024-06-14,2024-06-19,2024-06-19
8476204,416282,2025-04-25,Canceled,,,2025-04-28
7806848,283594,2025-01-20,Delivered,2025-01-22,2025-01-23,2025-01-24
7246064,671412,2026-02-23,Canceled,,,2026-02-28
6024872,590785,2024-06-08,Delivered,2024-06-09,2024-06-13,2024-06-14
7737223,881369,2025-05-28,Delivered,2025-05-31,2025-05-31,2025-06-01
6079010,923927,2025-09-12,Delivered,2025-09-13,2025-09-18,2025-09-18
8020943,745558,2024-11-03,Delivered,2024-11-06,2024-11-07,2024-11-07
9480037,550664,2026-02-25,Canceled,,,2026-02-28
6764416,197793,2024-10-14,Delivered,2024-10-15,2024-10-16,2024-10-16
9415651,777406,2025-09-15,Delivered,2025-09-17,2025-09-22,2025-09-22
7935364,739427,2025-09-04,Canceled,,,2025-09-11
5701875,431535,2025-10-21,Delivered,2025-10-22,2025-10-24,2025-10-24
8620846,205389,2024-02-08,Canceled,,,2024-02-15
6965186,900177,2025-11-10,Canceled,,,2025-11-12
7640909,177333,2025-06-17,Delivered,2025-06-18,2025-06-21,2025-06-21
9136158,514463,2024-11-18,Delivered,2024-11-20,2024-11-21,2024-11-21
9337100,670913,2025-08-24,Delivered,2025-08-25,2025-08-28,2025-08-28
5614643,712554,2024-05-26,Delivered,2024-05-27,2024-06-01,2024-05-30
5995060,152578,2024-12-05,Delivered,2024-12-06,2024-12-08,2024-12-08
8450801,954628,2025-02-20,Canceled,,,2025-02-22
7372898,862560,2025-09-19,Canceled,,,2025-09-22
7332360,971728,2025-06-02,Delivered,2025-06-05,2025-06-08,2025-06-09
8638368,592841,2024-04-07,Delivered,2024-04-09,2024-04-10,2024-04-10
8443876,800280,2024-04-04,Delivered,2024-04-05,2024-04-06,2024-04-06
9197927,549245,2025-07-27,Delivered,2025-07-30,2025-07-31,2025-07-29
7304343,498591,2025-11-20,Delivered,2025-11-21,2025-11-25,2025-11-24
9016989,793024,2024-05-25,Delivered,2024-05-28,2024-05-30,2024-05-30
5892460,235300,2024-12-14,Canceled,,,2024-12-17
6594384,258290,2025-11-06,Delivered,2025-11-09,2025-11-09,2025-11-09
6431165,725780,2024-09-16,Delivered,2024-09-17,2024-09-19,2024-09-19
5492415,544151,2025-04-05,Canceled,,,2025-04-08
5842759,324130,2024-03-02,Canceled,,,2024-03-06
5493645,708158,2024-11-02,Canceled,,,2024-11-05
6491132,981334,2025-11-02,Delivered,2025-11-04,2025-11-06,2025-11-07
5847255,309159,2025-11-02,Delivered,2025-11-04,2025-11-04,2025-11-05
7838990,814220,2025-04-28,Delivered,2025-04-30,2025-05-01,2025-05-01
9373946,466346,2024-08-25,Canceled,,,2024-08-29
7860018,364659,2024-05-02,Delivered,2024-05-04,2024-05-09,2024-05-09
6013145,617781,2025-10-16,Canceled,,,2025-10-18
5825807,576086,2026-03-01,Delivered,2026-03-04,2026-03-07,2026-03-07
9621398,255539,2025-09-13,Delivered,2025-09-15,2025-09-19,2025-09-19
8083975,234628,2025-05-24,Canceled,,,2025-05-27
9409484,343467,2026-03-13,Canceled,,,2026-03-15
5681294,519453,2025-09-14,Canceled,,,2025-09-20
6012850,850981,2025-05-10,Delivered,2025-05-11,2025-05-17,2025-05-17
5446105,143195,2025-06-25,Canceled,,,2025-07-02
5786434,204053,2025-05-23,Delivered,2025-05-26,2025-05-26,2025-05-27
7392739,907451,2025-06-12,Delivered,2025-06-14,2025-06-18,2025-06-19
8221071,736129,2025-08-29,Canceled,,,2025-09-05
5382872,252640,2024-09-22,Delivered,2024-09-25,2024-09-29,2024-09-28
6104305,946432,2024-04-05,Canceled,,,2024-04-12
6604912,855855,2024-04-29,Canceled,,,2024-05-01
8109632,178463,2026-03-01,Delivered,2026-03-03,2026-03-03,2026-03-04
7097006,976325,2025-03-24,Canceled,,,2025-03-31
7834071,880879,2024-09-08,Delivered,2024-09-10,2024-09-14,2024-09-14
9966453,678443,2024-04-24,Delivered,2024-04-26,2024-04-28,2024-04-29
8332046,664742,2024-10-28,Delivered,2024-10-30,2024-10-31,2024-10-31
9272921,391668,2025-08-26,Delivered,2025-08-28,2025-08-29,2025-08-29
6367414,536390,2025-11-09,Delivered,2025-11-11,2025-11-16,2025-11-16
9280277,449499,2024-11-17,Canceled,,,2024-11-21
9967595,189318,2025-02-23,Canceled,,,2025-02-28
5123698,434827,2025-01-23,Delivered,2025-01-25,2025-01-27,2025-01-27
5816840,216242,2025-09-10,Canceled,,,2025-09-15
7270654,393308,2025-02-05,Delivered,2025-02-08,2025-02-08,2025-02-09
5403473,744883,2025-05-21,Delivered,2025-05-24,2025-05-23,2025-05-23
9511819,974224,2024-03-05,Delivered,2024-03-07,2024-03-09,2024-03-09
5953681,707616,2024-01-27,Delivered,2024-01-28,2024-02-03,2024-02-03
6179283,864491,2025-08-25,Delivered,2025-08-28,2025-09-01,2025-09-01
7032829,720556,2025-02-09,Canceled,,,2025-02-13
7823577,565776,2026-04-12,Delivered,2026-04-13,2026-04-17,2026-04-15
8597026,466566,2025-09-25,Delivered,2025-09-28,2025-10-01,2025-09-29
6910974,662761,2025-06-18,Delivered,2025-06-19,2025-06-24,2025-06-24
5684346,438334,2025-03-17,Delivered,2025-03-19,2025-03-23,2025-03-23
8347970,631756,2024-08-01,Delivered,2024-08-02,2024-08-08,2024-08-08
9153860,368690,2024-12-08,Delivered,2024-12-11,2024-12-12,2024-12-12
8209035,776856,2024-07-07,Delivered,2024-07-09,2024-07-12,2024-07-12
8315279,361941,2025-11-23,Canceled,,,2025-11-28
5411584,961574,2024-02-29,Delivered,2024-03-03,2024-03-03,2024-03-04
6198393,903013,2025-07-12,Delivered,2025-07-15,2025-07-19,2025-07-19
8799950,363615,2026-04-21,Canceled,,,2026-04-26
5797592,691119,2025-08-29,Delivered,2025-08-30,2025-08-31,2025-08-31
8330638,361736,2025-09-09,Delivered,2025-09-12,2025-09-16,2025-09-16
9705844,795205,2024-01-10,Canceled,,,2024-01-16
9890625,258787,2025-01-08,Delivered,2025-01-09,2025-01-15,2025-01-15
6510560,635280,2024-03-05,Canceled,,,2024-03-12
8885298,346629,2024-10-15,Delivered,2024-10-17,2024-10-21,2024-10-19
9434859,213349,2025-01-09,Delivered,2025-01-12,2025-01-13,2025-01-13
9653586,392004,2026-01-25,Delivered,2026-01-26,2026-02-01,2026-01-30
9664020,207175,2026-01-12,Delivered,2026-01-13,2026-01-14,2026-01-14
7303950,576805,2024-11-17,Delivered,2024-11-18,2024-11-20,2024-11-20
8930347,792094,2025-02-25,Delivered,2025-02-27,2025-02-28,2025-02-28
9299867,443341,2026-02-12,Canceled,,,2026-02-16
8857730,321231,2024-09-04,Delivered,2024-09-06,2024-09-06,2024-09-07
5751933,149405,2025-09-20,Delivered,2025-09-21,2025-09-23,2025-09-23
9574156,620306,2026-03-23,Delivered,2026-03-24,2026-03-30,2026-03-30
5643512,299659,2025-06-30,Delivered,2025-07-03,2025-07-06,2025-07-06
6667301,367271,2026-04-08,Delivered,2026-04-11,2026-04-11,2026-04-11
9460936,539486,2024-05-01,Delivered,2024-05-03,2024-05-04,2024-05-05
6925585,436653,2025-12-23,Delivered,2025-12-25,2025-12-30,2025-12-30
7576742,352572,2025-05-04,Delivered,2025-05-06,2025-05-10,2025-05-10
9182956,885408,2025-09-06,Delivered,2025-09-09,2025-09-13,2025-09-13
8721404,254721,2024-09-09,Delivered,2024-09-12,2024-09-11,2024-09-11
5383374,260422,2025-06-04,Delivered,2025-06-07,2025-06-11,2025-06-11
7919951,157443,2024-09-14,Delivered,2024-09-16,2024-09-21,2024-09-21
5744234,455168,2024-02-23,Delivered,2024-02-24,2024-02-29,2024-02-29
5105894,277934,2024-03-04,Canceled,,,2024-03-08
7143412,976566,2025-12-20,Delivered,2025-12-21,2025-12-22,2025-12-22
8978892,843215,2024-05-14,Delivered,2024-05-17,2024-05-20,2024-05-20
6951141,396578,2024-02-29,Canceled,,,2024-03-05
5014047,244247,2025-02-19,Canceled,,,2025-02-22
9653590,383060,2025-12-20,Delivered,2025-12-23,2025-12-24,2025-12-24
5256969,708093,2024-01-14,Canceled,,,2024-01-20
6549861,890785,2024-06-30,Delivered,2024-07-01,2024-07-05,2024-07-03
9338221,888939,2026-04-20,Delivered,2026-04-21,2026-04-25,2026-04-25
6380844,107540,2026-01-23,Canceled,,,2026-01-30
5791594,513741,2024-07-23,Delivered,2024-07-25,2024-07-25,2024-07-26
6808341,739098,2025-07-19,Delivered,2025-07-22,2025-07-24,2025-07-24
5954091,584714,2026-01-05,Canceled,,,2026-01-11
5659574,588461,2024-06-02,Delivered,2024-06-03,2024-06-04,2024-06-04
7500354,587282,2026-01-26,Delivered,2026-01-29,2026-01-30,2026-01-30
9288044,544611,2025-03-20,Canceled,,,2025-03-22
6448705,483545,2024-04-20,Canceled,,,2024-04-24
7609239,313795,2025-09-30,Delivered,2025-10-02,2025-10-03,2025-10-03
5774747,508930,2025-02-17,Canceled,,,2025-02-23
7524070,505116,2025-06-19,Canceled,,,2025-06-26
6963470,677057,2025-02-24,Delivered,2025-02-26,2025-02-28,2025-02-28
5175400,644103,2025-12-20,Delivered,2025-12-23,2025-12-24,2025-12-24
7298728,746447,2025-05-15,Delivered,2025-05-17,2025-05-20,2025-05-20
7479370,684004,2024-01-22,Canceled,,,2024-01-28
7593203,359778,2024-08-17,Canceled,,,2024-08-22
8202688,656329,2024-06-22,Delivered,2024-06-23,2024-06-26,2024-06-26
9757056,259784,2024-11-10,Delivered,2024-11-12,2024-11-16,2024-11-16
8896025,483366,2026-01-05,Delivered,2026-01-07,2026-01-12,2026-01-12
9467140,265409,2026-03-05,Delivered,2026-03-06,2026-03-08,2026-03-09
9938381,883618,2025-05-20,Delivered,2025-05-23,2025-05-23,2025-05-23
7488665,331230,2026-03-06,Delivered,2026-03-09,2026-03-10,2026-03-10
6230474,715870,2026-04-04,Delivered,2026-04-05,2026-04-08,2026-04-06
7748496,238205,2025-05-03,Delivered,2025-05-06,2025-05-06,2025-05-06
9719615,246316,2025-07-14,Delivered,2025-07-17,2025-07-19,2025-07-19
8461967,124813,2024-04-17,Delivered,2024-04-19,2024-04-22,2024-04-22
6854427,253143,2025-05-15,Canceled,,,2025-05-20
7519284,690341,2024-03-22,Delivered,2024-03-23,2024-03-28,2024-03-28
9862385,903531,2025-02-10,Delivered,2025-02-12,2025-02-16,2025-02-16
5131700,778324,2025-04-29,Canceled,,,2025-05-06
5178595,650121,2026-02-13,Delivered,2026-02-16,2026-02-19,2026-02-19
5767030,462831,2026-05-14,Processing,,,2026-05-20
9955525,294143,2024-09-30,Canceled,,,2024-10-04
8788231,533914,2025-05-17,Canceled,,,2025-05-24
8521485,677599,2024-02-05,Delivered,2024-02-07,2024-02-09,2024-02-09
9412023,112861,2024-04-07,Delivered,2024-04-10,2024-04-11,2024-04-11
6896481,245121,2025-08-02,Delivered,2025-08-04,2025-08-05,2025-08-05
7069832,677599,2025-09-07,Canceled,,,2025-09-13
7321617,269396,2024-03-30,Canceled,,,2024-04-04
8017397,958729,2024-11-05,Delivered,2024-11-07,2024-11-06,2024-11-07
5060667,564656,2024-09-30,Delivered,2024-10-02,2024-10-06,2024-10-06
5513226,722656,2024-02-12,Delivered,2024-02-15,2024-02-19,2024-02-19
7166944,841666,2024-01-25,Delivered,2024-01-28,2024-01-31,2024-01-31
5872352,227767,2025-12-07,Delivered,2025-12-09,2025-12-10,2025-12-10
8053709,735770,2025-10-23,Delivered,2025-10-25,2025-10-28,2025-10-28
5749013,249811,2025-11-05,Canceled,,,2025-11-12
5726867,805000,2024-03-29,Delivered,2024-04-01,2024-04-03,2024-04-03
6661849,542374,2024-03-04,Delivered,2024-03-07,2024-03-05,2024-03-06
5367282,783691,2025-06-07,Canceled,,,2025-06-13
6799162,770487,2026-04-01,Delivered,2026-04-04,2026-04-08,2026-04-08
5220858,265080,2026-02-03,Delivered,2026-02-06,2026-02-04,2026-02-05
8718618,322955,2025-05-21,Delivered,2025-05-24,2025-05-24,2025-05-24
8262636,432711,2025-06-08,Delivered,2025-06-09,2025-06-11,2025-06-11
8273164,468154,2024-07-18,Delivered,2024-07-21,2024-07-21,2024-07-21
5591691,428914,2024-03-13,Canceled,,,2024-03-15
8998919,555673,2025-11-16,Delivered,2025-11-19,2025-11-18,2025-11-18
5034853,916449,2026-01-18,Delivered,2026-01-19,2026-01-21,2026-01-22
8247171,372793,2026-04-22,Delivered,2026-04-24,2026-04-25,2026-04-24
5891446,246570,2024-09-30,Delivered,2024-10-02,2024-10-08,2024-10-06
8252672,254864,2025-03-25,Canceled,,,2025-03-27
8371693,880758,2025-01-11,Delivered,2025-01-14,2025-01-13,2025-01-14
9667074,930884,2026-03-04,Canceled,,,2026-03-09
7245068,878480,2025-04-20,Delivered,2025-04-21,2025-04-21,2025-04-22
8470893,665579,2025-06-12,Canceled,,,2025-06-19
7607242,391668,2024-04-18,Delivered,2024-04-19,2024-04-25,2024-04-25
9516996,217301,2025-04-24,Canceled,,,2025-04-27
6136533,955015,2024-05-18,Delivered,2024-05-19,2024-05-20,2024-05-20
5259684,597643,2026-02-21,Canceled,,,2026-02-28
9380589,577110,2024-03-21,Delivered,2024-03-23,2024-03-28,2024-03-28
9099919,265840,2025-01-01,Delivered,2025-01-03,2025-01-06,2025-01-06
6060977,776502,2024-12-22,Delivered,2024-12-23,2024-12-25,2024-12-25
9453771,886325,2025-02-05,Canceled,,,2025-02-10
7596457,601916,2026-02-28,Delivered,2026-03-02,2026-03-06,2026-03-06
9389435,559023,2024-11-26,Delivered,2024-11-29,2024-11-30,2024-11-30
5594395,749813,2024-12-29,Canceled,,,2025-01-04
9294033,687080,2025-11-18,Delivered,2025-11-21,2025-11-22,2025-11-22
5885795,347861,2024-06-10,Canceled,,,2024-06-17
9484159,493049,2026-05-04,Canceled,,,2026-05-06
8265131,377896,2025-07-29,Delivered,2025-07-30,2025-08-05,2025-08-05
9815844,233636,2025-06-29,Canceled,,,2025-07-04
8298366,819796,2024-02-11,Delivered,2024-02-12,2024-02-12,2024-02-13
6171778,805511,2024-10-06,Delivered,2024-10-09,2024-10-09,2024-10-10
6898545,349068,2025-10-02,Delivered,2025-10-03,2025-10-05,2025-10-05
7355398,350867,2025-02-17,Canceled,,,2025-02-24
7134157,430776,2025-03-10,Delivered,2025-03-13,2025-03-12,2025-03-12
7148263,146542,2025-03-02,Delivered,2025-03-05,2025-03-04,2025-03-04
5467686,664315,2024-08-04,Delivered,2024-08-05,2024-08-07,2024-08-07
7739452,937302,2025-01-02,Delivered,2025-01-04,2025-01-10,2025-01-08
8102805,718439,2024-04-27,Delivered,2024-04-29,2024-05-02,2024-05-02
8690427,448588,2024-05-04,Delivered,2024-05-06,2024-05-07,2024-05-07
6192729,335612,2026-03-04,Delivered,2026-03-06,2026-03-11,2026-03-11
7592823,799539,2024-02-21,Canceled,,,2024-02-27
9181419,785743,2024-03-19,Delivered,2024-03-20,2024-03-24,2024-03-24
8868881,503906,2024-05-02,Delivered,2024-05-04,2024-05-08,2024-05-06
6435539,811027,2025-09-30,Canceled,,,2025-10-02
5695766,986982,2025-11-16,Delivered,2025-11-17,2025-11-21,2025-11-21
6865954,633853,2025-07-28,Canceled,,,2025-08-04
9787433,601916,2024-06-06,Delivered,2024-06-07,2024-06-13,2024-06-13
8438696,950132,2026-03-15,Delivered,2026-03-18,2026-03-18,2026-03-18
6644418,287241,2024-09-04,Delivered,2024-09-07,2024-09-08,2024-09-08
8386842,388016,2024-12-17,Delivered,2024-12-18,2024-12-24,2024-12-24
6281086,647957,2025-08-12,Delivered,2025-08-15,2025-08-14,2025-08-14
5214762,306854,2026-03-20,Delivered,2026-03-21,2026-03-27,2026-03-27
9889771,712554,2024-03-14,Delivered,2024-03-16,2024-03-17,2024-03-17
5623950,388375,2025-08-08,Canceled,,,2025-08-15
8423944,697983,2025-10-19,Delivered,2025-10-20,2025-10-23,2025-10-23
5063828,772612,2026-03-26,Delivered,2026-03-29,2026-03-31,2026-03-31
7285941,725726,2024-07-06,Delivered,2024-07-07,2024-07-12,2024-07-13
9900737,449218,2024-11-20,Delivered,2024-11-23,2024-11-25,2024-11-26
7470828,897549,2024-02-24,Delivered,2024-02-27,2024-02-25,2024-02-26
5918668,277934,2024-03-05,Delivered,2024-03-07,2024-03-08,2024-03-08
9001936,331251,2024-07-26,Delivered,2024-07-28,2024-07-28,2024-07-28
6321796,267758,2024-09-27,Delivered,2024-09-30,2024-10-01,2024-10-02
6625033,391369,2026-02-22,Canceled,,,2026-02-25
5572708,751194,2024-06-25,Canceled,,,2024-06-29
5239725,867460,2025-08-03,Delivered,2025-08-05,2025-08-07,2025-08-07
5524588,639728,2025-04-30,Delivered,2025-05-02,2025-05-04,2025-05-04
8681599,713762,2024-11-29,Delivered,2024-12-02,2024-12-04,2024-12-05
5468867,153045,2025-04-03,Canceled,,,2025-04-06
8274649,992697,2024-06-11,Delivered,2024-06-12,2024-06-17,2024-06-17
8552392,599219,2025-03-12,Delivered,2025-03-13,2025-03-15,2025-03-15
9421039,860557,2025-10-07,Delivered,2025-10-10,2025-10-10,2025-10-10
8153274,938722,2024-11-14,Delivered,2024-11-16,2024-11-21,2024-11-21
7036616,242254,2024-12-24,Delivered,2024-12-26,2024-12-31,2024-12-31
8673159,387936,2025-09-03,Canceled,,,2025-09-08
6125538,728492,2025-04-22,Delivered,2025-04-24,2025-04-25,2025-04-25
5837771,974224,2024-05-02,Delivered,2024-05-03,2024-05-04,2024-05-05
9576363,462479,2024-08-21,Delivered,2024-08-24,2024-08-27,2024-08-27
8045215,230192,2025-03-27,Delivered,2025-03-29,2025-03-30,2025-03-30
9653753,205907,2025-05-11,Delivered,2025-05-12,2025-05-16,2025-05-16
9831522,890870,2025-10-04,Delivered,2025-10-06,2025-10-11,2025-10-11
6807423,542374,2025-11-10,Canceled,,,2025-11-12
7900988,636265,2024-07-08,Delivered,2024-07-09,2024-07-12,2024-07-12
9308366,557925,2026-04-13,Delivered,2026-04-15,2026-04-17,2026-04-17
7098752,592198,2024-03-23,Delivered,2024-03-24,2024-03-29,2024-03-30
5427827,989208,2024-05-23,Delivered,2024-05-25,2024-05-29,2024-05-27
7556222,468154,2025-04-02,Delivered,2025-04-04,2025-04-04,2025-04-04
9038470,152995,2024-10-02,Delivered,2024-10-05,2024-10-08,2024-10-09
5330465,418897,2024-10-16,Delivered,2024-10-18,2024-10-18,2024-10-18
8071790,938722,2024-02-27,Canceled,,,2024-03-03
8830212,429657,2026-03-21,Delivered,2026-03-23,2026-03-26,2026-03-26
5741161,546173,2025-03-11,Delivered,2025-03-13,2025-03-18,2025-03-18
6333236,366314,2025-08-08,Canceled,,,2025-08-14
8494067,624563,2026-01-23,Canceled,,,2026-01-29
7664472,535673,2025-09-23,Delivered,2025-09-24,2025-09-29,2025-09-29
8257085,460455,2024-09-04,Delivered,2024-09-06,2024-09-10,2024-09-10
7906320,889359,2024-11-25,Delivered,2024-11-26,2024-12-02,2024-12-02
8222052,776856,2026-03-22,Delivered,2026-03-23,2026-03-24,2026-03-24
7334231,522842,2024-09-29,Delivered,2024-10-02,2024-10-01,2024-10-01
5845887,666390,2026-04-19,Canceled,,,2026-04-26
8593571,795847,2024-01-08,Delivered,2024-01-11,2024-01-10,2024-01-10
7646834,716113,2024-05-26,Delivered,2024-05-29,2024-05-29,2024-05-29
8313847,575679,2024-02-18,Canceled,,,2024-02-23
8269511,520884,2025-12-31,Canceled,,,2026-01-02
8519803,230192,2026-03-08,Canceled,,,2026-03-12
8838211,101640,2024-02-15,Canceled,,,2024-02-19
5797986,335612,2025-01-27,Delivered,2025-01-28,2025-02-01,2025-02-01
7811618,140115,2025-07-21,Canceled,,,2025-07-26
8845218,824042,2024-07-25,Delivered,2024-07-27,2024-07-27,2024-07-27
5940580,353080,2024-07-19,Delivered,2024-07-21,2024-07-22,2024-07-22
5697448,767542,2025-01-11,Canceled,,,2025-01-17
5997208,931621,2024-02-18,Canceled,,,2024-02-23
6177326,908475,2025-01-31,Canceled,,,2025-02-05
5326996,191161,2025-11-11,Delivered,2025-11-12,2025-11-17,2025-11-17
9145221,189772,2025-11-20,Delivered,2025-11-21,2025-11-22,2025-11-23
5150567,520651,2025-05-15,Delivered,2025-05-18,2025-05-18,2025-05-19
5877167,711046,2024-09-27,Delivered,2024-09-30,2024-10-03,2024-10-03
9381447,456699,2025-06-01,Canceled,,,2025-06-03
5148417,694799,2025-12-24,Delivered,2025-12-26,2025-12-27,2025-12-27
7831971,488528,2025-01-01,Delivered,2025-01-02,2025-01-05,2025-01-05
9416322,988324,2024-11-28,Delivered,2024-11-29,2024-12-06,2024-12-05
9753971,837852,2026-04-25,Delivered,2026-04-28,2026-04-29,2026-04-29
6608628,944657,2025-12-28,Delivered,2025-12-31,2026-01-03,2026-01-03
8080481,413769,2026-02-14,Canceled,,,2026-02-21
9778808,686075,2025-06-01,Canceled,,,2025-06-07
8546386,519904,2025-05-12,Canceled,,,2025-05-19
9946627,425845,2024-06-01,Canceled,,,2024-06-04
6558302,704201,2025-03-18,Delivered,2025-03-19,2025-03-22,2025-03-22
8433304,908475,2026-03-01,Delivered,2026-03-03,2026-03-03,2026-03-03
6530256,794083,2024-07-24,Delivered,2024-07-26,2024-07-27,2024-07-27
8032822,235215,2024-08-29,Delivered,2024-08-30,2024-09-01,2024-09-01
7844349,119116,2024-02-23,Delivered,2024-02-25,2024-02-29,2024-02-29
6151318,449247,2024-07-17,Delivered,2024-07-18,2024-07-22,2024-07-23
7895706,929683,2026-03-10,Delivered,2026-03-12,2026-03-16,2026-03-16
8862343,146542,2026-01-10,Canceled,,,2026-01-13
8531854,171942,2024-07-21,Delivered,2024-07-23,2024-07-26,2024-07-26
5655831,618317,2026-03-27,Delivered,2026-03-28,2026-04-02,2026-04-02
7931309,205389,2026-03-29,Delivered,2026-04-01,2026-03-31,2026-03-31
5237206,161483,2024-08-02,Delivered,2024-08-05,2024-08-04,2024-08-04
6993513,234628,2024-04-07,Delivered,2024-04-08,2024-04-13,2024-04-13
6573138,865388,2024-01-08,Delivered,2024-01-11,2024-01-14,2024-01-14
7912669,128941,2026-04-25,Delivered,2026-04-27,2026-05-02,2026-05-02
9305576,425486,2026-04-16,Delivered,2026-04-18,2026-04-21,2026-04-19
7165550,409222,2025-06-29,Delivered,2025-07-02,2025-07-02,2025-07-02
9492204,862560,2024-10-30,Canceled,,,2024-11-01
5395695,333752,2024-12-22,Delivered,2024-12-25,2024-12-29,2024-12-29
8504687,797416,2024-12-11,Delivered,2024-12-14,2024-12-17,2024-12-17
5550129,517479,2024-10-17,Delivered,2024-10-20,2024-10-22,2024-10-23
9227694,612262,2024-04-05,Delivered,2024-04-06,2024-04-11,2024-04-11
8616450,583863,2025-10-10,Delivered,2025-10-11,2025-10-12,2025-10-13
9332976,256294,2024-08-12,Canceled,,,2024-08-18
6603718,916990,2025-02-09,Delivered,2025-02-12,2025-02-16,2025-02-16
5084237,915922,2024-04-15,Delivered,2024-04-18,2024-04-20,2024-04-21
7121221,644103,2026-01-10,Canceled,,,2026-01-14
6712571,665610,2024-05-28,Canceled,,,2024-06-04
7350985,499889,2024-04-12,Delivered,2024-04-13,2024-04-17,2024-04-18
6216869,922471,2024-01-09,Delivered,2024-01-11,2024-01-12,2024-01-12
6350996,844007,2026-05-01,Delivered,2026-05-02,2026-05-06,2026-05-06
9971654,614723,2025-01-26,Delivered,2025-01-27,2025-02-01,2025-02-01
9160619,688866,2024-05-05,Canceled,,,2024-05-09
9531409,853448,2024-10-31,Delivered,2024-11-02,2024-11-03,2024-11-03
8134371,543143,2025-04-30,Delivered,2025-05-02,2025-05-02,2025-05-02
6819447,757924,2024-02-21,Delivered,2024-02-24,2024-02-27,2024-02-27
6097061,147549,2025-02-13,Delivered,2025-02-16,2025-02-18,2025-02-19
6039120,350405,2026-01-12,Delivered,2026-01-14,2026-01-19,2026-01-19
5028066,959099,2025-09-15,Delivered,2025-09-16,2025-09-19,2025-09-19
5541465,699573,2024-01-14,Delivered,2024-01-16,2024-01-16,2024-01-16
7016972,733052,2024-04-25,Delivered,2024-04-26,2024-04-30,2024-04-30
6837097,273061,2024-01-21,Delivered,2024-01-23,2024-01-28,2024-01-28
9890048,658582,2024-04-16,Canceled,,,2024-04-20
9564518,787926,2025-01-26,Delivered,2025-01-27,2025-02-01,2025-02-01
9741559,621841,2026-02-20,Delivered,2026-02-21,2026-02-24,2026-02-24
6822111,246570,2025-12-11,Delivered,2025-12-13,2025-12-14,2025-12-14
5080541,852470,2025-03-04,Canceled,,,2025-03-08
9740406,182760,2025-02-04,Delivered,2025-02-05,2025-02-06,2025-02-06
5114844,245534,2025-08-12,Delivered,2025-08-14,2025-08-16,2025-08-16
7353578,907189,2025-12-06,Delivered,2025-12-08,2025-12-12,2025-12-13
5061720,651963,2024-05-11,Delivered,2024-05-14,2024-05-16,2024-05-17
5397950,818264,2024-07-14,Canceled,,,2024-07-16
7074317,335552,2026-01-03,Canceled,,,2026-01-07
9110317,745830,2024-10-02,Delivered,2024-10-03,2024-10-08,2024-10-08
8526311,787277,2024-09-16,Delivered,2024-09-19,2024-09-23,2024-09-23
7891513,374896,2025-03-21,Delivered,2025-03-23,2025-03-24,2025-03-24
9648503,910004,2026-03-05,Canceled,,,2026-03-08
7594404,237414,2024-08-24,Canceled,,,2024-08-31
9758416,656932,2026-02-25,Canceled,,,2026-02-28
5133347,543814,2024-10-02,Delivered,2024-10-03,2024-10-09,2024-10-08
5889492,108060,2026-05-08,Canceled,,,2026-05-11
7550462,145649,2025-01-14,Delivered,2025-01-17,2025-01-18,2025-01-18
5355517,975522,2025-12-20,Delivered,2025-12-21,2025-12-26,2025-12-25
7844944,178711,2025-04-14,Delivered,2025-04-17,2025-04-20,2025-04-20
8629344,405407,2025-02-09,Canceled,,,2025-02-11
7791966,690341,2026-02-26,Canceled,,,2026-03-02
5003394,449499,2024-11-09,Delivered,2024-11-10,2024-11-16,2024-11-16
6241982,513741,2025-10-05,Delivered,2025-10-07,2025-10-12,2025-10-12
7952333,465962,2024-11-21,Delivered,2024-11-22,2024-11-25,2024-11-25
8775747,195656,2024-03-11,Canceled,,,2024-03-16
9599202,988456,2024-10-31,Delivered,2024-11-01,2024-11-03,2024-11-04
9097357,793169,2024-09-03,Delivered,2024-09-06,2024-09-08,2024-09-08
5312692,960616,2025-07-20,Delivered,2025-07-23,2025-07-26,2025-07-26
5389591,260295,2025-03-05,Delivered,2025-03-06,2025-03-09,2025-03-07
7725505,367729,2025-11-04,Delivered,2025-11-07,2025-11-10,2025-11-10
5472332,564637,2026-05-03,Delivered,2026-05-06,2026-05-07,2026-05-08
6199741,452457,2026-02-21,Canceled,,,2026-02-27
8866742,781533,2024-02-09,Canceled,,,2024-02-16
9728054,977330,2024-04-24,Delivered,2024-04-26,2024-04-26,2024-04-26
5058192,557058,2025-09-21,Canceled,,,2025-09-24
7275276,843963,2025-06-06,Delivered,2025-06-08,2025-06-12,2025-06-12
8279194,662093,2026-04-01,Delivered,2026-04-02,2026-04-07,2026-04-07
6618196,812413,2024-02-18,Canceled,,,2024-02-22
8312918,652530,2025-01-31,Delivered,2025-02-01,2025-02-03,2025-02-03
5570426,656251,2025-06-15,Delivered,2025-06-17,2025-06-20,2025-06-20
9990208,448048,2025-01-04,Canceled,,,2025-01-10
9826393,929090,2025-02-24,Delivered,2025-02-26,2025-03-03,2025-03-03
5934655,673149,2024-12-20,Delivered,2024-12-23,2024-12-25,2024-12-24
9331344,774020,2025-09-27,Delivered,2025-09-30,2025-10-03,2025-10-03
6618183,396745,2025-07-17,Delivered,2025-07-18,2025-07-24,2025-07-24
9376205,920391,2025-03-16,Canceled,,,2025-03-21
8523008,416282,2024-12-07,Delivered,2024-12-09,2024-12-11,2024-12-11
7237427,646781,2025-03-07,Delivered,2025-03-10,2025-03-14,2025-03-14
9451254,970917,2024-02-22,Canceled,,,2024-02-27
9536416,916118,2024-07-05,Delivered,2024-07-06,2024-07-10,2024-07-10
6574422,461551,2025-06-08,Delivered,2025-06-11,2025-06-13,2025-06-11
8190964,799330,2024-06-09,Canceled,,,2024-06-16
6116370,789786,2024-08-18,Delivered,2024-08-19,2024-08-24,2024-08-24
8427327,171951,2026-02-21,Delivered,2026-02-23,2026-02-24,2026-02-24
9922017,142210,2025-04-02,Canceled,,,2025-04-08
8478426,188025,2024-07-31,Delivered,2024-08-03,2024-08-04,2024-08-04
5667100,517568,2024-12-13,Delivered,2024-12-14,2024-12-15,2024-12-15
8464619,700076,2025-01-06,Delivered,2025-01-08,2025-01-11,2025-01-11
6626140,664742,2024-11-13,Canceled,,,2024-11-15
8261930,328275,2024-03-03,Delivered,2024-03-04,2024-03-07,2024-03-07
8733567,199096,2025-06-27,Canceled,,,2025-07-04
8984704,421080,2025-06-15,Delivered,2025-06-16,2025-06-24,2025-06-22
5557599,676510,2024-12-25,Delivered,2024-12-28,2024-12-29,2024-12-30
8820309,683286,2025-06-06,Delivered,2025-06-07,2025-06-10,2025-06-09
8839415,683397,2026-04-23,Delivered,2026-04-26,2026-04-30,2026-04-30
7669927,349489,2026-01-23,Delivered,2026-01-24,2026-01-29,2026-01-29
6553706,361941,2024-10-23,Delivered,2024-10-25,2024-10-27,2024-10-27
8448123,188425,2026-05-08,Delivered,2026-05-11,2026-05-13,2026-05-13
9786065,671015,2024-06-07,Canceled,,,2024-06-13
7509466,824161,2024-02-06,Delivered,2024-02-07,2024-02-12,2024-02-12
6509279,779172,2026-01-31,Canceled,,,2026-02-07
8227350,629959,2025-03-28,Canceled,,,2025-04-03
5832730,665427,2024-04-22,Delivered,2024-04-23,2024-04-28,2024-04-28
7999057,929090,2025-07-17,Delivered,2025-07-20,2025-07-19,2025-07-20
7282233,539122,2025-01-15,Canceled,,,2025-01-19
9531988,136489,2024-10-03,Delivered,2024-10-06,2024-10-05,2024-10-05
8876701,852787,2024-07-25,Delivered,2024-07-28,2024-07-30,2024-07-30
9528747,538997,2025-09-12,Canceled,,,2025-09-15
9565021,975522,2024-03-19,Delivered,2024-03-22,2024-03-25,2024-03-25
5737606,406039,2024-07-20,Delivered,2024-07-21,2024-07-25,2024-07-25
7221152,368402,2024-03-27,Delivered,2024-03-30,2024-03-30,2024-03-30
5807732,221761,2024-05-30,Delivered,2024-06-02,2024-06-02,2024-06-02
6159797,455556,2025-06-19,Delivered,2025-06-20,2025-06-21,2025-06-21
7162772,335612,2024-07-29,Delivered,2024-07-30,2024-08-04,2024-08-04
7750519,881886,2025-01-03,Delivered,2025-01-05,2025-01-08,2025-01-07
6374523,189318,2026-01-11,Delivered,2026-01-13,2026-01-12,2026-01-13
8730039,232378,2024-12-07,Canceled,,,2024-12-09
8962052,888387,2025-07-03,Delivered,2025-07-04,2025-07-09,2025-07-09
5297350,702733,2024-07-29,Delivered,2024-07-30,2024-08-01,2024-08-01
8033452,374896,2026-02-22,Delivered,2026-02-24,2026-02-28,2026-02-28
5320213,940247,2024-05-05,Delivered,2024-05-08,2024-05-07,2024-05-07
9472986,916118,2024-12-03,Delivered,2024-12-06,2024-12-10,2024-12-10
8963404,649414,2025-07-08,Canceled,,,2025-07-10
7834048,659392,2025-06-21,Canceled,,,2025-06-25
7835079,672092,2026-03-08,Canceled,,,2026-03-13
5343438,677596,2024-09-26,Delivered,2024-09-29,2024-10-02,2024-10-02
7702025,324130,2025-11-24,Canceled,,,2025-11-26
8606738,762652,2024-10-01,Delivered,2024-10-02,2024-10-05,2024-10-05
6367653,545120,2025-11-23,Delivered,2025-11-25,2025-11-24,2025-11-25
7227281,535020,2025-07-04,Delivered,2025-07-07,2025-07-09,2025-07-07
7477090,664315,2025-10-16,Delivered,2025-10-17,2025-10-18,2025-10-18
9481820,853258,2024-12-07,Delivered,2024-12-10,2024-12-12,2024-12-13
5674001,434002,2026-02-26,Delivered,2026-02-27,2026-03-05,2026-03-05
9558982,622230,2025-03-05,Delivered,2025-03-08,2025-03-12,2025-03-12
9501812,812048,2024-10-31,Delivered,2024-11-02,2024-11-04,2024-11-05
9469954,409222,2025-01-02,Delivered,2025-01-03,2025-01-06,2025-01-06
8233419,962050,2024-10-05,Delivered,2024-10-06,2024-10-09,2024-10-09
8706958,612262,2026-04-13,Canceled,,,2026-04-17
9333512,701987,2025-05-05,Delivered,2025-05-07,2025-05-08,2025-05-09
9963716,973835,2025-07-28,Canceled,,,2025-08-03
8086988,592296,2025-10-21,Delivered,2025-10-24,2025-10-26,2025-10-26
5209562,426147,2024-03-20,Canceled,,,2024-03-23
5850792,765905,2024-11-06,Delivered,2024-11-08,2024-11-10,2024-11-11
6893571,182690,2025-04-02,Delivered,2025-04-05,2025-04-07,2025-04-05
9814897,536802,2026-02-26,Delivered,2026-03-01,2026-03-04,2026-03-04
5947054,525818,2024-12-19,Canceled,,,2024-12-23
9840218,483545,2024-09-12,Delivered,2024-09-13,2024-09-18,2024-09-19
6685283,903373,2024-10-27,Delivered,2024-10-30,2024-10-30,2024-10-30
9408702,952686,2026-05-06,Canceled,,,2026-05-10
8869673,722656,2025-11-18,Canceled,,,2025-11-20
5522072,299122,2024-08-05,Delivered,2024-08-06,2024-08-09,2024-08-09
8676206,401603,2025-08-15,Canceled,,,2025-08-21
7335221,332823,2024-06-03,Canceled,,,2024-06-05
5676897,504832,2025-08-04,Delivered,2025-08-05,2025-08-11,2025-08-10
7506565,735324,2025-11-27,Canceled,,,2025-12-04
6411296,380746,2025-09-09,Delivered,2025-09-10,2025-09-11,2025-09-11
5184140,146228,2025-11-14,Delivered,2025-11-17,2025-11-16,2025-11-16
5849199,170499,2025-04-22,Delivered,2025-04-23,2025-04-27,2025-04-28
7019640,809217,2025-03-25,Delivered,2025-03-26,2025-03-31,2025-04-01
7319307,152179,2024-05-07,Canceled,,,2024-05-11
9512750,544151,2024-11-28,Delivered,2024-12-01,2024-11-29,2024-11-30
7597585,969693,2026-04-25,Delivered,2026-04-26,2026-05-02,2026-05-02
6776659,626392,2025-09-06,Delivered,2025-09-09,2025-09-12,2025-09-12
9631400,379766,2025-07-16,Delivered,2025-07-17,2025-07-21,2025-07-21
6463322,445705,2026-01-12,Canceled,,,2026-01-16
9578742,712024,2026-04-15,Delivered,2026-04-16,2026-04-20,2026-04-20
5630494,416768,2024-09-15,Canceled,,,2024-09-21
7606020,415568,2024-11-30,Delivered,2024-12-03,2024-12-07,2024-12-07
5139675,178686,2026-02-13,Canceled,,,2026-02-16
7457517,207570,2024-03-26,Delivered,2024-03-27,2024-04-01,2024-04-01
8275008,922157,2026-05-13,Canceled,,,2026-05-17
6483934,821024,2025-07-20,Delivered,2025-07-22,2025-07-26,2025-07-27
7616909,698128,2024-06-20,Delivered,2024-06-22,2024-06-26,2024-06-26
8982539,547494,2026-05-10,Delivered,2026-05-13,2026-05-17,2026-05-17
9470695,736565,2025-11-30,Delivered,2025-12-02,2025-12-03,2025-12-03
8669722,127941,2025-12-18,Delivered,2025-12-19,2025-12-22,2025-12-20
6644330,820184,2025-05-17,Canceled,,,2025-05-19
8000723,355709,2025-06-07,Canceled,,,2025-06-14
8691374,874683,2025-05-01,Delivered,2025-05-03,2025-05-03,2025-05-03
6551585,803787,2025-01-02,Canceled,,,2025-01-05
6809108,231414,2025-01-22,Delivered,2025-01-23,2025-01-25,2025-01-25
8443943,483713,2025-10-16,Delivered,2025-10-17,2025-10-20,2025-10-20
6363637,986438,2024-12-30,Delivered,2025-01-01,2025-01-02,2025-01-02
9039297,896788,2025-11-17,Delivered,2025-11-18,2025-11-19,2025-11-19
6906182,705050,2024-10-07,Canceled,,,2024-10-09
6951207,535020,2024-07-28,Canceled,,,2024-08-01
5397822,406327,2024-03-20,Delivered,2024-03-21,2024-03-24,2024-03-24
9207312,413685,2026-04-11,Delivered,2026-04-13,2026-04-13,2026-04-13
9785432,997594,2024-12-15,Delivered,2024-12-16,2024-12-21,2024-12-21
5096549,254511,2025-11-26,Canceled,,,2025-11-30
7029191,888939,2025-07-19,Canceled,,,2025-07-26
7565310,744986,2026-03-28,Canceled,,,2026-03-31
7671825,781533,2025-09-03,Canceled,,,2025-09-10
7489036,818987,2025-07-28,Canceled,,,2025-08-01
7599514,108060,2024-04-14,Canceled,,,2024-04-20
8328330,833247,2024-08-01,Delivered,2024-08-02,2024-08-08,2024-08-08
9194394,881369,2025-11-27,Canceled,,,2025-12-01
7376594,934904,2025-12-03,Canceled,,,2025-12-05
7088738,176517,2024-10-14,Canceled,,,2024-10-18
6498532,680097,2025-04-07,Delivered,2025-04-08,2025-04-14,2025-04-14
5527145,178898,2024-08-18,Canceled,,,2024-08-23
5352280,212235,2025-10-11,Delivered,2025-10-13,2025-10-15,2025-10-15
9981712,608257,2026-02-18,Canceled,,,2026-02-21
7700119,347231,2025-08-06,Delivered,2025-08-08,2025-08-08,2025-08-08
7482318,872343,2024-01-05,Delivered,2024-01-07,2024-01-11,2024-01-11
8246665,632060,2024-01-18,Delivered,2024-01-20,2024-01-24,2024-01-24
9715463,829884,2025-08-15,Canceled,,,2025-08-18
8511407,691807,2026-04-16,Delivered,2026-04-18,2026-04-19,2026-04-20
5853324,666432,2024-06-23,Delivered,2024-06-25,2024-06-29,2024-06-29
9086732,540463,2025-06-18,Canceled,,,2025-06-20
8862920,934904,2026-01-31,Delivered,2026-02-02,2026-02-03,2026-02-03
6578653,773971,2024-05-24,Delivered,2024-05-26,2024-05-28,2024-05-28
5480148,734210,2026-03-05,Delivered,2026-03-08,2026-03-06,2026-03-07
8961549,817870,2024-04-23,Canceled,,,2024-04-28
9750260,781725,2025-09-26,Delivered,2025-09-28,2025-09-30,2025-09-30
5025021,746447,2024-08-01,Delivered,2024-08-02,2024-08-06,2024-08-06
9805801,359778,2024-03-31,Delivered,2024-04-02,2024-04-06,2024-04-06
5637430,632929,2026-05-05,Delivered,2026-05-08,2026-05-12,2026-05-12
9791029,687080,2025-12-04,Delivered,2025-12-05,2025-12-08,2025-12-08
9202352,466566,2024-05-29,Canceled,,,2024-06-02
7339839,119927,2024-08-03,Delivered,2024-08-04,2024-08-08,2024-08-08
8328559,361941,2025-08-28,Canceled,,,2025-08-30
8740613,819425,2024-03-14,Canceled,,,2024-03-16
8517945,385320,2026-04-12,Delivered,2026-04-13,2026-04-18,2026-04-18
5571680,574001,2024-02-14,Delivered,2024-02-15,2024-02-20,2024-02-20
8903819,974190,2024-05-10,Delivered,2024-05-12,2024-05-14,2024-05-15
5160974,839677,2026-01-16,Delivered,2026-01-19,2026-01-23,2026-01-23
9817315,724377,2024-05-12,Delivered,2024-05-14,2024-05-14,2024-05-14
8122450,406327,2025-05-01,Delivered,2025-05-02,2025-05-07,2025-05-07
5990713,479742,2025-11-30,Canceled,,,2025-12-06
5777397,577538,2026-01-01,Delivered,2026-01-03,2026-01-05,2026-01-05
5332470,391476,2024-03-09,Delivered,2024-03-11,2024-03-14,2024-03-14
6806790,788637,2024-05-07,Canceled,,,2024-05-14
7945215,197992,2024-12-03,Canceled,,,2024-12-06
8388728,323508,2025-03-13,Delivered,2025-03-16,2025-03-16,2025-03-16
6367253,245051,2026-03-06,Delivered,2026-03-08,2026-03-13,2026-03-13
7671884,530764,2024-03-08,Delivered,2024-03-10,2024-03-12,2024-03-12
9046978,938141,2026-01-16,Canceled,,,2026-01-21
8337286,630108,2026-05-07,Canceled,,,2026-05-12
6115640,886325,2026-01-19,Delivered,2026-01-22,2026-01-24,2026-01-24
5578480,226516,2025-07-04,Delivered,2025-07-05,2025-07-06,2025-07-06
5476075,603787,2025-05-30,Delivered,2025-05-31,2025-06-06,2025-06-06
9991920,223481,2024-10-12,Delivered,2024-10-14,2024-10-14,2024-10-14
5282448,261859,2025-01-21,Delivered,2025-01-23,2025-01-24,2025-01-24
6195297,523808,2024-06-19,Delivered,2024-06-21,2024-06-22,2024-06-22
9418054,171262,2025-08-05,Delivered,2025-08-07,2025-08-09,2025-08-09
5216772,464301,2025-08-20,Delivered,2025-08-23,2025-08-22,2025-08-23
7906227,656251,2024-12-08,Delivered,2024-12-10,2024-12-13,2024-12-13
8805340,378085,2024-11-15,Delivered,2024-11-17,2024-11-18,2024-11-18
9952079,468623,2024-12-18,Delivered,2024-12-19,2024-12-21,2024-12-22
7880906,668532,2025-08-29,Delivered,2025-08-30,2025-09-05,2025-09-05
8134159,374492,2025-05-08,Delivered,2025-05-09,2025-05-12,2025-05-12
5195497,180089,2026-05-12,Delivered,2026-05-15,2026-05-19,2026-05-19
5201079,899649,2024-02-27,Delivered,2024-03-01,2024-03-03,2024-03-03
5459763,918771,2024-09-08,Delivered,2024-09-11,2024-09-15,2024-09-15
7154299,902784,2024-07-01,Delivered,2024-07-03,2024-07-04,2024-07-04
7498263,663658,2025-03-01,Delivered,2025-03-02,2025-03-07,2025-03-07
7300006,690180,2025-02-04,Delivered,2025-02-07,2025-02-11,2025-02-11
5618230,278240,2024-12-31,Delivered,2025-01-02,2025-01-09,2025-01-07
7888895,145649,2024-04-10,Canceled,,,2024-04-15
8577211,329974,2025-02-26,Canceled,,,2025-03-02
8206431,386544,2025-03-19,Canceled,,,2025-03-22
6998491,631756,2026-04-08,Delivered,2026-04-11,2026-04-11,2026-04-11
5346139,402099,2025-02-24,Canceled,,,2025-02-26
8140459,988324,2025-08-01,Delivered,2025-08-04,2025-08-05,2025-08-05
8765021,880841,2025-07-10,Delivered,2025-07-13,2025-07-14,2025-07-14
6311822,904624,2025-05-02,Canceled,,,2025-05-05
9168079,757924,2025-02-22,Delivered,2025-02-24,2025-02-26,2025-02-26
8128616,899787,2025-06-24,Canceled,,,2025-06-29
8639016,699704,2024-05-03,Canceled,,,2024-05-10
6298193,601776,2025-07-23,Delivered,2025-07-26,2025-07-29,2025-07-29
6571902,403578,2025-07-28,Delivered,2025-07-30,2025-08-03,2025-08-03
5182388,452737,2025-07-11,Delivered,2025-07-13,2025-07-13,2025-07-13
6373755,799233,2025-04-05,Delivered,2025-04-08,2025-04-09,2025-04-10
5953058,643269,2025-02-10,Delivered,2025-02-12,2025-02-12,2025-02-12
8783276,865179,2025-02-09,Delivered,2025-02-10,2025-02-15,2025-02-15
7678621,871711,2024-01-21,Delivered,2024-01-24,2024-01-24,2024-01-24
9535520,740255,2024-08-21,Delivered,2024-08-24,2024-08-26,2024-08-26
9766767,310548,2025-11-05,Delivered,2025-11-06,2025-11-12,2025-11-12
6500498,166287,2025-11-05,Delivered,2025-11-08,2025-11-10,2025-11-10
9709045,697530,2024-03-22,Canceled,,,2024-03-27
6779331,664315,2025-03-18,Delivered,2025-03-20,2025-03-23,2025-03-23
9734959,213346,2024-04-08,Delivered,2024-04-10,2024-04-12,2024-04-12
5183584,790203,2026-04-08,Delivered,2026-04-10,2026-04-10,2026-04-10
7687899,504832,2025-07-05,Canceled,,,2025-07-07
6626418,811332,2024-03-11,Delivered,2024-03-13,2024-03-15,2024-03-15
8854428,261450,2025-01-03,Delivered,2025-01-04,2025-01-07,2025-01-07
5245266,899929,2026-04-29,Delivered,2026-05-01,2026-05-03,2026-05-04
5985900,265156,2024-07-02,Canceled,,,2024-07-09
6902769,363626,2025-03-23,Canceled,,,2025-03-28
9010666,227253,2024-09-17,Delivered,2024-09-19,2024-09-21,2024-09-21
8291844,335113,2025-04-13,Delivered,2025-04-14,2025-04-19,2025-04-19
5242194,770487,2024-03-12,Delivered,2024-03-13,2024-03-16,2024-03-17
8828518,177680,2025-07-28,Delivered,2025-07-31,2025-08-01,2025-08-01
6549685,715870,2024-09-29,Delivered,2024-10-02,2024-10-05,2024-10-05
5040345,105506,2025-12-22,Delivered,2025-12-25,2025-12-28,2025-12-28
6816479,255287,2024-02-01,Delivered,2024-02-04,2024-02-08,2024-02-08
6280581,707727,2025-08-29,Delivered,2025-08-31,2025-09-03,2025-09-03
7342391,498591,2025-10-04,Delivered,2025-10-05,2025-10-10,2025-10-08
9357156,176365,2024-06-02,Delivered,2024-06-03,2024-06-04,2024-06-04
6621501,454508,2026-05-07,Delivered,2026-05-10,2026-05-09,2026-05-09
6180950,559381,2025-02-16,Canceled,,,2025-02-18
6907788,439498,2026-02-11,Canceled,,,2026-02-15
8904968,284229,2025-08-06,Canceled,,,2025-08-09
9040184,634723,2024-03-28,Delivered,2024-03-31,2024-04-02,2024-04-02
8067387,583863,2024-10-08,Delivered,2024-10-11,2024-10-14,2024-10-15
8526938,682789,2025-08-16,Canceled,,,2025-08-23
9123278,379676,2024-07-08,Delivered,2024-07-10,2024-07-15,2024-07-15
8991749,913864,2025-05-19,Canceled,,,2025-05-23
7273118,168872,2024-02-23,Delivered,2024-02-25,2024-02-29,2024-02-29
8153211,711878,2024-05-29,Canceled,,,2024-06-05
8254508,540552,2024-05-08,Canceled,,,2024-05-15
9574231,219346,2025-10-12,Delivered,2025-10-15,2025-10-14,2025-10-14
7727861,387936,2024-05-30,Delivered,2024-06-02,2024-06-03,2024-06-03
6715519,150068,2024-10-20,Canceled,,,2024-10-26
6562268,656379,2024-03-06,Canceled,,,2024-03-12
7326044,891615,2025-08-29,Canceled,,,2025-09-05
5979428,728038,2024-12-30,Delivered,2025-01-02,2025-01-02,2025-01-02
7462374,143860,2024-07-01,Delivered,2024-07-02,2024-07-06,2024-07-06
9239185,210665,2025-03-19,Delivered,2025-03-21,2025-03-22,2025-03-22
7373292,216587,2024-01-12,Delivered,2024-01-14,2024-01-13,2024-01-14
6310378,684929,2026-03-17,Delivered,2026-03-18,2026-03-22,2026-03-22
8511223,939482,2024-12-19,Canceled,,,2024-12-25
9710648,383201,2025-02-10,Delivered,2025-02-13,2025-02-12,2025-02-12
9263859,182760,2026-05-10,Delivered,2026-05-13,2026-05-16,2026-05-16
9616374,802559,2026-04-25,Canceled,,,2026-04-28
5295805,448321,2026-02-13,Canceled,,,2026-02-15
9082824,994253,2024-06-24,Delivered,2024-06-26,2024-06-30,2024-06-30
8701956,427626,2025-02-23,Delivered,2025-02-26,2025-02-28,2025-03-01
8011526,253143,2025-07-21,Canceled,,,2025-07-23
8995119,589491,2024-09-19,Delivered,2024-09-21,2024-09-21,2024-09-21
7397257,666432,2026-05-14,Delivered,2026-05-17,2026-05-23,2026-05-21
8667607,524068,2024-12-24,Canceled,,,2024-12-26
7890004,950132,2025-03-19,Delivered,2025-03-22,2025-03-25,2025-03-25
9443072,666847,2024-04-08,Canceled,,,2024-04-14
7841740,963874,2025-05-28,Canceled,,,2025-05-31
8682503,197793,2024-02-18,Delivered,2024-02-21,2024-02-21,2024-02-21
9606558,699929,2025-06-11,Delivered,2025-06-14,2025-06-18,2025-06-18
8118182,590110,2025-06-27,Delivered,2025-06-28,2025-07-01,2025-07-01
8309115,256175,2024-01-20,Delivered,2024-01-21,2024-01-24,2024-01-25
7510699,942700,2024-05-25,Delivered,2024-05-26,2024-05-30,2024-05-30
8075991,573962,2026-01-07,Canceled,,,2026-01-13
5736180,338651,2024-02-06,Canceled,,,2024-02-12
9880251,422451,2025-11-20,Delivered,2025-11-22,2025-11-22,2025-11-23
6505636,643623,2026-02-03,Delivered,2026-02-05,2026-02-07,2026-02-07
7323962,972176,2025-06-26,Delivered,2025-06-28,2025-07-03,2025-07-03
6153817,392099,2024-09-19,Canceled,,,2024-09-22
8761800,386488,2024-10-06,Delivered,2024-10-09,2024-10-10,2024-10-10
9763224,610311,2024-03-09,Canceled,,,2024-03-15
7030682,579318,2025-12-26,Delivered,2025-12-29,2025-12-30,2025-12-31
7226038,378082,2025-08-26,Delivered,2025-08-28,2025-08-31,2025-08-31
8237323,874524,2024-03-06,Delivered,2024-03-08,2024-03-09,2024-03-09
9514416,734487,2025-10-21,Delivered,2025-10-23,2025-10-24,2025-10-25
6069042,827659,2024-02-21,Delivered,2024-02-22,2024-02-27,2024-02-27
9693366,400814,2024-05-23,Delivered,2024-05-24,2024-05-25,2024-05-25
8046801,813536,2025-07-01,Delivered,2025-07-02,2025-07-06,2025-07-06
5765049,924613,2026-01-18,Delivered,2026-01-19,2026-01-25,2026-01-25
8342962,134305,2025-03-31,Canceled,,,2025-04-05
7901384,766563,2026-03-08,Delivered,2026-03-11,2026-03-10,2026-03-10
6211230,975522,2024-02-20,Delivered,2024-02-22,2024-02-23,2024-02-23
6540061,184216,2024-08-26,Delivered,2024-08-27,2024-08-30,2024-08-30
9373583,351083,2025-11-07,Canceled,,,2025-11-14
9114899,424620,2024-08-27,Delivered,2024-08-29,2024-08-28,2024-08-29
6743153,497562,2024-08-10,Canceled,,,2024-08-12
7736678,768480,2026-01-25,Delivered,2026-01-28,2026-01-29,2026-01-29
5904844,659951,2025-05-22,Canceled,,,2025-05-28
5725473,549660,2025-08-13,Delivered,2025-08-15,2025-08-15,2025-08-15
9620175,880879,2025-01-02,Delivered,2025-01-05,2025-01-08,2025-01-08
8916815,564637,2024-11-13,Delivered,2024-11-14,2024-11-17,2024-11-17
9031086,715870,2025-12-15,Canceled,,,2025-12-20
9448436,772097,2025-03-22,Canceled,,,2025-03-28
8299288,145814,2025-08-07,Delivered,2025-08-09,2025-08-10,2025-08-10
7017720,576919,2026-01-14,Delivered,2026-01-16,2026-01-21,2026-01-21
7177579,818264,2024-11-01,Delivered,2024-11-02,2024-11-07,2024-11-07
5570086,930281,2024-01-16,Delivered,2024-01-17,2024-01-20,2024-01-18
7296296,814825,2026-02-28,Delivered,2026-03-02,2026-03-07,2026-03-07
7387804,765620,2025-12-12,Canceled,,,2025-12-18
9695855,205907,2026-04-06,Delivered,2026-04-08,2026-04-13,2026-04-13
9013486,801474,2024-10-01,Delivered,2024-10-03,2024-10-07,2024-10-07
9070329,516716,2025-08-08,Delivered,2025-08-11,2025-08-11,2025-08-11
8702054,687080,2025-09-06,Delivered,2025-09-08,2025-09-11,2025-09-11
7521414,811875,2025-08-28,Delivered,2025-08-30,2025-08-31,2025-09-01
8732475,678856,2025-03-07,Delivered,2025-03-09,2025-03-12,2025-03-12
8419097,731661,2024-09-22,Delivered,2024-09-23,2024-09-27,2024-09-27
6651195,858490,2025-04-08,Delivered,2025-04-09,2025-04-12,2025-04-12
9900547,466960,2025-12-12,Delivered,2025-12-14,2025-12-16,2025-12-17
8739413,273061,2024-02-17,Delivered,2024-02-19,2024-02-23,2024-02-23
5648847,995916,2024-05-23,Canceled,,,2024-05-26
5152846,581741,2026-02-01,Delivered,2026-02-04,2026-02-06,2026-02-06
6621240,636265,2025-06-16,Delivered,2025-06-18,2025-06-22,2025-06-22
5564669,916118,2025-11-20,Delivered,2025-11-22,2025-11-24,2025-11-24
9394573,823811,2025-07-26,Canceled,,,2025-08-02
9503690,665990,2025-12-12,Delivered,2025-12-14,2025-12-16,2025-12-17
8681279,302511,2024-09-02,Delivered,2024-09-05,2024-09-08,2024-09-06
6502025,636004,2025-04-26,Delivered,2025-04-28,2025-05-02,2025-05-01
9171702,995916,2024-10-16,Delivered,2024-10-19,2024-10-23,2024-10-22
9080647,425301,2024-12-26,Delivered,2024-12-28,2025-01-02,2025-01-02
9769125,916332,2025-06-24,Delivered,2025-06-26,2025-06-27,2025-06-27
8507919,296694,2026-01-29,Delivered,2026-01-31,2026-02-03,2026-02-04
5459431,677124,2025-07-21,Delivered,2025-07-24,2025-07-24,2025-07-24
8437737,444061,2025-10-22,Delivered,2025-10-24,2025-10-26,2025-10-26
9524507,878480,2024-09-12,Delivered,2024-09-14,2024-09-18,2024-09-18
9240578,888539,2026-02-08,Delivered,2026-02-09,2026-02-10,2026-02-11
9378307,469038,2024-11-05,Canceled,,,2024-11-10
8204607,755674,2025-07-06,Canceled,,,2025-07-13
8675002,162823,2026-03-26,Delivered,2026-03-29,2026-03-31,2026-03-31
7371670,903035,2025-01-01,Canceled,,,2025-01-05
6465632,615060,2025-01-08,Delivered,2025-01-09,2025-01-12,2025-01-12
5076862,239890,2024-05-16,Delivered,2024-05-18,2024-05-19,2024-05-19
7772528,806073,2024-10-29,Delivered,2024-11-01,2024-11-04,2024-11-05
5255100,961322,2024-06-02,Delivered,2024-06-04,2024-06-07,2024-06-07
7721318,594379,2024-06-11,Delivered,2024-06-14,2024-06-13,2024-06-13
8948226,346629,2025-09-19,Delivered,2025-09-21,2025-09-25,2025-09-25
9487804,908977,2026-03-13,Delivered,2026-03-15,2026-03-15,2026-03-15
7483268,601968,2026-03-19,Delivered,2026-03-20,2026-03-22,2026-03-23
8384298,254864,2025-07-02,Delivered,2025-07-05,2025-07-09,2025-07-09
6471722,866536,2025-10-16,Delivered,2025-10-17,2025-10-19,2025-10-20
6209984,337144,2025-08-01,Delivered,2025-08-02,2025-08-04,2025-08-05
5584458,232378,2025-11-14,Delivered,2025-11-16,2025-11-20,2025-11-20
8399484,455168,2025-10-23,Delivered,2025-10-25,2025-10-26,2025-10-26
6755249,183958,2024-12-24,Canceled,,,2024-12-31
7196696,560767,2025-11-19,Delivered,2025-11-20,2025-11-24,2025-11-24
8413865,352422,2024-01-25,Delivered,2024-01-28,2024-01-29,2024-01-29
7772093,553014,2024-02-21,Delivered,2024-02-22,2024-02-23,2024-02-23
5777149,343467,2024-07-17,Delivered,2024-07-18,2024-07-18,2024-07-19
9456626,869440,2026-01-21,Delivered,2026-01-24,2026-01-27,2026-01-27
8394803,183667,2024-08-17,Canceled,,,2024-08-20
7667498,131757,2024-04-17,Canceled,,,2024-04-23
5950309,251275,2025-06-17,Canceled,,,2025-06-23
7903620,498658,2024-11-14,Delivered,2024-11-15,2024-11-17,2024-11-16
6952168,712451,2026-01-08,Delivered,2026-01-10,2026-01-12,2026-01-12
5720517,874524,2025-07-25,Delivered,2025-07-27,2025-07-31,2025-07-31
6112658,348728,2026-01-14,Delivered,2026-01-17,2026-01-19,2026-01-19
5534189,289222,2025-06-30,Delivered,2025-07-02,2025-07-03,2025-07-03
7458478,227324,2025-04-16,Delivered,2025-04-17,2025-04-21,2025-04-20
5601849,304110,2025-12-07,Delivered,2025-12-09,2025-12-13,2025-12-13
6958252,546815,2024-11-12,Canceled,,,2024-11-19
9372704,827691,2024-07-08,Delivered,2024-07-11,2024-07-15,2024-07-15
6051569,597305,2024-04-03,Canceled,,,2024-04-06
9209411,148225,2025-05-22,Delivered,2025-05-23,2025-05-28,2025-05-29
9062464,728437,2025-01-18,Delivered,2025-01-20,2025-01-24,2025-01-24
5393400,364659,2024-06-25,Delivered,2024-06-26,2024-07-01,2024-07-01
9459774,823811,2024-08-22,Canceled,,,2024-08-26
8608519,950155,2024-04-15,Delivered,2024-04-16,2024-04-22,2024-04-22
9269836,605612,2026-04-30,Delivered,2026-05-03,2026-05-02,2026-05-02
8583688,573962,2025-08-03,Delivered,2025-08-05,2025-08-05,2025-08-05
7641792,879779,2024-07-25,Canceled,,,2024-07-29
5906345,608136,2025-11-13,Canceled,,,2025-11-18
7126215,165858,2024-06-29,Delivered,2024-07-01,2024-07-01,2024-07-01
8663309,132146,2024-04-07,Delivered,2024-04-08,2024-04-11,2024-04-11
8438144,434002,2025-06-28,Delivered,2025-06-30,2025-07-05,2025-07-05
5445146,768636,2025-11-30,Canceled,,,2025-12-04
5859702,884475,2025-07-06,Delivered,2025-07-08,2025-07-08,2025-07-09
9145189,495533,2024-05-08,Canceled,,,2024-05-15
5118082,776796,2026-03-08,Delivered,2026-03-10,2026-03-14,2026-03-13
7935482,849747,2024-05-09,Delivered,2024-05-10,2024-05-15,2024-05-15
9753595,995916,2024-06-17,Canceled,,,2024-06-21
6987490,138780,2024-04-13,Delivered,2024-04-16,2024-04-18,2024-04-19
8479449,342495,2025-10-25,Delivered,2025-10-28,2025-10-28,2025-10-28
8884875,862569,2024-12-27,Delivered,2024-12-29,2025-01-03,2025-01-03
5310328,437145,2024-06-14,Delivered,2024-06-15,2024-06-19,2024-06-19
5897725,858889,2025-05-06,Delivered,2025-05-08,2025-05-08,2025-05-08
7808284,688153,2026-04-13,Canceled,,,2026-04-17
8100362,458332,2026-03-29,Delivered,2026-04-01,2026-04-01,2026-04-01
6383778,112038,2025-08-23,Delivered,2025-08-24,2025-08-28,2025-08-28
6543310,145649,2026-04-03,Delivered,2026-04-04,2026-04-11,2026-04-09
8251911,204555,2024-05-05,Delivered,2024-05-06,2024-05-08,2024-05-08
7585724,615060,2024-03-20,Canceled,,,2024-03-24
5653026,466566,2024-05-28,Canceled,,,2024-06-03
6121754,747850,2024-10-03,Delivered,2024-10-05,2024-10-05,2024-10-05
7205891,469412,2025-04-07,Delivered,2025-04-09,2025-04-10,2025-04-10
8236686,143195,2025-11-01,Canceled,,,2025-11-06
8137818,802729,2024-01-17,Delivered,2024-01-18,2024-01-24,2024-01-23
7808911,313795,2025-08-04,Delivered,2025-08-05,2025-08-06,2025-08-06
6293322,575575,2024-04-12,Canceled,,,2024-04-14
8030759,616554,2025-06-18,Canceled,,,2025-06-20
9079531,267414,2025-06-27,Delivered,2025-06-28,2025-06-29,2025-06-30
9707983,160738,2026-04-08,Delivered,2026-04-10,2026-04-09,2026-04-10
8794482,182582,2025-12-28,Delivered,2025-12-29,2026-01-01,2026-01-02
6641283,742412,2026-02-27,Delivered,2026-03-02,2026-03-02,2026-03-02
7660589,559023,2024-05-28,Canceled,,,2024-06-04
5962547,865054,2024-04-25,Canceled,,,2024-04-27
8182549,412942,2025-06-08,Delivered,2025-06-11,2025-06-13,2025-06-13
9554993,348728,2026-01-03,Canceled,,,2026-01-05
7000548,535050,2024-10-08,Delivered,2024-10-11,2024-10-12,2024-10-12
6170829,741674,2024-08-26,Delivered,2024-08-29,2024-08-28,2024-08-28
5047687,159653,2024-04-14,Delivered,2024-04-15,2024-04-21,2024-04-21
6509140,859396,2025-11-26,Delivered,2025-11-29,2025-12-02,2025-12-03
6334705,954628,2024-12-31,Delivered,2025-01-02,2025-01-02,2025-01-02
8884975,652108,2025-03-22,Delivered,2025-03-25,2025-03-24,2025-03-24
6043026,448121,2025-06-09,Delivered,2025-06-10,2025-06-14,2025-06-14
5692411,542666,2024-11-02,Delivered,2024-11-03,2024-11-06,2024-11-06
6797786,179046,2025-01-19,Delivered,2025-01-21,2025-01-26,2025-01-26
5677198,773971,2024-12-06,Delivered,2024-12-09,2024-12-12,2024-12-12
9198385,207473,2026-05-13,Delivered,2026-05-14,2026-05-19,2026-05-19
5421039,263137,2024-07-30,Delivered,2024-08-01,2024-08-01,2024-08-01
5502175,508396,2025-03-07,Delivered,2025-03-10,2025-03-12,2025-03-13
6200625,731661,2025-08-17,Delivered,2025-08-20,2025-08-22,2025-08-22
5690077,597732,2025-01-30,Canceled,,,2025-02-03
7332216,464069,2026-01-12,Delivered,2026-01-13,2026-01-17,2026-01-18
9352348,324993,2025-02-18,Delivered,2025-02-19,2025-02-23,2025-02-22
5431975,940181,2024-12-10,Delivered,2024-12-12,2024-12-13,2024-12-13
5267384,825686,2024-03-30,Delivered,2024-03-31,2024-04-06,2024-04-05
9475945,697347,2024-09-30,Delivered,2024-10-02,2024-10-06,2024-10-06
7130836,822131,2025-01-06,Canceled,,,2025-01-10
8714836,225710,2025-07-16,Delivered,2025-07-18,2025-07-18,2025-07-18
7642785,943019,2025-09-22,Canceled,,,2025-09-25
7792285,462831,2025-05-16,Delivered,2025-05-17,2025-05-19,2025-05-20
8019138,857168,2024-03-23,Delivered,2024-03-24,2024-03-25,2024-03-26
8746762,771237,2024-07-16,Delivered,2024-07-18,2024-07-20,2024-07-20
9075929,587282,2025-08-05,Delivered,2025-08-06,2025-08-10,2025-08-10
7068624,900961,2026-02-27,Canceled,,,2026-03-06
7433644,559381,2026-01-23,Canceled,,,2026-01-26
6816939,818987,2025-11-14,Delivered,2025-11-17,2025-11-20,2025-11-19
6255599,338533,2025-05-02,Delivered,2025-05-04,2025-05-07,2025-05-06
9700986,355135,2026-05-13,Canceled,,,2026-05-15
6513907,626392,2024-12-03,Canceled,,,2024-12-09
6920063,273982,2025-09-21,Delivered,2025-09-24,2025-09-25,2025-09-26
5572872,906527,2024-08-06,Delivered,2024-08-08,2024-08-08,2024-08-09
6579030,201883,2025-02-03,Delivered,2025-02-04,2025-02-05,2025-02-05
6068659,869864,2025-06-05,Delivered,2025-06-08,2025-06-11,2025-06-11
5556087,916449,2025-07-01,Delivered,2025-07-02,2025-07-06,2025-07-06
9612027,612311,2026-05-10,Delivered,2026-05-13,2026-05-16,2026-05-16
7022031,167136,2024-04-05,Canceled,,,2024-04-12
8488761,725726,2024-04-27,Canceled,,,2024-05-03
8273461,255287,2025-06-25,Delivered,2025-06-28,2025-06-28,2025-06-28
9866629,399449,2024-04-25,Canceled,,,2024-05-02
7203142,571029,2024-01-21,Delivered,2024-01-23,2024-01-27,2024-01-27
9341361,770487,2024-12-06,Delivered,2024-12-07,2024-12-10,2024-12-10
7088478,656639,2025-05-31,Delivered,2025-06-02,2025-06-04,2025-06-04
8005869,410244,2025-04-12,Delivered,2025-04-13,2025-04-15,2025-04-15
9929329,480211,2025-01-13,Delivered,2025-01-16,2025-01-17,2025-01-17
9303063,914571,2024-12-14,Delivered,2024-12-15,2024-12-19,2024-12-20
5083316,855638,2025-08-21,Delivered,2025-08-24,2025-08-25,2025-08-25
9398751,130359,2025-12-08,Delivered,2025-12-10,2025-12-14,2025-12-14
7277832,259784,2025-06-24,Delivered,2025-06-25,2025-07-01,2025-07-01
8271913,504924,2024-09-20,Delivered,2024-09-22,2024-09-27,2024-09-27
9328082,493537,2026-02-24,Delivered,2026-02-25,2026-03-03,2026-03-02
9171239,413058,2025-09-15,Delivered,2025-09-17,2025-09-21,2025-09-21
6730691,223172,2025-11-25,Canceled,,,2025-11-28
6159383,994343,2024-11-23,Delivered,2024-11-25,2024-11-25,2024-11-25
9845502,544920,2026-02-06,Delivered,2026-02-07,2026-02-09,2026-02-09
8801345,664315,2024-07-29,Delivered,2024-07-30,2024-08-03,2024-08-03
7647778,470037,2025-07-23,Delivered,2025-07-24,2025-07-31,2025-07-29
9282175,203896,2025-07-02,Canceled,,,2025-07-05
7289056,965401,2026-02-27,Delivered,2026-03-01,2026-03-05,2026-03-05
7809371,192410,2025-01-12,Canceled,,,2025-01-19
8581865,897549,2025-12-06,Delivered,2025-12-07,2025-12-11,2025-12-11
6188456,874524,2025-11-22,Canceled,,,2025-11-29
8977761,745558,2024-05-21,Delivered,2024-05-22,2024-05-24,2024-05-24
5897822,225362,2025-11-03,Canceled,,,2025-11-06
6590133,409478,2026-03-07,Canceled,,,2026-03-13
8911103,728038,2024-12-10,Delivered,2024-12-13,2024-12-12,2024-12-12
5447382,623481,2025-10-19,Delivered,2025-10-22,2025-10-25,2025-10-25
6204902,822063,2024-04-03,Canceled,,,2024-04-09
7176180,924629,2024-12-30,Delivered,2025-01-01,2025-01-01,2025-01-01
7506997,437408,2025-10-29,Delivered,2025-10-30,2025-10-31,2025-10-31
8291464,811027,2025-11-08,Delivered,2025-11-09,2025-11-14,2025-11-14
9405873,153063,2025-09-27,Delivered,2025-09-29,2025-10-01,2025-09-29
7320386,567576,2025-04-20,Delivered,2025-04-23,2025-04-26,2025-04-27
7916656,651640,2024-02-19,Canceled,,,2024-02-25
9730875,843167,2025-09-24,Delivered,2025-09-26,2025-09-30,2025-09-30
9545011,950360,2025-05-19,Canceled,,,2025-05-26
5244148,703634,2024-02-22,Delivered,2024-02-25,2024-02-25,2024-02-25
5514091,862847,2025-10-31,Delivered,2025-11-01,2025-11-06,2025-11-06
8184332,502219,2024-12-16,Delivered,2024-12-18,2024-12-22,2024-12-22
8349003,167136,2024-08-31,Delivered,2024-09-03,2024-09-05,2024-09-05
5235691,835392,2025-01-08,Canceled,,,2025-01-14
9812287,256294,2024-10-30,Delivered,2024-11-01,2024-11-05,2024-11-05
7490714,425138,2025-10-18,Delivered,2025-10-20,2025-10-21,2025-10-22
8920592,276299,2024-04-18,Canceled,,,2024-04-21
9399472,172792,2025-02-08,Delivered,2025-02-09,2025-02-10,2025-02-10
6664606,995916,2025-06-09,Delivered,2025-06-10,2025-06-13,2025-06-13
5458495,534303,2025-08-20,Delivered,2025-08-22,2025-08-22,2025-08-22
8495303,525942,2026-01-01,Delivered,2026-01-03,2026-01-04,2026-01-04
6233497,444519,2025-07-24,Delivered,2025-07-26,2025-07-26,2025-07-26
8570932,481913,2024-10-14,Canceled,,,2024-10-17
7441208,589131,2024-07-21,Delivered,2024-07-24,2024-07-23,2024-07-24
8401435,944657,2024-02-29,Delivered,2024-03-03,2024-03-06,2024-03-06
7781649,958729,2025-04-23,Delivered,2025-04-26,2025-04-27,2025-04-27
9211387,825391,2025-11-02,Delivered,2025-11-04,2025-11-04,2025-11-04
9462048,632323,2026-02-19,Canceled,,,2026-02-21
9749631,783414,2025-04-17,Delivered,2025-04-19,2025-04-21,2025-04-21
9951412,883826,2024-12-17,Canceled,,,2024-12-24
9642169,799539,2024-06-30,Delivered,2024-07-03,2024-07-07,2024-07-05
9191785,656968,2024-04-07,Delivered,2024-04-10,2024-04-12,2024-04-12
6488519,704788,2025-04-04,Canceled,,,2025-04-06
7244719,789606,2024-02-28,Delivered,2024-03-01,2024-03-02,2024-03-02
7247418,410000,2024-01-22,Canceled,,,2024-01-26
7521026,358175,2025-12-25,Delivered,2025-12-27,2025-12-28,2025-12-28
8261826,349489,2025-07-09,Delivered,2025-07-10,2025-07-14,2025-07-15
7034368,500422,2025-04-23,Delivered,2025-04-24,2025-04-26,2025-04-25
5688761,648913,2026-01-15,Delivered,2026-01-17,2026-01-17,2026-01-17
6193775,462147,2026-01-31,Canceled,,,2026-02-02
9445312,751051,2024-09-29,Canceled,,,2024-10-02
7350065,449218,2025-06-30,Delivered,2025-07-03,2025-07-04,2025-07-04
6172652,785197,2024-09-12,Delivered,2024-09-14,2024-09-18,2024-09-17
5359694,483366,2025-05-30,Delivered,2025-06-02,2025-06-01,2025-06-01
9858841,751332,2025-11-17,Delivered,2025-11-19,2025-11-24,2025-11-24
6449189,794083,2025-02-24,Delivered,2025-02-26,2025-03-01,2025-03-01
8846444,119116,2024-03-26,Canceled,,,2024-03-31
7564525,246413,2025-06-06,Delivered,2025-06-07,2025-06-13,2025-06-13
9914965,224205,2024-09-09,Delivered,2024-09-12,2024-09-16,2024-09-16
7060803,500422,2025-11-21,Canceled,,,2025-11-24
9757350,524707,2026-04-05,Delivered,2026-04-07,2026-04-07,2026-04-07
5371506,647091,2026-03-04,Canceled,,,2026-03-10
9939978,968524,2024-06-23,Delivered,2024-06-26,2024-06-29,2024-06-29
9325777,970127,2026-05-06,Delivered,2026-05-08,2026-05-12,2026-05-13
5772156,114835,2024-02-08,Canceled,,,2024-02-12
5670935,778998,2025-01-03,Delivered,2025-01-04,2025-01-07,2025-01-07
6201574,609253,2025-06-19,Canceled,,,2025-06-25
6160883,717476,2025-03-12,Delivered,2025-03-15,2025-03-18,2025-03-18
5319276,577463,2025-07-02,Delivered,2025-07-04,2025-07-07,2025-07-07
6523950,811256,2026-02-22,Canceled,,,2026-02-27
5620649,674485,2025-08-17,Delivered,2025-08-18,2025-08-19,2025-08-19
7862480,112861,2024-12-19,Delivered,2024-12-22,2024-12-26,2024-12-26
5808210,656379,2024-08-11,Delivered,2024-08-12,2024-08-14,2024-08-14
6161673,272655,2024-12-07,Canceled,,,2024-12-11
9259814,418862,2025-09-15,Canceled,,,2025-09-22
7969195,708519,2024-11-15,Canceled,,,2024-11-20
5656543,833723,2025-09-07,Canceled,,,2025-09-09
6763389,631699,2024-11-09,Delivered,2024-11-10,2024-11-12,2024-11-12
8215202,184002,2024-06-13,Delivered,2024-06-14,2024-06-17,2024-06-17
9275070,520172,2025-09-19,Delivered,2025-09-21,2025-09-22,2025-09-22
7339482,106182,2024-08-13,Canceled,,,2024-08-15
5268843,134225,2025-12-25,Delivered,2025-12-27,2025-12-29,2025-12-29
7723830,270555,2024-05-28,Delivered,2024-05-31,2024-06-04,2024-06-04
7438194,474440,2025-05-09,Canceled,,,2025-05-15
5907430,761820,2024-11-28,Delivered,2024-12-01,2024-12-04,2024-12-04
8252316,731262,2026-01-16,Canceled,,,2026-01-22
7784279,489518,2025-03-20,Canceled,,,2025-03-27
6385547,795928,2024-04-27,Delivered,2024-04-29,2024-05-03,2024-05-03
6928788,618934,2025-08-22,Canceled,,,2025-08-28
9098295,745239,2025-12-15,Delivered,2025-12-18,2025-12-17,2025-12-17
5065856,386488,2025-11-01,Delivered,2025-11-04,2025-11-03,2025-11-03
5010256,173372,2025-06-30,Delivered,2025-07-03,2025-07-06,2025-07-07
9508248,391476,2024-07-08,Canceled,,,2024-07-12
8791840,632401,2024-01-20,Delivered,2024-01-21,2024-01-22,2024-01-22
9178858,443897,2025-06-14,Delivered,2025-06-16,2025-06-16,2025-06-16
8993861,274389,2024-04-13,Canceled,,,2024-04-17
8118792,274739,2025-08-15,Delivered,2025-08-16,2025-08-18,2025-08-18
5648502,510997,2025-02-05,Delivered,2025-02-07,2025-02-07,2025-02-07
5452517,592972,2025-05-24,Delivered,2025-05-25,2025-05-31,2025-05-31
5387897,509420,2026-03-18,Canceled,,,2026-03-23
6725050,270395,2025-02-22,Canceled,,,2025-02-26
6475601,163156,2025-12-06,Delivered,2025-12-07,2025-12-08,2025-12-08
6328948,851759,2024-05-13,Delivered,2024-05-16,2024-05-16,2024-05-16
8614748,810687,2025-12-22,Delivered,2025-12-23,2025-12-26,2025-12-26
5223002,947903,2025-12-28,Delivered,2025-12-31,2026-01-02,2026-01-02
8991386,532322,2024-06-09,Delivered,2024-06-10,2024-06-15,2024-06-16
7029375,763686,2024-05-24,Delivered,2024-05-25,2024-05-27,2024-05-28
7407019,217308,2025-06-27,Delivered,2025-06-28,2025-07-01,2025-07-01
8894781,745558,2025-06-24,Canceled,,,2025-06-30
9273805,813328,2024-02-23,Delivered,2024-02-26,2024-02-28,2024-02-29
7406979,250551,2026-02-07,Delivered,2026-02-08,2026-02-10,2026-02-09
7011872,256294,2024-05-14,Delivered,2024-05-15,2024-05-19,2024-05-19
6348590,194689,2025-08-15,Delivered,2025-08-18,2025-08-17,2025-08-17
8574849,248298,2025-04-28,Canceled,,,2025-05-03
8923375,364525,2026-04-21,Canceled,,,2026-04-26
7152399,837135,2024-03-26,Canceled,,,2024-03-30
9462214,872246,2025-09-08,Delivered,2025-09-10,2025-09-10,2025-09-10
7596919,263137,2024-01-29,Canceled,,,2024-01-31
8541769,585188,2025-10-13,Canceled,,,2025-10-18
7283086,219346,2025-07-03,Delivered,2025-07-06,2025-07-07,2025-07-07
6839099,539122,2024-03-30,Canceled,,,2024-04-01
5651185,926918,2024-08-12,Delivered,2024-08-13,2024-08-15,2024-08-15
5518960,587282,2026-01-14,Canceled,,,2026-01-17
6752058,413685,2026-04-13,Delivered,2026-04-16,2026-04-19,2026-04-19
6177152,713799,2024-04-19,Delivered,2024-04-21,2024-04-24,2024-04-25
6830977,332823,2025-12-27,Delivered,2025-12-30,2025-12-29,2025-12-29
6945747,355836,2024-03-05,Delivered,2024-03-07,2024-03-09,2024-03-09
9569768,176819,2025-05-03,Delivered,2025-05-04,2025-05-05,2025-05-06
7969426,236435,2026-02-23,Delivered,2026-02-25,2026-02-27,2026-02-27
7160410,551574,2024-11-04,Delivered,2024-11-05,2024-11-08,2024-11-08
7035966,478120,2025-08-26,Delivered,2025-08-29,2025-08-28,2025-08-28
8746273,451470,2025-11-22,Delivered,2025-11-25,2025-11-26,2025-11-27
8646271,811332,2024-10-02,Delivered,2024-10-04,2024-10-04,2024-10-04
9035797,129751,2024-07-02,Canceled,,,2024-07-07
6980720,979995,2024-08-25,Canceled,,,2024-09-01
5462423,349565,2025-10-06,Canceled,,,2025-10-09
7982358,754644,2025-07-20,Delivered,2025-07-22,2025-07-24,2025-07-24
9596801,834549,2025-10-12,Delivered,2025-10-15,2025-10-15,2025-10-15
7876070,596564,2024-03-12,Delivered,2024-03-14,2024-03-15,2024-03-16
9513590,635280,2024-09-17,Delivered,2024-09-18,2024-09-21,2024-09-19
6459804,640970,2024-10-02,Delivered,2024-10-03,2024-10-07,2024-10-07
5647247,900177,2025-06-18,Canceled,,,2025-06-25
8546931,655178,2025-10-31,Delivered,2025-11-03,2025-11-05,2025-11-05
7328867,479404,2024-03-30,Canceled,,,2024-04-03
7862842,720644,2026-03-31,Canceled,,,2026-04-02
8519571,961322,2024-09-15,Delivered,2024-09-16,2024-09-19,2024-09-18
9576214,561239,2024-10-05,Delivered,2024-10-06,2024-10-07,2024-10-07
6245868,929924,2024-01-22,Delivered,2024-01-25,2024-01-25,2024-01-25
6162628,307963,2026-02-20,Canceled,,,2026-02-24
7276964,884897,2025-07-03,Canceled,,,2025-07-09
6728332,360330,2025-05-20,Delivered,2025-05-23,2025-05-22,2025-05-23
5781602,364525,2024-01-08,Canceled,,,2024-01-14
6142453,529322,2026-01-19,Delivered,2026-01-21,2026-01-23,2026-01-23
5670496,560485,2025-04-08,Delivered,2025-04-10,2025-04-15,2025-04-14
6252050,301158,2025-07-22,Delivered,2025-07-24,2025-07-31,2025-07-29
7983938,827369,2024-03-27,Delivered,2024-03-29,2024-04-02,2024-04-03
8067624,891615,2024-02-23,Delivered,2024-02-26,2024-02-29,2024-02-27
9206120,598733,2025-05-03,Delivered,2025-05-04,2025-05-05,2025-05-05
9209572,755900,2024-04-15,Delivered,2024-04-17,2024-04-17,2024-04-17
9359550,206053,2024-12-01,Delivered,2024-12-03,2024-12-08,2024-12-08
6639545,825686,2025-02-03,Delivered,2025-02-06,2025-02-08,2025-02-08
6412654,338536,2025-04-03,Delivered,2025-04-06,2025-04-10,2025-04-10
6728075,214975,2024-10-31,Delivered,2024-11-02,2024-11-04,2024-11-05
5175828,400850,2026-03-02,Delivered,2026-03-03,2026-03-09,2026-03-09
9002925,938141,2024-01-10,Delivered,2024-01-13,2024-01-12,2024-01-12
9558841,452944,2025-01-24,Delivered,2025-01-27,2025-01-29,2025-01-29
6002333,434002,2025-02-05,Canceled,,,2025-02-08
7241728,986593,2026-03-08,Canceled,,,2026-03-10
5931704,588557,2024-07-28,Delivered,2024-07-30,2024-07-30,2024-07-31
6070441,161324,2024-10-15,Delivered,2024-10-18,2024-10-17,2024-10-17
7766965,808011,2026-04-14,Delivered,2026-04-16,2026-04-20,2026-04-19
8920568,843788,2024-09-08,Canceled,,,2024-09-11
5173958,794769,2024-08-19,Canceled,,,2024-08-25
8460829,295085,2025-01-11,Delivered,2025-01-14,2025-01-15,2025-01-14
8779337,576086,2025-01-05,Delivered,2025-01-08,2025-01-07,2025-01-08
5490682,819796,2024-12-23,Delivered,2024-12-25,2024-12-31,2024-12-30
8835839,973835,2025-11-06,Delivered,2025-11-07,2025-11-08,2025-11-08
9179362,343467,2025-01-24,Canceled,,,2025-01-31
6564135,468154,2024-12-01,Delivered,2024-12-03,2024-12-03,2024-12-03
7517669,605254,2024-09-01,Delivered,2024-09-04,2024-09-07,2024-09-08
7127835,664315,2024-11-07,Delivered,2024-11-08,2024-11-14,2024-11-14
7881871,638169,2025-01-14,Delivered,2025-01-16,2025-01-17,2025-01-18
7520308,329258,2024-06-09,Canceled,,,2024-06-14
8933388,171849,2026-03-22,Delivered,2026-03-23,2026-03-30,2026-03-29
7733678,803055,2024-11-24,Canceled,,,2024-12-01
8675132,926952,2025-06-12,Delivered,2025-06-14,2025-06-14,2025-06-14
5582174,797660,2024-08-06,Canceled,,,2024-08-08
5864895,195325,2024-10-09,Delivered,2024-10-11,2024-10-12,2024-10-13
6934059,177649,2026-04-30,Delivered,2026-05-01,2026-05-06,2026-05-06
5924222,367729,2024-08-14,Canceled,,,2024-08-19
8136195,608257,2024-03-16,Delivered,2024-03-17,2024-03-19,2024-03-19
8483082,515011,2025-12-08,Delivered,2025-12-10,2025-12-11,2025-12-12
9415993,837715,2025-11-05,Delivered,2025-11-07,2025-11-07,2025-11-07
9080756,216970,2025-04-09,Delivered,2025-04-11,2025-04-16,2025-04-16
6769075,357420,2026-02-12,Delivered,2026-02-13,2026-02-13,2026-02-14
5982442,988662,2024-04-26,Delivered,2024-04-29,2024-05-02,2024-05-02
5348064,975686,2025-08-08,Delivered,2025-08-09,2025-08-09,2025-08-10
6094859,571435,2024-12-09,Delivered,2024-12-12,2024-12-15,2024-12-16
7503853,583863,2025-07-01,Delivered,2025-07-04,2025-07-03,2025-07-03
6319641,678727,2025-03-24,Delivered,2025-03-26,2025-03-31,2025-03-31
8248103,946305,2025-06-02,Canceled,,,2025-06-07
7480293,955015,2025-08-24,Delivered,2025-08-25,2025-08-30,2025-08-30
7661648,268637,2024-10-31,Delivered,2024-11-03,2024-11-07,2024-11-05
8600840,498658,2025-10-08,Delivered,2025-10-11,2025-10-13,2025-10-13
6936366,722656,2026-01-26,Delivered,2026-01-27,2026-01-28,2026-01-28
9797370,583863,2025-08-09,Delivered,2025-08-10,2025-08-11,2025-08-11
7346774,801364,2024-08-08,Delivered,2024-08-10,2024-08-14,2024-08-14
8585495,920652,2025-10-05,Delivered,2025-10-06,2025-10-10,2025-10-10
9431879,249715,2024-06-07,Delivered,2024-06-10,2024-06-10,2024-06-10
7405128,253557,2026-03-10,Delivered,2026-03-13,2026-03-17,2026-03-17
8113699,492127,2024-03-31,Canceled,,,2024-04-06
9307962,644559,2025-11-12,Delivered,2025-11-14,2025-11-19,2025-11-19
6792860,122056,2025-03-28,Delivered,2025-03-29,2025-03-30,2025-03-30
5835050,383201,2025-12-12,Delivered,2025-12-15,2025-12-19,2025-12-19
5105365,584714,2025-12-22,Delivered,2025-12-25,2025-12-25,2025-12-25
9802808,237795,2025-12-24,Delivered,2025-12-27,2025-12-26,2025-12-26
5122162,129556,2026-01-05,Delivered,2026-01-08,2026-01-08,2026-01-07
6613768,841666,2024-09-11,Delivered,2024-09-14,2024-09-18,2024-09-17
7904100,106182,2024-08-07,Delivered,2024-08-10,2024-08-12,2024-08-12
9653909,982554,2024-09-14,Delivered,2024-09-15,2024-09-18,2024-09-18
7893740,364525,2026-04-12,Delivered,2026-04-14,2026-04-21,2026-04-19
9223033,282256,2026-04-20,Canceled,,,2026-04-24
8994927,982554,2026-04-09,Delivered,2026-04-10,2026-04-12,2026-04-13
6134485,517500,2024-04-12,Delivered,2024-04-13,2024-04-19,2024-04-19
8171005,493124,2025-07-16,Delivered,2025-07-17,2025-07-19,2025-07-19
6597227,282973,2025-02-13,Canceled,,,2025-02-15
6572406,147440,2025-04-01,Canceled,,,2025-04-04
8972375,431535,2026-01-21,Delivered,2026-01-24,2026-01-28,2026-01-28
7935783,624902,2025-11-28,Delivered,2025-11-29,2025-12-03,2025-12-03
5289114,437758,2026-04-18,Delivered,2026-04-19,2026-04-25,2026-04-25
6571307,274739,2025-10-09,Delivered,2025-10-10,2025-10-14,2025-10-14
9117764,776856,2024-01-19,Delivered,2024-01-21,2024-01-21,2024-01-22
5595131,340062,2024-12-14,Canceled,,,2024-12-20
6296996,682765,2025-09-11,Canceled,,,2025-09-17
8262071,290305,2025-05-08,Canceled,,,2025-05-14
7564360,663054,2024-05-02,Delivered,2024-05-04,2024-05-09,2024-05-07
6545669,793169,2025-09-26,Delivered,2025-09-29,2025-09-30,2025-09-29
5926465,177449,2026-03-26,Delivered,2026-03-27,2026-04-02,2026-04-02
5056168,525942,2025-08-05,Canceled,,,2025-08-10
6451174,775981,2024-12-06,Delivered,2024-12-07,2024-12-13,2024-12-13
6974104,913875,2025-10-31,Canceled,,,2025-11-05
9612010,350280,2024-08-08,Delivered,2024-08-09,2024-08-13,2024-08-13
8681455,996865,2026-01-01,Canceled,,,2026-01-04
6362081,769987,2025-04-21,Delivered,2025-04-24,2025-04-26,2025-04-26
9330991,675898,2026-03-23,Delivered,2026-03-25,2026-03-30,2026-03-30
9591518,943671,2025-09-25,Delivered,2025-09-28,2025-09-28,2025-09-28
5260137,838237,2026-03-19,Delivered,2026-03-22,2026-03-22,2026-03-22
9098797,359961,2025-01-23,Delivered,2025-01-24,2025-01-28,2025-01-28
7092267,669827,2024-06-10,Canceled,,,2024-06-14
8646519,239816,2025-02-17,Delivered,2025-02-19,2025-02-20,2025-02-20
8474413,697347,2024-05-18,Delivered,2024-05-20,2024-05-22,2024-05-22
7580037,912270,2026-04-02,Delivered,2026-04-03,2026-04-10,2026-04-08
9774018,174441,2025-11-03,Delivered,2025-11-05,2025-11-10,2025-11-10
9140911,793169,2025-12-13,Delivered,2025-12-14,2025-12-18,2025-12-18
5351117,617781,2025-08-01,Delivered,2025-08-04,2025-08-06,2025-08-07
8177266,571932,2025-01-31,Canceled,,,2025-02-03
7624765,566732,2024-07-19,Delivered,2024-07-22,2024-07-22,2024-07-22
9855414,640490,2024-04-04,Delivered,2024-04-07,2024-04-11,2024-04-11
5022157,825686,2026-04-15,Delivered,2026-04-16,2026-04-21,2026-04-21
5981467,884256,2025-08-24,Delivered,2025-08-25,2025-08-30,2025-08-30
9724463,483366,2024-11-14,Canceled,,,2024-11-16
8394802,916232,2026-01-12,Canceled,,,2026-01-17
7240576,696251,2025-01-15,Canceled,,,2025-01-21
6850775,176066,2025-11-11,Delivered,2025-11-12,2025-11-17,2025-11-17
7010601,600935,2024-11-09,Delivered,2024-11-10,2024-11-17,2024-11-16
7898198,690996,2025-08-31,Delivered,2025-09-01,2025-09-06,2025-09-06
8473282,997004,2024-11-30,Delivered,2024-12-03,2024-12-02,2024-12-02
6204151,243901,2024-10-27,Delivered,2024-10-29,2024-10-30,2024-10-30
6584662,227253,2025-11-07,Delivered,2025-11-10,2025-11-14,2025-11-14
9875045,543973,2025-03-13,Delivered,2025-03-16,2025-03-20,2025-03-20
7796009,266457,2024-12-27,Delivered,2024-12-30,2024-12-31,2024-12-31
5223303,232361,2026-02-11,Delivered,2026-02-14,2026-02-16,2026-02-16
6444202,254739,2025-07-28,Delivered,2025-07-31,2025-08-01,2025-08-02
5613573,777278,2026-01-23,Delivered,2026-01-26,2026-01-29,2026-01-29
5648499,335445,2024-05-22,Canceled,,,2024-05-27
6012741,598369,2024-03-22,Canceled,,,2024-03-28
9267917,336574,2025-04-16,Canceled,,,2025-04-22
8955987,303322,2026-01-22,Delivered,2026-01-23,2026-01-30,2026-01-28
5045044,908577,2025-02-03,Canceled,,,2025-02-10
5370380,660069,2025-11-28,Delivered,2025-11-30,2025-11-30,2025-11-30
5034594,981334,2025-07-15,Delivered,2025-07-16,2025-07-18,2025-07-18
5336286,429795,2026-03-19,Canceled,,,2026-03-25
9509567,161733,2025-01-16,Canceled,,,2025-01-18
6174442,386488,2024-11-28,Delivered,2024-11-30,2024-12-04,2024-12-05
6499726,864544,2026-05-13,Delivered,2026-05-14,2026-05-18,2026-05-18
6072303,891638,2024-03-05,Delivered,2024-03-07,2024-03-10,2024-03-10
5461867,987025,2024-07-03,Delivered,2024-07-06,2024-07-10,2024-07-10
8011043,814220,2026-05-11,Delivered,2026-05-14,2026-05-15,2026-05-15
6977944,794963,2025-01-21,Delivered,2025-01-23,2025-01-26,2025-01-26
6101063,930117,2025-08-30,Canceled,,,2025-09-02
6399308,178686,2025-07-25,Delivered,2025-07-26,2025-08-01,2025-08-01
5356640,595404,2025-01-06,Delivered,2025-01-08,2025-01-11,2025-01-11
9544882,174441,2024-12-19,Canceled,,,2024-12-26
9919393,855855,2025-02-10,Delivered,2025-02-11,2025-02-14,2025-02-14
6971631,503159,2024-04-21,Delivered,2024-04-24,2024-04-26,2024-04-26
9830675,770556,2026-03-15,Canceled,,,2026-03-21
8014530,483542,2024-05-08,Delivered,2024-05-09,2024-05-10,2024-05-10
8216872,647091,2025-03-06,Delivered,2025-03-07,2025-03-09,2025-03-09
5413539,539122,2025-12-12,Canceled,,,2025-12-14
9438723,603787,2025-02-09,Canceled,,,2025-02-13
9791970,538997,2024-05-22,Delivered,2024-05-25,2024-05-27,2024-05-27
9432026,350132,2024-01-22,Canceled,,,2024-01-29
5254343,201414,2024-03-12,Delivered,2024-03-14,2024-03-18,2024-03-18
7444992,867460,2025-11-04,Delivered,2025-11-07,2025-11-08,2025-11-08
8562369,728038,2026-01-25,Canceled,,,2026-01-27
8212604,516791,2024-09-05,Delivered,2024-09-07,2024-09-12,2024-09-12
5594618,416950,2026-03-17,Canceled,,,2026-03-21
8749578,724834,2024-09-13,Delivered,2024-09-16,2024-09-20,2024-09-20
5977575,790855,2025-08-17,Delivered,2025-08-18,2025-08-19,2025-08-19
5130094,297816,2025-02-08,Canceled,,,2025-02-12
5773088,262471,2024-03-11,Delivered,2024-03-12,2024-03-18,2024-03-18
7399213,503906,2024-11-02,Delivered,2024-11-05,2024-11-04,2024-11-04
8944016,789275,2024-02-08,Delivered,2024-02-11,2024-02-12,2024-02-12
9500825,207786,2024-03-07,Canceled,,,2024-03-10
6521285,898975,2026-01-25,Delivered,2026-01-28,2026-01-28,2026-01-27
7210909,374680,2025-02-06,Delivered,2025-02-07,2025-02-13,2025-02-13
8907295,637234,2025-08-14,Canceled,,,2025-08-16
7956528,587192,2024-10-13,Delivered,2024-10-14,2024-10-17,2024-10-17
9741746,377501,2024-09-16,Delivered,2024-09-18,2024-09-22,2024-09-22
5835695,698782,2024-09-28,Delivered,2024-10-01,2024-10-02,2024-10-01
6021526,538446,2025-01-01,Canceled,,,2025-01-06
9086000,201883,2025-10-17,Delivered,2025-10-20,2025-10-23,2025-10-23
6606031,437758,2026-02-07,Canceled,,,2026-02-10
9762450,234628,2024-02-22,Canceled,,,2024-02-25
5368936,206851,2026-01-23,Delivered,2026-01-26,2026-01-30,2026-01-28
8289733,866536,2025-05-10,Delivered,2025-05-12,2025-05-14,2025-05-14
8512430,996840,2024-11-27,Canceled,,,2024-12-02
7719546,755674,2024-12-05,Delivered,2024-12-06,2024-12-13,2024-12-12
5488957,273148,2025-10-16,Delivered,2025-10-18,2025-10-24,2025-10-23
8379692,440140,2025-08-28,Canceled,,,2025-09-01
9319271,688967,2025-08-28,Delivered,2025-08-31,2025-09-02,2025-09-02
9453118,821024,2025-04-03,Delivered,2025-04-06,2025-04-08,2025-04-08
9216606,977330,2025-12-30,Delivered,2026-01-02,2026-01-03,2026-01-03
8062399,374896,2025-01-24,Canceled,,,2025-01-28
8875941,854377,2024-02-27,Delivered,2024-03-01,2024-03-01,2024-03-01
8603818,514850,2025-07-06,Delivered,2025-07-07,2025-07-10,2025-07-11
5324893,317881,2026-05-08,Delivered,2026-05-11,2026-05-14,2026-05-15
6533514,119927,2025-03-31,Canceled,,,2025-04-02
8899398,494468,2025-02-21,Delivered,2025-02-22,2025-02-24,2025-02-24
6651329,766549,2024-07-06,Delivered,2024-07-08,2024-07-12,2024-07-12
6016021,653408,2025-08-09,Delivered,2025-08-12,2025-08-12,2025-08-12
8562786,154944,2024-07-06,Delivered,2024-07-07,2024-07-09,2024-07-09
5166909,177060,2025-05-20,Delivered,2025-05-23,2025-05-29,2025-05-27
7001726,393308,2024-12-31,Canceled,,,2025-01-04
7922468,859782,2024-06-18,Delivered,2024-06-19,2024-06-23,2024-06-23
5446294,461888,2024-11-16,Delivered,2024-11-17,2024-11-20,2024-11-20
6289577,839485,2024-11-20,Delivered,2024-11-23,2024-11-27,2024-11-27
7561653,308727,2025-08-05,Delivered,2025-08-08,2025-08-07,2025-08-07
7854398,889359,2024-04-08,Canceled,,,2024-04-14
5130945,629996,2025-01-27,Delivered,2025-01-28,2025-01-28,2025-01-29
8304445,952686,2024-03-02,Delivered,2024-03-03,2024-03-06,2024-03-06
6671375,560959,2024-05-23,Delivered,2024-05-25,2024-05-30,2024-05-30
6062366,720556,2025-07-27,Delivered,2025-07-28,2025-08-02,2025-08-03
8884069,899444,2024-04-21,Delivered,2024-04-24,2024-04-26,2024-04-26
5510025,182627,2024-08-04,Canceled,,,2024-08-09
7931578,877747,2024-01-19,Delivered,2024-01-22,2024-01-23,2024-01-23
6295897,493537,2025-06-09,Delivered,2025-06-10,2025-06-17,2025-06-16
7310093,648177,2026-01-06,Delivered,2026-01-09,2026-01-11,2026-01-10
5738326,753534,2025-07-02,Delivered,2025-07-03,2025-07-04,2025-07-05
8585837,483366,2024-04-01,Delivered,2024-04-03,2024-04-03,2024-04-03
7157241,393243,2025-09-07,Delivered,2025-09-08,2025-09-09,2025-09-09
7633727,711868,2025-05-05,Delivered,2025-05-08,2025-05-08,2025-05-09
8617754,234001,2025-05-04,Delivered,2025-05-06,2025-05-10,2025-05-10
7514740,172792,2025-01-18,Delivered,2025-01-19,2025-01-21,2025-01-21
8201023,876039,2026-03-30,Delivered,2026-03-31,2026-04-04,2026-04-04
9503506,282973,2026-05-09,Delivered,2026-05-11,2026-05-15,2026-05-15
8487003,862712,2025-02-03,Delivered,2025-02-06,2025-02-05,2025-02-05
8178416,172792,2026-01-19,Delivered,2026-01-20,2026-01-24,2026-01-23
8915878,760356,2025-12-18,Delivered,2025-12-19,2025-12-21,2025-12-21
8326499,748564,2025-09-20,Delivered,2025-09-22,2025-09-25,2025-09-25
7133569,479625,2025-03-12,Canceled,,,2025-03-14
8453883,776502,2025-04-30,Delivered,2025-05-02,2025-05-04,2025-05-05
6007525,735710,2024-01-11,Canceled,,,2024-01-14
7332477,778748,2024-07-29,Delivered,2024-08-01,2024-08-04,2024-08-04
6391030,973074,2024-03-26,Canceled,,,2024-04-01
9236476,194682,2025-05-03,Delivered,2025-05-05,2025-05-05,2025-05-05
7558633,723398,2025-12-10,Canceled,,,2025-12-17
5070118,760021,2024-12-19,Delivered,2024-12-21,2024-12-25,2024-12-25
5145512,972335,2024-04-27,Delivered,2024-04-29,2024-04-30,2024-05-01
5042338,694799,2025-02-11,Canceled,,,2025-02-18
5113359,171603,2024-12-18,Delivered,2024-12-21,2024-12-21,2024-12-21
5920567,101640,2025-08-04,Canceled,,,2025-08-08
6776099,217308,2024-08-17,Delivered,2024-08-18,2024-08-22,2024-08-23
8721181,526170,2026-03-10,Canceled,,,2026-03-16
7206978,260891,2025-07-23,Canceled,,,2025-07-25
6605285,656116,2024-03-09,Delivered,2024-03-12,2024-03-12,2024-03-12
8752614,107540,2025-02-11,Delivered,2025-02-13,2025-02-17,2025-02-17
9283051,905819,2026-01-26,Canceled,,,2026-02-02
7275165,405407,2025-03-09,Canceled,,,2025-03-11
9102902,221263,2024-10-17,Canceled,,,2024-10-23
5818903,446859,2025-08-10,Canceled,,,2025-08-17
5144634,920652,2024-07-20,Delivered,2024-07-21,2024-07-25,2024-07-25
8982093,956572,2024-12-11,Delivered,2024-12-13,2024-12-13,2024-12-13
7015372,160144,2024-02-10,Delivered,2024-02-12,2024-02-14,2024-02-14
9258396,905819,2024-10-09,Delivered,2024-10-10,2024-10-12,2024-10-12
6495621,397949,2026-03-30,Delivered,2026-04-02,2026-04-05,2026-04-05
6597839,416768,2025-09-26,Delivered,2025-09-29,2025-09-30,2025-09-30
6513666,528231,2024-09-23,Canceled,,,2024-09-29
6235390,796212,2026-05-01,Delivered,2026-05-04,2026-05-07,2026-05-07
7727295,946721,2025-09-04,Canceled,,,2025-09-06
9548202,424314,2025-08-14,Delivered,2025-08-17,2025-08-20,2025-08-21
6870807,773540,2025-06-18,Delivered,2025-06-19,2025-06-21,2025-06-21
6872365,299448,2024-04-02,Delivered,2024-04-03,2024-04-09,2024-04-09
9033920,262316,2024-11-20,Delivered,2024-11-21,2024-11-23,2024-11-23
8586117,806707,2025-12-09,Delivered,2025-12-11,2025-12-15,2025-12-15
6379375,587115,2025-03-24,Canceled,,,2025-03-31
6185191,429445,2024-12-21,Delivered,2024-12-24,2024-12-27,2024-12-27
6753864,820221,2025-11-07,Delivered,2025-11-10,2025-11-11,2025-11-11
6973938,935457,2024-08-05,Delivered,2024-08-08,2024-08-11,2024-08-11
7252936,138780,2024-02-20,Delivered,2024-02-22,2024-02-22,2024-02-22
7764067,795928,2025-12-08,Delivered,2025-12-09,2025-12-12,2025-12-10
5372482,514991,2024-10-06,Delivered,2024-10-07,2024-10-09,2024-10-09
5969774,267753,2025-10-29,Delivered,2025-10-30,2025-10-31,2025-10-31
7871519,950155,2024-04-01,Delivered,2024-04-04,2024-04-04,2024-04-04
7314778,711680,2024-05-22,Delivered,2024-05-23,2024-05-27,2024-05-27
5994959,856157,2025-10-03,Delivered,2025-10-06,2025-10-09,2025-10-09
8948642,843266,2026-04-01,Delivered,2026-04-04,2026-04-08,2026-04-08
9142391,457256,2025-04-07,Delivered,2025-04-08,2025-04-12,2025-04-12
8396287,605612,2026-03-13,Canceled,,,2026-03-17
8096050,510997,2024-02-06,Canceled,,,2024-02-11
8874024,785743,2024-09-05,Canceled,,,2024-09-08
9521473,651613,2025-10-06,Delivered,2025-10-09,2025-10-12,2025-10-12
8536129,189814,2024-08-20,Delivered,2024-08-21,2024-08-23,2024-08-24
8666576,880841,2026-02-26,Delivered,2026-03-01,2026-03-03,2026-03-03
5658565,482554,2024-02-05,Canceled,,,2024-02-11
5354837,196126,2024-02-25,Delivered,2024-02-26,2024-02-29,2024-02-29
5423315,540869,2024-06-21,Canceled,,,2024-06-27
5299805,154909,2024-01-09,Delivered,2024-01-12,2024-01-11,2024-01-11
5159367,823846,2025-12-30,Canceled,,,2026-01-02
7948566,215266,2024-03-24,Delivered,2024-03-26,2024-03-30,2024-03-30
5723821,799287,2024-03-26,Delivered,2024-03-28,2024-03-30,2024-03-30
6028285,415568,2024-08-25,Delivered,2024-08-27,2024-08-27,2024-08-27
9443201,246413,2024-05-17,Delivered,2024-05-18,2024-05-21,2024-05-21
8197852,440140,2025-11-27,Delivered,2025-11-30,2025-11-30,2025-11-30
6364649,265840,2025-07-21,Delivered,2025-07-23,2025-07-23,2025-07-24
7249237,916118,2025-05-24,Delivered,2025-05-27,2025-05-30,2025-05-30
9190761,656251,2024-03-21,Delivered,2024-03-23,2024-03-23,2024-03-23
7002642,322086,2026-03-02,Delivered,2026-03-03,2026-03-05,2026-03-04
6805619,106402,2025-06-08,Delivered,2025-06-10,2025-06-11,2025-06-10
6729007,535037,2025-05-22,Delivered,2025-05-24,2025-05-25,2025-05-25
7528160,749840,2025-12-21,Delivered,2025-12-24,2025-12-26,2025-12-26
9263105,802685,2025-10-08,Delivered,2025-10-09,2025-10-11,2025-10-11
9847758,943776,2026-02-14,Delivered,2026-02-17,2026-02-20,2026-02-20
5715061,987204,2025-02-17,Delivered,2025-02-18,2025-02-20,2025-02-21
7392196,480959,2024-06-04,Delivered,2024-06-06,2024-06-10,2024-06-10
5470537,893435,2025-08-19,Delivered,2025-08-22,2025-08-25,2025-08-25
6077052,606680,2025-09-15,Delivered,2025-09-18,2025-09-24,2025-09-22
8311489,262029,2025-08-14,Delivered,2025-08-17,2025-08-20,2025-08-20
8262427,385470,2025-10-27,Delivered,2025-10-29,2025-11-01,2025-11-01
6889892,983456,2025-10-27,Delivered,2025-10-28,2025-10-29,2025-10-29
5723057,450905,2025-09-11,Delivered,2025-09-12,2025-09-16,2025-09-17
7684619,701987,2025-04-21,Canceled,,,2025-04-23
7916230,885395,2026-03-09,Canceled,,,2026-03-13
7944255,588557,2026-02-05,Delivered,2026-02-07,2026-02-09,2026-02-08
9409878,367095,2024-09-22,Canceled,,,2024-09-29
5401322,630538,2026-01-22,Delivered,2026-01-24,2026-01-25,2026-01-24
5158245,562462,2025-11-22,Delivered,2025-11-25,2025-11-28,2025-11-28
9222617,353690,2024-04-28,Delivered,2024-04-30,2024-05-02,2024-05-02
9034230,158104,2025-02-24,Delivered,2025-02-26,2025-03-03,2025-03-03
8108291,464863,2024-06-12,Delivered,2024-06-13,2024-06-16,2024-06-15
9179843,536774,2024-10-01,Canceled,,,2024-10-05
7839263,686075,2026-02-21,Delivered,2026-02-23,2026-03-01,2026-02-27
8866543,502810,2024-12-16,Delivered,2024-12-18,2024-12-19,2024-12-19
7755610,563187,2025-11-25,Delivered,2025-11-27,2025-11-29,2025-11-29
5826380,878325,2025-12-12,Delivered,2025-12-14,2025-12-19,2025-12-19
6778301,478411,2024-01-12,Delivered,2024-01-14,2024-01-14,2024-01-15
5919788,513741,2025-06-28,Delivered,2025-07-01,2025-07-01,2025-07-01
9269520,278794,2025-08-07,Delivered,2025-08-10,2025-08-09,2025-08-10
6873785,728492,2025-05-04,Delivered,2025-05-05,2025-05-09,2025-05-09
9626857,563516,2024-05-17,Delivered,2024-05-20,2024-05-21,2024-05-21
6139278,352838,2024-04-21,Delivered,2024-04-24,2024-04-26,2024-04-26
6615481,563513,2025-04-20,Delivered,2025-04-22,2025-04-24,2025-04-24
9120519,497887,2024-11-30,Delivered,2024-12-03,2024-12-05,2024-12-05
5454831,666211,2025-11-08,Canceled,,,2025-11-12
9508907,656968,2025-06-26,Delivered,2025-06-28,2025-06-29,2025-06-29
7356121,634277,2024-06-20,Delivered,2024-06-21,2024-06-26,2024-06-26
7303644,936912,2025-08-01,Canceled,,,2025-08-06
7148496,290305,2024-09-28,Delivered,2024-10-01,2024-09-30,2024-09-30
8256143,539375,2025-02-08,Canceled,,,2025-02-12
9496240,606404,2025-03-22,Delivered,2025-03-23,2025-03-24,2025-03-24
7681701,806707,2024-10-28,Delivered,2024-10-31,2024-11-04,2024-11-04
5138650,853258,2026-01-08,Canceled,,,2026-01-10
5884180,194511,2024-03-22,Delivered,2024-03-24,2024-03-24,2024-03-24
6661278,935457,2025-01-09,Delivered,2025-01-11,2025-01-16,2025-01-16
9543887,572407,2026-02-17,Delivered,2026-02-18,2026-02-19,2026-02-19
5735174,413118,2024-12-02,Canceled,,,2024-12-08
7051458,539375,2026-05-07,Canceled,,,2026-05-09
9249278,276299,2025-10-26,Delivered,2025-10-28,2025-10-29,2025-10-29
8077521,267082,2026-05-01,Canceled,,,2026-05-06
7502621,362829,2025-01-26,Delivered,2025-01-28,2025-01-31,2025-01-31
5915583,556839,2024-02-21,Delivered,2024-02-23,2024-02-23,2024-02-23
9606687,232378,2025-03-17,Delivered,2025-03-19,2025-03-20,2025-03-20
7589580,281043,2025-02-01,Delivered,2025-02-04,2025-02-05,2025-02-05
6484499,692002,2025-03-25,Canceled,,,2025-03-28
6893898,353690,2024-02-07,Canceled,,,2024-02-09
6349220,971776,2024-05-02,Delivered,2024-05-05,2024-05-09,2024-05-09
8380173,390782,2024-05-06,Canceled,,,2024-05-13
7347329,690341,2025-07-24,Canceled,,,2025-07-30
7711026,291132,2024-02-21,Delivered,2024-02-23,2024-02-24,2024-02-24
8804824,800305,2026-01-05,Delivered,2026-01-06,2026-01-07,2026-01-08
5385325,517500,2025-03-10,Delivered,2025-03-13,2025-03-15,2025-03-16
5551346,840734,2024-09-18,Delivered,2024-09-19,2024-09-23,2024-09-23
8942109,251716,2024-11-25,Delivered,2024-11-28,2024-11-28,2024-11-28
8764797,771088,2025-05-09,Delivered,2025-05-10,2025-05-18,2025-05-16
7093827,587623,2025-03-04,Delivered,2025-03-05,2025-03-06,2025-03-06
6917124,321275,2025-09-26,Delivered,2025-09-28,2025-10-02,2025-10-02
9086546,925206,2024-10-30,Delivered,2024-10-31,2024-11-01,2024-11-01
5318891,245121,2024-03-22,Delivered,2024-03-23,2024-03-28,2024-03-28
5560161,632280,2026-01-06,Delivered,2026-01-09,2026-01-08,2026-01-08
5396137,454992,2026-04-15,Delivered,2026-04-16,2026-04-16,2026-04-17
8541967,933980,2024-04-09,Canceled,,,2024-04-15
8031244,341288,2024-03-26,Delivered,2024-03-28,2024-04-02,2024-04-02
6615582,908320,2025-12-10,Delivered,2025-12-12,2025-12-11,2025-12-12
8369110,322423,2026-01-01,Canceled,,,2026-01-05
5370960,490748,2024-08-30,Delivered,2024-08-31,2024-09-04,2024-09-04
7902453,300845,2024-04-17,Delivered,2024-04-20,2024-04-20,2024-04-20
7470592,503380,2025-07-05,Delivered,2025-07-07,2025-07-12,2025-07-12
9739326,893005,2024-09-20,Delivered,2024-09-22,2024-09-23,2024-09-23
9080137,243423,2025-01-18,Delivered,2025-01-19,2025-01-24,2025-01-24
5695577,589491,2024-04-07,Delivered,2024-04-10,2024-04-10,2024-04-10
6542187,976325,2024-01-31,Canceled,,,2024-02-04
8967657,187949,2024-07-07,Canceled,,,2024-07-09
9845289,669408,2025-12-07,Canceled,,,2025-12-12
6954165,890785,2025-01-12,Delivered,2025-01-13,2025-01-19,2025-01-19
5662817,567574,2024-04-11,Delivered,2024-04-14,2024-04-18,2024-04-18
5319315,353080,2026-02-28,Delivered,2026-03-03,2026-03-06,2026-03-06
9479540,557007,2024-09-01,Canceled,,,2024-09-06
6306895,916232,2024-10-28,Delivered,2024-10-31,2024-11-03,2024-11-04
8255349,535098,2024-03-25,Delivered,2024-03-26,2024-03-28,2024-03-28
6384358,766549,2024-05-13,Delivered,2024-05-14,2024-05-15,2024-05-15
9030693,620306,2026-03-15,Delivered,2026-03-16,2026-03-17,2026-03-18
8924842,426775,2024-01-09,Delivered,2024-01-10,2024-01-16,2024-01-14
7630251,255287,2024-08-25,Delivered,2024-08-26,2024-08-28,2024-08-29
8509798,893005,2024-10-02,Canceled,,,2024-10-08
5002216,282480,2024-05-22,Canceled,,,2024-05-27
8642961,569945,2024-07-19,Delivered,2024-07-20,2024-07-26,2024-07-26
5184845,583863,2024-07-24,Delivered,2024-07-26,2024-07-29,2024-07-29
7522263,769975,2026-01-12,Canceled,,,2026-01-17
5971641,665579,2026-01-29,Delivered,2026-01-31,2026-02-04,2026-02-04
9239894,185168,2024-09-05,Delivered,2024-09-07,2024-09-12,2024-09-12
8637769,897135,2025-09-07,Delivered,2025-09-09,2025-09-14,2025-09-12
8256527,929538,2024-09-09,Canceled,,,2024-09-14
5089634,479625,2025-02-19,Delivered,2025-02-20,2025-02-24,2025-02-24
8015030,666211,2025-01-12,Delivered,2025-01-15,2025-01-17,2025-01-17
8223093,642717,2024-06-12,Delivered,2024-06-13,2024-06-16,2024-06-16
8380006,774225,2024-09-27,Delivered,2024-09-29,2024-09-30,2024-10-01
5841627,426147,2025-09-20,Canceled,,,2025-09-25
5712558,268637,2024-02-03,Canceled,,,2024-02-05
9665116,520172,2026-03-14,Delivered,2026-03-17,2026-03-19,2026-03-20
6567586,321494,2024-01-06,Delivered,2024-01-08,2024-01-12,2024-01-12
9619200,250647,2024-03-31,Delivered,2024-04-02,2024-04-05,2024-04-06
9841938,112038,2025-04-15,Delivered,2025-04-18,2025-04-20,2025-04-20
6087692,466346,2026-04-30,Delivered,2026-05-03,2026-05-04,2026-05-04
5729419,349183,2025-09-12,Delivered,2025-09-14,2025-09-19,2025-09-19
5145979,486649,2024-10-19,Delivered,2024-10-22,2024-10-26,2024-10-26
9033363,783691,2026-01-10,Canceled,,,2026-01-15
7627414,712982,2025-01-12,Delivered,2025-01-15,2025-01-19,2025-01-19
8613580,694731,2026-02-25,Delivered,2026-02-28,2026-02-26,2026-02-27
7551991,609231,2024-07-23,Delivered,2024-07-26,2024-07-29,2024-07-29
6840242,608136,2025-01-22,Delivered,2025-01-23,2025-01-29,2025-01-27
8028669,456778,2025-04-29,Delivered,2025-05-02,2025-05-06,2025-05-06
9715147,815198,2026-02-11,Canceled,,,2026-02-17
6991893,563516,2025-08-05,Delivered,2025-08-07,2025-08-06,2025-08-07
5187578,970720,2025-02-24,Delivered,2025-02-25,2025-02-27,2025-02-27
9908684,641722,2024-04-07,Delivered,2024-04-10,2024-04-10,2024-04-10
9135996,448048,2025-11-09,Delivered,2025-11-11,2025-11-12,2025-11-13
7699249,378258,2024-10-04,Delivered,2024-10-05,2024-10-08,2024-10-08
6872441,391704,2024-10-04,Delivered,2024-10-05,2024-10-06,2024-10-06
6662612,147670,2026-02-14,Delivered,2026-02-15,2026-02-16,2026-02-16
8166041,767542,2024-05-06,Delivered,2024-05-07,2024-05-09,2024-05-10
6662856,144412,2025-01-22,Canceled,,,2025-01-27
5946940,143860,2025-08-10,Delivered,2025-08-11,2025-08-15,2025-08-15
7196571,282547,2025-09-17,Delivered,2025-09-19,2025-09-24,2025-09-24
9850740,926730,2024-09-02,Delivered,2024-09-05,2024-09-04,2024-09-04
6129416,540218,2024-08-09,Canceled,,,2024-08-12
9207689,338533,2024-08-07,Delivered,2024-08-09,2024-08-13,2024-08-13
9963889,744986,2025-05-02,Canceled,,,2025-05-08
8423076,328552,2025-09-07,Canceled,,,2025-09-14
9855876,831076,2025-05-19,Canceled,,,2025-05-21
5792269,733052,2024-06-21,Canceled,,,2024-06-26
9328593,364236,2025-01-03,Delivered,2025-01-05,2025-01-07,2025-01-07
8391420,970813,2025-09-01,Delivered,2025-09-02,2025-09-05,2025-09-05
6007280,800674,2026-04-12,Delivered,2026-04-13,2026-04-14,2026-04-14
8983464,321941,2026-04-01,Canceled,,,2026-04-07
7682379,544611,2024-02-06,Delivered,2024-02-09,2024-02-10,2024-02-10
8310927,180458,2025-06-08,Delivered,2025-06-10,2025-06-15,2025-06-15
9575742,174637,2025-02-26,Canceled,,,2025-03-01
8623681,145814,2024-02-06,Canceled,,,2024-02-11
6828264,656639,2026-04-28,Canceled,,,2026-04-30
7099997,814919,2024-01-08,Delivered,2024-01-10,2024-01-10,2024-01-10
7660526,556641,2024-04-04,Canceled,,,2024-04-08
7305694,633188,2025-01-09,Delivered,2025-01-10,2025-01-16,2025-01-16
9961536,844261,2025-06-01,Delivered,2025-06-02,2025-06-05,2025-06-05
8204843,855948,2025-04-14,Delivered,2025-04-15,2025-04-17,2025-04-16
7346852,265080,2024-04-18,Delivered,2024-04-21,2024-04-25,2024-04-25
6422544,488028,2025-02-19,Delivered,2025-02-22,2025-02-21,2025-02-21
6447398,105506,2024-01-07,Delivered,2024-01-09,2024-01-13,2024-01-13
5240334,132663,2024-02-14,Canceled,,,2024-02-16
8490063,701253,2024-06-28,Delivered,2024-06-30,2024-07-01,2024-07-02
9762964,899649,2025-08-16,Delivered,2025-08-18,2025-08-18,2025-08-18
9809907,397846,2024-06-15,Delivered,2024-06-17,2024-06-20,2024-06-20
6284894,911984,2026-05-14,Shipped,2026-05-17,,2026-05-16
7838128,786587,2025-07-07,Delivered,2025-07-08,2025-07-10,2025-07-09
7878354,359961,2025-10-11,Delivered,2025-10-12,2025-10-18,2025-10-18
9435130,598216,2024-12-29,Canceled,,,2025-01-04
7018319,492127,2026-02-05,Delivered,2026-02-07,2026-02-11,2026-02-11
5456932,400850,2024-10-14,Delivered,2024-10-15,2024-10-19,2024-10-19
5090963,225362,2024-10-08,Canceled,,,2024-10-10
6662203,536196,2024-09-21,Delivered,2024-09-24,2024-09-25,2024-09-25
7933442,132653,2024-06-28,Delivered,2024-07-01,2024-06-30,2024-06-30
9485404,356702,2025-12-31,Delivered,2026-01-02,2026-01-07,2026-01-07
5495441,950823,2024-06-29,Delivered,2024-07-01,2024-07-01,2024-07-02
9628690,268637,2025-06-02,Delivered,2025-06-05,2025-06-09,2025-06-09
8858883,744674,2025-02-01,Canceled,,,2025-02-08
8089013,629298,2024-09-19,Delivered,2024-09-22,2024-09-21,2024-09-22
8403389,519093,2025-06-08,Delivered,2025-06-10,2025-06-09,2025-06-10
7060350,587002,2026-01-13,Delivered,2026-01-16,2026-01-17,2026-01-17
7130373,566297,2025-06-14,Delivered,2025-06-16,2025-06-15,2025-06-16
7431397,440544,2024-09-25,Delivered,2024-09-26,2024-09-29,2024-09-29
5812593,757924,2024-07-21,Delivered,2024-07-22,2024-07-25,2024-07-25
5328732,725113,2025-03-11,Delivered,2025-03-13,2025-03-14,2025-03-15
9252665,979940,2024-03-10,Delivered,2024-03-12,2024-03-17,2024-03-17
9343062,585100,2024-03-15,Delivered,2024-03-16,2024-03-22,2024-03-22
7919131,256175,2025-05-04,Canceled,,,2025-05-10
6950427,908977,2024-03-18,Delivered,2024-03-19,2024-03-21,2024-03-21
7434883,820221,2025-09-22,Delivered,2025-09-24,2025-09-28,2025-09-29
9676849,121322,2024-09-22,Canceled,,,2024-09-27
9582962,443341,2024-12-23,Delivered,2024-12-24,2024-12-27,2024-12-27
7013244,542042,2025-05-26,Canceled,,,2025-05-31
5716745,768676,2024-09-27,Delivered,2024-09-29,2024-10-04,2024-10-04
6563835,188914,2024-09-08,Canceled,,,2024-09-13
8696459,122056,2025-06-16,Delivered,2025-06-19,2025-06-19,2025-06-19
6372246,345369,2024-07-01,Canceled,,,2024-07-08
8798068,359778,2025-10-22,Delivered,2025-10-23,2025-10-29,2025-10-29
8711847,640546,2026-04-20,Canceled,,,2026-04-27
9245257,338536,2024-10-30,Delivered,2024-10-31,2024-11-04,2024-11-03
6759156,453894,2024-04-02,Canceled,,,2024-04-09
7420585,201514,2024-03-14,Canceled,,,2024-03-18
5394961,254864,2025-05-07,Delivered,2025-05-08,2025-05-10,2025-05-10
9166627,665427,2025-07-21,Delivered,2025-07-24,2025-07-25,2025-07-26
9890102,968524,2024-07-21,Delivered,2024-07-23,2024-07-24,2024-07-25
6576316,899213,2024-01-17,Delivered,2024-01-20,2024-01-20,2024-01-20
6154989,836971,2025-05-09,Delivered,2025-05-10,2025-05-16,2025-05-16
9210613,581741,2026-01-09,Delivered,2026-01-12,2026-01-14,2026-01-12
5662672,204837,2024-07-03,Canceled,,,2024-07-10
9671733,678443,2024-12-09,Canceled,,,2024-12-12
5746035,970720,2025-08-15,Delivered,2025-08-17,2025-08-18,2025-08-18
8238942,375504,2026-02-01,Delivered,2026-02-04,2026-02-04,2026-02-04
8974767,587282,2025-03-15,Canceled,,,2025-03-19
5721643,329642,2025-12-22,Delivered,2025-12-23,2025-12-24,2025-12-25
9119450,962276,2024-05-16,Canceled,,,2024-05-23
8790962,655178,2026-04-09,Delivered,2026-04-11,2026-04-14,2026-04-14
5786815,647957,2025-08-31,Delivered,2025-09-03,2025-09-07,2025-09-05
5999971,461249,2024-08-11,Delivered,2024-08-14,2024-08-12,2024-08-13
5056763,306606,2024-01-27,Delivered,2024-01-29,2024-02-03,2024-02-03
6895049,823378,2024-10-21,Delivered,2024-10-22,2024-10-24,2024-10-24
7386477,583863,2024-02-25,Delivered,2024-02-27,2024-03-01,2024-03-01
5364566,240440,2025-07-06,Delivered,2025-07-08,2025-07-11,2025-07-11
6463880,940886,2024-04-23,Delivered,2024-04-26,2024-04-29,2024-04-30
5446859,561124,2025-12-15,Delivered,2025-12-17,2025-12-21,2025-12-21
9122488,720556,2026-01-04,Delivered,2026-01-06,2026-01-13,2026-01-11
6835228,930884,2024-03-11,Delivered,2024-03-14,2024-03-18,2024-03-18
8663756,515032,2025-08-20,Delivered,2025-08-21,2025-08-22,2025-08-22
5554058,213609,2025-09-10,Delivered,2025-09-11,2025-09-18,2025-09-16
9178414,290305,2025-02-15,Delivered,2025-02-18,2025-02-19,2025-02-19
7608046,234913,2024-07-09,Delivered,2024-07-12,2024-07-11,2024-07-11
7678869,600935,2024-09-03,Delivered,2024-09-04,2024-09-09,2024-09-09
8816848,972335,2025-02-15,Delivered,2025-02-17,2025-02-18,2025-02-17
7195397,733052,2024-12-01,Delivered,2024-12-03,2024-12-05,2024-12-05
5884868,368402,2026-04-06,Canceled,,,2026-04-13
8973895,341292,2024-02-20,Delivered,2024-02-23,2024-02-22,2024-02-22
5556606,557058,2025-02-19,Delivered,2025-02-22,2025-02-22,2025-02-22
9210832,688956,2024-02-29,Delivered,2024-03-02,2024-03-01,2024-03-02
7281657,550664,2025-11-27,Delivered,2025-11-30,2025-11-29,2025-11-29
9433083,449759,2025-08-23,Delivered,2025-08-26,2025-08-29,2025-08-29
5048364,277934,2025-12-12,Delivered,2025-12-14,2025-12-17,2025-12-17
5150750,736745,2024-07-13,Delivered,2024-07-16,2024-07-15,2024-07-16
5521515,234628,2025-03-05,Canceled,,,2025-03-07
5237148,503380,2024-09-27,Delivered,2024-09-30,2024-09-29,2024-09-29
5128863,842225,2024-05-09,Delivered,2024-05-10,2024-05-13,2024-05-13
5756876,823811,2024-06-07,Delivered,2024-06-10,2024-06-13,2024-06-13
6909762,698384,2026-04-20,Delivered,2026-04-21,2026-04-26,2026-04-27
7003185,760626,2025-12-04,Delivered,2025-12-06,2025-12-06,2025-12-06
5494766,915451,2026-04-26,Delivered,2026-04-27,2026-05-03,2026-05-03
6413581,749641,2024-11-24,Delivered,2024-11-27,2024-11-27,2024-11-27
5985095,422451,2024-05-06,Delivered,2024-05-09,2024-05-11,2024-05-12
7317659,943718,2026-04-26,Delivered,2026-04-27,2026-04-27,2026-04-28
9593214,133958,2026-04-16,Delivered,2026-04-17,2026-04-20,2026-04-21
9938946,577463,2025-01-19,Delivered,2025-01-22,2025-01-26,2025-01-26
5154622,172965,2025-08-06,Delivered,2025-08-08,2025-08-10,2025-08-10
7141322,593446,2026-02-13,Delivered,2026-02-15,2026-02-19,2026-02-17
5067335,253143,2024-11-20,Delivered,2024-11-22,2024-11-27,2024-11-27
5668481,168093,2024-11-27,Canceled,,,2024-12-02
5785616,309398,2024-06-26,Delivered,2024-06-27,2024-07-02,2024-07-02
7073961,458332,2025-07-10,Canceled,,,2025-07-17
9787534,232915,2024-04-18,Canceled,,,2024-04-22
6356143,757937,2024-06-19,Delivered,2024-06-20,2024-06-24,2024-06-25
5913878,510997,2025-03-31,Delivered,2025-04-01,2025-04-05,2025-04-03
7979846,539486,2024-05-15,Delivered,2024-05-18,2024-05-19,2024-05-19
9685647,350280,2024-06-02,Delivered,2024-06-05,2024-06-09,2024-06-09
5654422,961322,2025-04-03,Delivered,2025-04-06,2025-04-04,2025-04-05
9867257,415568,2024-08-23,Delivered,2024-08-25,2024-08-30,2024-08-30
6258254,446239,2025-11-12,Delivered,2025-11-15,2025-11-17,2025-11-18
8909686,862569,2024-06-24,Delivered,2024-06-25,2024-06-29,2024-06-29
9127369,584417,2026-05-04,Delivered,2026-05-05,2026-05-10,2026-05-10
6235271,153872,2024-01-13,Canceled,,,2024-01-18
7236124,811332,2025-10-01,Delivered,2025-10-03,2025-10-04,2025-10-04
7420853,238579,2025-01-11,Delivered,2025-01-12,2025-01-17,2025-01-16
7095513,634723,2025-04-04,Delivered,2025-04-06,2025-04-07,2025-04-08
8760521,867934,2024-07-26,Delivered,2024-07-29,2024-07-28,2024-07-28
8527461,549956,2024-06-18,Delivered,2024-06-21,2024-06-24,2024-06-24
7424270,270128,2024-12-20,Delivered,2024-12-22,2024-12-24,2024-12-24
7703678,172306,2025-10-07,Delivered,2025-10-10,2025-10-13,2025-10-13
8166010,859359,2024-10-22,Canceled,,,2024-10-28
5633339,813449,2025-11-01,Canceled,,,2025-11-05
9342849,918771,2026-04-26,Delivered,2026-04-28,2026-05-01,2026-05-02
7602570,242291,2025-04-20,Delivered,2025-04-21,2025-04-26,2025-04-25
8575886,607868,2025-08-06,Delivered,2025-08-09,2025-08-11,2025-08-11
9704964,354646,2025-03-16,Canceled,,,2025-03-18
9810109,634723,2024-05-05,Delivered,2024-05-08,2024-05-07,2024-05-07
5827600,400814,2025-05-05,Canceled,,,2025-05-07
8131498,379766,2026-05-07,Delivered,2026-05-09,2026-05-14,2026-05-14
9574616,167348,2026-02-06,Canceled,,,2026-02-10
6644702,973835,2026-01-23,Delivered,2026-01-24,2026-01-27,2026-01-27
6731062,456385,2025-05-31,Canceled,,,2025-06-02
8331729,782759,2025-07-23,Canceled,,,2025-07-26
7753935,262316,2025-06-19,Delivered,2025-06-22,2025-06-21,2025-06-21
8717232,514991,2025-03-23,Canceled,,,2025-03-30
7596853,926823,2025-12-21,Canceled,,,2025-12-25
9088498,859396,2025-10-06,Delivered,2025-10-07,2025-10-13,2025-10-13
5373261,677596,2025-03-11,Delivered,2025-03-12,2025-03-14,2025-03-14
9953902,712554,2026-01-03,Delivered,2026-01-06,2026-01-09,2026-01-09
5874658,933980,2024-07-30,Delivered,2024-08-02,2024-08-05,2024-08-05
7445288,527809,2026-02-02,Canceled,,,2026-02-06
9323011,864491,2025-07-24,Delivered,2025-07-27,2025-07-31,2025-07-31
8870385,204837,2025-09-15,Delivered,2025-09-16,2025-09-19,2025-09-19
5995728,300896,2024-08-30,Delivered,2024-09-01,2024-09-03,2024-09-03
6552921,301939,2024-08-15,Delivered,2024-08-17,2024-08-20,2024-08-20
5125281,897615,2026-02-25,Delivered,2026-02-27,2026-02-27,2026-02-28
9285761,481995,2025-12-28,Delivered,2025-12-30,2025-12-30,2025-12-31
6880974,138780,2025-05-01,Delivered,2025-05-02,2025-05-07,2025-05-08
6868817,608257,2024-02-14,Delivered,2024-02-15,2024-02-20,2024-02-21
9380292,378258,2024-07-08,Delivered,2024-07-11,2024-07-15,2024-07-15
6101452,881886,2026-02-18,Delivered,2026-02-19,2026-02-23,2026-02-23
8153059,632929,2026-03-03,Canceled,,,2026-03-06
7915400,891093,2025-05-28,Delivered,2025-05-31,2025-06-04,2025-06-04
8540506,581741,2025-09-18,Canceled,,,2025-09-25
6017444,428267,2026-01-02,Delivered,2026-01-04,2026-01-09,2026-01-09
9752681,854213,2026-02-22,Canceled,,,2026-02-26
8943533,618119,2024-10-26,Canceled,,,2024-10-31
9485320,708851,2024-09-13,Canceled,,,2024-09-20
9870846,516716,2024-03-01,Delivered,2024-03-04,2024-03-08,2024-03-08
8175927,969325,2025-10-18,Delivered,2025-10-19,2025-10-24,2025-10-24
9558805,823378,2024-07-12,Delivered,2024-07-13,2024-07-14,2024-07-14
5591240,174637,2026-02-23,Delivered,2026-02-26,2026-02-27,2026-02-27
6137630,772642,2025-05-24,Delivered,2025-05-26,2025-05-27,2025-05-26
8162475,829716,2024-02-25,Delivered,2024-02-28,2024-02-29,2024-02-29
8382010,613117,2024-01-20,Delivered,2024-01-22,2024-01-26,2024-01-26
8451315,192055,2026-05-11,Delivered,2026-05-12,2026-05-13,2026-05-13
9867667,483366,2024-09-30,Delivered,2024-10-03,2024-10-06,2024-10-06
5991364,545790,2026-01-13,Delivered,2026-01-16,2026-01-20,2026-01-20
8229908,159942,2024-01-04,Delivered,2024-01-07,2024-01-11,2024-01-09
9815610,462351,2024-10-27,Delivered,2024-10-30,2024-10-29,2024-10-29
9752388,728492,2024-09-17,Delivered,2024-09-20,2024-09-21,2024-09-21
6323952,748052,2026-01-08,Delivered,2026-01-09,2026-01-11,2026-01-12
8838345,502810,2026-01-23,Delivered,2026-01-25,2026-01-28,2026-01-26
8800147,734394,2025-01-12,Delivered,2025-01-15,2025-01-15,2025-01-15
5224924,583550,2025-02-28,Delivered,2025-03-03,2025-03-02,2025-03-02
9214143,684004,2026-01-06,Delivered,2026-01-09,2026-01-11,2026-01-12
8559527,900581,2025-04-01,Delivered,2025-04-02,2025-04-06,2025-04-05
8161077,974244,2025-07-09,Delivered,2025-07-12,2025-07-14,2025-07-14
7978689,725726,2025-02-19,Canceled,,,2025-02-23
8824795,434002,2024-07-20,Delivered,2024-07-21,2024-07-25,2024-07-25
7486771,558723,2024-07-17,Canceled,,,2024-07-21
9521688,790909,2024-02-11,Delivered,2024-02-14,2024-02-16,2024-02-16
8558605,817644,2025-03-25,Delivered,2025-03-28,2025-03-31,2025-03-30
8113491,207798,2026-02-20,Delivered,2026-02-23,2026-02-26,2026-02-26
8774194,973294,2025-06-06,Delivered,2025-06-09,2025-06-11,2025-06-11
8710415,791998,2024-09-20,Delivered,2024-09-21,2024-09-24,2024-09-24
7682288,631981,2025-07-26,Delivered,2025-07-29,2025-07-28,2025-07-28
8892134,260263,2025-01-22,Delivered,2025-01-24,2025-01-27,2025-01-27
9114134,228093,2025-10-27,Delivered,2025-10-29,2025-11-03,2025-11-03
8638015,681242,2024-07-09,Delivered,2024-07-11,2024-07-15,2024-07-15
9046657,231250,2024-03-12,Delivered,2024-03-13,2024-03-15,2024-03-15
6794666,140804,2024-01-02,Canceled,,,2024-01-04
9252701,519902,2025-05-08,Delivered,2025-05-10,2025-05-14,2025-05-15
5131486,576805,2024-02-15,Delivered,2024-02-16,2024-02-21,2024-02-22
5329144,870899,2026-02-21,Delivered,2026-02-24,2026-02-28,2026-02-28
8878637,564920,2024-10-18,Delivered,2024-10-21,2024-10-22,2024-10-22
7668442,140605,2025-09-18,Canceled,,,2025-09-20
5285160,782759,2025-07-16,Delivered,2025-07-19,2025-07-18,2025-07-18
8451713,341288,2025-06-06,Canceled,,,2025-06-09
9399641,634150,2025-07-15,Delivered,2025-07-18,2025-07-21,2025-07-21
6116586,958182,2026-01-10,Delivered,2026-01-11,2026-01-13,2026-01-13
6611800,835911,2024-09-19,Delivered,2024-09-21,2024-09-22,2024-09-21
7081943,845957,2025-06-08,Delivered,2025-06-10,2025-06-13,2025-06-13
8984252,852524,2025-10-14,Delivered,2025-10-16,2025-10-16,2025-10-16
6971341,551607,2024-08-09,Delivered,2024-08-10,2024-08-13,2024-08-13
6878853,937665,2025-08-26,Delivered,2025-08-28,2025-08-27,2025-08-28
9747381,430776,2024-02-22,Delivered,2024-02-23,2024-02-24,2024-02-25
7003230,793024,2025-08-24,Delivered,2025-08-26,2025-08-29,2025-08-29
7340801,338536,2024-08-04,Delivered,2024-08-06,2024-08-08,2024-08-08
8922732,771237,2024-11-01,Delivered,2024-11-04,2024-11-08,2024-11-08
7370010,626169,2024-01-20,Delivered,2024-01-22,2024-01-26,2024-01-24
5782956,602248,2025-09-06,Delivered,2025-09-09,2025-09-08,2025-09-08
6473983,920391,2025-06-28,Delivered,2025-07-01,2025-07-01,2025-06-30
8640686,197251,2024-08-20,Delivered,2024-08-22,2024-08-27,2024-08-27
9183885,563516,2024-12-31,Delivered,2025-01-03,2025-01-05,2025-01-05
9717664,506235,2024-07-26,Delivered,2024-07-28,2024-07-30,2024-07-30
9195221,699704,2025-10-15,Delivered,2025-10-18,2025-10-19,2025-10-19
8391836,740967,2024-08-03,Delivered,2024-08-06,2024-08-08,2024-08-08
7833933,246570,2025-01-02,Delivered,2025-01-05,2025-01-11,2025-01-09
8764785,943170,2025-10-07,Delivered,2025-10-09,2025-10-14,2025-10-14
5437862,269396,2025-01-19,Delivered,2025-01-21,2025-01-23,2025-01-23
8747667,267414,2024-10-19,Canceled,,,2024-10-23
7062626,290802,2024-01-25,Canceled,,,2024-01-28
9568639,466643,2026-02-14,Delivered,2026-02-17,2026-02-15,2026-02-16
8087693,228594,2024-09-12,Delivered,2024-09-14,2024-09-14,2024-09-14
7193771,273061,2025-03-21,Delivered,2025-03-24,2025-03-27,2025-03-27
8377580,544920,2024-11-01,Delivered,2024-11-04,2024-11-07,2024-11-07
5025338,333752,2025-05-15,Delivered,2025-05-18,2025-05-19,2025-05-18
8014876,203996,2024-11-02,Delivered,2024-11-04,2024-11-07,2024-11-08
6303674,781533,2024-02-21,Delivered,2024-02-23,2024-02-25,2024-02-26
5682474,974244,2024-08-27,Delivered,2024-08-29,2024-08-30,2024-08-30
8858000,513037,2025-09-25,Canceled,,,2025-09-27
6762534,901577,2025-08-30,Delivered,2025-08-31,2025-08-31,2025-09-01
6134965,245121,2024-05-14,Delivered,2024-05-15,2024-05-19,2024-05-19
5559601,659543,2024-01-09,Canceled,,,2024-01-13
7084944,688956,2025-04-01,Delivered,2025-04-02,2025-04-07,2025-04-07
6827498,622230,2024-11-22,Delivered,2024-11-23,2024-11-23,2024-11-24
5025431,362529,2025-07-11,Delivered,2025-07-12,2025-07-18,2025-07-18
7787282,668507,2024-09-27,Delivered,2024-09-30,2024-09-28,2024-09-29
9311371,266457,2024-02-12,Canceled,,,2024-02-15
8681037,230521,2026-01-07,Delivered,2026-01-09,2026-01-09,2026-01-09
9701465,751332,2025-07-08,Delivered,2025-07-09,2025-07-13,2025-07-13
9897166,468074,2025-09-27,Delivered,2025-09-28,2025-10-02,2025-10-03
6404703,858889,2025-04-17,Delivered,2025-04-19,2025-04-21,2025-04-21
9260721,969693,2025-10-17,Delivered,2025-10-18,2025-10-20,2025-10-20
9406429,959099,2025-04-25,Canceled,,,2025-04-29
5126294,572398,2024-03-04,Delivered,2024-03-05,2024-03-09,2024-03-09
6378990,257677,2024-06-18,Delivered,2024-06-19,2024-06-24,2024-06-24
6312199,776502,2024-01-22,Delivered,2024-01-24,2024-01-29,2024-01-29
9936046,850827,2024-03-07,Delivered,2024-03-09,2024-03-09,2024-03-09
7906791,321941,2026-03-01,Delivered,2026-03-02,2026-03-05,2026-03-05
7799013,127172,2024-05-18,Delivered,2024-05-21,2024-05-25,2024-05-25
9193674,295892,2025-03-12,Delivered,2025-03-14,2025-03-15,2025-03-15
8341609,672536,2024-02-29,Delivered,2024-03-02,2024-03-02,2024-03-02
6828650,262471,2024-05-10,Delivered,2024-05-13,2024-05-16,2024-05-17
5462713,678443,2025-01-14,Canceled,,,2025-01-20
9295533,902325,2024-03-28,Delivered,2024-03-31,2024-03-31,2024-03-31
9384076,342495,2024-06-12,Delivered,2024-06-13,2024-06-19,2024-06-19
9508706,372793,2025-01-11,Delivered,2025-01-12,2025-01-14,2025-01-15
6805966,731262,2025-12-22,Delivered,2025-12-25,2025-12-28,2025-12-28
9178926,159942,2024-11-21,Delivered,2024-11-24,2024-11-23,2024-11-23
5267450,133104,2024-01-21,Delivered,2024-01-24,2024-01-26,2024-01-27
8679554,992931,2024-06-24,Delivered,2024-06-27,2024-06-26,2024-06-26
9883104,808446,2024-07-18,Delivered,2024-07-21,2024-07-23,2024-07-23
5574077,675462,2025-02-12,Delivered,2025-02-14,2025-02-16,2025-02-16
5085177,400850,2025-11-19,Delivered,2025-11-20,2025-11-21,2025-11-22
8501672,243139,2024-08-04,Canceled,,,2024-08-07
6068685,640546,2024-04-06,Canceled,,,2024-04-13
6580609,891638,2025-02-20,Delivered,2025-02-23,2025-02-26,2025-02-26
7900739,776502,2024-08-10,Delivered,2024-08-13,2024-08-12,2024-08-12
7365890,421384,2025-10-18,Delivered,2025-10-20,2025-10-20,2025-10-20
6886162,128418,2024-02-16,Delivered,2024-02-19,2024-02-22,2024-02-23
7571629,878086,2025-09-23,Delivered,2025-09-24,2025-09-30,2025-09-30
7462913,386436,2025-02-25,Canceled,,,2025-03-03
5660485,663054,2026-02-02,Delivered,2026-02-04,2026-02-07,2026-02-08
9722455,794022,2025-12-04,Delivered,2025-12-07,2025-12-09,2025-12-09
9127731,462831,2025-02-03,Delivered,2025-02-04,2025-02-09,2025-02-09
7602833,461888,2026-02-23,Delivered,2026-02-25,2026-02-27,2026-02-27
8809515,855638,2025-10-24,Delivered,2025-10-27,2025-10-25,2025-10-26
5025606,891615,2026-01-03,Delivered,2026-01-06,2026-01-05,2026-01-06
9579786,656329,2025-11-08,Delivered,2025-11-09,2025-11-12,2025-11-10
7393004,605254,2025-02-12,Delivered,2025-02-14,2025-02-15,2025-02-15
9540198,734487,2024-08-23,Delivered,2024-08-25,2024-08-26,2024-08-26
8330279,817941,2024-07-17,Canceled,,,2024-07-19
9093560,971415,2025-05-22,Delivered,2025-05-24,2025-05-27,2025-05-26
6040570,895702,2025-09-10,Delivered,2025-09-12,2025-09-14,2025-09-14
5937866,723948,2025-05-16,Delivered,2025-05-19,2025-05-23,2025-05-23
8689692,485709,2024-07-24,Delivered,2024-07-26,2024-07-27,2024-07-27
6328382,549186,2026-02-21,Delivered,2026-02-22,2026-02-25,2026-02-26
7459082,786508,2025-01-18,Delivered,2025-01-21,2025-01-25,2025-01-25
9432801,519902,2024-10-25,Canceled,,,2024-11-01
7652450,936587,2024-01-25,Delivered,2024-01-28,2024-01-30,2024-01-30
9913571,886730,2026-01-16,Delivered,2026-01-17,2026-01-18,2026-01-18
8163609,693423,2026-02-25,Delivered,2026-02-26,2026-03-02,2026-03-03
7009979,228473,2025-05-14,Delivered,2025-05-15,2025-05-20,2025-05-20
7148317,815198,2024-10-01,Canceled,,,2024-10-04
6694832,741390,2025-02-09,Delivered,2025-02-12,2025-02-11,2025-02-11
8544134,747453,2026-04-25,Delivered,2026-04-26,2026-04-27,2026-04-27
8134480,781446,2025-04-24,Canceled,,,2025-04-29
5394392,744718,2024-03-30,Delivered,2024-04-01,2024-04-03,2024-04-04
7102281,368355,2024-12-24,Delivered,2024-12-25,2024-12-30,2024-12-31
5875513,524068,2024-09-20,Delivered,2024-09-21,2024-09-27,2024-09-27
8502664,467121,2024-04-13,Canceled,,,2024-04-19
6185110,688637,2025-11-29,Delivered,2025-12-01,2025-12-06,2025-12-06
8286628,751194,2025-08-02,Canceled,,,2025-08-07
8818108,470858,2025-10-25,Delivered,2025-10-27,2025-10-28,2025-10-29
6497361,802448,2024-08-30,Delivered,2024-09-02,2024-09-06,2024-09-06
7231341,120480,2024-02-02,Delivered,2024-02-03,2024-02-06,2024-02-06
5090899,426775,2024-06-24,Canceled,,,2024-06-30
9240001,346277,2024-04-11,Delivered,2024-04-13,2024-04-14,2024-04-14
8182946,789786,2025-01-20,Canceled,,,2025-01-24
6375335,562462,2025-11-15,Delivered,2025-11-17,2025-11-21,2025-11-21
9694627,310922,2026-05-01,Delivered,2026-05-03,2026-05-06,2026-05-06
9131243,638289,2025-08-04,Delivered,2025-08-06,2025-08-08,2025-08-08
5476526,528625,2024-09-02,Canceled,,,2024-09-06
5699361,333752,2024-07-31,Delivered,2024-08-02,2024-08-04,2024-08-04
7068564,272537,2026-01-16,Canceled,,,2026-01-22
6196862,768676,2025-03-16,Canceled,,,2025-03-21
5847608,220116,2025-10-23,Delivered,2025-10-25,2025-10-26,2025-10-27
8122117,220764,2025-01-30,Delivered,2025-02-01,2025-02-04,2025-02-04
8339790,539898,2026-03-20,Delivered,2026-03-22,2026-03-22,2026-03-22
8555479,649414,2024-04-02,Delivered,2024-04-03,2024-04-09,2024-04-09
8764985,130434,2024-01-22,Delivered,2024-01-25,2024-01-25,2024-01-25
5518965,313795,2024-07-19,Delivered,2024-07-21,2024-07-25,2024-07-25
5528683,196126,2024-02-07,Delivered,2024-02-09,2024-02-13,2024-02-13
5642761,346277,2024-06-13,Delivered,2024-06-15,2024-06-19,2024-06-20
9284992,399628,2024-08-13,Canceled,,,2024-08-17
8901476,338533,2025-09-19,Delivered,2025-09-21,2025-09-24,2025-09-24
5996305,406327,2024-05-06,Canceled,,,2024-05-09
8898749,608257,2025-11-11,Delivered,2025-11-13,2025-11-16,2025-11-16
5932814,928358,2026-05-04,Delivered,2026-05-06,2026-05-08,2026-05-09
5060881,475190,2025-08-10,Canceled,,,2025-08-12
7246162,824042,2024-10-12,Canceled,,,2024-10-18
7798539,826501,2026-02-09,Delivered,2026-02-10,2026-02-14,2026-02-14
9800538,330283,2024-11-03,Delivered,2024-11-04,2024-11-06,2024-11-06
6331251,762055,2026-03-02,Delivered,2026-03-05,2026-03-07,2026-03-06
5378091,442589,2025-07-12,Delivered,2025-07-13,2025-07-15,2025-07-15
8995712,609253,2026-01-09,Canceled,,,2026-01-14
5658589,415779,2025-06-14,Delivered,2025-06-17,2025-06-21,2025-06-21
9326139,801978,2024-06-07,Delivered,2024-06-10,2024-06-12,2024-06-12
9616429,524707,2025-01-06,Delivered,2025-01-08,2025-01-12,2025-01-12
5187497,699425,2025-04-02,Delivered,2025-04-03,2025-04-08,2025-04-08
6257026,543555,2026-04-13,Canceled,,,2026-04-16
6446816,913694,2024-12-12,Canceled,,,2024-12-18
5660769,420214,2024-07-12,Canceled,,,2024-07-16
7032511,790993,2025-02-27,Canceled,,,2025-03-02
5877739,476395,2025-08-16,Delivered,2025-08-17,2025-08-23,2025-08-23
9657813,630538,2024-08-03,Canceled,,,2024-08-06
9887391,744674,2025-05-30,Delivered,2025-06-02,2025-06-06,2025-06-05
8335230,813536,2025-11-14,Delivered,2025-11-15,2025-11-16,2025-11-17
5271417,543555,2026-04-07,Delivered,2026-04-08,2026-04-10,2026-04-10
7627144,956253,2025-02-11,Delivered,2025-02-14,2025-02-16,2025-02-16
5293156,359249,2024-07-23,Canceled,,,2024-07-28
6600560,469954,2024-03-22,Delivered,2024-03-23,2024-03-24,2024-03-24
7620973,848022,2025-10-25,Delivered,2025-10-26,2025-10-30,2025-10-30
8227842,883826,2025-09-02,Delivered,2025-09-03,2025-09-04,2025-09-04
5914238,354801,2025-06-08,Delivered,2025-06-11,2025-06-12,2025-06-13
5753983,485896,2024-07-14,Delivered,2024-07-17,2024-07-21,2024-07-21
8973530,684929,2024-10-15,Delivered,2024-10-17,2024-10-19,2024-10-19
6995834,262316,2025-09-13,Delivered,2025-09-15,2025-09-20,2025-09-20
7477692,539589,2024-06-06,Delivered,2024-06-09,2024-06-11,2024-06-11
5754114,256294,2024-06-16,Delivered,2024-06-19,2024-06-22,2024-06-22
9047293,153045,2024-08-21,Delivered,2024-08-24,2024-08-26,2024-08-26
7153883,883301,2024-09-18,Delivered,2024-09-21,2024-09-21,2024-09-22
5738125,900152,2025-10-29,Canceled,,,2025-11-02
7338958,836971,2024-06-24,Delivered,2024-06-26,2024-06-29,2024-06-29
8420079,315173,2024-07-05,Delivered,2024-07-07,2024-07-09,2024-07-09
7897850,456699,2025-08-06,Delivered,2025-08-08,2025-08-10,2025-08-10
8055250,793384,2024-08-01,Delivered,2024-08-02,2024-08-03,2024-08-04
7516854,684482,2025-10-10,Delivered,2025-10-11,2025-10-11,2025-10-12
7748628,634150,2025-07-04,Canceled,,,2025-07-10
5720506,832409,2025-04-19,Delivered,2025-04-21,2025-04-22,2025-04-22
6537549,164879,2024-12-24,Delivered,2024-12-26,2024-12-27,2024-12-27
7074704,926403,2025-11-25,Delivered,2025-11-27,2025-11-29,2025-11-29
6731752,543555,2025-02-06,Delivered,2025-02-07,2025-02-12,2025-02-12
7854351,776149,2025-09-16,Delivered,2025-09-18,2025-09-19,2025-09-19
8054938,688215,2024-01-02,Canceled,,,2024-01-07
9924166,749468,2025-04-09,Delivered,2025-04-11,2025-04-11,2025-04-11
5629097,930281,2024-06-23,Delivered,2024-06-24,2024-06-30,2024-06-30
8481523,693423,2025-04-02,Delivered,2025-04-03,2025-04-05,2025-04-05
7530795,844031,2025-07-27,Delivered,2025-07-28,2025-07-29,2025-07-29
5730857,544920,2025-06-05,Canceled,,,2025-06-07
7927131,577110,2024-02-09,Delivered,2024-02-11,2024-02-15,2024-02-16
8444893,690268,2025-10-31,Delivered,2025-11-01,2025-11-03,2025-11-03
8407230,656968,2026-01-21,Delivered,2026-01-23,2026-01-26,2026-01-26
6622234,793655,2025-08-19,Canceled,,,2025-08-23
5197186,679364,2024-11-03,Delivered,2024-11-04,2024-11-10,2024-11-09
6647507,526833,2026-01-27,Delivered,2026-01-30,2026-01-30,2026-01-31
8203163,829308,2024-01-03,Canceled,,,2024-01-07
6676119,518084,2025-03-02,Canceled,,,2025-03-09
6951986,427704,2025-03-25,Delivered,2025-03-27,2025-03-31,2025-03-31
9299422,134225,2024-05-21,Delivered,2024-05-22,2024-05-26,2024-05-26
8456685,170674,2024-12-30,Delivered,2024-12-31,2025-01-02,2025-01-02
7581431,276299,2026-05-08,Delivered,2026-05-10,2026-05-13,2026-05-14
9269562,847581,2025-09-30,Delivered,2025-10-03,2025-10-02,2025-10-02
8352227,893435,2024-12-30,Delivered,2025-01-01,2025-01-02,2025-01-02
7791509,911984,2025-11-05,Delivered,2025-11-08,2025-11-09,2025-11-09
5160022,587575,2025-03-10,Canceled,,,2025-03-17
5457217,776856,2024-12-28,Delivered,2024-12-29,2025-01-02,2024-12-31
8745136,842225,2026-04-07,Delivered,2026-04-08,2026-04-08,2026-04-09
7470940,381433,2024-10-08,Canceled,,,2024-10-12
7197060,516791,2026-01-30,Canceled,,,2026-02-03
6751477,827157,2025-09-28,Delivered,2025-09-29,2025-10-03,2025-10-03
7731127,912617,2025-12-02,Delivered,2025-12-05,2025-12-07,2025-12-07
6504571,451577,2024-08-12,Delivered,2024-08-15,2024-08-15,2024-08-16
7659803,170966,2024-12-05,Canceled,,,2024-12-07
5012078,387892,2024-09-02,Delivered,2024-09-05,2024-09-04,2024-09-04
5539397,397005,2025-03-15,Delivered,2025-03-18,2025-03-19,2025-03-19
9753473,454508,2026-04-02,Delivered,2026-04-03,2026-04-07,2026-04-06
5735108,665621,2025-05-28,Delivered,2025-05-30,2025-06-04,2025-06-04
8466350,914571,2024-10-09,Delivered,2024-10-10,2024-10-10,2024-10-11
8069326,940346,2025-11-23,Delivered,2025-11-24,2025-11-26,2025-11-26
6937792,869440,2025-08-30,Delivered,2025-09-01,2025-09-05,2025-09-04
8335463,577110,2024-01-17,Delivered,2024-01-18,2024-01-18,2024-01-19
7178092,440140,2025-04-12,Delivered,2025-04-15,2025-04-15,2025-04-15
8867406,876962,2025-11-20,Delivered,2025-11-23,2025-11-24,2025-11-24
5165090,182467,2025-04-10,Delivered,2025-04-11,2025-04-15,2025-04-15
8295326,921414,2025-04-20,Delivered,2025-04-22,2025-04-25,2025-04-26
8650393,525942,2024-04-05,Delivered,2024-04-06,2024-04-08,2024-04-09
8581960,839485,2026-04-30,Delivered,2026-05-01,2026-05-02,2026-05-03
9025558,440981,2026-01-08,Delivered,2026-01-11,2026-01-14,2026-01-15
9072207,943298,2025-08-23,Delivered,2025-08-25,2025-08-28,2025-08-27
9255327,642717,2025-04-01,Delivered,2025-04-03,2025-04-08,2025-04-08
5831180,833723,2024-04-11,Delivered,2024-04-12,2024-04-17,2024-04-17
6744532,182627,2025-03-29,Delivered,2025-03-30,2025-04-02,2025-04-02
7220816,455784,2025-06-02,Delivered,2025-06-03,2025-06-03,2025-06-04
5541119,681070,2026-01-04,Delivered,2026-01-06,2026-01-09,2026-01-10
7591560,803024,2025-07-23,Canceled,,,2025-07-27
7870381,787584,2025-01-29,Delivered,2025-01-31,2025-02-03,2025-02-04
6255807,531071,2026-02-21,Delivered,2026-02-23,2026-02-27,2026-02-28
7298786,796212,2024-05-10,Delivered,2024-05-13,2024-05-15,2024-05-13
7310758,150068,2025-10-15,Delivered,2025-10-16,2025-10-19,2025-10-19
9593243,173372,2026-02-22,Canceled,,,2026-02-27
8633949,976638,2026-04-15,Canceled,,,2026-04-19
7304401,755788,2025-01-25,Canceled,,,2025-01-30
9898776,972565,2024-08-09,Delivered,2024-08-10,2024-08-12,2024-08-13
5543816,617488,2026-04-05,Delivered,2026-04-07,2026-04-07,2026-04-07
7653714,904624,2024-10-07,Canceled,,,2024-10-13
6812548,392075,2026-04-11,Canceled,,,2026-04-17
7903296,904214,2024-11-24,Delivered,2024-11-26,2024-11-29,2024-11-30
5205571,353480,2025-12-29,Delivered,2026-01-01,2026-01-03,2026-01-03
9787718,177103,2025-12-29,Delivered,2026-01-01,2025-12-31,2025-12-31
5145210,973835,2024-01-27,Delivered,2024-01-28,2024-01-31,2024-01-31
7227066,813145,2025-06-03,Delivered,2025-06-05,2025-06-08,2025-06-08
6646976,830316,2025-02-23,Delivered,2025-02-24,2025-02-27,2025-02-28
7945753,712024,2025-06-23,Delivered,2025-06-24,2025-06-27,2025-06-27
5636664,344098,2024-09-24,Delivered,2024-09-25,2024-09-26,2024-09-26
9368255,501641,2025-01-10,Delivered,2025-01-11,2025-01-16,2025-01-17
7326054,796212,2025-12-04,Delivered,2025-12-06,2025-12-06,2025-12-06
5329476,152995,2025-01-24,Delivered,2025-01-27,2025-01-26,2025-01-26
8176072,876962,2024-06-08,Delivered,2024-06-11,2024-06-11,2024-06-11
6750396,482554,2024-11-20,Delivered,2024-11-23,2024-11-25,2024-11-25
6286950,793384,2024-07-03,Delivered,2024-07-04,2024-07-09,2024-07-09
7160033,962367,2025-08-11,Delivered,2025-08-12,2025-08-15,2025-08-15
8389234,788637,2025-11-26,Delivered,2025-11-27,2025-11-28,2025-11-28
8053370,431495,2025-05-08,Delivered,2025-05-10,2025-05-12,2025-05-11
5824824,338651,2024-03-22,Canceled,,,2024-03-24
6715089,345369,2024-06-22,Delivered,2024-06-25,2024-06-27,2024-06-27
6214518,204837,2024-10-01,Delivered,2024-10-04,2024-10-03,2024-10-04
8823209,332335,2024-11-09,Canceled,,,2024-11-12
5719710,974190,2024-09-28,Delivered,2024-09-29,2024-10-04,2024-10-02
5412429,843215,2024-04-13,Delivered,2024-04-14,2024-04-19,2024-04-19
5289729,925981,2025-03-07,Canceled,,,2025-03-14
7510105,520172,2024-11-15,Delivered,2024-11-16,2024-11-24,2024-11-22
9889288,958182,2024-04-26,Delivered,2024-04-28,2024-04-29,2024-04-30
5869966,570711,2025-09-25,Delivered,2025-09-26,2025-09-29,2025-09-30
6451000,634277,2024-09-07,Delivered,2024-09-08,2024-09-11,2024-09-11
8600914,313795,2025-01-04,Canceled,,,2025-01-06
7351041,143064,2025-03-16,Delivered,2025-03-17,2025-03-21,2025-03-20
6975722,677124,2024-10-07,Delivered,2024-10-10,2024-10-13,2024-10-13
9332270,649414,2025-09-28,Delivered,2025-10-01,2025-10-07,2025-10-05
7225339,831380,2025-12-11,Delivered,2025-12-14,2025-12-18,2025-12-18
8959828,930281,2026-04-07,Delivered,2026-04-10,2026-04-13,2026-04-11
5217060,574001,2024-03-10,Delivered,2024-03-12,2024-03-15,2024-03-16
9705298,402218,2024-05-25,Delivered,2024-05-26,2024-06-01,2024-06-01
5822162,900190,2025-06-06,Canceled,,,2025-06-11
9830659,728038,2024-08-12,Canceled,,,2024-08-18
6327341,613641,2025-01-29,Delivered,2025-02-01,2025-01-31,2025-01-31
5144213,297816,2025-03-03,Delivered,2025-03-05,2025-03-09,2025-03-10
8039798,353690,2025-06-20,Delivered,2025-06-21,2025-06-24,2025-06-24
5408520,310743,2025-08-18,Delivered,2025-08-21,2025-08-20,2025-08-21
5797461,757711,2024-06-15,Canceled,,,2024-06-18
8214447,106182,2024-04-15,Delivered,2024-04-17,2024-04-22,2024-04-22
6772271,377370,2025-10-23,Delivered,2025-10-25,2025-10-30,2025-10-30
7006012,640490,2025-03-24,Canceled,,,2025-03-30
9752558,709805,2025-06-27,Delivered,2025-06-28,2025-07-04,2025-07-04
6270030,925206,2025-04-30,Delivered,2025-05-01,2025-05-04,2025-05-03
7045773,632496,2024-01-20,Delivered,2024-01-22,2024-01-27,2024-01-27
8280227,256782,2024-09-20,Delivered,2024-09-21,2024-09-23,2024-09-24
6065989,686075,2024-05-02,Delivered,2024-05-04,2024-05-08,2024-05-08
7666159,803024,2025-05-08,Delivered,2025-05-11,2025-05-09,2025-05-10
9886635,179688,2024-10-26,Delivered,2024-10-27,2024-10-28,2024-10-28
6845736,208633,2024-12-31,Canceled,,,2025-01-02
6124874,995916,2025-02-19,Delivered,2025-02-21,2025-02-23,2025-02-24
9633949,852787,2024-09-23,Delivered,2024-09-26,2024-09-30,2024-09-30
8594484,321494,2025-08-19,Delivered,2025-08-22,2025-08-23,2025-08-23
8030861,197251,2024-04-29,Delivered,2024-05-01,2024-05-03,2024-05-03
9107041,616554,2025-01-09,Delivered,2025-01-12,2025-01-13,2025-01-11
6004311,734487,2025-09-25,Delivered,2025-09-27,2025-09-27,2025-09-27
5932166,503380,2024-01-16,Delivered,2024-01-19,2024-01-19,2024-01-19
6416265,393308,2024-09-18,Delivered,2024-09-21,2024-09-19,2024-09-20
7458517,938171,2024-08-16,Canceled,,,2024-08-19
9814151,829168,2024-02-24,Delivered,2024-02-25,2024-02-27,2024-02-27
5907157,122394,2025-04-02,Delivered,2025-04-04,2025-04-06,2025-04-07
6174388,153063,2024-10-11,Delivered,2024-10-12,2024-10-17,2024-10-17
9285427,774020,2025-11-01,Delivered,2025-11-02,2025-11-04,2025-11-05
6777640,139434,2024-02-11,Delivered,2024-02-13,2024-02-14,2024-02-14
5021808,726543,2024-01-26,Canceled,,,2024-01-28
5223090,539589,2024-07-03,Canceled,,,2024-07-10
8587041,958729,2025-03-24,Delivered,2025-03-25,2025-03-31,2025-03-31
6452808,114594,2024-02-12,Delivered,2024-02-13,2024-02-18,2024-02-18
7004774,569945,2026-02-17,Delivered,2026-02-18,2026-02-20,2026-02-20
9462787,514850,2024-04-29,Delivered,2024-05-01,2024-05-02,2024-05-03
5945184,543143,2025-09-09,Canceled,,,2025-09-11
9297784,885339,2025-04-16,Delivered,2025-04-19,2025-04-20,2025-04-20
6777109,761759,2026-04-29,Delivered,2026-05-02,2026-05-03,2026-05-03
6425742,916332,2024-10-26,Delivered,2024-10-27,2024-10-28,2024-10-28
7250273,155843,2026-02-08,Delivered,2026-02-11,2026-02-14,2026-02-14
8053908,736553,2026-05-15,Delivered,2026-05-18,2026-05-19,2026-05-19
5972559,903013,2025-11-18,Canceled,,,2025-11-25
8476544,355135,2024-02-12,Canceled,,,2024-02-19
9142892,299659,2024-11-06,Canceled,,,2024-11-10
9785869,368355,2024-09-22,Delivered,2024-09-23,2024-09-27,2024-09-28
5748944,119116,2024-01-22,Delivered,2024-01-25,2024-01-27,2024-01-27
9140271,265080,2025-01-11,Delivered,2025-01-12,2025-01-13,2025-01-13
8776090,351997,2025-11-01,Delivered,2025-11-03,2025-11-05,2025-11-05
8355283,986827,2024-10-17,Delivered,2024-10-19,2024-10-22,2024-10-23
6026307,400096,2025-11-07,Delivered,2025-11-09,2025-11-11,2025-11-11
9807408,490748,2025-08-19,Canceled,,,2025-08-25
8663411,988662,2024-08-19,Delivered,2024-08-20,2024-08-25,2024-08-25
5066018,267414,2025-08-18,Delivered,2025-08-19,2025-08-23,2025-08-23
9122613,697530,2025-04-06,Delivered,2025-04-09,2025-04-09,2025-04-09
5716226,106402,2024-01-26,Delivered,2024-01-29,2024-02-02,2024-02-02
5795968,931621,2025-06-11,Delivered,2025-06-14,2025-06-18,2025-06-18
8962345,925622,2024-08-17,Delivered,2024-08-18,2024-08-20,2024-08-20
6179814,608257,2025-06-17,Delivered,2025-06-19,2025-06-23,2025-06-23
6252734,376183,2024-03-30,Delivered,2024-03-31,2024-04-02,2024-04-03
6989316,231414,2025-07-21,Delivered,2025-07-23,2025-07-26,2025-07-26
6915939,443897,2026-05-04,Delivered,2026-05-05,2026-05-07,2026-05-08
7736959,612311,2025-12-16,Canceled,,,2025-12-18
9739567,494976,2025-10-01,Delivered,2025-10-03,2025-10-07,2025-10-07
6030708,587623,2024-12-11,Canceled,,,2024-12-17
7087969,362147,2024-07-06,Delivered,2024-07-09,2024-07-12,2024-07-13
6757956,119651,2024-01-01,Canceled,,,2024-01-07
8031443,621691,2024-02-23,Delivered,2024-02-25,2024-02-25,2024-02-25
6730220,176819,2024-11-22,Delivered,2024-11-25,2024-11-29,2024-11-29
5690534,262316,2026-05-10,Canceled,,,2026-05-15
8131813,256226,2024-06-05,Delivered,2024-06-06,2024-06-12,2024-06-12
7073974,409571,2024-11-08,Canceled,,,2024-11-13
7954674,729577,2026-02-07,Delivered,2026-02-08,2026-02-10,2026-02-10
8621953,643118,2025-05-24,Delivered,2025-05-27,2025-05-31,2025-05-31
6405667,498858,2024-12-06,Canceled,,,2024-12-10
9558456,824042,2024-02-07,Delivered,2024-02-09,2024-02-12,2024-02-12
8862165,636004,2025-04-13,Canceled,,,2025-04-15
6151638,576877,2026-03-28,Delivered,2026-03-31,2026-04-03,2026-04-03
7609668,883618,2025-01-17,Delivered,2025-01-18,2025-01-24,2025-01-24
7969978,230889,2025-12-13,Delivered,2025-12-14,2025-12-15,2025-12-15
5184355,549956,2026-03-11,Delivered,2026-03-14,2026-03-15,2026-03-16
7287238,644173,2024-05-29,Delivered,2024-06-01,2024-06-01,2024-06-02
5235238,910208,2024-01-08,Delivered,2024-01-10,2024-01-15,2024-01-15
9819350,994787,2026-05-07,Delivered,2026-05-09,2026-05-14,2026-05-14
7128071,220944,2025-01-05,Delivered,2025-01-06,2025-01-13,2025-01-11
5868474,161483,2026-02-01,Delivered,2026-02-02,2026-02-08,2026-02-08
7235217,690268,2025-05-04,Delivered,2025-05-06,2025-05-06,2025-05-06
8743901,361650,2025-02-02,Canceled,,,2025-02-09
9164341,591798,2026-02-27,Canceled,,,2026-03-06
5755457,711878,2024-08-08,Delivered,2024-08-09,2024-08-15,2024-08-15
8599625,855053,2025-01-31,Delivered,2025-02-03,2025-02-03,2025-02-03
9618862,800305,2024-05-19,Canceled,,,2024-05-23
6390764,289179,2025-10-21,Canceled,,,2025-10-24
9461553,256226,2026-02-18,Delivered,2026-02-19,2026-02-22,2026-02-22
9515250,835244,2025-06-04,Delivered,2025-06-07,2025-06-10,2025-06-09
6452864,904751,2026-04-25,Delivered,2026-04-26,2026-04-28,2026-04-29
5650285,955374,2025-09-03,Delivered,2025-09-04,2025-09-05,2025-09-05
9497660,561239,2025-09-11,Delivered,2025-09-12,2025-09-18,2025-09-18
6078653,617488,2025-11-17,Canceled,,,2025-11-21
7434586,943298,2024-11-11,Delivered,2024-11-14,2024-11-15,2024-11-15
7394391,607719,2025-12-15,Canceled,,,2025-12-21
8239392,823688,2025-11-21,Delivered,2025-11-23,2025-11-27,2025-11-27
9591925,865054,2025-03-22,Canceled,,,2025-03-25
6350972,232731,2024-12-23,Delivered,2024-12-26,2024-12-29,2024-12-29
5811651,362829,2026-01-04,Delivered,2026-01-06,2026-01-09,2026-01-09
8356929,259493,2025-12-06,Delivered,2025-12-07,2025-12-10,2025-12-10
6632347,757193,2025-10-10,Delivered,2025-10-13,2025-10-16,2025-10-16
8149038,643118,2025-03-02,Delivered,2025-03-03,2025-03-06,2025-03-06
6091960,674993,2025-06-13,Delivered,2025-06-14,2025-06-18,2025-06-18
9095383,408528,2024-07-22,Delivered,2024-07-23,2024-07-26,2024-07-26
5032787,864544,2024-07-12,Delivered,2024-07-14,2024-07-19,2024-07-19
6777829,913864,2025-09-10,Delivered,2025-09-12,2025-09-14,2025-09-13
9388792,132537,2024-07-28,Canceled,,,2024-07-31
8618384,417530,2024-01-27,Delivered,2024-01-30,2024-02-01,2024-02-01
7389425,901280,2024-01-31,Delivered,2024-02-01,2024-02-04,2024-02-05
8684351,799539,2024-04-27,Delivered,2024-04-28,2024-05-03,2024-05-03
6935157,260891,2024-03-05,Delivered,2024-03-07,2024-03-10,2024-03-10
6187078,754858,2026-03-28,Canceled,,,2026-04-01
6362134,285751,2025-02-03,Canceled,,,2025-02-08
6826223,778748,2024-08-27,Canceled,,,2024-09-01
6166466,839808,2024-02-05,Canceled,,,2024-02-10
6159052,665990,2026-02-27,Delivered,2026-03-01,2026-03-04,2026-03-04
7115612,476417,2025-09-21,Delivered,2025-09-23,2025-09-24,2025-09-24
6331417,219629,2024-06-04,Delivered,2024-06-07,2024-06-11,2024-06-11
8630560,614013,2026-03-15,Delivered,2026-03-18,2026-03-18,2026-03-18
6677315,498858,2025-07-23,Delivered,2025-07-26,2025-07-25,2025-07-25
8800001,184714,2025-07-30,Canceled,,,2025-08-05
9665854,448321,2025-07-18,Delivered,2025-07-21,2025-07-23,2025-07-23
6802195,777737,2024-04-27,Delivered,2024-04-30,2024-05-02,2024-05-02
8294567,612340,2025-06-17,Delivered,2025-06-18,2025-06-20,2025-06-20
9298701,704201,2025-12-10,Delivered,2025-12-11,2025-12-13,2025-12-12
5659322,243139,2024-11-30,Canceled,,,2024-12-07
6330106,368402,2024-03-28,Delivered,2024-03-29,2024-04-03,2024-04-03
7855528,468623,2025-10-13,Delivered,2025-10-16,2025-10-20,2025-10-20
7108676,946567,2025-02-12,Delivered,2025-02-14,2025-02-14,2025-02-14
5872648,362829,2025-03-11,Canceled,,,2025-03-16
7462966,918164,2026-03-14,Delivered,2026-03-16,2026-03-19,2026-03-19
7871887,269834,2024-08-15,Delivered,2024-08-17,2024-08-19,2024-08-19
6143958,802448,2024-04-06,Delivered,2024-04-07,2024-04-11,2024-04-11
9374457,123005,2024-05-29,Canceled,,,2024-06-01
9069649,378517,2025-08-01,Delivered,2025-08-02,2025-08-05,2025-08-05
9542423,392099,2024-12-24,Canceled,,,2024-12-27
7349765,290672,2024-06-07,Canceled,,,2024-06-13
8999817,583550,2025-05-10,Delivered,2025-05-13,2025-05-15,2025-05-15
7912281,791998,2025-05-25,Delivered,2025-05-28,2025-05-27,2025-05-27
5062294,871411,2024-10-01,Delivered,2024-10-04,2024-10-07,2024-10-07
7328053,377312,2024-04-28,Delivered,2024-04-29,2024-04-30,2024-04-30
7165638,579441,2025-11-17,Delivered,2025-11-20,2025-11-24,2025-11-24
8905707,971776,2024-12-13,Delivered,2024-12-16,2024-12-19,2024-12-19
7374252,310743,2025-04-09,Canceled,,,2025-04-13
5757309,283594,2024-07-04,Delivered,2024-07-07,2024-07-06,2024-07-07
8714315,437978,2025-01-21,Delivered,2025-01-24,2025-01-25,2025-01-25
8558938,674553,2026-03-09,Delivered,2026-03-11,2026-03-15,2026-03-15
7618805,546815,2025-05-22,Delivered,2025-05-25,2025-05-29,2025-05-29
6802123,575528,2024-01-03,Canceled,,,2024-01-08
7290834,554582,2024-12-30,Delivered,2025-01-01,2025-01-05,2025-01-05
7255302,172965,2024-10-08,Canceled,,,2024-10-11
5653976,748564,2024-12-01,Delivered,2024-12-04,2024-12-05,2024-12-05
5029331,740725,2025-08-20,Delivered,2025-08-23,2025-08-22,2025-08-22
7887229,655178,2026-02-22,Canceled,,,2026-02-28
8844014,848255,2025-07-25,Delivered,2025-07-28,2025-07-28,2025-07-28
9917575,310548,2024-04-29,Delivered,2024-04-30,2024-05-03,2024-05-03
7512784,685864,2024-12-28,Delivered,2024-12-29,2024-12-31,2024-12-31
5282107,177794,2025-10-04,Delivered,2025-10-06,2025-10-08,2025-10-08
8243959,412942,2024-05-17,Canceled,,,2024-05-24
7698946,752878,2024-05-08,Delivered,2024-05-11,2024-05-12,2024-05-12
6530971,374896,2024-04-02,Delivered,2024-04-05,2024-04-08,2024-04-08
7934277,145934,2024-09-19,Delivered,2024-09-21,2024-09-25,2024-09-26
6819716,716113,2024-07-24,Delivered,2024-07-27,2024-07-27,2024-07-27
6481373,790731,2025-02-06,Canceled,,,2025-02-11
9857227,832052,2024-02-11,Delivered,2024-02-14,2024-02-15,2024-02-15
7069663,164879,2024-08-24,Canceled,,,2024-08-31
6075412,936587,2026-01-15,Delivered,2026-01-17,2026-01-18,2026-01-18
7248859,778324,2024-06-14,Delivered,2024-06-16,2024-06-16,2024-06-16
7507407,270128,2024-01-12,Delivered,2024-01-13,2024-01-16,2024-01-16
7253347,796212,2024-03-03,Delivered,2024-03-06,2024-03-09,2024-03-09
9509748,146228,2024-09-25,Canceled,,,2024-10-02
6945634,923267,2026-02-18,Delivered,2026-02-20,2026-02-20,2026-02-20
7330000,843788,2024-08-24,Canceled,,,2024-08-30
8139095,219169,2025-09-26,Delivered,2025-09-27,2025-09-28,2025-09-28
5995739,374492,2026-03-31,Canceled,,,2026-04-05
9838189,647957,2025-05-31,Delivered,2025-06-03,2025-06-06,2025-06-06
9926025,152657,2025-02-01,Delivered,2025-02-03,2025-02-08,2025-02-08
8095770,163556,2025-03-13,Delivered,2025-03-14,2025-03-20,2025-03-20
7678100,865388,2025-08-05,Delivered,2025-08-06,2025-08-09,2025-08-09
5043288,722565,2024-09-11,Delivered,2024-09-14,2024-09-15,2024-09-16
9614822,950544,2024-06-15,Delivered,2024-06-18,2024-06-22,2024-06-22
8771237,950916,2024-06-13,Canceled,,,2024-06-15
9050207,150126,2024-04-30,Delivered,2024-05-03,2024-05-06,2024-05-06
7668704,102805,2025-10-23,Delivered,2025-10-25,2025-10-27,2025-10-27
7213225,245622,2024-08-31,Canceled,,,2024-09-07
9144810,794769,2026-01-02,Delivered,2026-01-05,2026-01-09,2026-01-08
6143291,736130,2024-07-10,Delivered,2024-07-11,2024-07-16,2024-07-17
9561248,375504,2026-04-29,Delivered,2026-04-30,2026-05-02,2026-05-02
6014071,843963,2025-11-06,Delivered,2025-11-07,2025-11-12,2025-11-12
7703180,868544,2026-02-04,Canceled,,,2026-02-11
8778814,648913,2026-01-10,Delivered,2026-01-12,2026-01-13,2026-01-13
5231432,221263,2024-01-13,Delivered,2024-01-14,2024-01-17,2024-01-16
8589788,911984,2026-02-26,Delivered,2026-02-28,2026-03-04,2026-03-04
8552721,218959,2024-05-30,Delivered,2024-06-02,2024-06-02,2024-06-03
6492564,903035,2025-11-03,Delivered,2025-11-05,2025-11-08,2025-11-08
7904781,929683,2025-05-20,Delivered,2025-05-23,2025-05-23,2025-05-23
5004454,919182,2024-10-09,Canceled,,,2024-10-16
5868483,715448,2025-08-31,Delivered,2025-09-01,2025-09-02,2025-09-03
8597036,190403,2026-02-06,Delivered,2026-02-08,2026-02-08,2026-02-08
6453652,147726,2025-03-20,Delivered,2025-03-23,2025-03-27,2025-03-27
6570344,806537,2026-05-10,Delivered,2026-05-12,2026-05-18,2026-05-17
5220430,357420,2025-11-20,Delivered,2025-11-23,2025-11-23,2025-11-23
7522912,723948,2025-05-25,Delivered,2025-05-27,2025-05-27,2025-05-27
6637367,584125,2024-12-18,Canceled,,,2024-12-22
8763098,842225,2024-06-24,Delivered,2024-06-27,2024-06-29,2024-06-29
8720714,265759,2025-01-24,Delivered,2025-01-26,2025-01-31,2025-01-30
6047838,443897,2025-07-22,Canceled,,,2025-07-27
7173054,269834,2026-02-08,Delivered,2026-02-11,2026-02-10,2026-02-10
7392922,539122,2025-11-01,Delivered,2025-11-02,2025-11-03,2025-11-03
9596481,189771,2025-05-07,Delivered,2025-05-10,2025-05-09,2025-05-09
8992350,399628,2024-06-23,Canceled,,,2024-06-30
6384243,176819,2024-12-18,Delivered,2024-12-19,2024-12-24,2024-12-25
7363504,673149,2026-02-21,Delivered,2026-02-23,2026-02-27,2026-02-27
9345245,208529,2024-04-28,Delivered,2024-04-30,2024-04-30,2024-04-30
7099852,517568,2025-07-29,Canceled,,,2025-08-02
9902852,549660,2024-05-19,Delivered,2024-05-20,2024-05-26,2024-05-26
6084778,487477,2026-04-24,Delivered,2026-04-25,2026-04-29,2026-04-29
8604170,908320,2026-01-13,Delivered,2026-01-15,2026-01-17,2026-01-17
5982735,655178,2024-01-05,Canceled,,,2024-01-12
7923382,342495,2025-01-15,Canceled,,,2025-01-22
6441979,551989,2026-02-28,Canceled,,,2026-03-07
9352402,402099,2026-04-06,Canceled,,,2026-04-13
6993729,353690,2025-08-27,Canceled,,,2025-09-02
5048704,844031,2025-02-09,Delivered,2025-02-10,2025-02-14,2025-02-15
7707185,143195,2024-03-01,Delivered,2024-03-02,2024-03-05,2024-03-05
8564970,842411,2025-12-18,Delivered,2025-12-19,2025-12-23,2025-12-23
9609919,649414,2024-05-09,Delivered,2024-05-12,2024-05-11,2024-05-11
6119956,301332,2025-10-10,Canceled,,,2025-10-12
5430607,588461,2025-05-16,Canceled,,,2025-05-19
9694886,162535,2026-03-18,Delivered,2026-03-21,2026-03-25,2026-03-25
5394834,832052,2025-11-15,Canceled,,,2025-11-20
9267410,631756,2025-08-17,Delivered,2025-08-20,2025-08-19,2025-08-19
6473004,717113,2024-09-12,Delivered,2024-09-14,2024-09-16,2024-09-16
5178930,189771,2024-05-06,Delivered,2024-05-08,2024-05-11,2024-05-11
8975626,405407,2026-04-16,Delivered,2026-04-19,2026-04-18,2026-04-18
9212994,633590,2025-09-13,Canceled,,,2025-09-15
5036184,310922,2025-01-30,Delivered,2025-02-01,2025-02-03,2025-02-03
9982573,436653,2025-01-05,Delivered,2025-01-07,2025-01-08,2025-01-08
9207193,239890,2024-04-04,Delivered,2024-04-05,2024-04-10,2024-04-10
9315260,613425,2025-02-14,Delivered,2025-02-17,2025-02-17,2025-02-18
6530499,102805,2026-02-19,Delivered,2026-02-22,2026-02-20,2026-02-21
6434845,596171,2024-04-20,Delivered,2024-04-23,2024-04-23,2024-04-23
5302049,404466,2024-05-25,Delivered,2024-05-26,2024-05-27,2024-05-28
9867677,802448,2025-10-10,Delivered,2025-10-12,2025-10-12,2025-10-12
6085277,928766,2024-11-18,Delivered,2024-11-21,2024-11-23,2024-11-23
7989847,289179,2024-11-22,Delivered,2024-11-24,2024-11-27,2024-11-28
6484246,946567,2024-06-12,Delivered,2024-06-15,2024-06-18,2024-06-18
5964841,871711,2024-04-14,Delivered,2024-04-16,2024-04-18,2024-04-18
5032814,691807,2025-11-10,Delivered,2025-11-11,2025-11-17,2025-11-17
9977645,209680,2024-06-28,Canceled,,,2024-06-30
6209601,261684,2025-02-13,Canceled,,,2025-02-16
6640225,943718,2024-09-06,Canceled,,,2024-09-11
7898298,143064,2024-02-14,Delivered,2024-02-15,2024-02-16,2024-02-17
7174538,569945,2025-08-22,Delivered,2025-08-25,2025-08-25,2025-08-26
9119764,266931,2024-10-28,Delivered,2024-10-30,2024-11-04,2024-11-04
9738744,423939,2024-10-26,Delivered,2024-10-29,2024-10-30,2024-10-29
5687863,530311,2024-07-27,Canceled,,,2024-07-29
6774857,132663,2024-12-31,Delivered,2025-01-01,2025-01-03,2025-01-04
5416409,188025,2025-09-01,Delivered,2025-09-02,2025-09-04,2025-09-04
6315475,633590,2026-01-18,Delivered,2026-01-19,2026-01-27,2026-01-25
9109548,391773,2024-05-09,Delivered,2024-05-11,2024-05-16,2024-05-16
9874158,711484,2025-12-13,Delivered,2025-12-16,2025-12-16,2025-12-17
6096418,301158,2025-04-28,Delivered,2025-05-01,2025-05-03,2025-05-03
9928138,179013,2024-07-14,Delivered,2024-07-16,2024-07-20,2024-07-20
9867101,961322,2024-07-19,Canceled,,,2024-07-24
5094229,359961,2024-12-13,Delivered,2024-12-14,2024-12-20,2024-12-20
6405310,274389,2024-09-02,Delivered,2024-09-03,2024-09-05,2024-09-06
7643649,108574,2025-06-11,Delivered,2025-06-13,2025-06-15,2025-06-15
5729079,124302,2024-11-08,Delivered,2024-11-10,2024-11-13,2024-11-14
5190841,538446,2024-04-12,Delivered,2024-04-13,2024-04-14,2024-04-15
5129679,919488,2025-01-13,Delivered,2025-01-14,2025-01-18,2025-01-18
6407817,500422,2024-02-01,Delivered,2024-02-03,2024-02-02,2024-02-03
6420823,514850,2024-04-25,Delivered,2024-04-28,2024-05-04,2024-05-02
9019763,410016,2025-07-25,Delivered,2025-07-28,2025-07-30,2025-07-30
9709628,197992,2024-08-15,Canceled,,,2024-08-19
6142461,440802,2025-06-04,Delivered,2025-06-06,2025-06-10,2025-06-11
8029270,557239,2024-05-16,Delivered,2024-05-18,2024-05-19,2024-05-19
8889068,176517,2025-11-04,Canceled,,,2025-11-11
9799759,230521,2024-04-09,Delivered,2024-04-12,2024-04-15,2024-04-15
9786768,398910,2025-02-07,Delivered,2025-02-09,2025-02-11,2025-02-11
9299238,526833,2026-03-09,Delivered,2026-03-10,2026-03-12,2026-03-12
9407631,658453,2025-03-24,Delivered,2025-03-27,2025-03-28,2025-03-28
7077302,702980,2024-07-15,Delivered,2024-07-18,2024-07-22,2024-07-22
7793056,610271,2024-09-20,Delivered,2024-09-22,2024-09-23,2024-09-23
7102573,143195,2024-03-15,Delivered,2024-03-17,2024-03-17,2024-03-17
6775668,994217,2026-01-05,Delivered,2026-01-07,2026-01-11,2026-01-11
6416315,265156,2024-04-04,Delivered,2024-04-05,2024-04-06,2024-04-06
8617250,543481,2025-12-26,Delivered,2025-12-28,2026-01-01,2026-01-01
5284775,688215,2026-03-19,Delivered,2026-03-20,2026-03-23,2026-03-23
6946426,886730,2024-06-05,Delivered,2024-06-06,2024-06-11,2024-06-11
6494924,342720,2024-09-14,Delivered,2024-09-17,2024-09-16,2024-09-16
6432243,499889,2025-12-05,Canceled,,,2025-12-08
7513640,831059,2024-08-01,Delivered,2024-08-03,2024-08-03,2024-08-03
5412430,833442,2024-03-04,Delivered,2024-03-05,2024-03-09,2024-03-09
9621702,129556,2024-08-11,Canceled,,,2024-08-13
5037249,252640,2024-01-31,Canceled,,,2024-02-03
8924059,198246,2024-10-02,Delivered,2024-10-03,2024-10-05,2024-10-05
8972902,855948,2024-01-10,Delivered,2024-01-12,2024-01-13,2024-01-13
5269351,377319,2024-03-30,Delivered,2024-04-02,2024-04-06,2024-04-06
5105269,387892,2024-02-10,Canceled,,,2024-02-14
6954352,588461,2025-03-30,Delivered,2025-04-01,2025-04-04,2025-04-04
9036347,426147,2024-04-06,Delivered,2024-04-09,2024-04-12,2024-04-12
9480804,653408,2024-03-14,Delivered,2024-03-15,2024-03-15,2024-03-16
5873382,793384,2025-02-09,Delivered,2025-02-10,2025-02-13,2025-02-14
9116448,852524,2025-10-05,Delivered,2025-10-07,2025-10-10,2025-10-10
5887524,838237,2026-03-30,Delivered,2026-04-01,2026-04-01,2026-04-01
7912181,503906,2026-01-19,Delivered,2026-01-20,2026-01-23,2026-01-23
5412912,110139,2024-02-03,Delivered,2024-02-06,2024-02-09,2024-02-09
8185904,720644,2024-03-11,Delivered,2024-03-13,2024-03-16,2024-03-16
9547411,220764,2024-05-12,Delivered,2024-05-14,2024-05-17,2024-05-17
7749473,101206,2026-02-04,Delivered,2026-02-06,2026-02-09,2026-02-09
6245049,750810,2024-04-02,Delivered,2024-04-03,2024-04-07,2024-04-07
7463618,352528,2024-08-22,Delivered,2024-08-24,2024-08-24,2024-08-24
8197960,197966,2024-10-17,Canceled,,,2024-10-22
5113273,455556,2025-06-20,Delivered,2025-06-22,2025-06-24,2025-06-25
9246742,776856,2024-10-25,Canceled,,,2024-11-01
9278972,102689,2024-08-01,Delivered,2024-08-03,2024-08-03,2024-08-03
9714749,870214,2025-07-19,Delivered,2025-07-21,2025-07-23,2025-07-23
9911805,633188,2025-11-28,Delivered,2025-11-29,2025-12-05,2025-12-05
8096893,936587,2025-01-09,Delivered,2025-01-12,2025-01-15,2025-01-15
9831033,755788,2024-08-14,Delivered,2024-08-16,2024-08-17,2024-08-17
6356025,396578,2025-01-15,Delivered,2025-01-16,2025-01-18,2025-01-18
5419302,912617,2026-01-21,Delivered,2026-01-23,2026-01-24,2026-01-24
9541211,166613,2024-07-02,Delivered,2024-07-04,2024-07-07,2024-07-07
7739424,765905,2024-07-22,Delivered,2024-07-23,2024-07-24,2024-07-24
5982024,154714,2025-04-01,Delivered,2025-04-03,2025-04-07,2025-04-07
8004328,322955,2024-06-10,Delivered,2024-06-12,2024-06-13,2024-06-13
5706852,897305,2024-09-20,Delivered,2024-09-22,2024-09-23,2024-09-23
6566880,459536,2025-11-13,Delivered,2025-11-14,2025-11-20,2025-11-20
6176836,537983,2024-07-31,Delivered,2024-08-03,2024-08-05,2024-08-05
9280082,237414,2024-08-03,Delivered,2024-08-06,2024-08-06,2024-08-06
8495090,403742,2026-01-11,Canceled,,,2026-01-17
8214418,157443,2025-05-03,Delivered,2025-05-05,2025-05-09,2025-05-09
5381125,715643,2025-11-17,Delivered,2025-11-20,2025-11-21,2025-11-21
5180656,972097,2024-05-23,Delivered,2024-05-24,2024-05-27,2024-05-27
9802797,340044,2025-12-29,Canceled,,,2026-01-04
9893749,502810,2025-06-24,Delivered,2025-06-26,2025-07-01,2025-07-01
8831216,613425,2024-11-16,Delivered,2024-11-18,2024-11-19,2024-11-19
7430636,533321,2024-08-12,Delivered,2024-08-13,2024-08-16,2024-08-16
9847337,384076,2024-04-22,Canceled,,,2024-04-25
7354338,150068,2026-01-07,Delivered,2026-01-09,2026-01-13,2026-01-13
5919324,856442,2025-10-14,Delivered,2025-10-16,2025-10-17,2025-10-17
5862353,795928,2024-04-30,Delivered,2024-05-02,2024-05-05,2024-05-06
8708095,272634,2025-03-18,Canceled,,,2025-03-23
5922579,768636,2025-11-12,Canceled,,,2025-11-18
8131302,651231,2025-07-16,Canceled,,,2025-07-21
9888104,734210,2024-02-06,Delivered,2024-02-07,2024-02-12,2024-02-12
5523823,585100,2025-10-22,Canceled,,,2025-10-28
6968890,775981,2026-04-10,Canceled,,,2026-04-13
8403724,843266,2025-05-27,Delivered,2025-05-28,2025-05-31,2025-05-31
